date_q,ticker,price,assetTurnover,bookValue,cashRatio,currentRatio,ebitPerShare,eps,ev,fcfMargin,fcfPerShare,grossMargin,inventoryTurnover,longtermDebtTotalAsset,longtermDebtTotalCapital,longtermDebtTotalEquity,netDebtToTotalCapital,netDebtToTotalEquity,netMargin,operatingMargin,payoutRatio,pb,pe,pfcf,pretaxMargin,ps,ptbv,quickRatio,receivablesTurnover,roa,roe,roic,rotc,salesPerShare,sgaToSale,tangibleBookValue,totalDebtToEquity,totalDebtToTotalAsset,totalDebtToTotalCapital,totalRatio,finnhubIndustry,roa_sector_ratio,roe_sector_ratio,roic_sector_ratio,rotc_sector_ratio,ev_sector_ratio,ebitPerShare_sector_ratio,"roa__agg_linear_trend__attr_""slope""__chunk_len_1__f_agg_""mean""","roa__agg_linear_trend__attr_""pvalue""__chunk_len_1__f_agg_""mean""","roe__agg_linear_trend__attr_""slope""__chunk_len_1__f_agg_""mean""","roe__agg_linear_trend__attr_""pvalue""__chunk_len_1__f_agg_""mean""","roic__agg_linear_trend__attr_""slope""__chunk_len_1__f_agg_""mean""","roic__agg_linear_trend__attr_""pvalue""__chunk_len_1__f_agg_""mean""","rotc__agg_linear_trend__attr_""slope""__chunk_len_1__f_agg_""mean""","rotc__agg_linear_trend__attr_""pvalue""__chunk_len_1__f_agg_""mean""","ev__agg_linear_trend__attr_""slope""__chunk_len_1__f_agg_""mean""","ev__agg_linear_trend__attr_""pvalue""__chunk_len_1__f_agg_""mean""","ebitPerShare__agg_linear_trend__attr_""slope""__chunk_len_1__f_agg_""mean""","ebitPerShare__agg_linear_trend__attr_""pvalue""__chunk_len_1__f_agg_""mean""",sentiment_avg_q,sentiment_sd_q,sentiment_num_q
2024-03-31,AATC,6.03730272868323,0.722,15.574,3.247967479674797,23.5061,0.2082,0.1572,34.4898,1.356,0.7957,0.9566,0.3494,0.0875,0.0897,0.0989,0.0002,0.0002,0.2716,0.3596,2.7277,2.2144,4.6124,3.8497,0.3554,2.1197,2.3444,16.7012,4.1242,0.3318,0.3763,0.3479,0.2671,0.5789,0.0434,14.71,0.1028,0.0909,0.0932,8.6644,Electrical Equipment,-1.234841457968326,-0.8150921359529495,-0.9546467340599516,-0.8023202734185599,0.0053720288757647,2.2252133397905847,-0.0045348051948051,0.3910729809958261,-0.0055588311688311,0.353165118658297,-0.0066635064935064,0.2567950179649643,0.0019685714285714,0.4759609640954362,0.6935894805194804,0.0023695732541568,0.0084490909090909,0.0442531338674795,1.5,0.7071067811865476,2.0
2024-03-31,ACU,38.99074530223059,1.2166,99.092,0.1118692187929297,4.506,0.6072,0.3883,202.6326,0.1439,1.4119,0.387,2.0333,0.21,0.2517,0.3378,0.2365,0.3174,0.0364,0.0569,0.1116,1.7275,9.2839,6.4227,0.048,0.898,2.1213,1.6558,5.7817,0.1177,0.2012,0.1421,0.2014,10.6708,0.613,80.696,0.3421,0.2127,0.2549,2.6436,Commercial Services & Supplies,-0.3940549782980402,-0.4300064116264159,-0.6794106709638574,-1.101036689074269,0.0334630057347141,-5.12982258518727,0.0008555844155844,0.445833693598201,0.000711948051948,0.7223997620715896,0.0011270129870129,0.4066156673197247,0.0018136363636363,0.240406740971701,3.3155519480519486,0.0011897259611312,0.0374797402597402,0.194662115527847,0.9375,0.4425306015783918,16.0
2024-03-31,ACU,38.99074530223059,1.2166,99.092,0.1118692187929297,4.506,0.6072,0.3883,202.6326,0.1439,1.4119,0.387,2.0333,0.21,0.2517,0.3378,0.2365,0.3174,0.0364,0.0569,0.1116,1.7275,9.2839,6.4227,0.048,0.898,2.1213,1.6558,5.7817,0.1177,0.2012,0.1421,0.2014,10.6708,0.613,80.696,0.3421,0.2127,0.2549,2.6436,Commercial Services & Supplies,-0.3940549782980402,-0.4300064116264159,-0.6794106709638574,-1.101036689074269,0.0334630057347141,-5.12982258518727,0.0008555844155844,0.445833693598201,0.000711948051948,0.7223997620715896,0.0011270129870129,0.4066156673197247,0.0018136363636363,0.240406740971701,3.3155519480519486,0.0011897259611312,0.0374797402597402,0.194662115527847,0.9375,0.4425306015783918,16.0
2024-03-31,AHH,10.330439143710668,0.2818,571.403,0.1558554507037542,0.7661,0.3494,0.2106,2386.0749,0.1188,0.507,0.2587,3.0233,0.523,0.6503,2.3807,0.7068,2.5874,0.0727,0.1207,2.2557,1.5884,132.9744,19.7805,0.0944,1.2669,1.9467,0.7661,17.6138,0.0069,0.0294,0.0086,0.0371,2.8948,0.7413,466.228,2.6608,0.5845,0.7268,1.2815,Real Estate,-0.2836272398882502,-0.6395836927146225,-0.2489987500318869,-2.842480086404752,0.2135934664351654,0.6682346621959804,0.0002303896103896,0.4179287407296355,-3.428571428571451e-05,0.9715422566677904,0.0002438961038961,0.4982105107519772,0.0003214285714285,0.1007288982480577,24.858634285714295,0.0050475499384666,0.0050266233766233,0.0605290660943424,1.2857142857142858,0.560611910581388,21.0
2024-03-31,AHH,10.330439143710668,0.2818,571.403,0.1558554507037542,0.7661,0.3494,0.2106,2386.0749,0.1188,0.507,0.2587,3.0233,0.523,0.6503,2.3807,0.7068,2.5874,0.0727,0.1207,2.2557,1.5884,132.9744,19.7805,0.0944,1.2669,1.9467,0.7661,17.6138,0.0069,0.0294,0.0086,0.0371,2.8948,0.7413,466.228,2.6608,0.5845,0.7268,1.2815,Real Estate,-0.2836272398882502,-0.6395836927146225,-0.2489987500318869,-2.842480086404752,0.2135934664351654,0.6682346621959804,0.0002303896103896,0.4179287407296355,-3.428571428571451e-05,0.9715422566677904,0.0002438961038961,0.4982105107519772,0.0003214285714285,0.1007288982480577,24.858634285714295,0.0050475499384666,0.0050266233766233,0.0605290660943424,1.2857142857142858,0.560611910581388,21.0
2024-03-31,ARKO,5.312963334340898,2.5635,361.24,0.3846370363265995,1.5336,-0.0415,-0.0051,1614.4398,0.0097,0.1375,0.1401,32.6903,0.2396,0.5911,2.4019,0.6282,2.5524,-0.0003,-0.0023,0.4073,1.9167,19.0827,29.7569,-0.0035,0.0737,4.5012,1.0115,65.321,0.0099,0.0967,0.025,0.072,17.6717,0.8599,153.824,3.0631,0.3056,0.7539,1.1108,Retail,-0.0590642741512574,-0.2841756335747342,-0.1442235929626955,-0.6129301107274675,0.0267673369108077,-0.0515912481352561,7.857142857142874e-05,0.9023084126534112,0.0009510989010989,0.8510751234704774,0.0004884615384615,0.728545926134005,-0.0016774725274725,0.1873859693910929,-16.464154945054947,0.0073772498419374,-0.0090021978021978,0.4504955839882462,0.9666666666666668,0.4138409933973336,30.0
2024-03-31,ARKO,5.312963334340898,2.5635,361.24,0.3846370363265995,1.5336,-0.0415,-0.0051,1614.4398,0.0097,0.1375,0.1401,32.6903,0.2396,0.5911,2.4019,0.6282,2.5524,-0.0003,-0.0023,0.4073,1.9167,19.0827,29.7569,-0.0035,0.0737,4.5012,1.0115,65.321,0.0099,0.0967,0.025,0.072,17.6717,0.8599,153.824,3.0631,0.3056,0.7539,1.1108,Retail,-0.0590642741512574,-0.2841756335747342,-0.1442235929626955,-0.6129301107274675,0.0267673369108077,-0.0515912481352561,7.857142857142874e-05,0.9023084126534112,0.0009510989010989,0.8510751234704774,0.0004884615384615,0.728545926134005,-0.0016774725274725,0.1873859693910929,-16.464154945054947,0.0073772498419374,-0.0090021978021978,0.4504955839882462,0.9666666666666668,0.4138409933973336,30.0
2024-03-31,AUDC,10.401687561519562,0.7427,183.632,0.3512845393216893,1.6682,0.1066,0.0676,359.4663,0.1356,0.4986,0.6436,2.0485,0.0037,0.009,0.0093,-0.1624,-0.1624,0.0347,0.0546,1.3365,2.1231,35.2893,34.338,0.055,1.5897,4.3136,1.1986,5.0474,0.0335,0.0599,0.0599,0.1005,1.951,0.3564,209.2,0.0,0.0,0.0,2.2041,Communications,-0.1188744189347432,-0.1234873317253179,-0.1580568767275102,-0.2518118552019193,0.0111339121945829,-0.0024032164324094,-0.0004061038961038,0.7067425261640288,-0.0021992207792207,0.2272612451806703,-0.0017898701298701,0.3190239235918735,0.0013968831168831,0.7089574515993262,-13.11227766233766,0.1522789901264852,0.0054635064935064,0.5682037822588029,1.3333333333333333,0.4850712500726659,18.0
2024-03-31,AXL,7.374761884174649,1.141,621.4,0.3802201359663322,1.6941,0.6564,0.1748,3141.1876,0.084,1.5634,0.1235,11.7491,0.5092,0.8088,4.4014,0.6773,3.6855,0.0128,0.0479,0.4333,1.3695,22.35,2.6877,0.0227,0.1374,7.7929,1.1576,6.6852,-0.0015,-0.0129,-0.0023,0.0542,13.6991,0.8765,109.2,4.4416,0.5139,0.8162,1.1308,Auto Components,0.017030207114842,0.0624724839306154,0.0634721525338685,-19.65494505494507,0.0045052358985503,0.1413802938797994,0.005381948051948,0.0172012904117846,0.0457818181818181,0.0758443956453451,0.0077920779220779,0.0179793160381595,0.0094014285714285,0.0068730688979086,-77.8579225974026,4.0073611972801426e-07,0.0795442857142856,0.1219482355240781,1.2307692307692308,0.4385290096535146,13.0
2024-03-31,AXL,7.374761884174649,1.141,621.4,0.3802201359663322,1.6941,0.6564,0.1748,3141.1876,0.084,1.5634,0.1235,11.7491,0.5092,0.8088,4.4014,0.6773,3.6855,0.0128,0.0479,0.4333,1.3695,22.35,2.6877,0.0227,0.1374,7.7929,1.1576,6.6852,-0.0015,-0.0129,-0.0023,0.0542,13.6991,0.8765,109.2,4.4416,0.5139,0.8162,1.1308,Auto Components,0.017030207114842,0.0624724839306154,0.0634721525338685,-19.65494505494507,0.0045052358985503,0.1413802938797994,0.005381948051948,0.0172012904117846,0.0457818181818181,0.0758443956453451,0.0077920779220779,0.0179793160381595,0.0094014285714285,0.0068730688979086,-77.8579225974026,4.0073611972801426e-07,0.0795442857142856,0.1219482355240781,1.2307692307692308,0.4385290096535146,13.0
2024-03-31,CAPL,19.541339389861577,3.5961,55.6,0.0392735826040174,0.7713,-0.3433,-0.4616,1665.4629,0.0248,2.0161,0.0864,74.1977,0.6686,0.9893,13.4982,0.9944,13.6421,-0.0186,-0.0139,1.3769,13.4474,33.5674,10.4995,-0.0248,0.2024,22.0639,0.4083,132.2425,0.0217,0.8527,0.0695,0.1221,24.7813,0.9136,23.1,13.723,0.6773,1.0023,0.9985,Energy,-0.0005936618969334,5.961320981342664,0.9481753491838356,1.2688414720679726,0.0239005831641893,-0.2552815891132662,-0.0005816883116883,0.610839640514492,0.0335525974025973,0.0023518734747926,0.0015662337662337,0.3888631587192798,0.0015293506493506,0.3963476965416164,34.410984025974024,4.891721352662856e-07,-0.0040014285714285,0.8256134767701009,1.0588235294117647,0.2425356250363329,17.0
2024-03-31,CAPL,19.541339389861577,3.5961,55.6,0.0392735826040174,0.7713,-0.3433,-0.4616,1665.4629,0.0248,2.0161,0.0864,74.1977,0.6686,0.9893,13.4982,0.9944,13.6421,-0.0186,-0.0139,1.3769,13.4474,33.5674,10.4995,-0.0248,0.2024,22.0639,0.4083,132.2425,0.0217,0.8527,0.0695,0.1221,24.7813,0.9136,23.1,13.723,0.6773,1.0023,0.9985,Energy,-0.0005936618969334,5.961320981342664,0.9481753491838356,1.2688414720679726,0.0239005831641893,-0.2552815891132662,-0.0005816883116883,0.610839640514492,0.0335525974025973,0.0023518734747926,0.0015662337662337,0.3888631587192798,0.0015293506493506,0.3963476965416164,34.410984025974024,4.891721352662856e-07,-0.0040014285714285,0.8256134767701009,1.0588235294117647,0.2425356250363329,17.0
2024-03-31,CPS,14.340793700445266,1.4756,227.3,0.173193534002906,1.3542,0.1995,-1.8131,1261.021,0.0054,0.2545,0.0911,14.4873,0.5702,1.0669,4.2125,1.0017,3.4303,-0.0468,0.0051,0.05,0.3754,5.3062,44.3088,-0.0402,0.0974,0.484,1.0552,7.2469,-0.0542,-1.0481,-0.2396,-0.1381,38.7367,0.9089,176.3,4.5323,0.5972,1.1175,0.9409,Auto Components,0.6153581504162939,5.075768248657216,6.61214249874561,50.080219780219814,0.0018086143845804,0.042969787673705,-0.0071470129870129,0.0007257225215606,-0.0572607792207792,3.054767066872168e-08,-0.0195114285714285,1.5728227801523925e-08,-0.0200688311688311,1.394159068220144e-07,2.7194761038961044,0.7150695950167847,-0.0380044155844155,0.8064350565745801,1.0,0.6324555320336759,11.0
2024-03-31,CPS,14.340793700445266,1.4756,227.3,0.173193534002906,1.3542,0.1995,-1.8131,1261.021,0.0054,0.2545,0.0911,14.4873,0.5702,1.0669,4.2125,1.0017,3.4303,-0.0468,0.0051,0.05,0.3754,5.3062,44.3088,-0.0402,0.0974,0.484,1.0552,7.2469,-0.0542,-1.0481,-0.2396,-0.1381,38.7367,0.9089,176.3,4.5323,0.5972,1.1175,0.9409,Auto Components,0.6153581504162939,5.075768248657216,6.61214249874561,50.080219780219814,0.0018086143845804,0.042969787673705,-0.0071470129870129,0.0007257225215606,-0.0572607792207792,3.054767066872168e-08,-0.0195114285714285,1.5728227801523925e-08,-0.0200688311688311,1.394159068220144e-07,2.7194761038961044,0.7150695950167847,-0.0380044155844155,0.8064350565745801,1.0,0.6324555320336759,11.0
2024-03-31,CSWI,247.45430089556984,0.7772,615.723,0.19127041679616,2.861,2.844,2.0371,3746.135,0.083,9.5241,0.4441,2.8309,0.1591,0.2124,0.2696,0.184,0.2336,0.1506,0.2103,0.1161,5.8505,35.4274,24.3798,0.199,4.543,12.1328,1.4229,5.9739,0.0997,0.1729,0.1332,0.2084,13.5253,0.5559,296.904,0.2696,0.1591,0.2124,2.4399,Building,-0.2866074957777857,-0.1452083958839424,-0.1614173705449654,-0.2735410705378941,0.5722937852895712,2.2551114670515053,-0.0022011688311688,0.0144523431834847,0.0011036363636363,0.2145877487230097,-0.0018906493506493,0.064107686596105,-0.0024468831168831,0.1212731168279566,120.8669974025974,4.229872855922281e-09,0.0869502597402597,0.000286741774557,1.5,0.5477225575051661,6.0
2024-03-31,CSWI,247.45430089556984,0.7772,615.723,0.19127041679616,2.861,2.844,2.0371,3746.135,0.083,9.5241,0.4441,2.8309,0.1591,0.2124,0.2696,0.184,0.2336,0.1506,0.2103,0.1161,5.8505,35.4274,24.3798,0.199,4.543,12.1328,1.4229,5.9739,0.0997,0.1729,0.1332,0.2084,13.5253,0.5559,296.904,0.2696,0.1591,0.2124,2.4399,Building,-0.2866074957777857,-0.1452083958839424,-0.1614173705449654,-0.2735410705378941,0.5722937852895712,2.2551114670515053,-0.0022011688311688,0.0144523431834847,0.0011036363636363,0.2145877487230097,-0.0018906493506493,0.064107686596105,-0.0024468831168831,0.1212731168279566,120.8669974025974,4.229872855922281e-09,0.0869502597402597,0.000286741774557,1.5,0.5477225575051661,6.0
2024-03-31,CVLG,23.096281414940243,1.2677,403.42,0.013471058364799,1.0919,0.1571,0.144,844.3957,0.1053,-10.1569,0.6495,97.0644,0.2063,0.301,0.4881,0.3797,0.6156,0.0143,0.0156,0.1047,1.4775,14.1529,4.937,0.0168,0.5401,1.962,0.9585,8.4145,0.0634,0.1426,0.0957,0.1019,10.1001,0.3505,303.805,0.6212,0.2626,0.3832,1.7321,Road & Rail,86.33191489361704,1.886087459700753,-10.01438848920863,7.285075960679176,0.0488156185460705,0.0985758290234256,0.0057222077922077,0.0087648569334271,0.0113527272727272,0.0132861813666104,0.0098067532467532,0.0051755171014802,0.0102968831168831,0.0035840371180947,7.6725998701298685,0.1005299907342637,0.0789533766233766,0.0308566372902053,1.0,0.6324555320336759,6.0
2024-03-31,CVLG,23.096281414940243,1.2677,403.42,0.013471058364799,1.0919,0.1571,0.144,844.3957,0.1053,-10.1569,0.6495,97.0644,0.2063,0.301,0.4881,0.3797,0.6156,0.0143,0.0156,0.1047,1.4775,14.1529,4.937,0.0168,0.5401,1.962,0.9585,8.4145,0.0634,0.1426,0.0957,0.1019,10.1001,0.3505,303.805,0.6212,0.2626,0.3832,1.7321,Road & Rail,86.33191489361704,1.886087459700753,-10.01438848920863,7.285075960679176,0.0488156185460705,0.0985758290234256,0.0057222077922077,0.0087648569334271,0.0113527272727272,0.0132861813666104,0.0098067532467532,0.0051755171014802,0.0102968831168831,0.0035840371180947,7.6725998701298685,0.1005299907342637,0.0789533766233766,0.0308566372902053,1.0,0.6324555320336759,6.0
2024-03-31,ELSE,4.076666699515449,0.6083,13.795,13.53763440860215,17.8441,-0.0292,0.0032,4.12,0.1117,0.1202,0.4813,2.4773,0.0,0.0,0.0,-0.7301,-0.7301,0.0049,-0.0446,0.5,1.0288,42.2381,54.2999,0.0071,1.6201,1.3195,15.4099,7.039,0.0233,0.0246,0.0246,0.0001,0.6546,0.5187,13.05,0.0,0.0,0.0,19.5417,Electrical Equipment,-0.0867143037090476,-0.0532853216700572,-0.0675030458691428,-0.0003003819818115,0.0006417189710624,-0.3120856365124163,0.0005450649350649,0.2295599131951535,0.0005827272727272,0.2259583817343731,0.0005841558441558,0.2238011719648153,0.0001723376623376,0.7616774468288268,-0.0651925974025973,0.6733729642726047,0.0002781818181818,0.8526852661038461,1.0,0.0,2.0
2024-03-31,FCFS,117.25027829124814,0.7739,2045.382,0.4286453259031002,3.9895,2.3478,1.3521,7071.0223,0.1149,7.8523,0.4733,5.9658,0.3635,0.4302,0.7549,0.3926,0.6889,0.0734,0.1274,0.2675,2.7682,24.2688,15.9357,0.0979,1.7554,3.1805,2.9332,51.1551,0.056,0.1188,0.0666,0.1163,18.4275,0.5267,1780.198,0.7549,0.3635,0.4302,1.9288,Financial Services,-5.532753501326957,2.0164027917334275,-2.528448206041954,-2.2823869980087252,0.0124606354114186,0.0291522233235978,-0.0005493506493506,0.122762849401724,0.0005006493506493,0.4650318599640483,-0.0006422077922077,0.102516092602155,-0.0005746753246753,0.3332187546253362,130.57416376623377,0.0001711977854742,0.0617272727272727,0.0016168576614764,1.0,0.0,7.0
2024-03-31,FCFS,117.25027829124814,0.7739,2045.382,0.4286453259031002,3.9895,2.3478,1.3521,7071.0223,0.1149,7.8523,0.4733,5.9658,0.3635,0.4302,0.7549,0.3926,0.6889,0.0734,0.1274,0.2675,2.7682,24.2688,15.9357,0.0979,1.7554,3.1805,2.9332,51.1551,0.056,0.1188,0.0666,0.1163,18.4275,0.5267,1780.198,0.7549,0.3635,0.4302,1.9288,Financial Services,-5.532753501326957,2.0164027917334275,-2.528448206041954,-2.2823869980087252,0.0124606354114186,0.0291522233235978,-0.0005493506493506,0.122762849401724,0.0005006493506493,0.4650318599640483,-0.0006422077922077,0.102516092602155,-0.0005746753246753,0.3332187546253362,130.57416376623377,0.0001711977854742,0.0617272727272727,0.0016168576614764,1.0,0.0,7.0
2024-03-31,GIFI,6.721111138661702,1.0266,85.444,1.4222076215505914,4.3684,0.3407,0.3724,109.0087,0.1041,0.4925,0.1428,63.2966,0.1481,0.1795,0.2215,-0.1183,-0.1459,0.1455,0.1331,0.6708,1.4217,27.0016,10.092,0.1458,0.9222,1.4329,4.0777,3.2568,-0.1463,-0.2207,-0.1975,-0.2159,2.5593,0.8572,84.78,0.2341,0.1565,0.1897,3.0193,Energy,0.0040024302083578,-1.542938361184855,-2.6944551289756475,-2.243594380175882,0.0015643527694133,0.2533482010221083,0.0016714285714285,0.5552550828952334,0.0029642857142857,0.5351594966032578,0.0032271428571428,0.4749141926906874,0.0001002597402597,0.9794726009831548,0.499137272727273,0.6525075017173763,0.0231176623376623,0.3686126386049284,1.12,0.328260722659316,50.0
2024-03-31,GIFI,6.721111138661702,1.0266,85.444,1.4222076215505914,4.3684,0.3407,0.3724,109.0087,0.1041,0.4925,0.1428,63.2966,0.1481,0.1795,0.2215,-0.1183,-0.1459,0.1455,0.1331,0.6708,1.4217,27.0016,10.092,0.1458,0.9222,1.4329,4.0777,3.2568,-0.1463,-0.2207,-0.1975,-0.2159,2.5593,0.8572,84.78,0.2341,0.1565,0.1897,3.0193,Energy,0.0040024302083578,-1.542938361184855,-2.6944551289756475,-2.243594380175882,0.0015643527694133,0.2533482010221083,0.0016714285714285,0.5552550828952334,0.0029642857142857,0.5351594966032578,0.0032271428571428,0.4749141926906874,0.0001002597402597,0.9794726009831548,0.499137272727273,0.6525075017173763,0.0231176623376623,0.3686126386049284,1.12,0.328260722659316,50.0
2024-03-31,GNE,15.028821415371365,1.4061,192.856,1.059402495401899,2.265,0.3608,0.2976,325.7306,0.0867,1.9388,0.2823,15.7041,0.0,0.0,0.0,-0.5525,-0.5525,0.0679,0.0823,0.1806,2.2415,32.4664,8.2035,0.0949,0.9756,2.2727,1.9318,7.0735,0.0423,0.0649,0.0649,0.0417,4.3845,0.7177,190.213,0.0,0.0,0.0,2.4238,Utilities,5.465247039119512,2.379226069246436,3.7362473347547978,0.850217104021144,0.0097589728046053,0.2959097350159549,0.0080520779220779,0.0712597283525573,0.0126424675324675,0.0737832799227952,0.0129346753246753,0.0678279522595546,0.0100957142857142,0.06640598259696,8.347907012987013,0.0567477773865194,0.0085166233766233,0.6440821066812212,1.027027027027027,0.3716693935988517,37.0
2024-03-31,GNE,15.028821415371365,1.4061,192.856,1.059402495401899,2.265,0.3608,0.2976,325.7306,0.0867,1.9388,0.2823,15.7041,0.0,0.0,0.0,-0.5525,-0.5525,0.0679,0.0823,0.1806,2.2415,32.4664,8.2035,0.0949,0.9756,2.2727,1.9318,7.0735,0.0423,0.0649,0.0649,0.0417,4.3845,0.7177,190.213,0.0,0.0,0.0,2.4238,Utilities,5.465247039119512,2.379226069246436,3.7362473347547978,0.850217104021144,0.0097589728046053,0.2959097350159549,0.0080520779220779,0.0712597283525573,0.0126424675324675,0.0737832799227952,0.0129346753246753,0.0678279522595546,0.0100957142857142,0.06640598259696,8.347907012987013,0.0567477773865194,0.0085166233766233,0.6440821066812212,1.027027027027027,0.3716693935988517,37.0
2024-03-31,GOLF,63.233206854926216,1.057,883.736,0.1080588978551953,2.6932,1.8706,1.3525,5072.126,0.1018,4.3411,0.5341,1.9354,0.3536,0.4767,0.943,0.4675,0.9249,0.124,0.1716,0.184,4.8145,22.0508,10.5482,0.1526,1.7704,12.1568,1.4608,5.3386,0.0849,0.209,0.1181,0.1725,10.904,0.4659,349.992,0.9782,0.3668,0.4945,1.5999,Leisure Products,-0.435705808769285,-0.1900217326908356,-0.5803715798484512,-1.0638192054429347,1.6390586355762145,-0.0148978531448765,0.0024106493506493,0.002869528229075,0.0066077922077922,3.186140894437426e-05,0.003657922077922,0.0017845074620882,0.0043022077922077,0.0024771431589494,117.66342311688312,5.456736601810364e-09,0.0304920779220779,0.2089406288675394,0.9487179487179488,0.559544831406364,39.0
2024-03-31,GOLF,63.233206854926216,1.057,883.736,0.1080588978551953,2.6932,1.8706,1.3525,5072.126,0.1018,4.3411,0.5341,1.9354,0.3536,0.4767,0.943,0.4675,0.9249,0.124,0.1716,0.184,4.8145,22.0508,10.5482,0.1526,1.7704,12.1568,1.4608,5.3386,0.0849,0.209,0.1181,0.1725,10.904,0.4659,349.992,0.9782,0.3668,0.4945,1.5999,Leisure Products,-0.435705808769285,-0.1900217326908356,-0.5803715798484512,-1.0638192054429347,1.6390586355762145,-0.0148978531448765,0.0024106493506493,0.002869528229075,0.0066077922077922,3.186140894437426e-05,0.003657922077922,0.0017845074620882,0.0043022077922077,0.0024771431589494,117.66342311688312,5.456736601810364e-09,0.0304920779220779,0.2089406288675394,0.9487179487179488,0.559544831406364,39.0
2024-03-31,HBB,20.03415197039407,1.6955,145.407,0.208242864161529,2.0785,-0.0666,-0.0821,374.1813,0.0911,4.9226,0.2343,3.5679,0.1355,0.2559,0.3439,0.1214,0.1631,-0.0091,-0.0074,0.1542,2.4102,12.1658,2.872,-0.0099,0.5602,2.4502,0.9275,6.9554,0.0781,0.2138,0.1536,0.2088,9.0578,0.7657,143.032,0.3439,0.1355,0.2559,1.6505,Consumer products,-0.0366467130286898,1.0271499045007677,-0.8282065782032904,-1.2030438662441418,0.0456448090388868,-0.0821574344922445,0.000870909090909,0.5111232378502213,-0.0049225974025974,0.4723559983155646,-0.0001972727272727,0.9487893512733006,-0.0059990909090909,0.0029946756598787,-2.8779518181818187,0.207867059896128,0.0099675324675324,0.6827907294607257,1.0555555555555556,0.2357022603955158,18.0
2024-03-31,HBB,20.03415197039407,1.6955,145.407,0.208242864161529,2.0785,-0.0666,-0.0821,374.1813,0.0911,4.9226,0.2343,3.5679,0.1355,0.2559,0.3439,0.1214,0.1631,-0.0091,-0.0074,0.1542,2.4102,12.1658,2.872,-0.0099,0.5602,2.4502,0.9275,6.9554,0.0781,0.2138,0.1536,0.2088,9.0578,0.7657,143.032,0.3439,0.1355,0.2559,1.6505,Consumer products,-0.0366467130286898,1.0271499045007677,-0.8282065782032904,-1.2030438662441418,0.0456448090388868,-0.0821574344922445,0.000870909090909,0.5111232378502213,-0.0049225974025974,0.4723559983155646,-0.0001972727272727,0.9487893512733006,-0.0059990909090909,0.0029946756598787,-2.8779518181818187,0.207867059896128,0.0099675324675324,0.6827907294607257,1.0555555555555556,0.2357022603955158,18.0
2024-03-31,HCSG,11.093968255179268,2.1597,474.581,0.1398829850746268,2.7721,0.2378,0.2067,930.538,0.1132,0.3688,0.1507,76.0783,0.0,0.0,0.0,0.0208,0.0226,0.0362,0.0416,2.1111,1.9382,22.431,13.8254,0.0503,0.5483,1.9861,2.5635,4.4267,0.0528,0.09,0.0831,0.1002,5.7178,0.8493,463.125,0.0843,0.0498,0.0777,2.4412,Commercial Services & Supplies,-0.1767723267131395,-0.192348792477025,-0.3973189778824528,-0.5477848870170892,0.153670230902478,-2.009011546043368,-0.0048935064935064,6.428872651373303e-06,-0.0076324675324675,1.1623455853330514e-05,-0.0073650649350649,1.7355469241797524e-05,-0.0083415584415584,7.951960800718217e-06,-74.0437561038961,2.090073391408495e-07,-0.0088487012987013,0.0895347740590732,1.3333333333333333,0.5163977794943222,6.0
2024-03-31,HCSG,11.093968255179268,2.1597,474.581,0.1398829850746268,2.7721,0.2378,0.2067,930.538,0.1132,0.3688,0.1507,76.0783,0.0,0.0,0.0,0.0208,0.0226,0.0362,0.0416,2.1111,1.9382,22.431,13.8254,0.0503,0.5483,1.9861,2.5635,4.4267,0.0528,0.09,0.0831,0.1002,5.7178,0.8493,463.125,0.0843,0.0498,0.0777,2.4412,Commercial Services & Supplies,-0.1767723267131395,-0.192348792477025,-0.3973189778824528,-0.5477848870170892,0.153670230902478,-2.009011546043368,-0.0048935064935064,6.428872651373303e-06,-0.0076324675324675,1.1623455853330514e-05,-0.0073650649350649,1.7355469241797524e-05,-0.0083415584415584,7.951960800718217e-06,-74.0437561038961,2.090073391408495e-07,-0.0088487012987013,0.0895347740590732,1.3333333333333333,0.5163977794943222,6.0
2024-03-31,HFFG,3.1818253993988037,1.8901,286.705,0.1209214326019849,1.2314,-0.0016,-0.0133,347.1827,0.0406,0.0924,0.1705,8.5063,0.178,0.2276,0.3744,0.3535,0.5815,-0.0023,-0.0003,0.0153,0.6294,545.12,5.5615,-0.0025,0.1569,1.5974,0.4612,24.5534,0.005,0.0105,0.0065,0.0249,5.6687,0.8295,112.969,0.645,0.3067,0.3921,1.9063,Retail,-0.029830441490534,-0.0308567130562017,-0.0374981341703008,-0.2119716632932491,0.0057562730431347,-0.0019890601690701,0.013958961038961,0.2156739332479345,0.0211885714285714,0.2789390226667069,0.0163774025974025,0.2376623652152963,0.0159381818181818,0.2603311065549311,-11.386438701298705,0.04954882001613,0.0501892207792207,0.3443109366917017,0.9285714285714286,0.2672612419124244,14.0
2024-03-31,HFFG,3.1818253993988037,1.8901,286.705,0.1209214326019849,1.2314,-0.0016,-0.0133,347.1827,0.0406,0.0924,0.1705,8.5063,0.178,0.2276,0.3744,0.3535,0.5815,-0.0023,-0.0003,0.0153,0.6294,545.12,5.5615,-0.0025,0.1569,1.5974,0.4612,24.5534,0.005,0.0105,0.0065,0.0249,5.6687,0.8295,112.969,0.645,0.3067,0.3921,1.9063,Retail,-0.029830441490534,-0.0308567130562017,-0.0374981341703008,-0.2119716632932491,0.0057562730431347,-0.0019890601690701,0.013958961038961,0.2156739332479345,0.0211885714285714,0.2789390226667069,0.0163774025974025,0.2376623652152963,0.0159381818181818,0.2603311065549311,-11.386438701298705,0.04954882001613,0.0501892207792207,0.3443109366917017,0.9285714285714286,0.2672612419124244,14.0
2024-03-31,HHS,7.29492063370962,1.6447,19.962,0.2854937118665172,1.4387,0.0518,-0.0236,41.7338,0.0276,0.0479,0.1807,636.4,0.0,4.3478,0.0,-0.5647,-0.5682,-0.0038,0.0083,0.8996,2.6588,2.1351,4.3593,-0.0053,0.2796,3.0641,1.3833,4.4378,-0.0082,-0.0469,-0.0466,0.1327,6.2808,0.8193,17.322,0.0061,0.0011,0.0061,1.2135,Media,0.0660021785442312,0.1960240724819787,0.3273010157587073,-0.9353408279800144,0.0002504317069685,0.265074760638781,-0.0074772727272727,0.4904003651925551,0.0498781818181818,0.7902816143212663,0.0129436363636363,0.9414125672573732,0.0108272727272727,0.9373285183047696,-2.602350909090909,0.1712357221469185,-0.0625772727272727,0.0063040251832456,1.1428571428571428,0.5345224838248488,14.0
2024-03-31,HHS,7.29492063370962,1.6447,19.962,0.2854937118665172,1.4387,0.0518,-0.0236,41.7338,0.0276,0.0479,0.1807,636.4,0.0,4.3478,0.0,-0.5647,-0.5682,-0.0038,0.0083,0.8996,2.6588,2.1351,4.3593,-0.0053,0.2796,3.0641,1.3833,4.4378,-0.0082,-0.0469,-0.0466,0.1327,6.2808,0.8193,17.322,0.0061,0.0011,0.0061,1.2135,Media,0.0660021785442312,0.1960240724819787,0.3273010157587073,-0.9353408279800144,0.0002504317069685,0.265074760638781,-0.0074772727272727,0.4904003651925551,0.0498781818181818,0.7902816143212663,0.0129436363636363,0.9414125672573732,0.0108272727272727,0.9373285183047696,-2.602350909090909,0.1712357221469185,-0.0625772727272727,0.0063040251832456,1.1428571428571428,0.5345224838248488,14.0
2024-03-31,IBP,224.158207000248,1.4531,679.2,1.1772151898734178,3.1769,3.0967,1.9694,7800.1047,0.0909,9.9414,0.3384,10.8876,0.421,0.5393,1.2418,0.31,0.7138,0.0807,0.1269,0.3336,10.7705,29.2218,25.8766,0.1103,2.6013,17.4715,2.6732,6.2885,0.1293,0.3945,0.1656,0.2514,24.4108,0.6616,418.7,1.3026,0.4416,0.5657,1.513,Consumer products,-0.0606711907120307,1.895278939782754,-0.8929102171254224,-1.44849247113878,0.9515020914054876,3.820073984866871,0.0038732467532467,6.994965123303531e-11,0.0090827272727272,1.7462062859064328e-05,0.004912987012987,6.410222636979238e-11,0.0062037662337662,6.529474180840694e-10,178.8478074025974,2.7008746444958944e-05,0.1495735064935065,5.627468806070616e-09,1.4761904761904765,0.511766315719159,21.0
2024-03-31,IMMR,8.323299150618295,0.1957,170.0,1.1826484018264842,7.6712,0.529,0.594,205.1477,0.7493,0.9362,1.0,4.76,0.362,25.0,0.0,-0.1524,-0.1524,0.4255,0.3789,0.218,1.3591,5.3817,7.6405,0.5638,3.3769,3.4216,7.5662,4.5951,0.2246,0.2684,0.2684,0.145,1.3961,0.0,100.4,0.0,0.0,0.0,6.2308,Technology,-0.0379163015171187,-0.5860355492101728,-1.2253612734838188,-0.6620797498045348,0.002657196181648,-1.4057048977881668,0.002167922077922,0.7483202650587863,-0.0009746753246753,0.926303517113606,-0.0009746753246753,0.926303517113606,-0.0014061038961038,0.8934669764619352,-0.961282337662338,0.6633248860256971,0.0243948051948051,2.7950169674183e-05,1.0416666666666667,0.3586407511783862,24.0
2024-03-31,IMMR,8.323299150618295,0.1957,170.0,1.1826484018264842,7.6712,0.529,0.594,205.1477,0.7493,0.9362,1.0,4.76,0.362,25.0,0.0,-0.1524,-0.1524,0.4255,0.3789,0.218,1.3591,5.3817,7.6405,0.5638,3.3769,3.4216,7.5662,4.5951,0.2246,0.2684,0.2684,0.145,1.3961,0.0,100.4,0.0,0.0,0.0,6.2308,Technology,-0.0379163015171187,-0.5860355492101728,-1.2253612734838188,-0.6620797498045348,0.002657196181648,-1.4057048977881668,0.002167922077922,0.7483202650587863,-0.0009746753246753,0.926303517113606,-0.0009746753246753,0.926303517113606,-0.0014061038961038,0.8934669764619352,-0.961282337662338,0.6633248860256971,0.0243948051948051,2.7950169674183e-05,1.0416666666666667,0.3586407511783862,24.0
2024-03-31,INTT,10.688888897971502,0.8617,99.317,0.689254280886692,2.1534,0.0405,0.0544,157.5913,0.1672,1.1609,0.4384,2.3721,0.0678,0.0903,0.1088,-0.0576,-0.0694,0.0222,0.0165,1.7619,1.6562,22.8865,11.0913,0.0264,1.3571,2.3332,1.2657,5.5283,0.0511,0.0753,0.0652,0.0672,2.453,0.5616,70.498,0.2058,0.1281,0.1707,2.6495,Semiconductors,-0.5915010128442001,-0.3781763393503898,-0.4439061753287987,-0.4955435961796175,9.908132034935384e-05,0.0009269733379808,0.0040063636363636,0.001007654775664,0.006701948051948,0.0004217729899151,0.0051801298701298,0.0021344605308542,0.0055283116883116,0.0083976850263579,8.20569,0.0001485197961784,0.010962987012987,0.0243620926913934,0.9761904761904762,0.3483826910443168,42.0
2024-03-31,INTT,10.688888897971502,0.8617,99.317,0.689254280886692,2.1534,0.0405,0.0544,157.5913,0.1672,1.1609,0.4384,2.3721,0.0678,0.0903,0.1088,-0.0576,-0.0694,0.0222,0.0165,1.7619,1.6562,22.8865,11.0913,0.0264,1.3571,2.3332,1.2657,5.5283,0.0511,0.0753,0.0652,0.0672,2.453,0.5616,70.498,0.2058,0.1281,0.1707,2.6495,Semiconductors,-0.5915010128442001,-0.3781763393503898,-0.4439061753287987,-0.4955435961796175,9.908132034935384e-05,0.0009269733379808,0.0040063636363636,0.001007654775664,0.006701948051948,0.0004217729899151,0.0051801298701298,0.0021344605308542,0.0055283116883116,0.0083976850263579,8.20569,0.0001485197961784,0.010962987012987,0.0243620926913934,0.9761904761904762,0.3483826910443168,42.0
2024-03-31,IOSP,123.95042855398997,1.1631,1183.6,0.7402027952863799,2.5018,2.0147,1.6516,2871.9703,0.1035,7.881,0.3113,4.0012,0.0,0.0,0.0,-0.2282,-0.2282,0.0828,0.101,0.6121,2.6547,21.3311,23.5185,0.1106,1.6201,2.7907,1.6147,5.8716,0.0883,0.1295,0.1295,0.1505,19.9553,0.6887,1125.9,0.0,0.0,0.0,3.1551,Chemicals,-0.4573604181798697,-0.3290075020660614,-1.412054444277335,-1.8974711977392944,0.0018681685646114,0.1364170090538718,0.0016781818181818,0.0261555775753833,0.0016681818181818,0.1743370172066899,0.0027318181818181,0.0157521587862694,0.0027161038961038,0.0903919532713036,26.30940467532467,0.0202043136146805,0.0479493506493506,0.129618846157393,1.3571428571428572,0.4972451580988469,14.0
2024-03-31,IOSP,123.95042855398997,1.1631,1183.6,0.7402027952863799,2.5018,2.0147,1.6516,2871.9703,0.1035,7.881,0.3113,4.0012,0.0,0.0,0.0,-0.2282,-0.2282,0.0828,0.101,0.6121,2.6547,21.3311,23.5185,0.1106,1.6201,2.7907,1.6147,5.8716,0.0883,0.1295,0.1295,0.1505,19.9553,0.6887,1125.9,0.0,0.0,0.0,3.1551,Chemicals,-0.4573604181798697,-0.3290075020660614,-1.412054444277335,-1.8974711977392944,0.0018681685646114,0.1364170090538718,0.0016781818181818,0.0261555775753833,0.0016681818181818,0.1743370172066899,0.0027318181818181,0.0157521587862694,0.0027161038961038,0.0903919532713036,26.30940467532467,0.0202043136146805,0.0479493506493506,0.129618846157393,1.3571428571428572,0.4972451580988469,14.0
2024-03-31,KODK,5.063174618615045,0.469,1163.809,0.9562043795620438,2.4708,0.0767,0.3505,573.6026,0.0324,0.0501,0.1968,3.6549,0.1905,0.2773,0.3841,0.1154,0.1598,0.1285,0.0281,0.0541,0.333,5.2379,29.5723,0.1406,0.3563,0.3398,1.6314,7.0649,0.0319,0.0637,0.0467,-0.0133,2.7273,0.8032,1140.809,0.3849,0.1909,0.2779,1.9836,Technology,-0.0053852627711312,-0.1390851880949627,-0.2132055568990102,0.0607286942924159,0.007429645267792,-0.2038139237435773,0.0049154545454545,0.4605598902400697,-0.0848535064935065,0.3243045970991943,0.018311948051948,0.6937229092508362,0.0151316883116883,5.550115455419021e-05,23.282671298701302,0.000208800439298,0.0320548051948052,5.28898941160837e-05,1.0,0.4472135954999579,41.0
2024-03-31,KODK,5.063174618615045,0.469,1163.809,0.9562043795620438,2.4708,0.0767,0.3505,573.6026,0.0324,0.0501,0.1968,3.6549,0.1905,0.2773,0.3841,0.1154,0.1598,0.1285,0.0281,0.0541,0.333,5.2379,29.5723,0.1406,0.3563,0.3398,1.6314,7.0649,0.0319,0.0637,0.0467,-0.0133,2.7273,0.8032,1140.809,0.3849,0.1909,0.2779,1.9836,Technology,-0.0053852627711312,-0.1390851880949627,-0.2132055568990102,0.0607286942924159,0.007429645267792,-0.2038139237435773,0.0049154545454545,0.4605598902400697,-0.0848535064935065,0.3243045970991943,0.018311948051948,0.6937229092508362,0.0151316883116883,5.550115455419021e-05,23.282671298701302,0.000208800439298,0.0320548051948052,5.28898941160837e-05,1.0,0.4472135954999579,41.0
2024-03-31,KW,9.031470609089684,0.0717,1742.6,0.9370568908870828,1.0341,0.163,0.2727,5956.5104,0.1203,-1.147,0.6716,0.0113,0.6923,0.7532,3.0512,0.6764,2.7403,0.2771,0.1657,1.2868,0.6779,22.8875,19.6155,0.4721,2.0934,0.6787,1.0105,13.4517,-0.0296,-0.1217,-0.0323,0.0094,0.9839,0.3284,1740.5,3.0512,0.6923,0.7532,1.2935,Real Estate,1.2167197537235084,2.6475284150805973,0.9351929797709242,-0.7201971108410962,0.5332069434170377,0.3117408412648678,-0.0018235064935064,0.0291233461947775,-0.0090785714285714,0.0106390705611281,-0.0019890909090909,0.0286901706323526,0.0003907792207792,0.3263798250468521,-21.7519774025974,0.3888230782760276,0.0134315584415584,0.0215008371204853,1.0,0.4,26.0
2024-03-31,KW,9.031470609089684,0.0717,1742.6,0.9370568908870828,1.0341,0.163,0.2727,5956.5104,0.1203,-1.147,0.6716,0.0113,0.6923,0.7532,3.0512,0.6764,2.7403,0.2771,0.1657,1.2868,0.6779,22.8875,19.6155,0.4721,2.0934,0.6787,1.0105,13.4517,-0.0296,-0.1217,-0.0323,0.0094,0.9839,0.3284,1740.5,3.0512,0.6923,0.7532,1.2935,Real Estate,1.2167197537235084,2.6475284150805973,0.9351929797709242,-0.7201971108410962,0.5332069434170377,0.3117408412648678,-0.0018235064935064,0.0291233461947775,-0.0090785714285714,0.0106390705611281,-0.0019890909090909,0.0286901706323526,0.0003907792207792,0.3263798250468521,-21.7519774025974,0.3888230782760276,0.0134315584415584,0.0215008371204853,1.0,0.4,26.0
2024-03-31,MGIC,11.028397000025189,1.0012,272.317,0.7785658144730572,1.6942,0.2938,0.1805,559.0826,0.2039,1.4915,0.2807,94.3333,0.0776,0.1105,0.1529,-0.0567,-0.0785,0.0678,0.1104,1.6739,2.1315,16.239,7.9264,0.0978,1.1091,9.6748,1.6942,3.7976,0.0684,0.1361,0.0958,0.1504,2.6624,0.7193,59.996,0.3835,0.1947,0.2772,2.0307,Technology,-0.0115470838102,-0.2971663123975577,-0.4373681445594256,-0.6867365129007038,0.0072415735099437,-0.7807109621364147,0.001415974025974,2.0246065034451618e-07,0.0042650649350649,1.3322853753830995e-09,0.0022844155844155,5.50127127994766e-06,0.0031593506493506,4.261339492004459e-05,13.835810909090911,0.0416142278420038,0.0079407792207792,2.2663042905505345e-06,1.0,0.3429971702850177,18.0
2024-03-31,MGIC,11.028397000025189,1.0012,272.317,0.7785658144730572,1.6942,0.2938,0.1805,559.0826,0.2039,1.4915,0.2807,94.3333,0.0776,0.1105,0.1529,-0.0567,-0.0785,0.0678,0.1104,1.6739,2.1315,16.239,7.9264,0.0978,1.1091,9.6748,1.6942,3.7976,0.0684,0.1361,0.0958,0.1504,2.6624,0.7193,59.996,0.3835,0.1947,0.2772,2.0307,Technology,-0.0115470838102,-0.2971663123975577,-0.4373681445594256,-0.6867365129007038,0.0072415735099437,-0.7807109621364147,0.001415974025974,2.0246065034451618e-07,0.0042650649350649,1.3322853753830995e-09,0.0022844155844155,5.50127127994766e-06,0.0031593506493506,4.261339492004459e-05,13.835810909090911,0.0416142278420038,0.0079407792207792,2.2663042905505345e-06,1.0,0.3429971702850177,18.0
2024-03-31,NC,29.776032281300377,0.3909,381.613,0.9672949088918432,3.329,0.633,0.6081,207.1967,0.0063,-6.7477,0.1317,2.7168,0.0527,0.0658,0.0744,-0.0277,-0.0314,0.0858,0.0893,0.4569,0.5743,4.0208,12.8576,0.1046,1.0056,0.5833,1.9682,6.0693,-0.073,-0.1001,-0.0926,-0.1529,7.091,0.8683,375.733,0.1307,0.0927,0.1156,3.4402,Energy,0.0019971114505134,-0.6998102852496781,-1.2633242781931389,-1.588909591148182,0.0029734207586945,0.4707056391165089,-0.0037842857142857,0.0782245222314233,-0.0059941558441558,0.0438540950255771,-0.005580909090909,0.0478620292688818,-0.0074396103896103,0.0514445891946973,-0.4874781818181823,0.8408357915004507,-0.1338080519480519,0.1837038681642518,0.9545454545454546,0.3750901767477265,22.0
2024-03-31,NC,29.776032281300377,0.3909,381.613,0.9672949088918432,3.329,0.633,0.6081,207.1967,0.0063,-6.7477,0.1317,2.7168,0.0527,0.0658,0.0744,-0.0277,-0.0314,0.0858,0.0893,0.4569,0.5743,4.0208,12.8576,0.1046,1.0056,0.5833,1.9682,6.0693,-0.073,-0.1001,-0.0926,-0.1529,7.091,0.8683,375.733,0.1307,0.0927,0.1156,3.4402,Energy,0.0019971114505134,-0.6998102852496781,-1.2633242781931389,-1.588909591148182,0.0029734207586945,0.4707056391165089,-0.0037842857142857,0.0782245222314233,-0.0059941558441558,0.0438540950255771,-0.005580909090909,0.0478620292688818,-0.0074396103896103,0.0514445891946973,-0.4874781818181823,0.8408357915004507,-0.1338080519480519,0.1837038681642518,0.9545454545454546,0.3750901767477265,22.0
2024-03-31,NGL,5.660476162320092,1.3054,980.93,0.0398108348416683,1.2063,-1.0984,-1.7868,3580.687,0.017,1.6894,0.1391,43.6306,0.5665,0.7421,2.8991,0.7339,2.8668,-0.1453,-0.0893,2.1203,0.7835,10.7305,1.0722,-0.1442,0.1105,1.5235,0.9424,7.5286,-0.027,-0.1139,-0.0356,0.0289,12.2979,0.8609,333.389,2.9064,0.5679,0.744,1.2429,Energy,0.0007386576597789,-0.7962876272721113,-0.4856840637545976,0.3003236571888976,0.0513854180891279,-0.8167821074337653,0.0002044155844155,0.923175197491001,0.0011212987012987,0.8795461507885598,0.0001193506493506,0.9640083239461784,0.0024941558441558,0.256372005353859,-44.44967220779221,0.0001104006748139,0.0188799999999999,0.5688341771344725,1.5,0.5477225575051662,6.0
2024-03-31,NGL,5.660476162320092,1.3054,980.93,0.0398108348416683,1.2063,-1.0984,-1.7868,3580.687,0.017,1.6894,0.1391,43.6306,0.5665,0.7421,2.8991,0.7339,2.8668,-0.1453,-0.0893,2.1203,0.7835,10.7305,1.0722,-0.1442,0.1105,1.5235,0.9424,7.5286,-0.027,-0.1139,-0.0356,0.0289,12.2979,0.8609,333.389,2.9064,0.5679,0.744,1.2429,Energy,0.0007386576597789,-0.7962876272721113,-0.4856840637545976,0.3003236571888976,0.0513854180891279,-0.8167821074337653,0.0002044155844155,0.923175197491001,0.0011212987012987,0.8795461507885598,0.0001193506493506,0.9640083239461784,0.0024941558441558,0.256372005353859,-44.44967220779221,0.0001104006748139,0.0188799999999999,0.5688341771344725,1.5,0.5477225575051662,6.0
2024-03-31,NHC,95.92631058465868,0.9006,924.748,0.4552751793594892,2.0229,1.074,1.6906,1330.0727,0.0124,5.1812,0.3837,106.1577,0.0229,0.0365,0.0389,-0.1016,-0.1016,0.0882,0.056,0.4412,1.5399,17.5186,17.8478,0.1202,1.218,1.5517,1.9574,10.22,0.0626,0.0903,0.0901,0.0707,19.1663,0.6163,917.71,0.0,0.0,0.0,3.3418,Health Care,-0.6472713231508492,-0.1355550115003253,-0.1856491614380905,-0.1502133320931895,0.1488521527418967,4.686432315477861,-0.0007920779220779,0.5146028770536811,-0.0017831168831168,0.3713425529876858,-0.0013241558441558,0.4994842745553171,-0.0008646753246753,0.0311034419749682,-6.08454077922078,0.3529918514982185,0.0028042857142857,0.7846346626100129,1.0,0.0,5.0
2024-03-31,NHC,95.92631058465868,0.9006,924.748,0.4552751793594892,2.0229,1.074,1.6906,1330.0727,0.0124,5.1812,0.3837,106.1577,0.0229,0.0365,0.0389,-0.1016,-0.1016,0.0882,0.056,0.4412,1.5399,17.5186,17.8478,0.1202,1.218,1.5517,1.9574,10.22,0.0626,0.0903,0.0901,0.0707,19.1663,0.6163,917.71,0.0,0.0,0.0,3.3418,Health Care,-0.6472713231508492,-0.1355550115003253,-0.1856491614380905,-0.1502133320931895,0.1488521527418967,4.686432315477861,-0.0007920779220779,0.5146028770536811,-0.0017831168831168,0.3713425529876858,-0.0013241558441558,0.4994842745553171,-0.0008646753246753,0.0311034419749682,-6.08454077922078,0.3529918514982185,0.0028042857142857,0.7846346626100129,1.0,0.0,5.0
2024-03-31,NPO,150.71944100516183,0.4071,1413.9,0.9146205357142858,2.5904,1.327,0.5924,3972.5943,0.1622,7.2166,0.4124,4.0679,0.2651,0.32,0.4739,0.2465,0.3651,0.0485,0.1087,0.601,2.4446,147.6135,18.8443,0.0555,3.3421,6.1633,1.6624,7.2985,-0.0011,-0.0019,-0.0013,0.029,12.2038,0.5876,560.8,0.481,0.269,0.3248,2.2693,Machinery,0.002697671594102,0.0034725395229827,0.0030871597445329,-0.073949480931528,0.5479016607498554,1.210741755491836,0.000221948051948,0.8806159056883889,0.0003554545454545,0.9075525090127288,1.0649350649350882e-05,0.9955703672843969,-0.0007164935064935,0.2054777275619996,109.24920584415582,1.1818383253619044e-06,0.015308961038961,0.7000498082113286,1.1,0.4806604651504226,30.0
2024-03-31,NPO,150.71944100516183,0.4071,1413.9,0.9146205357142858,2.5904,1.327,0.5924,3972.5943,0.1622,7.2166,0.4124,4.0679,0.2651,0.32,0.4739,0.2465,0.3651,0.0485,0.1087,0.601,2.4446,147.6135,18.8443,0.0555,3.3421,6.1633,1.6624,7.2985,-0.0011,-0.0019,-0.0013,0.029,12.2038,0.5876,560.8,0.481,0.269,0.3248,2.2693,Machinery,0.002697671594102,0.0034725395229827,0.0030871597445329,-0.073949480931528,0.5479016607498554,1.210741755491836,0.000221948051948,0.8806159056883889,0.0003554545454545,0.9075525090127288,1.0649350649350882e-05,0.9955703672843969,-0.0007164935064935,0.2054777275619996,109.24920584415582,1.1818383253619044e-06,0.015308961038961,0.7000498082113286,1.1,0.4806604651504226,30.0
2024-03-31,NUS,12.453242453317792,1.0532,810.206,0.6871275925057792,2.0926,0.1781,-0.0108,936.8445,0.0691,1.706,0.7047,1.9046,0.2602,0.3504,0.5593,0.2093,0.3341,-0.0013,0.0211,0.6063,0.8223,23.6805,10.2351,0.0026,0.3497,0.9406,0.9319,29.991,-0.0019,-0.004,-0.0025,0.0307,8.424,0.2953,708.273,0.5964,0.2774,0.3736,1.8696,Consumer products,0.0008915333515302,-0.0192170234705475,0.0134799247754441,-0.1768843232456664,0.1142817353556457,0.2197032895355668,-0.0038885714285714,0.0006658816146813,-0.0084638961038961,0.0008736312441517,-0.0056692207792207,0.0015751507534926,-0.0098612987012987,4.091070809055135e-06,-56.49330402597402,0.0034349708662746,-0.0658098701298701,0.0009452694120359,0.8636363636363636,0.6396021490668313,22.0
2024-03-31,NUS,12.453242453317792,1.0532,810.206,0.6871275925057792,2.0926,0.1781,-0.0108,936.8445,0.0691,1.706,0.7047,1.9046,0.2602,0.3504,0.5593,0.2093,0.3341,-0.0013,0.0211,0.6063,0.8223,23.6805,10.2351,0.0026,0.3497,0.9406,0.9319,29.991,-0.0019,-0.004,-0.0025,0.0307,8.424,0.2953,708.273,0.5964,0.2774,0.3736,1.8696,Consumer products,0.0008915333515302,-0.0192170234705475,0.0134799247754441,-0.1768843232456664,0.1142817353556457,0.2197032895355668,-0.0038885714285714,0.0006658816146813,-0.0084638961038961,0.0008736312441517,-0.0056692207792207,0.0015751507534926,-0.0098612987012987,4.091070809055135e-06,-56.49330402597402,0.0034349708662746,-0.0658098701298701,0.0009452694120359,0.8636363636363636,0.6396021490668313,22.0
2024-03-31,PAHC,15.816112397209046,1.0284,270.094,0.2656395447237031,3.1585,0.4917,0.2074,946.3445,0.0824,0.9962,0.3032,2.422,0.4658,0.6033,1.6883,0.5762,1.6127,0.0319,0.0757,0.6885,1.891,38.7549,12.1285,0.0491,0.511,2.3022,1.6655,6.3703,0.0136,0.0481,0.0175,0.0779,6.4961,0.6968,221.855,1.7987,0.4962,0.6427,1.381,Pharmaceuticals,-0.0231699957018366,-0.0577555095412508,-0.0313770677205516,-0.1450700887113158,0.0233699394354538,3.292507611663894,-0.0024945454545454,7.413963704320907e-05,-0.0090007792207792,4.814883917333937e-05,-0.0033587012987012,6.299188887883005e-05,-0.0033903896103896,3.660066773657373e-06,-28.86925090909091,3.604835122457542e-06,-0.0024657142857142,0.6280771954974879,2.0,0.0,2.0
2024-03-31,PATK,72.1992434547061,1.2781,1058.536,0.0488431306200109,2.3836,1.7917,1.0596,4037.445,0.0211,11.7126,0.2195,4.7397,0.459,0.5663,1.3151,0.5622,1.3056,0.0376,0.0636,0.2949,2.5086,17.9645,6.7472,0.042,0.7584,5.6349,0.8208,13.0959,0.054,0.1431,0.0665,0.1184,28.1851,0.7805,394.184,1.3222,0.4615,0.5694,1.5361,Auto Components,-0.613087456134315,-0.693008717090781,-1.835173105870547,-42.93626373626377,0.0057906895316989,0.3859096169171797,0.0003861038961038,0.6817979176677664,0.0013105194805194,0.7177656709730238,0.0004967532467532,0.689198594841578,0.0006163636363636,0.6993654334593101,91.93027818181815,1.407305884171437e-06,0.0740905194805194,0.0463332563833072,1.2222222222222223,0.4409585518440985,9.0
2024-03-31,PECO,31.83886773245675,0.1292,2299.504,0.0551183414576848,0.1569,0.3148,0.1295,6297.336,0.3302,1.6038,0.7186,10.3754,0.4124,0.467,0.8764,0.4658,0.8741,0.1095,0.2662,2.3886,1.8645,74.0447,22.2937,0.1217,6.9113,1.894,0.0551,71.3178,0.0121,0.0255,0.0137,0.036,1.1825,0.2814,2303.622,0.8765,0.4125,0.4671,1.8889,Real Estate,-0.4973753047315692,-0.5547409579667644,-0.3966607994694012,-2.7582017010935593,0.5637165143252456,0.602061452945892,0.0011750877192982,1.6409676682471036e-07,0.0026603508771929,1.5601256926697002e-06,0.0013452631578947,1.9714047855359105e-07,0.0018564912280701,2.2151963808152746e-08,213.9320712280702,4.924899876850476e-05,0.0118287719298245,0.0014942207218543,1.1176470588235294,0.3321055820775357,17.0
2024-03-31,PECO,31.83886773245675,0.1292,2299.504,0.0551183414576848,0.1569,0.3148,0.1295,6297.336,0.3302,1.6038,0.7186,10.3754,0.4124,0.467,0.8764,0.4658,0.8741,0.1095,0.2662,2.3886,1.8645,74.0447,22.2937,0.1217,6.9113,1.894,0.0551,71.3178,0.0121,0.0255,0.0137,0.036,1.1825,0.2814,2303.622,0.8765,0.4125,0.4671,1.8889,Real Estate,-0.4973753047315692,-0.5547409579667644,-0.3966607994694012,-2.7582017010935593,0.5637165143252456,0.602061452945892,0.0011750877192982,1.6409676682471036e-07,0.0026603508771929,1.5601256926697002e-06,0.0013452631578947,1.9714047855359105e-07,0.0018564912280701,2.2151963808152746e-08,213.9320712280702,4.924899876850476e-05,0.0118287719298245,0.0014942207218543,1.1176470588235294,0.3321055820775357,17.0
2024-03-31,PINC,19.28285096183656,0.3708,1923.298,0.0852387901537732,0.9297,-0.7083,-0.3616,3249.9037,0.3979,2.0239,0.6431,4.5015,0.1768,0.2238,0.3092,0.2527,0.3491,-0.1173,-0.2298,0.5692,1.3407,15.9847,9.0021,-0.1892,1.9292,1.5682,0.7128,3.1028,0.0223,0.0357,0.0276,0.027,3.0821,0.3569,1644.245,0.3813,0.218,0.276,2.3352,Health Care,-0.2305774841256219,-0.0535915161745472,-0.0568692214838102,-0.0573657703891954,0.3637058049149159,-3.090689021464589,-0.0002066233766233,0.7404908545921013,-0.0005018181818181,0.62141258680673,-0.0010322077922077,0.1903210368475719,-0.0087367532467532,7.765194030672745e-09,-48.443234155844166,0.0418408377020016,-0.0414524675324675,0.0043847978800733,1.0,0.0,12.0
2024-03-31,PINC,19.28285096183656,0.3708,1923.298,0.0852387901537732,0.9297,-0.7083,-0.3616,3249.9037,0.3979,2.0239,0.6431,4.5015,0.1768,0.2238,0.3092,0.2527,0.3491,-0.1173,-0.2298,0.5692,1.3407,15.9847,9.0021,-0.1892,1.9292,1.5682,0.7128,3.1028,0.0223,0.0357,0.0276,0.027,3.0821,0.3569,1644.245,0.3813,0.218,0.276,2.3352,Health Care,-0.2305774841256219,-0.0535915161745472,-0.0568692214838102,-0.0573657703891954,0.3637058049149159,-3.090689021464589,-0.0002066233766233,0.7404908545921013,-0.0005018181818181,0.62141258680673,-0.0010322077922077,0.1903210368475719,-0.0087367532467532,7.765194030672745e-09,-48.443234155844166,0.0418408377020016,-0.0414524675324675,0.0043847978800733,1.0,0.0,12.0
2024-03-31,PLPC,127.1599873134068,1.0401,413.369,0.4599514563106797,3.1519,2.338,1.9409,633.3689,0.013,11.6032,0.3132,2.8566,0.0818,0.102,0.1159,0.0226,0.0257,0.0681,0.082,0.0793,1.5065,12.0854,10.9127,0.0842,0.9905,1.551,1.6493,4.9774,0.0852,0.1266,0.1085,0.1405,28.5,0.6868,401.501,0.1367,0.0964,0.1202,3.393,Electrical Equipment,-0.3170840633481054,-0.2742244603020021,-0.2977268486504879,-0.4220366844451804,0.0986516599055762,24.98822664952155,0.0028825974025974,9.728239085328832e-07,0.0044201298701298,2.576429092693707e-06,0.0037,7.922167621474947e-07,0.0049337662337662,1.0637628646864831e-05,23.199515974025974,6.107790508350528e-06,0.1324103896103896,0.0087778979152224,1.125,0.3535533905932738,8.0
2024-03-31,PLPC,127.1599873134068,1.0401,413.369,0.4599514563106797,3.1519,2.338,1.9409,633.3689,0.013,11.6032,0.3132,2.8566,0.0818,0.102,0.1159,0.0226,0.0257,0.0681,0.082,0.0793,1.5065,12.0854,10.9127,0.0842,0.9905,1.551,1.6493,4.9774,0.0852,0.1266,0.1085,0.1405,28.5,0.6868,401.501,0.1367,0.0964,0.1202,3.393,Electrical Equipment,-0.3170840633481054,-0.2742244603020021,-0.2977268486504879,-0.4220366844451804,0.0986516599055762,24.98822664952155,0.0028825974025974,9.728239085328832e-07,0.0044201298701298,2.576429092693707e-06,0.0037,7.922167621474947e-07,0.0049337662337662,1.0637628646864831e-05,23.199515974025974,6.107790508350528e-06,0.1324103896103896,0.0087778979152224,1.125,0.3535533905932738,8.0
2024-03-31,PRIM,49.32239768618629,1.5342,1249.405,0.1226189078908304,1.3805,0.813,0.3481,3065.8142,0.022,3.4651,0.0944,9.9885,0.218,0.3917,0.6901,0.3517,0.6196,0.0134,0.0313,0.089,1.8342,15.9389,8.1473,0.0189,0.3903,2.2313,1.2852,3.725,0.0376,0.119,0.0642,0.1243,25.9622,0.9056,1027.036,0.7618,0.2407,0.4324,1.4619,Construction,0.928395061728395,1.5963700927204578,1.4594811446910938,1.833810639590384,0.3461854349485705,0.6320066901449924,-0.0007414285714285,0.0001709831135465,-0.0015767532467532,0.0018750961903798,-0.0017987012987012,0.0001274333578548,-0.0028735064935064,0.0001330752831476,81.3883918181818,5.091488549924957e-07,0.0290115584415584,0.0869800435709681,1.0,0.0,23.0
2024-03-31,PRIM,49.32239768618629,1.5342,1249.405,0.1226189078908304,1.3805,0.813,0.3481,3065.8142,0.022,3.4651,0.0944,9.9885,0.218,0.3917,0.6901,0.3517,0.6196,0.0134,0.0313,0.089,1.8342,15.9389,8.1473,0.0189,0.3903,2.2313,1.2852,3.725,0.0376,0.119,0.0642,0.1243,25.9622,0.9056,1027.036,0.7618,0.2407,0.4324,1.4619,Construction,0.928395061728395,1.5963700927204578,1.4594811446910938,1.833810639590384,0.3461854349485705,0.6320066901449924,-0.0007414285714285,0.0001709831135465,-0.0015767532467532,0.0018750961903798,-0.0017987012987012,0.0001274333578548,-0.0028735064935064,0.0001330752831476,81.3883918181818,5.091488549924957e-07,0.0290115584415584,0.0869800435709681,1.0,0.0,23.0
2024-03-31,PTVE,13.016913035559275,0.8247,1344.0,0.0896464646464646,2.024,0.4093,0.0498,6053.0818,0.1276,0.8373,0.1797,4.7392,0.5526,0.716,2.6257,0.7129,2.6146,0.0072,0.0591,0.7,1.8892,6.3517,3.9702,0.012,0.4763,7.1523,0.8737,11.1178,-0.0124,-0.0607,-0.0161,0.0382,6.9248,0.8203,355.0,2.6674,0.5614,0.7273,1.2666,Packaging,-0.3131313131313131,-0.3557422285170081,-0.2952548330404218,0.3687851971037812,0.4980138018350529,0.2676825479873124,-9.071428571428552e-05,0.9569659174949412,0.0029874999999999,0.7608835492574154,-9.178571428571403e-05,0.966748510990202,0.0025489285714285,0.2993625335712075,-66.31302964285713,0.03635708331924,0.0240185714285714,0.4703985625932144,1.1935483870967742,0.6010743070375286,31.0
2024-03-31,PTVE,13.016913035559275,0.8247,1344.0,0.0896464646464646,2.024,0.4093,0.0498,6053.0818,0.1276,0.8373,0.1797,4.7392,0.5526,0.716,2.6257,0.7129,2.6146,0.0072,0.0591,0.7,1.8892,6.3517,3.9702,0.012,0.4763,7.1523,0.8737,11.1178,-0.0124,-0.0607,-0.0161,0.0382,6.9248,0.8203,355.0,2.6674,0.5614,0.7273,1.2666,Packaging,-0.3131313131313131,-0.3557422285170081,-0.2952548330404218,0.3687851971037812,0.4980138018350529,0.2676825479873124,-9.071428571428552e-05,0.9569659174949412,0.0029874999999999,0.7608835492574154,-9.178571428571403e-05,0.966748510990202,0.0025489285714285,0.2993625335712075,-66.31302964285713,0.03635708331924,0.0240185714285714,0.4703985625932144,1.1935483870967742,0.6010743070375286,31.0
2024-03-31,RS,298.34910898359993,1.3754,7932.4,1.0903895498017262,5.7422,6.7914,5.2331,19338.898,0.0048,16.341,0.3095,4.8386,0.1067,0.1259,0.144,0.0229,0.0262,0.0831,0.1079,0.1922,2.4117,15.2352,20.3867,0.1087,1.3207,2.7541,3.0568,8.3099,0.1192,0.1621,0.1412,0.1821,62.9695,0.6905,6946.3,0.1441,0.1067,0.1259,3.8536,Metals & Mining,-0.4738947618350833,-0.263512666837507,-0.3812917126885334,-0.5489555725823672,4.903738869603168,16.51985436252552,0.0055483116883116,0.0003644128244263,0.0068922077922077,0.0041533883836123,0.0066901298701298,0.0005347605156371,0.0080531168831168,0.0017367349409297,505.3651233766234,8.147237884999369e-09,0.3150531168831169,0.0023359863562881,1.0625,0.4425306015783918,16.0
2024-03-31,RVP,1.0779365140294273,0.2221,99.6594,1.4563932766361067,11.0147,-0.0997,0.0143,26.4792,0.571,0.1281,0.2501,1.5411,0.0066,0.0114,0.0116,-0.0845,-0.0858,0.0565,-0.3929,0.005,0.3515,4.0148,2.3155,0.0678,0.8713,2.0649,8.1795,5.8579,-0.0418,-0.0754,-0.0742,-0.115,0.2538,0.7499,29.8,0.0147,0.0083,0.0145,2.3059,Health Care,0.4322035352668609,0.1131876840213126,0.1528875447137216,0.2443356886947213,0.0029633612680594,-0.4350440426938013,-0.0064205194805194,0.2990594898623999,-0.0095405194805194,0.4335478693547238,-0.0086432467532467,0.4533794107387072,-0.0108027272727272,0.4598603712418843,-4.057252987012986,0.4228361769429657,-0.0114810389610389,0.2607544637869123,1.0,0.0,8.0
2024-03-31,RVP,1.0779365140294273,0.2221,99.6594,1.4563932766361067,11.0147,-0.0997,0.0143,26.4792,0.571,0.1281,0.2501,1.5411,0.0066,0.0114,0.0116,-0.0845,-0.0858,0.0565,-0.3929,0.005,0.3515,4.0148,2.3155,0.0678,0.8713,2.0649,8.1795,5.8579,-0.0418,-0.0754,-0.0742,-0.115,0.2538,0.7499,29.8,0.0147,0.0083,0.0145,2.3059,Health Care,0.4322035352668609,0.1131876840213126,0.1528875447137216,0.2443356886947213,0.0029633612680594,-0.4350440426938013,-0.0064205194805194,0.2990594898623999,-0.0095405194805194,0.4335478693547238,-0.0086432467532467,0.4533794107387072,-0.0108027272727272,0.4598603712418843,-4.057252987012986,0.4228361769429657,-0.0114810389610389,0.2607544637869123,1.0,0.0,8.0
2024-03-31,SCL,84.31966775561136,0.9371,1214.522,0.2000069968657222,1.3832,0.8789,0.6054,2506.2558,0.0292,4.0153,0.1275,6.2395,0.1686,0.2151,0.3294,0.2796,0.4283,0.0252,0.0366,0.6308,1.6353,52.2644,28.1877,0.0353,0.8923,1.7063,0.9743,4.8551,0.016,0.0313,0.0203,0.0309,24.029,0.8725,1163.958,0.5319,0.2722,0.3472,2.0482,Chemicals,-0.0828739149589797,-0.0795207321595963,-0.2213490750488795,-0.3895804651836823,0.0016302774093573,0.0595110484228163,-0.0024135064935064,0.000386909404239,-0.0038361038961038,0.0017705613332216,-0.0035,0.0005745470565493,-0.0042485714285714,0.0014587104991638,31.013389740259736,0.0058538652234259,-0.0411433766233766,0.166691456404396,1.0,0.0,9.0
2024-03-31,SCL,84.31966775561136,0.9371,1214.522,0.2000069968657222,1.3832,0.8789,0.6054,2506.2558,0.0292,4.0153,0.1275,6.2395,0.1686,0.2151,0.3294,0.2796,0.4283,0.0252,0.0366,0.6308,1.6353,52.2644,28.1877,0.0353,0.8923,1.7063,0.9743,4.8551,0.016,0.0313,0.0203,0.0309,24.029,0.8725,1163.958,0.5319,0.2722,0.3472,2.0482,Chemicals,-0.0828739149589797,-0.0795207321595963,-0.2213490750488795,-0.3895804651836823,0.0016302774093573,0.0595110484228163,-0.0024135064935064,0.000386909404239,-0.0038361038961038,0.0017705613332216,-0.0035,0.0005745470565493,-0.0042485714285714,0.0014587104991638,31.013389740259736,0.0058538652234259,-0.0411433766233766,0.166691456404396,1.0,0.0,9.0
2024-03-31,SHYF,11.90565629989382,1.5981,246.825,0.0873534879428322,1.7693,-0.0562,-0.136,490.1282,0.02,0.7105,0.1721,6.6124,0.1283,0.1967,0.2638,0.2143,0.2873,-0.0236,-0.0098,0.2488,1.6984,17.8613,10.6796,-0.0196,0.5071,2.0709,1.1237,5.3019,0.0002,0.0004,0.0003,0.0034,5.7662,0.8279,202.426,0.341,0.1658,0.2543,1.9462,Machinery,-0.0004904857443821,-0.0007310609522068,-0.0007124214795076,-0.0086699391436963,0.067598660844964,-0.0512763275498426,0.0023123376623376,0.2634895387983752,0.0049772727272727,0.2076136808688411,0.0037390909090909,0.2616114119277747,-0.0042354545454545,0.1398563278835257,9.038130779220776,0.5201560545444113,-0.0142694805194805,0.1863918679854831,1.1612903225806452,0.582910753234626,31.0
2024-03-31,SHYF,11.90565629989382,1.5981,246.825,0.0873534879428322,1.7693,-0.0562,-0.136,490.1282,0.02,0.7105,0.1721,6.6124,0.1283,0.1967,0.2638,0.2143,0.2873,-0.0236,-0.0098,0.2488,1.6984,17.8613,10.6796,-0.0196,0.5071,2.0709,1.1237,5.3019,0.0002,0.0004,0.0003,0.0034,5.7662,0.8279,202.426,0.341,0.1658,0.2543,1.9462,Machinery,-0.0004904857443821,-0.0007310609522068,-0.0007124214795076,-0.0086699391436963,0.067598660844964,-0.0512763275498426,0.0023123376623376,0.2634895387983752,0.0049772727272727,0.2076136808688411,0.0037390909090909,0.2616114119277747,-0.0042354545454545,0.1398563278835257,9.038130779220776,0.5201560545444113,-0.0142694805194805,0.1863918679854831,1.1612903225806452,0.582910753234626,31.0
2024-03-31,SLGN,45.98531850179037,0.7618,1899.846,0.1347906093837151,1.038,1.0436,0.5153,8755.108,0.089,3.1133,0.1697,4.8788,0.33,0.4324,1.3155,0.6179,1.88,0.0419,0.0848,0.257,2.7283,16.7696,4.8079,0.0555,0.8805,4.1247,0.548,6.2558,0.04,0.1661,0.0535,0.0996,12.3025,0.8303,1168.335,2.0425,0.5123,0.6713,1.3348,Packaging,1.01010101010101,0.9734560816585676,0.98112630855047,0.9615446500402254,0.720321443625045,0.6825152872698735,-5.233766233766234e-05,0.7734752520996071,-0.0031240259740259,0.0098471081486089,-0.0001807792207792,0.5038485943539639,-0.0003063636363636,0.2121053522787992,171.45118493506496,3.622598229469768e-07,0.0258124675324675,0.0394650963372737,1.3571428571428572,0.4972451580988468,14.0
2024-03-31,SLGN,45.98531850179037,0.7618,1899.846,0.1347906093837151,1.038,1.0436,0.5153,8755.108,0.089,3.1133,0.1697,4.8788,0.33,0.4324,1.3155,0.6179,1.88,0.0419,0.0848,0.257,2.7283,16.7696,4.8079,0.0555,0.8805,4.1247,0.548,6.2558,0.04,0.1661,0.0535,0.0996,12.3025,0.8303,1168.335,2.0425,0.5123,0.6713,1.3348,Packaging,1.01010101010101,0.9734560816585676,0.98112630855047,0.9615446500402254,0.720321443625045,0.6825152872698735,-5.233766233766234e-05,0.7734752520996071,-0.0031240259740259,0.0098471081486089,-0.0001807792207792,0.5038485943539639,-0.0003063636363636,0.2121053522787992,171.45118493506496,3.622598229469768e-07,0.0258124675324675,0.0394650963372737,1.3571428571428572,0.4972451580988468,14.0
2024-03-31,SLNG,4.078730178257776,0.8136,63.189,0.8276068717538952,1.5466,0.0848,0.0791,78.6882,0.1546,0.1698,0.3164,465.43,0.0923,0.103,0.1178,0.0113,0.0129,0.0743,0.0797,0.0658,1.2324,152.3898,14.2988,0.0785,1.179,1.2658,1.4307,8.6226,0.0063,0.0084,0.0072,0.0156,1.064,0.6836,11.87,0.1441,0.1129,0.1259,4.6195,Energy,-0.0001723534539484,0.0587253386223506,0.0982282376132894,0.1621124239497164,0.0011292319199307,0.0630581962039177,0.0031854545454545,0.0884339730577192,0.0039631168831168,0.1115951731368097,0.0034687012987012,0.1108503025161361,0.0074146753246753,4.686218945360663e-06,2.665760909090909,0.0821778542357903,0.0147022077922077,0.0078436478826083,1.0,0.0,8.0
2024-03-31,SLNG,4.078730178257776,0.8136,63.189,0.8276068717538952,1.5466,0.0848,0.0791,78.6882,0.1546,0.1698,0.3164,465.43,0.0923,0.103,0.1178,0.0113,0.0129,0.0743,0.0797,0.0658,1.2324,152.3898,14.2988,0.0785,1.179,1.2658,1.4307,8.6226,0.0063,0.0084,0.0072,0.0156,1.064,0.6836,11.87,0.1441,0.1129,0.1259,4.6195,Energy,-0.0001723534539484,0.0587253386223506,0.0982282376132894,0.1621124239497164,0.0011292319199307,0.0630581962039177,0.0031854545454545,0.0884339730577192,0.0039631168831168,0.1115951731368097,0.0034687012987012,0.1108503025161361,0.0074146753246753,4.686218945360663e-06,2.665760909090909,0.0821778542357903,0.0147022077922077,0.0078436478826083,1.0,0.0,8.0
2024-03-31,STRA,108.97593386211092,0.5466,1642.583,0.848668248491726,1.4918,1.7189,1.2345,2395.5106,0.2358,4.9463,0.4566,29.1429,0.0284,0.036,0.0373,-0.0944,-0.0979,0.1023,0.1425,0.5783,1.5563,25.1782,20.3342,0.1487,2.1914,1.8342,1.3901,15.054,0.0476,0.0626,0.06,0.0815,12.0636,0.5434,1393.728,0.0373,0.0284,0.036,4.2041,Diversified Consumer Services,-0.2402902666035652,-0.1236085400468962,-0.1150031146676889,-0.2021376365087853,1.2064875799888433,303.49759229534845,-0.0002758441558441,0.6937335790970509,-0.0001335064935064,0.8746760594454233,-0.0002670129870129,0.7546464626133719,-0.0002216883116883,0.8308936516875811,-58.53866792207792,0.0052506770830682,-0.0088655844155844,0.7140773201204622,1.1428571428571428,0.3563483225498992,28.0
2024-03-31,STRA,108.97593386211092,0.5466,1642.583,0.848668248491726,1.4918,1.7189,1.2345,2395.5106,0.2358,4.9463,0.4566,29.1429,0.0284,0.036,0.0373,-0.0944,-0.0979,0.1023,0.1425,0.5783,1.5563,25.1782,20.3342,0.1487,2.1914,1.8342,1.3901,15.054,0.0476,0.0626,0.06,0.0815,12.0636,0.5434,1393.728,0.0373,0.0284,0.036,4.2041,Diversified Consumer Services,-0.2402902666035652,-0.1236085400468962,-0.1150031146676889,-0.2021376365087853,1.2064875799888433,303.49759229534845,-0.0002758441558441,0.6937335790970509,-0.0001335064935064,0.8746760594454233,-0.0002670129870129,0.7546464626133719,-0.0002216883116883,0.8308936516875811,-58.53866792207792,0.0052506770830682,-0.0088655844155844,0.7140773201204622,1.1428571428571428,0.3563483225498992,28.0
2024-03-31,TNK,63.26974638681563,0.7198,1665.267,3.728611189544593,6.5774,4.0186,4.1782,1705.1625,0.3815,16.9031,0.4871,11.6087,0.0218,0.024,0.0415,-0.222,-0.222,0.4279,0.4115,0.1392,1.246,4.2425,3.5893,0.4151,1.5862,1.2474,5.9064,6.3218,0.2691,0.3282,0.3031,0.3057,9.7648,0.5129,1663.423,0.0,0.0,0.0,10.2368,Energy,-0.0073619546757969,2.294482873316128,4.135135947303892,3.1767800000915583,0.0244703008032823,2.988274378125755,0.0132515584415584,0.0118333868557224,0.0175390909090909,0.0386061471946445,0.0150174025974025,0.0103114029073605,0.0137980519480519,0.0147246353482798,10.612801818181817,0.2798051222193359,0.1731948051948051,0.0388710643450328,1.5,0.7071067811865476,2.0
2024-03-31,TRIB,1.9404761866917688,0.795,0.81,0.2531334911035147,2.0177,-0.0199,-0.0217,98.3178,0.1444,-0.4972,0.3755,1.689,0.813,1.1695,0.0,1.2721,68.7457,-0.2256,-0.2068,1.1534,55.7379,22.0422,4.1497,-0.221,0.3255,8.7804,1.0252,3.6688,-0.3018,1.6309,0.0157,0.0327,0.0962,0.6245,16.428,102.6654,0.9483,1.3641,0.798,Health Care,3.1205508838167137,-2.4482466030551566,-0.0323495209165152,-0.0694763219158033,0.0110030197468508,-0.0868342672979603,-0.0117541558441558,0.0064012689176669,-0.0731512987012987,0.0579761881993673,-0.0163333766233766,0.000159830894315,-0.0134354545454545,0.0004421738151406,-1.3311935064935063,0.0700509153513743,-0.0050918181818181,0.3914786575846305,1.0,0.0,5.0
2024-03-31,TRIB,1.9404761866917688,0.795,0.81,0.2531334911035147,2.0177,-0.0199,-0.0217,98.3178,0.1444,-0.4972,0.3755,1.689,0.813,1.1695,0.0,1.2721,68.7457,-0.2256,-0.2068,1.1534,55.7379,22.0422,4.1497,-0.221,0.3255,8.7804,1.0252,3.6688,-0.3018,1.6309,0.0157,0.0327,0.0962,0.6245,16.428,102.6654,0.9483,1.3641,0.798,Health Care,3.1205508838167137,-2.4482466030551566,-0.0323495209165152,-0.0694763219158033,0.0110030197468508,-0.0868342672979603,-0.0117541558441558,0.0064012689176669,-0.0731512987012987,0.0579761881993673,-0.0163333766233766,0.000159830894315,-0.0134354545454545,0.0004421738151406,-1.3311935064935063,0.0700509153513743,-0.0050918181818181,0.3914786575846305,1.0,0.0,5.0
2024-03-31,VAC,92.5675804501488,0.494,2379.0,0.2911547911547911,1.57,2.891,1.1137,8822.3423,0.0477,3.9529,0.5029,3.6333,0.5161,0.6641,2.1404,0.6588,2.1236,0.0393,0.1021,0.5,1.5848,17.6184,15.0003,0.0678,0.7933,2.4483,0.7875,17.8015,0.0222,0.0888,0.0284,0.0636,28.3175,0.4971,1540.0,2.2232,0.536,0.6897,1.3177,"Hotels, Restaurants & Leisure",-0.8340458608628063,-2.408543820986608,1.116900993019369,0.7957957957957958,0.0291174222804267,1.9765847336938829,0.0020871428571428,0.0056613503513688,0.0081583116883116,0.0017685934010653,0.0026787012987012,0.0053489939768522,0.0036455844155844,0.0017800949952642,56.6682016883117,0.2453882349200742,0.1613607792207792,0.0087440704929404,1.25,0.7071067811865476,8.0
2024-03-31,VERU,1.1563492029432267,0.2038,45.209,3.6314028852184816,4.7185,-0.0676,-0.0685,86.2377,0.114,-0.2724,0.164,1.4241,0.1222,0.1597,0.1941,-0.4553,-0.5532,-2.4247,-2.3915,0.8809,2.4608,103.0358,33.2553,-2.3807,8.2536,5.6113,3.9225,3.8561,-0.6301,-1.209,-0.9366,-0.9529,0.0282,0.836,16.674,0.2151,0.1355,0.177,2.7002,Consumer products,0.2956606130522085,-5.808345343973002,5.050119017872407,5.490328065823959,0.0105197757035234,-0.0833910296047407,-0.0464494805194805,0.0015187032437663,-0.1084902597402597,0.0015349631695452,-0.0830438961038961,0.000976423506814,-0.09469,0.0002826158188907,0.1427812987013003,0.9882006633025228,-0.0138442857142857,0.0307916609314458,1.0,0.0,9.0
2024-03-31,VERU,1.1563492029432267,0.2038,45.209,3.6314028852184816,4.7185,-0.0676,-0.0685,86.2377,0.114,-0.2724,0.164,1.4241,0.1222,0.1597,0.1941,-0.4553,-0.5532,-2.4247,-2.3915,0.8809,2.4608,103.0358,33.2553,-2.3807,8.2536,5.6113,3.9225,3.8561,-0.6301,-1.209,-0.9366,-0.9529,0.0282,0.836,16.674,0.2151,0.1355,0.177,2.7002,Consumer products,0.2956606130522085,-5.808345343973002,5.050119017872407,5.490328065823959,0.0105197757035234,-0.0833910296047407,-0.0464494805194805,0.0015187032437663,-0.1084902597402597,0.0015349631695452,-0.0830438961038961,0.000976423506814,-0.09469,0.0002826158188907,0.1427812987013003,0.9882006633025228,-0.0138442857142857,0.0307916609314458,1.0,0.0,9.0
2024-03-31,VHI,16.94597159491645,0.7428,928.2,0.8852544132917965,3.4489,0.6211,0.2737,642.1863,0.1287,1.5474,0.1626,2.9309,0.1998,0.355,0.5507,0.1187,0.1841,0.0147,0.0334,0.3932,0.5077,785.4772,4.3892,0.0339,0.2405,2.2745,2.1402,6.1497,0.0002,0.0006,0.0004,-0.0007,18.6175,0.8374,234.1,0.5515,0.2001,0.3555,1.5692,Chemicals,-0.0010359239369872,-0.0015243590829315,-0.0043615581290419,0.0088254474313455,0.0004177314292853,0.0420551964676427,-0.0016703896103896,0.0376170429521251,-0.0080487012987013,0.0101865617599768,-0.0031025974025974,0.0475007272716848,-0.0037490909090909,0.1511936240786171,-17.77609883116883,0.0146024229546403,-0.06157,0.1479256189248767,0.9166666666666666,0.2886751345948128,12.0
2024-03-31,VHI,16.94597159491645,0.7428,928.2,0.8852544132917965,3.4489,0.6211,0.2737,642.1863,0.1287,1.5474,0.1626,2.9309,0.1998,0.355,0.5507,0.1187,0.1841,0.0147,0.0334,0.3932,0.5077,785.4772,4.3892,0.0339,0.2405,2.2745,2.1402,6.1497,0.0002,0.0006,0.0004,-0.0007,18.6175,0.8374,234.1,0.5515,0.2001,0.3555,1.5692,Chemicals,-0.0010359239369872,-0.0015243590829315,-0.0043615581290419,0.0088254474313455,0.0004177314292853,0.0420551964676427,-0.0016703896103896,0.0376170429521251,-0.0080487012987013,0.0101865617599768,-0.0031025974025974,0.0475007272716848,-0.0037490909090909,0.1511936240786171,-17.77609883116883,0.0146024229546403,-0.06157,0.1479256189248767,0.9166666666666666,0.2886751345948128,12.0
2024-03-31,WLFC,57.21965069240994,0.1702,511.773,0.0586881029929238,1.1909,4.489,3.134,2038.5747,0.0509,9.1834,0.9305,0.3106,0.6489,0.7723,3.3913,0.7689,3.3764,0.1752,0.251,0.0558,0.607,5.158,54.6065,0.251,0.6933,0.6193,0.5352,8.1185,0.0229,0.1236,0.0265,0.0396,17.883,0.0695,501.559,3.3913,0.6489,0.7723,1.2366,Trading Companies & Distributors,0.3006893533209322,0.8016141817395691,0.2529631691989499,0.2572913658677447,0.1436936750039691,2.009045453528299,-0.001030909090909,0.0428866601135251,-0.0054453246753246,0.0479431811187059,-0.0012106493506493,0.0392576296452632,-0.0014436363636363,0.0572453840145249,32.4344364935065,1.5836723677775055e-06,-0.0045357142857143,0.9560659702405754,1.4,0.5163977794943222,10.0
2024-03-31,WLFC,57.21965069240994,0.1702,511.773,0.0586881029929238,1.1909,4.489,3.134,2038.5747,0.0509,9.1834,0.9305,0.3106,0.6489,0.7723,3.3913,0.7689,3.3764,0.1752,0.251,0.0558,0.607,5.158,54.6065,0.251,0.6933,0.6193,0.5352,8.1185,0.0229,0.1236,0.0265,0.0396,17.883,0.0695,501.559,3.3913,0.6489,0.7723,1.2366,Trading Companies & Distributors,0.3006893533209322,0.8016141817395691,0.2529631691989499,0.2572913658677447,0.1436936750039691,2.009045453528299,-0.001030909090909,0.0428866601135251,-0.0054453246753246,0.0479431811187059,-0.0012106493506493,0.0392576296452632,-0.0014436363636363,0.0572453840145249,32.4344364935065,1.5836723677775055e-06,-0.0045357142857143,0.9560659702405754,1.4,0.5163977794943222,10.0
2024-03-31,WTTR,9.688076670207677,1.2484,769.99,0.0601423269369526,1.9416,0.0691,0.0358,1163.2712,0.1326,1.6292,0.1437,33.4202,0.0581,0.0887,0.0974,0.0739,0.0811,0.0099,0.0191,0.3994,1.4297,16.7758,4.6668,0.0158,0.717,1.7138,1.5855,3.76,0.0534,0.0861,0.0823,0.0705,3.6158,0.8563,642.341,0.0977,0.0582,0.089,2.477,Energy,-0.0014609007048961,0.6019347208790938,1.1228033271630165,0.7326234543881414,0.0166937732795526,0.0513835065765414,0.009468961038961,0.0379134662690212,0.01433,0.0336998068347534,0.0141664935064935,0.0350687843967481,0.0145102597402597,0.0625244720703511,12.42608454545454,0.3280544619850396,0.03435,0.1438205719233239,1.1071428571428572,0.314970394174356,28.0
2024-03-31,WTTR,9.688076670207677,1.2484,769.99,0.0601423269369526,1.9416,0.0691,0.0358,1163.2712,0.1326,1.6292,0.1437,33.4202,0.0581,0.0887,0.0974,0.0739,0.0811,0.0099,0.0191,0.3994,1.4297,16.7758,4.6668,0.0158,0.717,1.7138,1.5855,3.76,0.0534,0.0861,0.0823,0.0705,3.6158,0.8563,642.341,0.0977,0.0582,0.089,2.477,Energy,-0.0014609007048961,0.6019347208790938,1.1228033271630165,0.7326234543881414,0.0166937732795526,0.0513835065765414,0.009468961038961,0.0379134662690212,0.01433,0.0336998068347534,0.0141664935064935,0.0350687843967481,0.0145102597402597,0.0625244720703511,12.42608454545454,0.3280544619850396,0.03435,0.1438205719233239,1.1071428571428572,0.314970394174356,28.0
2024-03-31,ZWS,31.30074249751984,0.5599,1613.9,0.7459639126305793,3.3072,0.3028,0.1952,6063.6955,0.1343,1.6371,0.4551,2.7145,0.1779,0.2247,0.2936,0.1604,0.2096,0.0918,0.1423,0.4187,3.5476,46.0982,20.2311,0.115,3.7367,8.4608,1.9463,6.8724,0.0454,0.0774,0.0583,0.0939,2.1277,0.5449,676.7,0.307,0.1859,0.2349,2.5366,Building,-0.1305113370943979,-0.0650036428075022,-0.0706503956664525,-0.123250990995721,0.9263454868920472,0.2401011787001392,-0.0009081818181818,0.645741265947768,-0.0062036363636363,0.1975685797465498,-0.0013381818181818,0.6091409680954893,0.0050845454545454,0.0281322091633404,-74.89062,0.5612588852320728,0.0113336363636363,0.483441786295013,1.4,0.5477225575051661,5.0
2024-03-31,ZWS,31.30074249751984,0.5599,1613.9,0.7459639126305793,3.3072,0.3028,0.1952,6063.6955,0.1343,1.6371,0.4551,2.7145,0.1779,0.2247,0.2936,0.1604,0.2096,0.0918,0.1423,0.4187,3.5476,46.0982,20.2311,0.115,3.7367,8.4608,1.9463,6.8724,0.0454,0.0774,0.0583,0.0939,2.1277,0.5449,676.7,0.307,0.1859,0.2349,2.5366,Building,-0.1305113370943979,-0.0650036428075022,-0.0706503956664525,-0.123250990995721,0.9263454868920472,0.2401011787001392,-0.0009081818181818,0.645741265947768,-0.0062036363636363,0.1975685797465498,-0.0013381818181818,0.6091409680954893,0.0050845454545454,0.0281322091633404,-74.89062,0.5612588852320728,0.0113336363636363,0.483441786295013,1.4,0.5477225575051661,5.0
2024-06-30,ACA,87.22104346752167,0.6703,2415.0,0.2414997671169073,2.3076,1.3799,0.9363,4526.3264,0.0436,0.334,0.2076,5.19,0.1828,0.223,0.2882,0.1931,0.2496,0.0686,0.1011,0.0672,1.6246,26.6182,39.0489,0.08,1.6098,1.8667,1.3624,5.8777,0.0405,0.0625,0.0498,0.0716,13.6489,0.7924,2101.9,0.2925,0.1855,0.2263,2.7338,Construction,1.0,0.8384296705464589,1.1321208879379512,1.0563221383320316,0.5111034691871404,1.0727011460406828,0.0006732467532467,0.3548517630763598,0.0018984415584415,0.0907508912428871,0.0009472727272727,0.2875047691088082,0.0015088311688311,0.1877837289882163,132.8239209090909,4.4199942133814096e-10,0.0408476623376623,0.1636021979201699,1.3255813953488371,0.4741373235154427,43.0
2024-06-30,ACA,87.22104346752167,0.6703,2415.0,0.2414997671169073,2.3076,1.3799,0.9363,4526.3264,0.0436,0.334,0.2076,5.19,0.1828,0.223,0.2882,0.1931,0.2496,0.0686,0.1011,0.0672,1.6246,26.6182,39.0489,0.08,1.6098,1.8667,1.3624,5.8777,0.0405,0.0625,0.0498,0.0716,13.6489,0.7924,2101.9,0.2925,0.1855,0.2263,2.7338,Construction,1.0,0.8384296705464589,1.1321208879379512,1.0563221383320316,0.5111034691871404,1.0727011460406828,0.0006732467532467,0.3548517630763598,0.0018984415584415,0.0907508912428871,0.0009472727272727,0.2875047691088082,0.0015088311688311,0.1877837289882163,132.8239209090909,4.4199942133814096e-10,0.0408476623376623,0.1636021979201699,1.3255813953488371,0.4741373235154427,43.0
2024-06-30,ACU,40.09133118391037,1.2074,103.957,0.1354267138213124,3.7919,1.5594,1.089,160.4536,0.0795,2.2412,0.4082,2.0748,0.2103,0.259,0.351,0.2352,0.3187,0.0803,0.115,0.1082,1.2248,6.5472,6.3471,0.1058,0.6607,1.5817,1.567,4.8255,0.1218,0.2011,0.1481,0.2075,13.558,0.5918,80.498,0.3552,0.2128,0.2621,2.494,Commercial Services & Supplies,-0.4077816173041742,-0.4297926907458859,-0.7080979617856952,-1.1343848708188224,0.0264975119351749,-13.174317093776398,0.0013563636363636,0.2579204600144416,0.0013101298701298,0.528945563126169,0.0017284415584415,0.2341330712330434,0.0027583116883116,0.1053526232567654,2.9125933766233767,0.0034425021315954,0.0396466233766233,0.1720544933495166,1.1538461538461535,0.3679464844031199,26.0
2024-06-30,ACU,40.09133118391037,1.2074,103.957,0.1354267138213124,3.7919,1.5594,1.089,160.4536,0.0795,2.2412,0.4082,2.0748,0.2103,0.259,0.351,0.2352,0.3187,0.0803,0.115,0.1082,1.2248,6.5472,6.3471,0.1058,0.6607,1.5817,1.567,4.8255,0.1218,0.2011,0.1481,0.2075,13.558,0.5918,80.498,0.3552,0.2128,0.2621,2.494,Commercial Services & Supplies,-0.4077816173041742,-0.4297926907458859,-0.7080979617856952,-1.1343848708188224,0.0264975119351749,-13.174317093776398,0.0013563636363636,0.2579204600144416,0.0013101298701298,0.528945563126169,0.0017284415584415,0.2341330712330434,0.0027583116883116,0.1053526232567654,2.9125933766233767,0.0034425021315954,0.0396466233766233,0.1720544933495166,1.1538461538461535,0.3679464844031199,26.0
2024-06-30,ACU,40.09133118391037,1.2074,103.957,0.1354267138213124,3.7919,1.5594,1.089,160.4536,0.0795,2.2412,0.4082,2.0748,0.2103,0.259,0.351,0.2352,0.3187,0.0803,0.115,0.1082,1.2248,6.5472,6.3471,0.1058,0.6607,1.5817,1.567,4.8255,0.1218,0.2011,0.1481,0.2075,13.558,0.5918,80.498,0.3552,0.2128,0.2621,2.494,Commercial Services & Supplies,-0.4077816173041742,-0.4297926907458859,-0.7080979617856952,-1.1343848708188224,0.0264975119351749,-13.174317093776398,0.0013563636363636,0.2579204600144416,0.0013101298701298,0.528945563126169,0.0017284415584415,0.2341330712330434,0.0027583116883116,0.1053526232567654,2.9125933766233767,0.0034425021315954,0.0396466233766233,0.1720544933495166,1.1538461538461535,0.3679464844031199,26.0
2024-06-30,AGRO,10.306284457445145,0.4067,1362.497,0.167077690629127,2.4235,0.6375,0.093,2139.7027,0.4556,2.4482,0.1779,1.7348,0.2156,0.2674,0.4982,0.4355,0.8115,0.0234,0.1605,0.2716,0.7589,4.8014,3.6732,-0.1169,0.7885,0.7686,0.9516,12.0348,0.0668,0.1647,0.0832,0.0818,3.972,0.8221,1345.368,0.8633,0.3736,0.4633,1.7629,Food Products,-0.7160093445101003,-0.9201512742275132,-0.5434948285247687,-0.7014666109633018,0.0309007378277342,-0.0527913208047154,0.0042080519480519,2.8730741547389416e-05,0.0109575324675324,3.412452288046423e-05,0.0051968831168831,2.0814316419234175e-05,0.0020531168831168,0.0324309564238805,32.76661285714285,0.0005616543032715,0.0125820779220779,0.0340726923885997,1.34,0.5928141120356123,50.0
2024-06-30,AGRO,10.306284457445145,0.4067,1362.497,0.167077690629127,2.4235,0.6375,0.093,2139.7027,0.4556,2.4482,0.1779,1.7348,0.2156,0.2674,0.4982,0.4355,0.8115,0.0234,0.1605,0.2716,0.7589,4.8014,3.6732,-0.1169,0.7885,0.7686,0.9516,12.0348,0.0668,0.1647,0.0832,0.0818,3.972,0.8221,1345.368,0.8633,0.3736,0.4633,1.7629,Food Products,-0.7160093445101003,-0.9201512742275132,-0.5434948285247687,-0.7014666109633018,0.0309007378277342,-0.0527913208047154,0.0042080519480519,2.8730741547389416e-05,0.0109575324675324,3.412452288046423e-05,0.0051968831168831,2.0814316419234175e-05,0.0020531168831168,0.0324309564238805,32.76661285714285,0.0005616543032715,0.0125820779220779,0.0340726923885997,1.34,0.5928141120356123,50.0
2024-06-30,AGRO,10.306284457445145,0.4067,1362.497,0.167077690629127,2.4235,0.6375,0.093,2139.7027,0.4556,2.4482,0.1779,1.7348,0.2156,0.2674,0.4982,0.4355,0.8115,0.0234,0.1605,0.2716,0.7589,4.8014,3.6732,-0.1169,0.7885,0.7686,0.9516,12.0348,0.0668,0.1647,0.0832,0.0818,3.972,0.8221,1345.368,0.8633,0.3736,0.4633,1.7629,Food Products,-0.7160093445101003,-0.9201512742275132,-0.5434948285247687,-0.7014666109633018,0.0309007378277342,-0.0527913208047154,0.0042080519480519,2.8730741547389416e-05,0.0109575324675324,3.412452288046423e-05,0.0051968831168831,2.0814316419234175e-05,0.0020531168831168,0.0324309564238805,32.76661285714285,0.0005616543032715,0.0125820779220779,0.0340726923885997,1.34,0.5928141120356123,50.0
2024-06-30,AHH,11.273418962955477,0.2864,562.734,0.0900751439445691,0.7563,0.2765,0.0473,2463.7474,0.0533,0.6383,0.2775,6.5465,0.5409,0.6701,2.4701,0.7189,2.6499,0.0172,0.1004,1.8289,1.7283,51.4296,17.703,0.011,1.3228,2.1082,0.7563,17.1848,0.0035,0.0153,0.0043,0.0344,2.7529,0.7225,461.316,2.686,0.5881,0.7287,1.2804,Real Estate,-0.1438688897983878,-0.3328445747800586,-0.1244993750159434,-2.635614958822735,0.2205464495630988,0.5288119178511408,1.7662337662337643e-05,0.9539391856346188,-0.00073,0.4808642898954139,-2.272727272727284e-05,0.953217230187365,0.0003183116883116,0.1043233238511641,25.135408961038973,0.0047237806896617,0.0047401298701298,0.074828597145062,1.181818181818182,0.4646601886422926,33.0
2024-06-30,AHH,11.273418962955477,0.2864,562.734,0.0900751439445691,0.7563,0.2765,0.0473,2463.7474,0.0533,0.6383,0.2775,6.5465,0.5409,0.6701,2.4701,0.7189,2.6499,0.0172,0.1004,1.8289,1.7283,51.4296,17.703,0.011,1.3228,2.1082,0.7563,17.1848,0.0035,0.0153,0.0043,0.0344,2.7529,0.7225,461.316,2.686,0.5881,0.7287,1.2804,Real Estate,-0.1438688897983878,-0.3328445747800586,-0.1244993750159434,-2.635614958822735,0.2205464495630988,0.5288119178511408,1.7662337662337643e-05,0.9539391856346188,-0.00073,0.4808642898954139,-2.272727272727284e-05,0.953217230187365,0.0003183116883116,0.1043233238511641,25.135408961038973,0.0047237806896617,0.0047401298701298,0.074828597145062,1.181818181818182,0.4646601886422926,33.0
2024-06-30,AHH,11.273418962955477,0.2864,562.734,0.0900751439445691,0.7563,0.2765,0.0473,2463.7474,0.0533,0.6383,0.2775,6.5465,0.5409,0.6701,2.4701,0.7189,2.6499,0.0172,0.1004,1.8289,1.7283,51.4296,17.703,0.011,1.3228,2.1082,0.7563,17.1848,0.0035,0.0153,0.0043,0.0344,2.7529,0.7225,461.316,2.686,0.5881,0.7287,1.2804,Real Estate,-0.1438688897983878,-0.3328445747800586,-0.1244993750159434,-2.635614958822735,0.2205464495630988,0.5288119178511408,1.7662337662337643e-05,0.9539391856346188,-0.00073,0.4808642898954139,-2.272727272727284e-05,0.953217230187365,0.0003183116883116,0.1043233238511641,25.135408961038973,0.0047237806896617,0.0047401298701298,0.074828597145062,1.181818181818182,0.4646601886422926,33.0
2024-06-30,ARKO,6.268868766725063,2.5365,373.101,0.4743287848507682,1.5762,0.3675,0.1203,1548.6725,0.0243,0.6085,0.1436,31.5828,0.2356,0.5868,2.3363,0.5929,2.3608,0.0059,0.018,0.4061,1.79,18.5785,7.6834,0.009,0.0717,3.732,1.0619,63.9655,0.0098,0.096,0.0246,0.0735,20.4326,0.8564,178.95,2.9817,0.3007,0.7489,1.1122,Retail,-0.0584676653214467,-0.2821185193709875,-0.1419160154752924,-0.6256994880342898,0.0256769181309844,0.4568622575832919,-0.0001290109890109,0.8181484489398217,-0.0006760439560439,0.8788079137925844,-5.274725274724853e-06,0.9965904602951448,-0.0022312087912087,0.0592065051004345,-20.065370989010994,0.0012345843507001,-0.0040252747252747,0.7017923442368483,1.105263157894737,0.3110117477759048,38.0
2024-06-30,ARKO,6.268868766725063,2.5365,373.101,0.4743287848507682,1.5762,0.3675,0.1203,1548.6725,0.0243,0.6085,0.1436,31.5828,0.2356,0.5868,2.3363,0.5929,2.3608,0.0059,0.018,0.4061,1.79,18.5785,7.6834,0.009,0.0717,3.732,1.0619,63.9655,0.0098,0.096,0.0246,0.0735,20.4326,0.8564,178.95,2.9817,0.3007,0.7489,1.1122,Retail,-0.0584676653214467,-0.2821185193709875,-0.1419160154752924,-0.6256994880342898,0.0256769181309844,0.4568622575832919,-0.0001290109890109,0.8181484489398217,-0.0006760439560439,0.8788079137925844,-5.274725274724853e-06,0.9965904602951448,-0.0022312087912087,0.0592065051004345,-20.065370989010994,0.0012345843507001,-0.0040252747252747,0.7017923442368483,1.105263157894737,0.3110117477759048,38.0
2024-06-30,ARKO,6.268868766725063,2.5365,373.101,0.4743287848507682,1.5762,0.3675,0.1203,1548.6725,0.0243,0.6085,0.1436,31.5828,0.2356,0.5868,2.3363,0.5929,2.3608,0.0059,0.018,0.4061,1.79,18.5785,7.6834,0.009,0.0717,3.732,1.0619,63.9655,0.0098,0.096,0.0246,0.0735,20.4326,0.8564,178.95,2.9817,0.3007,0.7489,1.1122,Retail,-0.0584676653214467,-0.2821185193709875,-0.1419160154752924,-0.6256994880342898,0.0256769181309844,0.4568622575832919,-0.0001290109890109,0.8181484489398217,-0.0006760439560439,0.8788079137925844,-5.274725274724853e-06,0.9965904602951448,-0.0022312087912087,0.0592065051004345,-20.065370989010994,0.0012345843507001,-0.0040252747252747,0.7017923442368483,1.105263157894737,0.3110117477759048,38.0
2024-06-30,ATGE,73.74671876430511,0.5788,1369.135,0.4497136306871429,0.8573,1.7749,1.2801,2959.193,0.3415,6.5519,0.5547,4874.0,0.2366,0.3215,0.4738,0.2128,0.3136,0.1206,0.1672,0.2829,1.8477,18.4957,7.8552,0.1358,1.5964,4.2701,0.7137,13.8047,0.05,0.1006,0.0673,0.1068,10.6177,0.4453,592.441,0.4738,0.2366,0.3215,1.9977,Diversified Consumer Services,-0.2524057422306357,-0.1986424780945329,-0.128995160285591,-0.2648871114004696,1.490383553840223,313.3852327447867,0.0021384415584415,0.2614383440752364,0.0051866233766233,0.1967254558931916,0.0028375324675324,0.2630213402524891,-0.0005540259740259,0.575092721688736,27.738953246753265,0.1510096505759094,0.040151948051948,0.0195117284936986,1.5121951219512195,0.5532608435228448,41.0
2024-06-30,ATGE,73.74671876430511,0.5788,1369.135,0.4497136306871429,0.8573,1.7749,1.2801,2959.193,0.3415,6.5519,0.5547,4874.0,0.2366,0.3215,0.4738,0.2128,0.3136,0.1206,0.1672,0.2829,1.8477,18.4957,7.8552,0.1358,1.5964,4.2701,0.7137,13.8047,0.05,0.1006,0.0673,0.1068,10.6177,0.4453,592.441,0.4738,0.2366,0.3215,1.9977,Diversified Consumer Services,-0.2524057422306357,-0.1986424780945329,-0.128995160285591,-0.2648871114004696,1.490383553840223,313.3852327447867,0.0021384415584415,0.2614383440752364,0.0051866233766233,0.1967254558931916,0.0028375324675324,0.2630213402524891,-0.0005540259740259,0.575092721688736,27.738953246753265,0.1510096505759094,0.040151948051948,0.0195117284936986,1.5121951219512195,0.5532608435228448,41.0
2024-06-30,AUDC,10.313449993729591,0.7368,188.116,0.2694017314898566,1.8635,0.1606,0.1228,286.3348,0.1364,0.1186,0.6546,2.0086,0.0018,0.0031,0.0031,-0.1656,-0.1656,0.0626,0.0819,0.7187,1.6329,22.3212,22.8372,0.0884,1.2511,5.5257,1.3739,4.8328,0.0413,0.0745,0.0745,0.1149,1.962,0.3454,203.1,0.0,0.0,0.0,2.3281,Communications,-0.1465526418508924,-0.1535860803595357,-0.1965815912554175,-0.2878923598278659,0.0088687771884414,-0.0036206056195586,-0.0005922077922077,0.5875454265273387,-0.0023606493506493,0.1978841487981644,-0.0020380519480519,0.2609101567881479,0.0020916883116883,0.5720721747887718,-21.47528766233766,0.015923722735075,0.0050950649350649,0.5947405354773296,1.2820512820512822,0.5103516820842346,39.0
2024-06-30,AUDC,10.313449993729591,0.7368,188.116,0.2694017314898566,1.8635,0.1606,0.1228,286.3348,0.1364,0.1186,0.6546,2.0086,0.0018,0.0031,0.0031,-0.1656,-0.1656,0.0626,0.0819,0.7187,1.6329,22.3212,22.8372,0.0884,1.2511,5.5257,1.3739,4.8328,0.0413,0.0745,0.0745,0.1149,1.962,0.3454,203.1,0.0,0.0,0.0,2.3281,Communications,-0.1465526418508924,-0.1535860803595357,-0.1965815912554175,-0.2878923598278659,0.0088687771884414,-0.0036206056195586,-0.0005922077922077,0.5875454265273387,-0.0023606493506493,0.1978841487981644,-0.0020380519480519,0.2609101567881479,0.0020916883116883,0.5720721747887718,-21.47528766233766,0.015923722735075,0.0050950649350649,0.5947405354773296,1.2820512820512822,0.5103516820842346,39.0
2024-06-30,AUDC,10.313449993729591,0.7368,188.116,0.2694017314898566,1.8635,0.1606,0.1228,286.3348,0.1364,0.1186,0.6546,2.0086,0.0018,0.0031,0.0031,-0.1656,-0.1656,0.0626,0.0819,0.7187,1.6329,22.3212,22.8372,0.0884,1.2511,5.5257,1.3739,4.8328,0.0413,0.0745,0.0745,0.1149,1.962,0.3454,203.1,0.0,0.0,0.0,2.3281,Communications,-0.1465526418508924,-0.1535860803595357,-0.1965815912554175,-0.2878923598278659,0.0088687771884414,-0.0036206056195586,-0.0005922077922077,0.5875454265273387,-0.0023606493506493,0.1978841487981644,-0.0020380519480519,0.2609101567881479,0.0020916883116883,0.5720721747887718,-21.47528766233766,0.015923722735075,0.0050950649350649,0.5947405354773296,1.2820512820512822,0.5103516820842346,39.0
2024-06-30,AVTR,24.547656267881393,0.533,5435.0,0.1861259046838727,1.5903,0.2548,0.1361,18950.761,0.1382,1.0833,0.3415,5.3685,0.3826,0.4603,0.8936,0.459,0.891,0.0546,0.1021,0.1128,2.5958,39.1681,19.1638,0.0673,2.067,7.6171,1.0471,5.8214,0.0281,0.0682,0.0337,0.0663,2.4946,0.6585,1852.2,0.9411,0.403,0.4848,1.7488,Life Sciences Tools & Services,-0.6443312101910827,-1.5802278432129755,-0.6062665533956324,-1.082350807183022,1.8362541289552168,0.7213986299969329,0.0018118181818181,0.0039131064207441,0.0050176623376623,0.0276896569352152,0.00215,0.0066921747662457,0.0008798701298701,0.2014424379176337,313.48393506493505,0.1028739639399414,0.0045222077922077,0.3674467254624116,1.0,0.0,2.0
2024-06-30,AWI,123.2595386505127,0.7834,669.0,0.368,1.756,2.1591,1.4977,5475.082,0.1024,3.3434,0.4098,7.3235,0.3414,0.4632,0.929,0.4465,0.8955,0.1805,0.2602,0.2012,7.2885,20.1404,33.3059,0.2386,3.6092,21.6134,1.111,11.4201,0.1404,0.3916,0.193,0.277,8.2977,0.5902,225.6,1.0055,0.3696,0.5014,1.5811,Building,-0.403607747313953,-0.3288814796307222,-0.2338855293932306,-0.3635838605518074,0.83642351451584,1.712029243498912,0.0057031168831168,0.0124259168582365,0.0047322077922077,0.6482670405362689,0.0067428571428571,0.0512777290193027,-0.0013528571428571,0.3092296351090307,-11.953636363636344,0.6722861412680049,0.0196348051948051,0.1375991520744575,1.6666666666666667,0.4850712500726659,18.0
2024-06-30,AWI,123.2595386505127,0.7834,669.0,0.368,1.756,2.1591,1.4977,5475.082,0.1024,3.3434,0.4098,7.3235,0.3414,0.4632,0.929,0.4465,0.8955,0.1805,0.2602,0.2012,7.2885,20.1404,33.3059,0.2386,3.6092,21.6134,1.111,11.4201,0.1404,0.3916,0.193,0.277,8.2977,0.5902,225.6,1.0055,0.3696,0.5014,1.5811,Building,-0.403607747313953,-0.3288814796307222,-0.2338855293932306,-0.3635838605518074,0.83642351451584,1.712029243498912,0.0057031168831168,0.0124259168582365,0.0047322077922077,0.6482670405362689,0.0067428571428571,0.0512777290193027,-0.0013528571428571,0.3092296351090307,-11.953636363636344,0.6722861412680049,0.0196348051948051,0.1375991520744575,1.6666666666666667,0.4850712500726659,18.0
2024-06-30,AXL,6.512343734502792,1.1614,609.6,0.4142299418373038,1.6775,0.7324,0.1546,3014.3914,0.0576,1.6071,0.1331,11.7358,0.505,0.8089,4.4206,0.661,3.6124,0.0111,0.0528,0.3141,1.3325,369.2234,3.6198,0.0217,0.1299,6.8955,1.1595,6.7375,0.0004,0.0036,0.0006,0.0633,13.8683,0.8669,117.8,4.4652,0.5101,0.817,1.129,Auto Components,-0.0045413885639578,-0.0174341815620322,-0.0165579528349222,-22.95494505494507,0.0043233789499109,0.1577497368031157,0.0061135064935064,0.0057379167099882,0.0535101298701298,0.0351762601318452,0.0088477922077922,0.0061163182152295,0.0104168831168831,0.002392023701354,-65.76600987012986,1.1042775484703218e-07,0.1015415584415584,0.0430241344640851,1.1967213114754098,0.4404419042714389,61.0
2024-06-30,AXL,6.512343734502792,1.1614,609.6,0.4142299418373038,1.6775,0.7324,0.1546,3014.3914,0.0576,1.6071,0.1331,11.7358,0.505,0.8089,4.4206,0.661,3.6124,0.0111,0.0528,0.3141,1.3325,369.2234,3.6198,0.0217,0.1299,6.8955,1.1595,6.7375,0.0004,0.0036,0.0006,0.0633,13.8683,0.8669,117.8,4.4652,0.5101,0.817,1.129,Auto Components,-0.0045413885639578,-0.0174341815620322,-0.0165579528349222,-22.95494505494507,0.0043233789499109,0.1577497368031157,0.0061135064935064,0.0057379167099882,0.0535101298701298,0.0351762601318452,0.0088477922077922,0.0061163182152295,0.0104168831168831,0.002392023701354,-65.76600987012986,1.1042775484703218e-07,0.1015415584415584,0.0430241344640851,1.1967213114754098,0.4404419042714389,61.0
2024-06-30,AXL,6.512343734502792,1.1614,609.6,0.4142299418373038,1.6775,0.7324,0.1546,3014.3914,0.0576,1.6071,0.1331,11.7358,0.505,0.8089,4.4206,0.661,3.6124,0.0111,0.0528,0.3141,1.3325,369.2234,3.6198,0.0217,0.1299,6.8955,1.1595,6.7375,0.0004,0.0036,0.0006,0.0633,13.8683,0.8669,117.8,4.4652,0.5101,0.817,1.129,Auto Components,-0.0045413885639578,-0.0174341815620322,-0.0165579528349222,-22.95494505494507,0.0043233789499109,0.1577497368031157,0.0061135064935064,0.0057379167099882,0.0535101298701298,0.0351762601318452,0.0088477922077922,0.0061163182152295,0.0104168831168831,0.002392023701354,-65.76600987012986,1.1042775484703218e-07,0.1015415584415584,0.0430241344640851,1.1967213114754098,0.4404419042714389,61.0
2024-06-30,B,39.2973068356514,0.493,1276.498,0.1702507432922876,2.2379,-0.0412,-0.9126,3122.5407,0.0555,0.1767,0.3245,3.4511,0.3785,0.4705,0.9004,0.4505,0.8622,-0.1225,-0.0055,0.6429,1.584,102.6013,28.9705,-0.0578,1.2722,3.2941,1.2415,4.0926,-0.0184,-0.0447,-0.0229,0.0261,7.4505,0.6755,613.832,0.9138,0.3841,0.4775,1.725,Machinery,0.0451246884831611,0.0816960614091199,0.0543815062690806,-0.0665545328383752,0.4306619569204476,-0.0375904750009522,-0.0030638961038961,5.96516380231957e-08,-0.006965974025974,1.6339757096854837e-08,-0.0040083116883116,3.908433263042589e-08,-0.0042336363636363,5.642891349514653e-08,-31.9615444155844,0.0599747735547095,-0.0394493506493506,0.0068503346456771,1.135135135135135,0.4808650863092799,37.0
2024-06-30,B,39.2973068356514,0.493,1276.498,0.1702507432922876,2.2379,-0.0412,-0.9126,3122.5407,0.0555,0.1767,0.3245,3.4511,0.3785,0.4705,0.9004,0.4505,0.8622,-0.1225,-0.0055,0.6429,1.584,102.6013,28.9705,-0.0578,1.2722,3.2941,1.2415,4.0926,-0.0184,-0.0447,-0.0229,0.0261,7.4505,0.6755,613.832,0.9138,0.3841,0.4775,1.725,Machinery,0.0451246884831611,0.0816960614091199,0.0543815062690806,-0.0665545328383752,0.4306619569204476,-0.0375904750009522,-0.0030638961038961,5.96516380231957e-08,-0.006965974025974,1.6339757096854837e-08,-0.0040083116883116,3.908433263042589e-08,-0.0042336363636363,5.642891349514653e-08,-31.9615444155844,0.0599747735547095,-0.0394493506493506,0.0068503346456771,1.135135135135135,0.4808650863092799,37.0
2024-06-30,B,39.2973068356514,0.493,1276.498,0.1702507432922876,2.2379,-0.0412,-0.9126,3122.5407,0.0555,0.1767,0.3245,3.4511,0.3785,0.4705,0.9004,0.4505,0.8622,-0.1225,-0.0055,0.6429,1.584,102.6013,28.9705,-0.0578,1.2722,3.2941,1.2415,4.0926,-0.0184,-0.0447,-0.0229,0.0261,7.4505,0.6755,613.832,0.9138,0.3841,0.4775,1.725,Machinery,0.0451246884831611,0.0816960614091199,0.0543815062690806,-0.0665545328383752,0.4306619569204476,-0.0375904750009522,-0.0030638961038961,5.96516380231957e-08,-0.006965974025974,1.6339757096854837e-08,-0.0040083116883116,3.908433263042589e-08,-0.0042336363636363,5.642891349514653e-08,-31.9615444155844,0.0599747735547095,-0.0394493506493506,0.0068503346456771,1.135135135135135,0.4808650863092799,37.0
2024-06-30,BECN,89.05984342098236,1.4075,1753.6,0.0383863693309947,1.8994,3.3772,1.9906,8405.296,0.0977,1.8708,0.2556,4.7561,0.4021,0.607,1.6823,0.6234,1.7278,0.0476,0.0807,0.059,3.0653,13.8114,8.2847,0.0637,0.5676,4.1099,0.8791,6.4592,0.0578,0.2172,0.0867,0.1505,41.856,0.7444,1307.9,1.7715,0.4234,0.6392,1.3141,Trading Companies & Distributors,0.7589451799978114,1.4086618145132237,0.8276191233792061,0.9778371354317066,0.5924668209294279,1.5114609725230057,0.0054642857142857,5.322025484600605e-06,0.0167215584415584,1.4502360583577571e-06,0.0079693506493506,3.9263169807434054e-06,0.0097912987012987,1.0902467127175704e-08,184.43551805194804,4.186918282832532e-06,0.1458338961038961,0.0047606094255134,1.2333333333333334,0.5683207771559354,30.0
2024-06-30,BECN,89.05984342098236,1.4075,1753.6,0.0383863693309947,1.8994,3.3772,1.9906,8405.296,0.0977,1.8708,0.2556,4.7561,0.4021,0.607,1.6823,0.6234,1.7278,0.0476,0.0807,0.059,3.0653,13.8114,8.2847,0.0637,0.5676,4.1099,0.8791,6.4592,0.0578,0.2172,0.0867,0.1505,41.856,0.7444,1307.9,1.7715,0.4234,0.6392,1.3141,Trading Companies & Distributors,0.7589451799978114,1.4086618145132237,0.8276191233792061,0.9778371354317066,0.5924668209294279,1.5114609725230057,0.0054642857142857,5.322025484600605e-06,0.0167215584415584,1.4502360583577571e-06,0.0079693506493506,3.9263169807434054e-06,0.0097912987012987,1.0902467127175704e-08,184.43551805194804,4.186918282832532e-06,0.1458338961038961,0.0047606094255134,1.2333333333333334,0.5683207771559354,30.0
2024-06-30,BOOM,12.65296870470047,0.7796,415.989,0.1149923427903819,2.533,0.9337,0.3341,353.4987,0.0628,2.3352,0.5186,3.4022,0.0939,0.1632,0.1962,0.1391,0.1672,0.0384,0.1073,0.022,0.6826,13.8238,6.9454,0.0762,0.415,1.2275,1.1532,5.9379,0.0237,0.0507,0.0406,0.1016,8.6993,1.4563,231.331,0.2022,0.0967,0.1682,1.9173,Energy,-0.0006483772791393,0.3544493652563305,0.5538981176527153,1.0558091200827682,0.0050729590420674,0.694309407966958,-0.0052094805194805,0.021847391648086,-0.0082842857142857,0.038750671283805,-0.0068141558441558,0.034081702528323,-0.0078935064935064,0.0749003922712871,-13.062156883116884,0.0569137047244121,0.0162083116883116,0.4211957813508065,1.048780487804878,0.3123475237772121,41.0
2024-06-30,BOOM,12.65296870470047,0.7796,415.989,0.1149923427903819,2.533,0.9337,0.3341,353.4987,0.0628,2.3352,0.5186,3.4022,0.0939,0.1632,0.1962,0.1391,0.1672,0.0384,0.1073,0.022,0.6826,13.8238,6.9454,0.0762,0.415,1.2275,1.1532,5.9379,0.0237,0.0507,0.0406,0.1016,8.6993,1.4563,231.331,0.2022,0.0967,0.1682,1.9173,Energy,-0.0006483772791393,0.3544493652563305,0.5538981176527153,1.0558091200827682,0.0050729590420674,0.694309407966958,-0.0052094805194805,0.021847391648086,-0.0082842857142857,0.038750671283805,-0.0068141558441558,0.034081702528323,-0.0078935064935064,0.0749003922712871,-13.062156883116884,0.0569137047244121,0.0162083116883116,0.4211957813508065,1.048780487804878,0.3123475237772121,41.0
2024-06-30,BOOM,12.65296870470047,0.7796,415.989,0.1149923427903819,2.533,0.9337,0.3341,353.4987,0.0628,2.3352,0.5186,3.4022,0.0939,0.1632,0.1962,0.1391,0.1672,0.0384,0.1073,0.022,0.6826,13.8238,6.9454,0.0762,0.415,1.2275,1.1532,5.9379,0.0237,0.0507,0.0406,0.1016,8.6993,1.4563,231.331,0.2022,0.0967,0.1682,1.9173,Energy,-0.0006483772791393,0.3544493652563305,0.5538981176527153,1.0558091200827682,0.0050729590420674,0.694309407966958,-0.0052094805194805,0.021847391648086,-0.0082842857142857,0.038750671283805,-0.0068141558441558,0.034081702528323,-0.0078935064935064,0.0749003922712871,-13.062156883116884,0.0569137047244121,0.0162083116883116,0.4211957813508065,1.048780487804878,0.3123475237772121,41.0
2024-06-30,BW,1.420156242325902,1.1147,18.9,0.285920512743718,1.7208,0.4514,0.2777,549.3087,0.1301,-0.6382,0.2332,6.0794,0.5574,1.553,17.4762,1.3395,14.1111,0.1083,0.1761,0.6667,37.276,16.1283,15.7359,0.128,0.1554,1.8249,1.3904,4.8413,-0.2101,0.8192,0.0533,0.0085,2.5632,0.7668,140.0,19.8307,0.5932,1.6527,0.8102,Electrical Equipment,0.7819173909558328,-1.7744445330126395,-0.1462565993831429,-0.0255324684539788,0.0855586926601136,4.824501928825504,-0.0217567032967032,5.7970800380248144e-05,-0.0848494505494505,0.3424799214857724,-0.0522081318681318,0.1013932986364462,-0.0422591208791208,0.0853279781075074,-27.600054945054943,0.0067229092873116,0.0113217582417582,0.2335777233359107,1.1166666666666667,0.415450201656585,60.0
2024-06-30,BW,1.420156242325902,1.1147,18.9,0.285920512743718,1.7208,0.4514,0.2777,549.3087,0.1301,-0.6382,0.2332,6.0794,0.5574,1.553,17.4762,1.3395,14.1111,0.1083,0.1761,0.6667,37.276,16.1283,15.7359,0.128,0.1554,1.8249,1.3904,4.8413,-0.2101,0.8192,0.0533,0.0085,2.5632,0.7668,140.0,19.8307,0.5932,1.6527,0.8102,Electrical Equipment,0.7819173909558328,-1.7744445330126395,-0.1462565993831429,-0.0255324684539788,0.0855586926601136,4.824501928825504,-0.0217567032967032,5.7970800380248144e-05,-0.0848494505494505,0.3424799214857724,-0.0522081318681318,0.1013932986364462,-0.0422591208791208,0.0853279781075074,-27.600054945054943,0.0067229092873116,0.0113217582417582,0.2335777233359107,1.1166666666666667,0.415450201656585,60.0
2024-06-30,BW,1.420156242325902,1.1147,18.9,0.285920512743718,1.7208,0.4514,0.2777,549.3087,0.1301,-0.6382,0.2332,6.0794,0.5574,1.553,17.4762,1.3395,14.1111,0.1083,0.1761,0.6667,37.276,16.1283,15.7359,0.128,0.1554,1.8249,1.3904,4.8413,-0.2101,0.8192,0.0533,0.0085,2.5632,0.7668,140.0,19.8307,0.5932,1.6527,0.8102,Electrical Equipment,0.7819173909558328,-1.7744445330126395,-0.1462565993831429,-0.0255324684539788,0.0855586926601136,4.824501928825504,-0.0217567032967032,5.7970800380248144e-05,-0.0848494505494505,0.3424799214857724,-0.0522081318681318,0.1013932986364462,-0.0422591208791208,0.0853279781075074,-27.600054945054943,0.0067229092873116,0.0113217582417582,0.2335777233359107,1.1166666666666667,0.415450201656585,60.0
2024-06-30,CAAS,3.539545740932226,0.785,362.893,0.281798135975876,1.5,0.358,0.2365,140.3454,0.0132,0.161,0.1847,4.6398,0.0007,0.0011,0.0016,0.0626,0.0865,0.045,0.0681,0.0931,0.3003,3.0446,16.0467,0.0736,0.1832,0.5642,1.2173,2.2778,0.0472,0.1027,0.0738,0.0912,5.2544,0.8153,310.4,0.3816,0.1764,0.2762,1.8597,Auto Components,-0.5358838505470309,-0.497358457339086,-2.036628198695434,-33.0725274725275,0.0002012898351809,0.0771086916650947,0.0027174025974025,3.395445597402196e-07,0.0059455844155844,4.5064788646514913e-07,0.004284935064935,3.629585986283118e-07,0.0045557142857142,2.808228962907868e-06,1.2687751948051946,0.4018223897343359,0.0195370129870129,0.0004650743461329,1.0,0.408248290463863,13.0
2024-06-30,CAAS,3.539545740932226,0.785,362.893,0.281798135975876,1.5,0.358,0.2365,140.3454,0.0132,0.161,0.1847,4.6398,0.0007,0.0011,0.0016,0.0626,0.0865,0.045,0.0681,0.0931,0.3003,3.0446,16.0467,0.0736,0.1832,0.5642,1.2173,2.2778,0.0472,0.1027,0.0738,0.0912,5.2544,0.8153,310.4,0.3816,0.1764,0.2762,1.8597,Auto Components,-0.5358838505470309,-0.497358457339086,-2.036628198695434,-33.0725274725275,0.0002012898351809,0.0771086916650947,0.0027174025974025,3.395445597402196e-07,0.0059455844155844,4.5064788646514913e-07,0.004284935064935,3.629585986283118e-07,0.0045557142857142,2.808228962907868e-06,1.2687751948051946,0.4018223897343359,0.0195370129870129,0.0004650743461329,1.0,0.408248290463863,13.0
2024-06-30,CAAS,3.539545740932226,0.785,362.893,0.281798135975876,1.5,0.358,0.2365,140.3454,0.0132,0.161,0.1847,4.6398,0.0007,0.0011,0.0016,0.0626,0.0865,0.045,0.0681,0.0931,0.3003,3.0446,16.0467,0.0736,0.1832,0.5642,1.2173,2.2778,0.0472,0.1027,0.0738,0.0912,5.2544,0.8153,310.4,0.3816,0.1764,0.2762,1.8597,Auto Components,-0.5358838505470309,-0.497358457339086,-2.036628198695434,-33.0725274725275,0.0002012898351809,0.0771086916650947,0.0027174025974025,3.395445597402196e-07,0.0059455844155844,4.5064788646514913e-07,0.004284935064935,3.629585986283118e-07,0.0045557142857142,2.808228962907868e-06,1.2687751948051946,0.4018223897343359,0.0195370129870129,0.0004650743461329,1.0,0.408248290463863,13.0
2024-06-30,CAPL,18.921636909246445,3.626,49.3,0.0331936659955379,0.7591,0.7376,0.3252,1538.4463,0.0208,1.8347,0.0924,67.6749,0.6754,1.0064,15.2515,1.0034,15.3732,0.011,0.0249,1.4465,15.9739,31.5158,10.764,0.0125,0.1754,25.0266,0.3747,115.5508,0.0202,0.7162,0.0517,0.1045,29.6694,0.9076,22.5,15.4909,0.6782,1.0105,0.993,Energy,-0.000552625360279,5.007034228729466,0.7053333173065366,1.0859454040221386,0.0220778041569039,0.5484873292453981,-0.0014023376623376,0.2015271935268738,0.0315450649350649,0.0039074010935897,0.0009363636363636,0.6042965728825145,0.0010425974025974,0.55598663304469,34.32487597402598,5.332772642529064e-07,-0.0040285714285714,0.8244293026136006,1.0,0.3651483716701107,16.0
2024-06-30,CAPL,18.921636909246445,3.626,49.3,0.0331936659955379,0.7591,0.7376,0.3252,1538.4463,0.0208,1.8347,0.0924,67.6749,0.6754,1.0064,15.2515,1.0034,15.3732,0.011,0.0249,1.4465,15.9739,31.5158,10.764,0.0125,0.1754,25.0266,0.3747,115.5508,0.0202,0.7162,0.0517,0.1045,29.6694,0.9076,22.5,15.4909,0.6782,1.0105,0.993,Energy,-0.000552625360279,5.007034228729466,0.7053333173065366,1.0859454040221386,0.0220778041569039,0.5484873292453981,-0.0014023376623376,0.2015271935268738,0.0315450649350649,0.0039074010935897,0.0009363636363636,0.6042965728825145,0.0010425974025974,0.55598663304469,34.32487597402598,5.332772642529064e-07,-0.0040285714285714,0.8244293026136006,1.0,0.3651483716701107,16.0
2024-06-30,CAPL,18.921636909246445,3.626,49.3,0.0331936659955379,0.7591,0.7376,0.3252,1538.4463,0.0208,1.8347,0.0924,67.6749,0.6754,1.0064,15.2515,1.0034,15.3732,0.011,0.0249,1.4465,15.9739,31.5158,10.764,0.0125,0.1754,25.0266,0.3747,115.5508,0.0202,0.7162,0.0517,0.1045,29.6694,0.9076,22.5,15.4909,0.6782,1.0105,0.993,Energy,-0.000552625360279,5.007034228729466,0.7053333173065366,1.0859454040221386,0.0220778041569039,0.5484873292453981,-0.0014023376623376,0.2015271935268738,0.0315450649350649,0.0039074010935897,0.0009363636363636,0.6042965728825145,0.0010425974025974,0.55598663304469,34.32487597402598,5.332772642529064e-07,-0.0040285714285714,0.8244293026136006,1.0,0.3651483716701107,16.0
2024-06-30,CLH,235.09718680381775,0.8437,2441.721,0.3786518970649184,2.0996,3.9724,2.4569,14288.653,0.0513,4.4336,0.3331,11.2079,0.3889,0.5305,1.1368,0.4565,0.9784,0.0858,0.1388,0.0083,4.8735,30.2976,33.1464,0.1152,2.1124,6.9416,1.6675,4.7321,0.0588,0.171,0.0811,0.1326,28.6226,0.6669,1714.258,1.143,0.3911,0.5334,1.52,Commercial Services & Supplies,-0.1968600911123599,-0.3654627057063475,-0.387756547608507,-0.7249129343160282,2.359646361347292,-33.560123908758094,0.0025055844155844,8.067613741935406e-09,0.0073922077922077,1.8912220955768904e-06,0.0034388311688311,1.2217879658276646e-08,0.0040777922077922,1.4177600550908164e-08,437.1064941558442,6.049528845588269e-09,0.129275974025974,5.389968379105258e-05,1.148148148148148,0.5337605126836237,27.0
2024-06-30,CLH,235.09718680381775,0.8437,2441.721,0.3786518970649184,2.0996,3.9724,2.4569,14288.653,0.0513,4.4336,0.3331,11.2079,0.3889,0.5305,1.1368,0.4565,0.9784,0.0858,0.1388,0.0083,4.8735,30.2976,33.1464,0.1152,2.1124,6.9416,1.6675,4.7321,0.0588,0.171,0.0811,0.1326,28.6226,0.6669,1714.258,1.143,0.3911,0.5334,1.52,Commercial Services & Supplies,-0.1968600911123599,-0.3654627057063475,-0.387756547608507,-0.7249129343160282,2.359646361347292,-33.560123908758094,0.0025055844155844,8.067613741935406e-09,0.0073922077922077,1.8912220955768904e-06,0.0034388311688311,1.2217879658276646e-08,0.0040777922077922,1.4177600550908164e-08,437.1064941558442,6.049528845588269e-09,0.129275974025974,5.389968379105258e-05,1.148148148148148,0.5337605126836237,27.0
2024-06-30,CPS,13.893749952316284,1.4879,181.0,0.1518619863346394,1.3545,-2.0292,-4.3409,1218.1359,0.0922,0.6839,0.1171,14.3752,0.5984,1.1085,5.2912,1.0622,4.3983,-0.1076,-0.0503,0.0465,0.552,6.3915,4.998,-0.0961,0.0734,0.7535,1.0323,7.3816,-0.0807,-0.9098,-0.1787,-0.0948,40.3303,0.8829,132.6,5.6757,0.6264,1.1605,0.9203,Auto Components,0.916225142778504,4.406005106982478,4.931510286001004,34.378021978022,0.0017471065994252,-0.4370641260525427,-0.0058396103896103,0.0051757821525963,-0.0617790909090909,4.942836640403838e-09,-0.0193853246753246,2.015628941174039e-08,-0.018980909090909,7.572564953769611e-07,10.13668181818182,0.1161363232148519,-0.0202103896103896,0.8959075599298737,1.2058823529411764,0.5382019315025577,34.0
2024-06-30,CPS,13.893749952316284,1.4879,181.0,0.1518619863346394,1.3545,-2.0292,-4.3409,1218.1359,0.0922,0.6839,0.1171,14.3752,0.5984,1.1085,5.2912,1.0622,4.3983,-0.1076,-0.0503,0.0465,0.552,6.3915,4.998,-0.0961,0.0734,0.7535,1.0323,7.3816,-0.0807,-0.9098,-0.1787,-0.0948,40.3303,0.8829,132.6,5.6757,0.6264,1.1605,0.9203,Auto Components,0.916225142778504,4.406005106982478,4.931510286001004,34.378021978022,0.0017471065994252,-0.4370641260525427,-0.0058396103896103,0.0051757821525963,-0.0617790909090909,4.942836640403838e-09,-0.0193853246753246,2.015628941174039e-08,-0.018980909090909,7.572564953769611e-07,10.13668181818182,0.1161363232148519,-0.0202103896103896,0.8959075599298737,1.2058823529411764,0.5382019315025577,34.0
2024-06-30,CPS,13.893749952316284,1.4879,181.0,0.1518619863346394,1.3545,-2.0292,-4.3409,1218.1359,0.0922,0.6839,0.1171,14.3752,0.5984,1.1085,5.2912,1.0622,4.3983,-0.1076,-0.0503,0.0465,0.552,6.3915,4.998,-0.0961,0.0734,0.7535,1.0323,7.3816,-0.0807,-0.9098,-0.1787,-0.0948,40.3303,0.8829,132.6,5.6757,0.6264,1.1605,0.9203,Auto Components,0.916225142778504,4.406005106982478,4.931510286001004,34.378021978022,0.0017471065994252,-0.4370641260525427,-0.0058396103896103,0.0051757821525963,-0.0617790909090909,4.942836640403838e-09,-0.0193853246753246,2.015628941174039e-08,-0.018980909090909,7.572564953769611e-07,10.13668181818182,0.1161363232148519,-0.0202103896103896,0.8959075599298737,1.2058823529411764,0.5382019315025577,34.0
2024-06-30,CRCT,5.891582481563091,1.0106,448.544,0.7078497947600466,2.2122,0.1215,0.0909,1007.2133,0.1793,0.9222,0.5349,1.5663,0.0,0.0,0.0,-0.436,-0.436,0.1177,0.1574,5.4887,2.6815,17.7127,6.036,0.1774,1.6221,3.8287,1.3871,8.5993,0.0925,0.1317,0.1317,0.1782,0.7722,0.4651,526.0,0.0,0.0,0.0,2.5279,Consumer products,-0.0434035973771294,0.6327204977677787,-0.7101224371703995,-1.0267357134325004,0.1228657304358264,0.1498818061682839,-0.0135120879120879,0.0057133082875247,-0.0248598901098901,0.0073842062710617,-0.0248598901098901,0.0073842062710617,-0.0330412087912087,0.0054282328371389,-479.1754752747253,0.0016083537886837,-0.0085648351648351,0.0589002587479393,1.0,0.4517539514526256,50.0
2024-06-30,CRCT,5.891582481563091,1.0106,448.544,0.7078497947600466,2.2122,0.1215,0.0909,1007.2133,0.1793,0.9222,0.5349,1.5663,0.0,0.0,0.0,-0.436,-0.436,0.1177,0.1574,5.4887,2.6815,17.7127,6.036,0.1774,1.6221,3.8287,1.3871,8.5993,0.0925,0.1317,0.1317,0.1782,0.7722,0.4651,526.0,0.0,0.0,0.0,2.5279,Consumer products,-0.0434035973771294,0.6327204977677787,-0.7101224371703995,-1.0267357134325004,0.1228657304358264,0.1498818061682839,-0.0135120879120879,0.0057133082875247,-0.0248598901098901,0.0073842062710617,-0.0248598901098901,0.0073842062710617,-0.0330412087912087,0.0054282328371389,-479.1754752747253,0.0016083537886837,-0.0085648351648351,0.0589002587479393,1.0,0.4517539514526256,50.0
2024-06-30,CRCT,5.891582481563091,1.0106,448.544,0.7078497947600466,2.2122,0.1215,0.0909,1007.2133,0.1793,0.9222,0.5349,1.5663,0.0,0.0,0.0,-0.436,-0.436,0.1177,0.1574,5.4887,2.6815,17.7127,6.036,0.1774,1.6221,3.8287,1.3871,8.5993,0.0925,0.1317,0.1317,0.1782,0.7722,0.4651,526.0,0.0,0.0,0.0,2.5279,Consumer products,-0.0434035973771294,0.6327204977677787,-0.7101224371703995,-1.0267357134325004,0.1228657304358264,0.1498818061682839,-0.0135120879120879,0.0057133082875247,-0.0248598901098901,0.0073842062710617,-0.0248598901098901,0.0073842062710617,-0.0330412087912087,0.0054282328371389,-479.1754752747253,0.0016083537886837,-0.0085648351648351,0.0589002587479393,1.0,0.4517539514526256,50.0
2024-06-30,CSWI,311.63650703430176,0.7961,650.158,0.1551796518088652,2.7264,3.5304,2.4744,4190.928,0.2633,10.4281,0.4749,2.866,0.1095,0.1503,0.1769,0.1257,0.1479,0.1706,0.2434,0.1109,6.2981,37.3366,25.2747,0.2334,5.0199,12.1413,1.3339,6.0357,0.107,0.1797,0.1439,0.2217,14.5022,0.5251,337.26,0.1769,0.1095,0.1503,2.6239,Building,-0.3075927988788673,-0.1509193102391235,-0.1743840812418957,-0.2909983461528365,0.6402444249862997,2.799383095386299,-0.0015062337662337,0.0881383025879352,0.0015253246753246,0.0821418915001378,-0.0011323376623376,0.2663349271124134,-0.0015555844155844,0.3374371497911048,134.46541077922078,6.472768548183891e-09,0.1022376623376623,8.394306295828791e-05,1.2592592592592593,0.5256931389634797,27.0
2024-06-30,CSWI,311.63650703430176,0.7961,650.158,0.1551796518088652,2.7264,3.5304,2.4744,4190.928,0.2633,10.4281,0.4749,2.866,0.1095,0.1503,0.1769,0.1257,0.1479,0.1706,0.2434,0.1109,6.2981,37.3366,25.2747,0.2334,5.0199,12.1413,1.3339,6.0357,0.107,0.1797,0.1439,0.2217,14.5022,0.5251,337.26,0.1769,0.1095,0.1503,2.6239,Building,-0.3075927988788673,-0.1509193102391235,-0.1743840812418957,-0.2909983461528365,0.6402444249862997,2.799383095386299,-0.0015062337662337,0.0881383025879352,0.0015253246753246,0.0821418915001378,-0.0011323376623376,0.2663349271124134,-0.0015555844155844,0.3374371497911048,134.46541077922078,6.472768548183891e-09,0.1022376623376623,8.394306295828791e-05,1.2592592592592593,0.5256931389634797,27.0
2024-06-30,CSWI,311.63650703430176,0.7961,650.158,0.1551796518088652,2.7264,3.5304,2.4744,4190.928,0.2633,10.4281,0.4749,2.866,0.1095,0.1503,0.1769,0.1257,0.1479,0.1706,0.2434,0.1109,6.2981,37.3366,25.2747,0.2334,5.0199,12.1413,1.3339,6.0357,0.107,0.1797,0.1439,0.2217,14.5022,0.5251,337.26,0.1769,0.1095,0.1503,2.6239,Building,-0.3075927988788673,-0.1509193102391235,-0.1743840812418957,-0.2909983461528365,0.6402444249862997,2.799383095386299,-0.0015062337662337,0.0881383025879352,0.0015253246753246,0.0821418915001378,-0.0011323376623376,0.2663349271124134,-0.0015555844155844,0.3374371497911048,134.46541077922078,6.472768548183891e-09,0.1022376623376623,8.394306295828791e-05,1.2592592592592593,0.5256931389634797,27.0
2024-06-30,CVI,24.50387927889824,1.9865,849.0,0.5733855185909981,1.4599,0.2687,0.209,3646.9812,0.0031,3.4417,0.029,14.418,0.3855,0.6342,1.8174,0.4102,1.1755,0.0107,0.0137,0.6905,3.1201,4.8427,6.0068,0.0061,0.3097,3.5419,0.8933,28.6087,0.127,0.6195,0.2089,0.2742,19.5721,0.971,918.6,1.8657,0.3957,0.651,1.2692,Energy,-0.0034744267700713,4.330993723398358,2.8499831718633555,2.8494376055777075,0.0523367872492596,0.1998082231131215,0.0067537662337662,0.0106422835579713,0.0482922077922077,0.0002428567123694,0.0126688311688311,0.0042924801053355,0.0195216883116883,0.0053237732465388,19.82396389610391,0.5625902599455439,0.1128276623376623,0.0438403217324173,1.020408163265306,0.3813242232868325,49.0
2024-06-30,CVI,24.50387927889824,1.9865,849.0,0.5733855185909981,1.4599,0.2687,0.209,3646.9812,0.0031,3.4417,0.029,14.418,0.3855,0.6342,1.8174,0.4102,1.1755,0.0107,0.0137,0.6905,3.1201,4.8427,6.0068,0.0061,0.3097,3.5419,0.8933,28.6087,0.127,0.6195,0.2089,0.2742,19.5721,0.971,918.6,1.8657,0.3957,0.651,1.2692,Energy,-0.0034744267700713,4.330993723398358,2.8499831718633555,2.8494376055777075,0.0523367872492596,0.1998082231131215,0.0067537662337662,0.0106422835579713,0.0482922077922077,0.0002428567123694,0.0126688311688311,0.0042924801053355,0.0195216883116883,0.0053237732465388,19.82396389610391,0.5625902599455439,0.1128276623376623,0.0438403217324173,1.020408163265306,0.3813242232868325,49.0
2024-06-30,CVI,24.50387927889824,1.9865,849.0,0.5733855185909981,1.4599,0.2687,0.209,3646.9812,0.0031,3.4417,0.029,14.418,0.3855,0.6342,1.8174,0.4102,1.1755,0.0107,0.0137,0.6905,3.1201,4.8427,6.0068,0.0061,0.3097,3.5419,0.8933,28.6087,0.127,0.6195,0.2089,0.2742,19.5721,0.971,918.6,1.8657,0.3957,0.651,1.2692,Energy,-0.0034744267700713,4.330993723398358,2.8499831718633555,2.8494376055777075,0.0523367872492596,0.1998082231131215,0.0067537662337662,0.0106422835579713,0.0482922077922077,0.0002428567123694,0.0126688311688311,0.0042924801053355,0.0195216883116883,0.0053237732465388,19.82396389610391,0.5625902599455439,0.1128276623376623,0.0438403217324173,1.020408163265306,0.3813242232868325,49.0
2024-06-30,CVLG,25.858575075864792,1.2189,407.247,0.0170239269216795,1.0406,0.5631,0.4408,855.5277,0.0586,-6.2996,0.6805,96.2976,0.1986,0.2825,0.4602,0.3815,0.6214,0.0424,0.0542,0.1345,1.4794,15.0283,5.1766,0.0552,0.5653,1.9434,0.9328,8.3813,0.0465,0.1075,0.0687,0.0734,10.3932,0.3195,310.005,0.6286,0.2714,0.386,1.7595,Road & Rail,63.31914893617023,1.4218401256509885,-7.189012426422496,5.247542448614834,0.0494591740090541,0.3533294037115911,0.0057228571428571,0.0087553082666434,0.0117301298701298,0.0099467329992973,0.0094833766233766,0.0073341453184566,0.0096805194805194,0.0071808976396139,12.712793766233766,0.0132193468444827,0.0687135064935064,0.0627075916645198,1.0,0.3535533905932738,33.0
2024-06-30,CVLG,25.858575075864792,1.2189,407.247,0.0170239269216795,1.0406,0.5631,0.4408,855.5277,0.0586,-6.2996,0.6805,96.2976,0.1986,0.2825,0.4602,0.3815,0.6214,0.0424,0.0542,0.1345,1.4794,15.0283,5.1766,0.0552,0.5653,1.9434,0.9328,8.3813,0.0465,0.1075,0.0687,0.0734,10.3932,0.3195,310.005,0.6286,0.2714,0.386,1.7595,Road & Rail,63.31914893617023,1.4218401256509885,-7.189012426422496,5.247542448614834,0.0494591740090541,0.3533294037115911,0.0057228571428571,0.0087553082666434,0.0117301298701298,0.0099467329992973,0.0094833766233766,0.0073341453184566,0.0096805194805194,0.0071808976396139,12.712793766233766,0.0132193468444827,0.0687135064935064,0.0627075916645198,1.0,0.3535533905932738,33.0
2024-06-30,CVLG,25.858575075864792,1.2189,407.247,0.0170239269216795,1.0406,0.5631,0.4408,855.5277,0.0586,-6.2996,0.6805,96.2976,0.1986,0.2825,0.4602,0.3815,0.6214,0.0424,0.0542,0.1345,1.4794,15.0283,5.1766,0.0552,0.5653,1.9434,0.9328,8.3813,0.0465,0.1075,0.0687,0.0734,10.3932,0.3195,310.005,0.6286,0.2714,0.386,1.7595,Road & Rail,63.31914893617023,1.4218401256509885,-7.189012426422496,5.247542448614834,0.0494591740090541,0.3533294037115911,0.0057228571428571,0.0087553082666434,0.0117301298701298,0.0099467329992973,0.0094833766233766,0.0073341453184566,0.0096805194805194,0.0071808976396139,12.712793766233766,0.0132193468444827,0.0687135064935064,0.0627075916645198,1.0,0.3535533905932738,33.0
2024-06-30,ELSE,3.9017187766730785,0.6115,13.829,15.498432601880875,20.7006,-0.0312,-0.0012,3.6527,0.09,0.0636,0.4723,2.4032,0.0,0.0,0.0,-0.715,-0.715,-0.0018,-0.0483,0.4615,0.9792,63.8711,32.1086,0.0009,1.5323,1.147,17.7774,7.4261,0.0147,0.0154,0.0154,-0.0106,0.6467,0.5277,13.41,0.0,0.0,0.0,22.6755,Electrical Equipment,-0.0547081658593562,-0.0333574777934504,-0.0422580043245853,0.0318404900720207,0.000568933710097,-0.333461365040664,0.0005898701298701,0.192448752439336,0.0006257142857142,0.1925762353293483,0.0006275324675324,0.19029173802228,2.259740259740255e-05,0.9688255833612038,-0.1264044155844155,0.4311048495870715,-0.0005084415584415,0.7351100086912734,1.2,0.4472135954999579,5.0
2024-06-30,ELSE,3.9017187766730785,0.6115,13.829,15.498432601880875,20.7006,-0.0312,-0.0012,3.6527,0.09,0.0636,0.4723,2.4032,0.0,0.0,0.0,-0.715,-0.715,-0.0018,-0.0483,0.4615,0.9792,63.8711,32.1086,0.0009,1.5323,1.147,17.7774,7.4261,0.0147,0.0154,0.0154,-0.0106,0.6467,0.5277,13.41,0.0,0.0,0.0,22.6755,Electrical Equipment,-0.0547081658593562,-0.0333574777934504,-0.0422580043245853,0.0318404900720207,0.000568933710097,-0.333461365040664,0.0005898701298701,0.192448752439336,0.0006257142857142,0.1925762353293483,0.0006275324675324,0.19029173802228,2.259740259740255e-05,0.9688255833612038,-0.1264044155844155,0.4311048495870715,-0.0005084415584415,0.7351100086912734,1.2,0.4472135954999579,5.0
2024-06-30,ENS,100.39633572101592,1.0061,1807.784,0.5017096995740697,2.6963,2.2283,1.7106,4641.8844,0.1201,7.3134,0.2795,3.3422,0.2438,0.3206,0.4797,0.2044,0.3059,0.0822,0.1071,0.1334,2.2618,15.0101,10.1424,0.093,1.1596,2.734,1.2423,6.5639,0.0777,0.1568,0.1031,0.1338,20.8099,0.7205,1495.547,0.4962,0.2522,0.3317,2.0333,Electrical Equipment,-0.2891717338280257,-0.3396397738969505,-0.2829091068743345,-0.4019110916638087,0.7230061361550905,23.815767939747165,0.0013724675324675,0.0077404882933452,0.0021574025974025,0.0288675068158494,0.001772987012987,0.0106548874558381,0.0025625974025974,0.0008424507051284,50.43047194805194,0.0054623260680923,0.0600145454545454,0.0001151042432235,1.6666666666666667,0.485071250072666,18.0
2024-06-30,EXP,249.6241724491119,0.7685,1350.798,0.1601789709172259,2.4539,5.0285,3.9373,8289.428,0.1635,12.9925,0.307,4.6586,0.3586,0.445,0.8078,0.4301,0.7807,0.2199,0.2808,0.071,5.356,14.746,16.4933,0.2808,3.1921,8.3495,1.1274,8.6002,0.1664,0.3703,0.2041,0.2635,17.9063,0.693,866.5,0.8152,0.3619,0.4491,1.7983,Construction,4.108641975308641,4.96752811205366,4.6398769724525275,3.887442506291764,0.9360251634475628,3.909035229267029,0.0094431168831168,7.541102802357345e-08,0.0212898701298701,1.2097072871777678e-07,0.0116690909090909,4.26132777486908e-08,0.0085622077922077,1.418238519894501e-13,209.01393064935064,1.1184748157144616e-05,0.1651872727272727,7.057504909799276e-06,1.068181818181818,0.3975346860822056,44.0
2024-06-30,EXP,249.6241724491119,0.7685,1350.798,0.1601789709172259,2.4539,5.0285,3.9373,8289.428,0.1635,12.9925,0.307,4.6586,0.3586,0.445,0.8078,0.4301,0.7807,0.2199,0.2808,0.071,5.356,14.746,16.4933,0.2808,3.1921,8.3495,1.1274,8.6002,0.1664,0.3703,0.2041,0.2635,17.9063,0.693,866.5,0.8152,0.3619,0.4491,1.7983,Construction,4.108641975308641,4.96752811205366,4.6398769724525275,3.887442506291764,0.9360251634475628,3.909035229267029,0.0094431168831168,7.541102802357345e-08,0.0212898701298701,1.2097072871777678e-07,0.0116690909090909,4.26132777486908e-08,0.0085622077922077,1.418238519894501e-13,209.01393064935064,1.1184748157144616e-05,0.1651872727272727,7.057504909799276e-06,1.068181818181818,0.3975346860822056,44.0
2024-06-30,FCFS,112.64559698104858,0.7763,1978.449,0.3602725184187594,4.0347,2.0116,1.0836,6296.3093,0.1082,8.1482,0.4758,5.8651,0.3886,0.4592,0.8491,0.4281,0.7916,0.0591,0.1096,0.2657,2.3908,19.9437,12.9717,0.0796,1.4309,2.7428,2.9341,48.8095,0.0557,0.1195,0.066,0.1163,18.3491,0.5242,1724.539,0.8491,0.3886,0.4592,1.8441,Financial Services,-5.503113750426992,2.0282839529641796,-2.5056693933749092,-2.2823869980087252,0.0110954274072682,0.024977686531114,-0.0003662337662337,0.2823165989925627,0.0007122077922077,0.2963032958734422,-0.0005240259740259,0.174394940514822,-0.000308961038961,0.5989844452885911,148.74475571428573,1.9886978492727245e-05,0.0655793506493506,0.0007289850456198,1.0909090909090908,0.4214141098829708,44.0
2024-06-30,FCFS,112.64559698104858,0.7763,1978.449,0.3602725184187594,4.0347,2.0116,1.0836,6296.3093,0.1082,8.1482,0.4758,5.8651,0.3886,0.4592,0.8491,0.4281,0.7916,0.0591,0.1096,0.2657,2.3908,19.9437,12.9717,0.0796,1.4309,2.7428,2.9341,48.8095,0.0557,0.1195,0.066,0.1163,18.3491,0.5242,1724.539,0.8491,0.3886,0.4592,1.8441,Financial Services,-5.503113750426992,2.0282839529641796,-2.5056693933749092,-2.2823869980087252,0.0110954274072682,0.024977686531114,-0.0003662337662337,0.2823165989925627,0.0007122077922077,0.2963032958734422,-0.0005240259740259,0.174394940514822,-0.000308961038961,0.5989844452885911,148.74475571428573,1.9886978492727245e-05,0.0655793506493506,0.0007289850456198,1.0909090909090908,0.4214141098829708,44.0
2024-06-30,FCFS,112.64559698104858,0.7763,1978.449,0.3602725184187594,4.0347,2.0116,1.0836,6296.3093,0.1082,8.1482,0.4758,5.8651,0.3886,0.4592,0.8491,0.4281,0.7916,0.0591,0.1096,0.2657,2.3908,19.9437,12.9717,0.0796,1.4309,2.7428,2.9341,48.8095,0.0557,0.1195,0.066,0.1163,18.3491,0.5242,1724.539,0.8491,0.3886,0.4592,1.8441,Financial Services,-5.503113750426992,2.0282839529641796,-2.5056693933749092,-2.2823869980087252,0.0110954274072682,0.024977686531114,-0.0003662337662337,0.2823165989925627,0.0007122077922077,0.2963032958734422,-0.0005240259740259,0.174394940514822,-0.000308961038961,0.5989844452885911,148.74475571428573,1.9886978492727245e-05,0.0655793506493506,0.0007289850456198,1.0909090909090908,0.4214141098829708,44.0
2024-06-30,FR,53.14009469747543,0.1216,2595.165,0.2590278771307909,2.3077,0.5139,0.3876,9019.641,0.0921,-1.2426,0.7377,66.6341,0.4292,0.4624,0.86,0.4522,0.8411,0.3127,0.4146,0.6019,2.6344,21.9644,414.9893,0.3247,9.7643,2.7507,1.1067,57.8727,0.0557,0.1128,0.0604,0.0523,1.2397,0.2623,2278.5,0.86,0.4292,0.4624,1.9961,Real Estate,-2.289570617648629,-2.453912943476511,-1.7487819188286011,-4.007054137977588,0.8074081778366395,0.9828442842086844,0.0003633766233766,0.3563437460187962,0.0008366233766233,0.2906626581953336,0.0004667532467532,0.2929948603636207,4.01298701298703e-05,0.4237493249624925,181.12970220779215,5.0008759748400374e-06,0.0100563636363636,2.2537460413571598e-10,1.0,0.3779644730092272,29.0
2024-06-30,FR,53.14009469747543,0.1216,2595.165,0.2590278771307909,2.3077,0.5139,0.3876,9019.641,0.0921,-1.2426,0.7377,66.6341,0.4292,0.4624,0.86,0.4522,0.8411,0.3127,0.4146,0.6019,2.6344,21.9644,414.9893,0.3247,9.7643,2.7507,1.1067,57.8727,0.0557,0.1128,0.0604,0.0523,1.2397,0.2623,2278.5,0.86,0.4292,0.4624,1.9961,Real Estate,-2.289570617648629,-2.453912943476511,-1.7487819188286011,-4.007054137977588,0.8074081778366395,0.9828442842086844,0.0003633766233766,0.3563437460187962,0.0008366233766233,0.2906626581953336,0.0004667532467532,0.2929948603636207,4.01298701298703e-05,0.4237493249624925,181.12970220779215,5.0008759748400374e-06,0.0100563636363636,2.2537460413571598e-10,1.0,0.3779644730092272,29.0
2024-06-30,GBR,1.3874999973922968,0.0323,4.56,6.933333333333334,7.6,-0.0103,0.0006,8.3078,0.5676,-0.0039,-0.0714,51.3333,0.0,0.0,0.0,-0.0912,-0.0912,0.0811,-1.4324,0.0296,1.9131,125.2089,171.0544,0.0811,58.1585,15.3365,7.6,-0.5,-0.0052,-0.0053,-0.0053,-0.056,0.0072,1.0,0.4,0.0,0.0,0.0,77.0,Real Estate,0.213748064843319,0.115299101067602,0.153452718042907,4.290535979478871,0.0007436865458205,-0.0196989611351419,0.0081723376623376,0.3840839864390788,0.0204007792207792,0.2192063230915718,0.0191006493506493,0.219531479271046,0.0040915584415584,1.024566533852639e-05,-0.2494388311688311,0.3388691043806771,0.0005184415584415,0.0042169594194306,1.0,0.0,19.0
2024-06-30,GBR,1.3874999973922968,0.0323,4.56,6.933333333333334,7.6,-0.0103,0.0006,8.3078,0.5676,-0.0039,-0.0714,51.3333,0.0,0.0,0.0,-0.0912,-0.0912,0.0811,-1.4324,0.0296,1.9131,125.2089,171.0544,0.0811,58.1585,15.3365,7.6,-0.5,-0.0052,-0.0053,-0.0053,-0.056,0.0072,1.0,0.4,0.0,0.0,0.0,77.0,Real Estate,0.213748064843319,0.115299101067602,0.153452718042907,4.290535979478871,0.0007436865458205,-0.0196989611351419,0.0081723376623376,0.3840839864390788,0.0204007792207792,0.2192063230915718,0.0191006493506493,0.219531479271046,0.0040915584415584,1.024566533852639e-05,-0.2494388311688311,0.3388691043806771,0.0005184415584415,0.0042169594194306,1.0,0.0,19.0
2024-06-30,GBR,1.3874999973922968,0.0323,4.56,6.933333333333334,7.6,-0.0103,0.0006,8.3078,0.5676,-0.0039,-0.0714,51.3333,0.0,0.0,0.0,-0.0912,-0.0912,0.0811,-1.4324,0.0296,1.9131,125.2089,171.0544,0.0811,58.1585,15.3365,7.6,-0.5,-0.0052,-0.0053,-0.0053,-0.056,0.0072,1.0,0.4,0.0,0.0,0.0,77.0,Real Estate,0.213748064843319,0.115299101067602,0.153452718042907,4.290535979478871,0.0007436865458205,-0.0196989611351419,0.0081723376623376,0.3840839864390788,0.0204007792207792,0.2192063230915718,0.0191006493506493,0.219531479271046,0.0040915584415584,1.024566533852639e-05,-0.2494388311688311,0.3388691043806771,0.0005184415584415,0.0042169594194306,1.0,0.0,19.0
2024-06-30,GIFI,5.849062532186508,1.0485,86.682,0.3508208817561336,3.8864,0.0761,0.112,114.0463,0.0549,0.8659,0.1008,58.7499,0.142,0.1774,0.2183,0.0983,0.121,0.0458,0.0311,0.0462,1.1947,18.9046,7.2406,0.0457,0.7746,1.2034,3.6433,3.3995,-0.141,-0.223,-0.188,-0.2084,2.4468,0.8992,86.054,0.2307,0.1501,0.1875,2.8609,Energy,0.0038574344455123,-1.559017918188594,-2.564848426569224,-2.165655714815442,0.0016366459305206,0.0565887822065818,0.0020725974025974,0.4591710693126982,0.0038337662337662,0.4146037630286538,0.0043584415584415,0.3246763708991472,0.0001866233766233,0.9617128601480344,2.356420909090909,0.0402284290823434,0.0286797402597402,0.2648380550641461,1.1111111111111112,0.4646213682914464,36.0
2024-06-30,GIFI,5.849062532186508,1.0485,86.682,0.3508208817561336,3.8864,0.0761,0.112,114.0463,0.0549,0.8659,0.1008,58.7499,0.142,0.1774,0.2183,0.0983,0.121,0.0458,0.0311,0.0462,1.1947,18.9046,7.2406,0.0457,0.7746,1.2034,3.6433,3.3995,-0.141,-0.223,-0.188,-0.2084,2.4468,0.8992,86.054,0.2307,0.1501,0.1875,2.8609,Energy,0.0038574344455123,-1.559017918188594,-2.564848426569224,-2.165655714815442,0.0016366459305206,0.0565887822065818,0.0020725974025974,0.4591710693126982,0.0038337662337662,0.4146037630286538,0.0043584415584415,0.3246763708991472,0.0001866233766233,0.9617128601480344,2.356420909090909,0.0402284290823434,0.0286797402597402,0.2648380550641461,1.1111111111111112,0.4646213682914464,36.0
2024-06-30,GIFI,5.849062532186508,1.0485,86.682,0.3508208817561336,3.8864,0.0761,0.112,114.0463,0.0549,0.8659,0.1008,58.7499,0.142,0.1774,0.2183,0.0983,0.121,0.0458,0.0311,0.0462,1.1947,18.9046,7.2406,0.0457,0.7746,1.2034,3.6433,3.3995,-0.141,-0.223,-0.188,-0.2084,2.4468,0.8992,86.054,0.2307,0.1501,0.1875,2.8609,Energy,0.0038574344455123,-1.559017918188594,-2.564848426569224,-2.165655714815442,0.0016366459305206,0.0565887822065818,0.0020725974025974,0.4591710693126982,0.0038337662337662,0.4146037630286538,0.0043584415584415,0.3246763708991472,0.0001866233766233,0.9617128601480344,2.356420909090909,0.0402284290823434,0.0286797402597402,0.2648380550641461,1.1111111111111112,0.4646213682914464,36.0
2024-06-30,GNE,16.234370440244675,1.3576,202.078,1.4672823218997362,2.5921,0.3907,0.3556,279.8667,0.2211,2.3767,0.3676,25.0495,0.0,0.0,0.0,-0.6054,-0.6054,0.106,0.1165,0.1927,1.9904,52.0524,6.265,0.143,0.9135,2.0158,2.3836,7.8327,0.0238,0.038,0.038,0.0203,3.355,0.6324,199.527,0.0,0.0,0.0,2.6741,Utilities,3.0750089723651155,1.3930753564154783,2.187633262260128,0.4138946573532188,0.0083848785291115,0.3204321881117893,0.0065758441558441,0.1571008850423386,0.0099902597402597,0.1753861265208469,0.0102283116883116,0.1661407666129306,0.0063575324675324,0.2785247250210054,9.1807587012987,0.0358491450365568,0.0113012987012987,0.5391982384254487,1.0909090909090908,0.3481553119113957,55.0
2024-06-30,GNE,16.234370440244675,1.3576,202.078,1.4672823218997362,2.5921,0.3907,0.3556,279.8667,0.2211,2.3767,0.3676,25.0495,0.0,0.0,0.0,-0.6054,-0.6054,0.106,0.1165,0.1927,1.9904,52.0524,6.265,0.143,0.9135,2.0158,2.3836,7.8327,0.0238,0.038,0.038,0.0203,3.355,0.6324,199.527,0.0,0.0,0.0,2.6741,Utilities,3.0750089723651155,1.3930753564154783,2.187633262260128,0.4138946573532188,0.0083848785291115,0.3204321881117893,0.0065758441558441,0.1571008850423386,0.0099902597402597,0.1753861265208469,0.0102283116883116,0.1661407666129306,0.0063575324675324,0.2785247250210054,9.1807587012987,0.0358491450365568,0.0113012987012987,0.5391982384254487,1.0909090909090908,0.3481553119113957,55.0
2024-06-30,GNE,16.234370440244675,1.3576,202.078,1.4672823218997362,2.5921,0.3907,0.3556,279.8667,0.2211,2.3767,0.3676,25.0495,0.0,0.0,0.0,-0.6054,-0.6054,0.106,0.1165,0.1927,1.9904,52.0524,6.265,0.143,0.9135,2.0158,2.3836,7.8327,0.0238,0.038,0.038,0.0203,3.355,0.6324,199.527,0.0,0.0,0.0,2.6741,Utilities,3.0750089723651155,1.3930753564154783,2.187633262260128,0.4138946573532188,0.0083848785291115,0.3204321881117893,0.0065758441558441,0.1571008850423386,0.0099902597402597,0.1753861265208469,0.0102283116883116,0.1661407666129306,0.0063575324675324,0.2785247250210054,9.1807587012987,0.0358491450365568,0.0113012987012987,0.5391982384254487,1.0909090909090908,0.3481553119113957,55.0
2024-06-30,GOLF,65.62256091833115,1.0612,863.693,0.1642072927687938,2.282,1.6525,1.1133,4490.0256,0.2878,4.5724,0.5436,2.1625,0.3202,0.4507,0.843,0.4167,0.7796,0.1044,0.155,0.1884,4.4191,20.1217,9.5198,0.1336,1.5918,11.4442,1.2749,5.9464,0.0839,0.2143,0.1176,0.1744,10.6587,0.4564,333.506,0.8707,0.3307,0.4654,1.6123,Leisure Products,-0.4305738204445585,-0.1948404656251008,-0.5779144605434197,-1.075536634372451,1.4509527629318106,-0.0131608587201478,0.0021203896103896,0.0084346139500679,0.0064906493506493,4.191898545598751e-05,0.0032076623376623,0.0059055970004452,0.0039428571428571,0.0054954232473454,114.62018948051949,9.264623262220605e-09,0.0387584415584415,0.117759411502168,1.1090909090909091,0.416009582899208,55.0
2024-06-30,GOLF,65.62256091833115,1.0612,863.693,0.1642072927687938,2.282,1.6525,1.1133,4490.0256,0.2878,4.5724,0.5436,2.1625,0.3202,0.4507,0.843,0.4167,0.7796,0.1044,0.155,0.1884,4.4191,20.1217,9.5198,0.1336,1.5918,11.4442,1.2749,5.9464,0.0839,0.2143,0.1176,0.1744,10.6587,0.4564,333.506,0.8707,0.3307,0.4654,1.6123,Leisure Products,-0.4305738204445585,-0.1948404656251008,-0.5779144605434197,-1.075536634372451,1.4509527629318106,-0.0131608587201478,0.0021203896103896,0.0084346139500679,0.0064906493506493,4.191898545598751e-05,0.0032076623376623,0.0059055970004452,0.0039428571428571,0.0054954232473454,114.62018948051949,9.264623262220605e-09,0.0387584415584415,0.117759411502168,1.1090909090909091,0.416009582899208,55.0
2024-06-30,GOLF,65.62256091833115,1.0612,863.693,0.1642072927687938,2.282,1.6525,1.1133,4490.0256,0.2878,4.5724,0.5436,2.1625,0.3202,0.4507,0.843,0.4167,0.7796,0.1044,0.155,0.1884,4.4191,20.1217,9.5198,0.1336,1.5918,11.4442,1.2749,5.9464,0.0839,0.2143,0.1176,0.1744,10.6587,0.4564,333.506,0.8707,0.3307,0.4654,1.6123,Leisure Products,-0.4305738204445585,-0.1948404656251008,-0.5779144605434197,-1.075536634372451,1.4509527629318106,-0.0131608587201478,0.0021203896103896,0.0084346139500679,0.0064906493506493,4.191898545598751e-05,0.0032076623376623,0.0059055970004452,0.0039428571428571,0.0054954232473454,114.62018948051949,9.264623262220605e-09,0.0387584415584415,0.117759411502168,1.1090909090909091,0.416009582899208,55.0
2024-06-30,GOOD,14.484423473477364,0.1287,315.748,0.3629647698365683,0.5086,0.275,0.04,1344.0162,0.1434,0.4111,0.8051,1.4645,0.6493,0.6914,2.2735,0.6859,2.2553,0.0435,0.2991,5.3052,2.0013,55.1297,21.4118,0.0432,4.3535,2.9062,0.363,309.8,0.0102,0.0352,0.0108,0.039,0.9193,0.1949,217.428,2.2883,0.6536,0.6959,1.3998,Real Estate,-0.4192750502695873,-0.7657600674678474,-0.3126961046912068,-2.9880518428513563,0.1203118473368202,0.5259431371033046,-0.0002862337662337,0.0244901411355184,-0.000630909090909,0.0913612405552016,-0.0002950649350649,0.0272803586571326,-0.0002601298701298,0.0542308022468823,1.2558548051948075,0.8042208215848052,-0.0015115584415584,0.5080701537661052,1.125,0.3360107525161235,32.0
2024-06-30,GOOD,14.484423473477364,0.1287,315.748,0.3629647698365683,0.5086,0.275,0.04,1344.0162,0.1434,0.4111,0.8051,1.4645,0.6493,0.6914,2.2735,0.6859,2.2553,0.0435,0.2991,5.3052,2.0013,55.1297,21.4118,0.0432,4.3535,2.9062,0.363,309.8,0.0102,0.0352,0.0108,0.039,0.9193,0.1949,217.428,2.2883,0.6536,0.6959,1.3998,Real Estate,-0.4192750502695873,-0.7657600674678474,-0.3126961046912068,-2.9880518428513563,0.1203118473368202,0.5259431371033046,-0.0002862337662337,0.0244901411355184,-0.000630909090909,0.0913612405552016,-0.0002950649350649,0.0272803586571326,-0.0002601298701298,0.0542308022468823,1.2558548051948075,0.8042208215848052,-0.0015115584415584,0.5080701537661052,1.125,0.3360107525161235,32.0
2024-06-30,GT,9.440312527120112,0.8793,4703.0,0.10234790504605,1.0642,0.5486,0.2951,10844.8,0.0197,-0.7025,0.2074,3.7055,0.3102,0.5184,1.4527,0.5833,1.6345,0.0186,0.0346,0.2097,0.6714,14.2131,4.09,0.0306,0.1631,0.8407,0.5053,6.3743,-0.016,-0.0741,-0.0271,0.0057,15.8681,0.7926,3756.0,1.8023,0.3848,0.6431,1.2715,Auto Components,0.1816555425583155,0.3588535704851633,0.7478675363773206,-2.067032967032969,0.0155541115317653,0.1181615314175167,0.0012615584415584,0.4271549476792048,0.0062787012987012,0.4006327872586496,0.0021275324675324,0.424793513561932,0.0001671428571428,0.9387869987191596,172.35251168831172,0.0020213913525958,0.0133855844155844,0.7236263459073105,1.1451612903225807,0.5681945578111222,62.0
2024-06-30,GT,9.440312527120112,0.8793,4703.0,0.10234790504605,1.0642,0.5486,0.2951,10844.8,0.0197,-0.7025,0.2074,3.7055,0.3102,0.5184,1.4527,0.5833,1.6345,0.0186,0.0346,0.2097,0.6714,14.2131,4.09,0.0306,0.1631,0.8407,0.5053,6.3743,-0.016,-0.0741,-0.0271,0.0057,15.8681,0.7926,3756.0,1.8023,0.3848,0.6431,1.2715,Auto Components,0.1816555425583155,0.3588535704851633,0.7478675363773206,-2.067032967032969,0.0155541115317653,0.1181615314175167,0.0012615584415584,0.4271549476792048,0.0062787012987012,0.4006327872586496,0.0021275324675324,0.424793513561932,0.0001671428571428,0.9387869987191596,172.35251168831172,0.0020213913525958,0.0133855844155844,0.7236263459073105,1.1451612903225807,0.5681945578111222,62.0
2024-06-30,GT,9.440312527120112,0.8793,4703.0,0.10234790504605,1.0642,0.5486,0.2951,10844.8,0.0197,-0.7025,0.2074,3.7055,0.3102,0.5184,1.4527,0.5833,1.6345,0.0186,0.0346,0.2097,0.6714,14.2131,4.09,0.0306,0.1631,0.8407,0.5053,6.3743,-0.016,-0.0741,-0.0271,0.0057,15.8681,0.7926,3756.0,1.8023,0.3848,0.6431,1.2715,Auto Components,0.1816555425583155,0.3588535704851633,0.7478675363773206,-2.067032967032969,0.0155541115317653,0.1181615314175167,0.0012615584415584,0.4271549476792048,0.0062787012987012,0.4006327872586496,0.0021275324675324,0.424793513561932,0.0001671428571428,0.9387869987191596,172.35251168831172,0.0020213913525958,0.0133855844155844,0.7236263459073105,1.1451612903225807,0.5681945578111222,62.0
2024-06-30,HBB,24.21396392583847,1.7166,145.732,0.2094795800613583,1.4917,0.7047,0.4237,253.5523,0.1462,4.6659,0.2592,3.5814,0.0,0.0,0.0,0.0653,0.0877,0.0383,0.0637,0.1307,1.6521,6.9399,5.0378,0.0573,0.3734,1.6775,0.6969,7.3714,0.0924,0.2451,0.1808,0.2523,11.0597,0.7408,143.522,0.3431,0.1352,0.2555,1.6501,Consumer products,-0.0433566745691542,1.1775231131578023,-0.974868159760123,-1.4536780050450049,0.0309297827413357,0.8693144757760469,0.0012175324675324,0.3657761784226432,-0.0039554545454545,0.5630661683914309,0.0006550649350649,0.8331934135901558,-0.0047874025974025,0.0252153946398302,-2.174983636363637,0.3232411431449206,0.003465974025974,0.8849691677952929,1.032258064516129,0.4819315973414994,31.0
2024-06-30,HBB,24.21396392583847,1.7166,145.732,0.2094795800613583,1.4917,0.7047,0.4237,253.5523,0.1462,4.6659,0.2592,3.5814,0.0,0.0,0.0,0.0653,0.0877,0.0383,0.0637,0.1307,1.6521,6.9399,5.0378,0.0573,0.3734,1.6775,0.6969,7.3714,0.0924,0.2451,0.1808,0.2523,11.0597,0.7408,143.522,0.3431,0.1352,0.2555,1.6501,Consumer products,-0.0433566745691542,1.1775231131578023,-0.974868159760123,-1.4536780050450049,0.0309297827413357,0.8693144757760469,0.0012175324675324,0.3657761784226432,-0.0039554545454545,0.5630661683914309,0.0006550649350649,0.8331934135901558,-0.0047874025974025,0.0252153946398302,-2.174983636363637,0.3232411431449206,0.003465974025974,0.8849691677952929,1.032258064516129,0.4819315973414994,31.0
2024-06-30,HBB,24.21396392583847,1.7166,145.732,0.2094795800613583,1.4917,0.7047,0.4237,253.5523,0.1462,4.6659,0.2592,3.5814,0.0,0.0,0.0,0.0653,0.0877,0.0383,0.0637,0.1307,1.6521,6.9399,5.0378,0.0573,0.3734,1.6775,0.6969,7.3714,0.0924,0.2451,0.1808,0.2523,11.0597,0.7408,143.522,0.3431,0.1352,0.2555,1.6501,Consumer products,-0.0433566745691542,1.1775231131578023,-0.974868159760123,-1.4536780050450049,0.0309297827413357,0.8693144757760469,0.0012175324675324,0.3657761784226432,-0.0039554545454545,0.5630661683914309,0.0006550649350649,0.8331934135901558,-0.0047874025974025,0.0252153946398302,-2.174983636363637,0.3232411431449206,0.003465974025974,0.8849691677952929,1.032258064516129,0.4819315973414994,31.0
2024-06-30,HCSG,10.97328132390976,2.1431,471.423,0.1261677558560837,2.7363,-0.0391,-0.0242,805.5798,0.0352,0.4888,0.0986,77.7418,0.0,0.0,0.0,0.0071,0.0076,-0.0042,-0.0068,3.0683,1.7013,26.1932,12.512,-0.0047,0.476,1.7411,2.5281,4.326,0.0389,0.0664,0.0617,0.074,5.7721,0.9014,460.638,0.0636,0.0375,0.0598,2.436,Commercial Services & Supplies,-0.1302356725216122,-0.1419106646719384,-0.2950009739512315,-0.4045517129667125,0.1330344745473824,0.3303294846522106,-0.0047137662337662,1.095880123279708e-05,-0.0073290909090909,1.994928784777851e-05,-0.0071793506493506,2.4565759421076415e-05,-0.0083566233766233,7.744668684580684e-06,-69.2653390909091,4.032465228903781e-07,-0.0142850649350649,0.0063652593228708,1.1538461538461535,0.4640954808922571,26.0
2024-06-30,HCSG,10.97328132390976,2.1431,471.423,0.1261677558560837,2.7363,-0.0391,-0.0242,805.5798,0.0352,0.4888,0.0986,77.7418,0.0,0.0,0.0,0.0071,0.0076,-0.0042,-0.0068,3.0683,1.7013,26.1932,12.512,-0.0047,0.476,1.7411,2.5281,4.326,0.0389,0.0664,0.0617,0.074,5.7721,0.9014,460.638,0.0636,0.0375,0.0598,2.436,Commercial Services & Supplies,-0.1302356725216122,-0.1419106646719384,-0.2950009739512315,-0.4045517129667125,0.1330344745473824,0.3303294846522106,-0.0047137662337662,1.095880123279708e-05,-0.0073290909090909,1.994928784777851e-05,-0.0071793506493506,2.4565759421076415e-05,-0.0083566233766233,7.744668684580684e-06,-69.2653390909091,4.032465228903781e-07,-0.0142850649350649,0.0063652593228708,1.1538461538461535,0.4640954808922571,26.0
2024-06-30,HCSG,10.97328132390976,2.1431,471.423,0.1261677558560837,2.7363,-0.0391,-0.0242,805.5798,0.0352,0.4888,0.0986,77.7418,0.0,0.0,0.0,0.0071,0.0076,-0.0042,-0.0068,3.0683,1.7013,26.1932,12.512,-0.0047,0.476,1.7411,2.5281,4.326,0.0389,0.0664,0.0617,0.074,5.7721,0.9014,460.638,0.0636,0.0375,0.0598,2.436,Commercial Services & Supplies,-0.1302356725216122,-0.1419106646719384,-0.2950009739512315,-0.4045517129667125,0.1330344745473824,0.3303294846522106,-0.0047137662337662,1.095880123279708e-05,-0.0073290909090909,1.994928784777851e-05,-0.0071793506493506,2.4565759421076415e-05,-0.0083566233766233,7.744668684580684e-06,-69.2653390909091,4.032465228903781e-07,-0.0142850649350649,0.0063652593228708,1.1538461538461535,0.4640954808922571,26.0
2024-06-30,HFFG,3.251562502235174,1.9028,286.344,0.0851401020364625,1.1801,0.0498,0.0003,339.457,0.0352,-0.0241,0.1735,8.0715,0.1718,0.2188,0.3702,0.3802,0.6435,0.0001,0.0087,0.4632,0.542,59.538,4.6604,0.0061,0.1338,1.3302,0.4034,23.7744,0.0065,0.0137,0.0083,0.0335,5.7413,0.8265,116.678,0.6923,0.3213,0.4091,1.8663,Retail,-0.0387795739376942,-0.0402606637019013,-0.0478822328636149,-0.2851827598523633,0.0056281812959096,0.0619094977623073,0.0188005194805194,0.0862031232220743,0.0297810389610389,0.117144481508617,0.0224390909090909,0.0956264577213612,0.0225758441558441,0.0993479236801848,-15.821327662337666,0.0034446704548328,0.0592763636363636,0.2614761570817472,1.135135135135135,0.3465834966066908,37.0
2024-06-30,HFFG,3.251562502235174,1.9028,286.344,0.0851401020364625,1.1801,0.0498,0.0003,339.457,0.0352,-0.0241,0.1735,8.0715,0.1718,0.2188,0.3702,0.3802,0.6435,0.0001,0.0087,0.4632,0.542,59.538,4.6604,0.0061,0.1338,1.3302,0.4034,23.7744,0.0065,0.0137,0.0083,0.0335,5.7413,0.8265,116.678,0.6923,0.3213,0.4091,1.8663,Retail,-0.0387795739376942,-0.0402606637019013,-0.0478822328636149,-0.2851827598523633,0.0056281812959096,0.0619094977623073,0.0188005194805194,0.0862031232220743,0.0297810389610389,0.117144481508617,0.0224390909090909,0.0956264577213612,0.0225758441558441,0.0993479236801848,-15.821327662337666,0.0034446704548328,0.0592763636363636,0.2614761570817472,1.135135135135135,0.3465834966066908,37.0
2024-06-30,HFFG,3.251562502235174,1.9028,286.344,0.0851401020364625,1.1801,0.0498,0.0003,339.457,0.0352,-0.0241,0.1735,8.0715,0.1718,0.2188,0.3702,0.3802,0.6435,0.0001,0.0087,0.4632,0.542,59.538,4.6604,0.0061,0.1338,1.3302,0.4034,23.7744,0.0065,0.0137,0.0083,0.0335,5.7413,0.8265,116.678,0.6923,0.3213,0.4091,1.8663,Retail,-0.0387795739376942,-0.0402606637019013,-0.0478822328636149,-0.2851827598523633,0.0056281812959096,0.0619094977623073,0.0188005194805194,0.0862031232220743,0.0297810389610389,0.117144481508617,0.0224390909090909,0.0956264577213612,0.0225758441558441,0.0993479236801848,-15.821327662337666,0.0034446704548328,0.0592763636363636,0.2614761570817472,1.135135135135135,0.3465834966066908,37.0
2024-06-30,HHS,7.843593761324883,1.6384,20.608,0.3014669523652546,1.5119,-5.077,-3.8355,49.2475,0.0619,-0.1273,0.1926,764.5,0.0,0.0,0.0,-0.4973,-0.509,-0.6181,-0.8181,0.903,2.8988,1.4252,6.3925,-0.818,0.3193,3.2917,1.4479,4.4925,-0.2573,-1.4523,-1.4389,-1.7555,6.2057,0.8074,18.148,0.0235,0.0044,0.0229,1.2312,Media,2.0710195779793517,6.070058858541102,10.10629681491854,12.373706281227696,0.0002955191113422,-25.980396906623383,-0.0217356643356643,0.0987955559662292,-0.0507374125874125,0.7608955902460238,-0.0820097902097902,0.6029436391034029,-0.0807367132867133,0.5274612176353168,-2.1094685314685315,0.1855731056252167,-0.2556884615384615,0.0462841434137135,1.4054054054054057,0.643750273331526,37.0
2024-06-30,HHS,7.843593761324883,1.6384,20.608,0.3014669523652546,1.5119,-5.077,-3.8355,49.2475,0.0619,-0.1273,0.1926,764.5,0.0,0.0,0.0,-0.4973,-0.509,-0.6181,-0.8181,0.903,2.8988,1.4252,6.3925,-0.818,0.3193,3.2917,1.4479,4.4925,-0.2573,-1.4523,-1.4389,-1.7555,6.2057,0.8074,18.148,0.0235,0.0044,0.0229,1.2312,Media,2.0710195779793517,6.070058858541102,10.10629681491854,12.373706281227696,0.0002955191113422,-25.980396906623383,-0.0217356643356643,0.0987955559662292,-0.0507374125874125,0.7608955902460238,-0.0820097902097902,0.6029436391034029,-0.0807367132867133,0.5274612176353168,-2.1094685314685315,0.1855731056252167,-0.2556884615384615,0.0462841434137135,1.4054054054054057,0.643750273331526,37.0
2024-06-30,HHS,7.843593761324883,1.6384,20.608,0.3014669523652546,1.5119,-5.077,-3.8355,49.2475,0.0619,-0.1273,0.1926,764.5,0.0,0.0,0.0,-0.4973,-0.509,-0.6181,-0.8181,0.903,2.8988,1.4252,6.3925,-0.818,0.3193,3.2917,1.4479,4.4925,-0.2573,-1.4523,-1.4389,-1.7555,6.2057,0.8074,18.148,0.0235,0.0044,0.0229,1.2312,Media,2.0710195779793517,6.070058858541102,10.10629681491854,12.373706281227696,0.0002955191113422,-25.980396906623383,-0.0217356643356643,0.0987955559662292,-0.0507374125874125,0.7608955902460238,-0.0820097902097902,0.6029436391034029,-0.0807367132867133,0.5274612176353168,-2.1094685314685315,0.1855731056252167,-0.2556884615384615,0.0462841434137135,1.4054054054054057,0.643750273331526,37.0
2024-06-30,HL,5.824703320860863,0.2613,1980.065,0.1580774795049027,1.2874,0.0653,0.0448,3553.2703,0.0309,-0.1764,0.2094,6.5264,0.1982,0.2266,0.2942,0.2201,0.2858,0.1135,0.1653,0.1435,1.5087,198.911,34.2632,0.1504,3.841,2.7477,0.5818,33.9329,-0.0145,-0.0219,-0.0166,-0.0036,0.3948,0.7906,168.4,0.2982,0.2008,0.2297,3.0632,Metals & Mining,0.0576465943507441,0.0356010327189475,0.0448260795370372,0.010852498963737,0.9009980653663154,0.1588400756652408,0.000565974025974,0.4027673118364527,0.0010625974025974,0.3197277749826923,0.0007372727272727,0.3594168382767997,0.0002151948051948,0.8464139836877989,92.1261264935065,0.0021469239583418,-0.0002364935064935,0.8884046464232184,1.121212121212121,0.3314339826398084,33.0
2024-06-30,HL,5.824703320860863,0.2613,1980.065,0.1580774795049027,1.2874,0.0653,0.0448,3553.2703,0.0309,-0.1764,0.2094,6.5264,0.1982,0.2266,0.2942,0.2201,0.2858,0.1135,0.1653,0.1435,1.5087,198.911,34.2632,0.1504,3.841,2.7477,0.5818,33.9329,-0.0145,-0.0219,-0.0166,-0.0036,0.3948,0.7906,168.4,0.2982,0.2008,0.2297,3.0632,Metals & Mining,0.0576465943507441,0.0356010327189475,0.0448260795370372,0.010852498963737,0.9009980653663154,0.1588400756652408,0.000565974025974,0.4027673118364527,0.0010625974025974,0.3197277749826923,0.0007372727272727,0.3594168382767997,0.0002151948051948,0.8464139836877989,92.1261264935065,0.0021469239583418,-0.0002364935064935,0.8884046464232184,1.121212121212121,0.3314339826398084,33.0
2024-06-30,IBP,225.59122514724731,1.4413,685.3,1.0785592739648326,3.0839,3.3477,2.3024,6182.95,0.0789,10.2711,0.3408,11.1151,0.4167,0.5374,1.2316,0.3215,0.7369,0.0884,0.1285,0.33,8.2853,22.3597,19.5791,0.1175,1.9869,13.2446,2.5859,6.1855,0.1281,0.3814,0.1642,0.2474,26.0472,0.6592,428.7,1.2918,0.4371,0.5637,1.5115,Consumer products,-0.0601081170163274,1.8323431879167107,-0.8853614592511737,-1.425445653777781,0.7542321651215219,4.129706358103409,0.0038498701298701,9.674445958576188e-11,0.0079914285714285,0.0001902343524331,0.0047896103896103,2.2873231337986326e-10,0.0059384415584415,3.550005302185553e-09,189.89228454545457,1.5154782261714804e-05,0.14457,1.3074506379701004e-08,1.2058823529411764,0.4424768660589683,68.0
2024-06-30,IBP,225.59122514724731,1.4413,685.3,1.0785592739648326,3.0839,3.3477,2.3024,6182.95,0.0789,10.2711,0.3408,11.1151,0.4167,0.5374,1.2316,0.3215,0.7369,0.0884,0.1285,0.33,8.2853,22.3597,19.5791,0.1175,1.9869,13.2446,2.5859,6.1855,0.1281,0.3814,0.1642,0.2474,26.0472,0.6592,428.7,1.2918,0.4371,0.5637,1.5115,Consumer products,-0.0601081170163274,1.8323431879167107,-0.8853614592511737,-1.425445653777781,0.7542321651215219,4.129706358103409,0.0038498701298701,9.674445958576188e-11,0.0079914285714285,0.0001902343524331,0.0047896103896103,2.2873231337986326e-10,0.0059384415584415,3.550005302185553e-09,189.89228454545457,1.5154782261714804e-05,0.14457,1.3074506379701004e-08,1.2058823529411764,0.4424768660589683,68.0
2024-06-30,IBP,225.59122514724731,1.4413,685.3,1.0785592739648326,3.0839,3.3477,2.3024,6182.95,0.0789,10.2711,0.3408,11.1151,0.4167,0.5374,1.2316,0.3215,0.7369,0.0884,0.1285,0.33,8.2853,22.3597,19.5791,0.1175,1.9869,13.2446,2.5859,6.1855,0.1281,0.3814,0.1642,0.2474,26.0472,0.6592,428.7,1.2918,0.4371,0.5637,1.5115,Consumer products,-0.0601081170163274,1.8323431879167107,-0.8853614592511737,-1.425445653777781,0.7542321651215219,4.129706358103409,0.0038498701298701,9.674445958576188e-11,0.0079914285714285,0.0001902343524331,0.0047896103896103,2.2873231337986326e-10,0.0059384415584415,3.550005302185553e-09,189.89228454545457,1.5154782261714804e-05,0.14457,1.3074506379701004e-08,1.2058823529411764,0.4424768660589683,68.0
2024-06-30,IGT,21.170549035072327,0.4196,1503.0,0.1879021879021879,0.8421,1.133,0.2069,9106.0,0.2307,3.797,0.4843,7.0799,0.4813,0.6856,3.2156,0.7246,3.3985,0.04,0.2193,0.8824,2.66,18.9479,5.2125,0.1487,0.9274,363.4545,0.7091,6.1718,0.0205,0.1422,0.0296,0.1375,5.1675,0.5157,11.0,3.69,0.5523,0.7868,1.176,"Hotels, Restaurants & Leisure",-0.7701774841300688,-3.856924902525851,1.1640939927244127,1.7204704704704703,0.0300536114185419,0.7746352484521513,0.0028792207792207,0.0084423781774986,0.0256531168831168,0.0329792522542978,0.0040620779220779,0.0084176266478593,0.0078111688311688,2.012255530708461e-06,12.17022350649348,0.75219021369398,0.0658067532467532,0.0027961347434143,1.1923076923076923,0.4914656259988704,26.0
2024-06-30,IGT,21.170549035072327,0.4196,1503.0,0.1879021879021879,0.8421,1.133,0.2069,9106.0,0.2307,3.797,0.4843,7.0799,0.4813,0.6856,3.2156,0.7246,3.3985,0.04,0.2193,0.8824,2.66,18.9479,5.2125,0.1487,0.9274,363.4545,0.7091,6.1718,0.0205,0.1422,0.0296,0.1375,5.1675,0.5157,11.0,3.69,0.5523,0.7868,1.176,"Hotels, Restaurants & Leisure",-0.7701774841300688,-3.856924902525851,1.1640939927244127,1.7204704704704703,0.0300536114185419,0.7746352484521513,0.0028792207792207,0.0084423781774986,0.0256531168831168,0.0329792522542978,0.0040620779220779,0.0084176266478593,0.0078111688311688,2.012255530708461e-06,12.17022350649348,0.75219021369398,0.0658067532467532,0.0027961347434143,1.1923076923076923,0.4914656259988704,26.0
2024-06-30,IMMR,9.838052198290823,0.1646,169.5,1.1124031007751938,6.2326,0.7811,0.8899,188.6077,0.4251,0.6509,0.5896,3.4,0.1145,0.1454,0.1701,-0.1694,-0.1694,0.2911,0.2555,0.1014,1.2821,4.5473,10.498,0.2928,1.8473,4.8226,6.186,3.8012,0.1898,0.2275,0.2275,0.1127,3.0568,0.4104,97.5,0.0,0.0,0.0,5.8153,Technology,-0.0320414694031573,-0.4967328146248669,-1.038635207591538,-0.5145957779515247,0.0024429601709862,-2.0756069861291815,0.0086053246753246,0.1509737930167589,0.0098036363636363,0.2709733213001071,0.0098036363636363,0.2709733213001071,0.008157922077922,0.3535263855273906,1.819490519480519,0.2446967994667609,0.0269533766233766,6.086745705307749e-05,1.25,0.5407151573203144,60.0
2024-06-30,IMMR,9.838052198290823,0.1646,169.5,1.1124031007751938,6.2326,0.7811,0.8899,188.6077,0.4251,0.6509,0.5896,3.4,0.1145,0.1454,0.1701,-0.1694,-0.1694,0.2911,0.2555,0.1014,1.2821,4.5473,10.498,0.2928,1.8473,4.8226,6.186,3.8012,0.1898,0.2275,0.2275,0.1127,3.0568,0.4104,97.5,0.0,0.0,0.0,5.8153,Technology,-0.0320414694031573,-0.4967328146248669,-1.038635207591538,-0.5145957779515247,0.0024429601709862,-2.0756069861291815,0.0086053246753246,0.1509737930167589,0.0098036363636363,0.2709733213001071,0.0098036363636363,0.2709733213001071,0.008157922077922,0.3535263855273906,1.819490519480519,0.2446967994667609,0.0269533766233766,6.086745705307749e-05,1.25,0.5407151573203144,60.0
2024-06-30,IMMR,9.838052198290823,0.1646,169.5,1.1124031007751938,6.2326,0.7811,0.8899,188.6077,0.4251,0.6509,0.5896,3.4,0.1145,0.1454,0.1701,-0.1694,-0.1694,0.2911,0.2555,0.1014,1.2821,4.5473,10.498,0.2928,1.8473,4.8226,6.186,3.8012,0.1898,0.2275,0.2275,0.1127,3.0568,0.4104,97.5,0.0,0.0,0.0,5.8153,Technology,-0.0320414694031573,-0.4967328146248669,-1.038635207591538,-0.5145957779515247,0.0024429601709862,-2.0756069861291815,0.0086053246753246,0.1509737930167589,0.0098036363636363,0.2709733213001071,0.0098036363636363,0.2709733213001071,0.008157922077922,0.3535263855273906,1.819490519480519,0.2446967994667609,0.0269533766233766,6.086745705307749e-05,1.25,0.5407151573203144,60.0
2024-06-30,INTT,8.299062512814999,0.831,99.502,0.5619310344827586,2.2449,0.0272,0.0187,132.6896,0.0582,0.5281,0.4059,2.6677,0.0567,0.0755,0.0916,0.006,0.0073,0.0068,0.0099,1.2841,1.3262,28.5382,11.3462,0.0087,1.076,1.8216,1.3913,4.7492,0.0313,0.0475,0.0406,0.0387,2.7567,0.5941,72.444,0.212,0.1314,0.1749,2.6298,Semiconductors,-0.3623088395699307,-0.2385574517814543,-0.2764201030421661,-0.2853800174427262,8.342504164016431e-05,0.000622559871434,0.0038796103896103,0.0017455962291154,0.0064046753246753,0.0010280266589724,0.0050702597402597,0.0029489022190399,0.0056154545454545,0.0069469646303175,7.899587402597402,0.0002838236108999,0.0096050649350649,0.056249410231719,1.0277777777777777,0.4463253849002421,36.0
2024-06-30,INTT,8.299062512814999,0.831,99.502,0.5619310344827586,2.2449,0.0272,0.0187,132.6896,0.0582,0.5281,0.4059,2.6677,0.0567,0.0755,0.0916,0.006,0.0073,0.0068,0.0099,1.2841,1.3262,28.5382,11.3462,0.0087,1.076,1.8216,1.3913,4.7492,0.0313,0.0475,0.0406,0.0387,2.7567,0.5941,72.444,0.212,0.1314,0.1749,2.6298,Semiconductors,-0.3623088395699307,-0.2385574517814543,-0.2764201030421661,-0.2853800174427262,8.342504164016431e-05,0.000622559871434,0.0038796103896103,0.0017455962291154,0.0064046753246753,0.0010280266589724,0.0050702597402597,0.0029489022190399,0.0056154545454545,0.0069469646303175,7.899587402597402,0.0002838236108999,0.0096050649350649,0.056249410231719,1.0277777777777777,0.4463253849002421,36.0
2024-06-30,INTT,8.299062512814999,0.831,99.502,0.5619310344827586,2.2449,0.0272,0.0187,132.6896,0.0582,0.5281,0.4059,2.6677,0.0567,0.0755,0.0916,0.006,0.0073,0.0068,0.0099,1.2841,1.3262,28.5382,11.3462,0.0087,1.076,1.8216,1.3913,4.7492,0.0313,0.0475,0.0406,0.0387,2.7567,0.5941,72.444,0.212,0.1314,0.1749,2.6298,Semiconductors,-0.3623088395699307,-0.2385574517814543,-0.2764201030421661,-0.2853800174427262,8.342504164016431e-05,0.000622559871434,0.0038796103896103,0.0017455962291154,0.0064046753246753,0.0010280266589724,0.0050702597402597,0.0029489022190399,0.0056154545454545,0.0069469646303175,7.899587402597402,0.0002838236108999,0.0096050649350649,0.056249410231719,1.0277777777777777,0.4463253849002421,36.0
2024-06-30,IOSP,115.63801062107086,1.1209,1192.6,0.7217548076923076,2.6346,1.6217,1.2432,2787.444,0.1323,5.9419,0.2917,3.9346,0.0,0.0,0.0,-0.2014,-0.2014,0.0717,0.0936,0.5262,2.5387,20.2383,15.9902,0.1005,1.5985,2.6765,1.6271,6.1976,0.0885,0.1287,0.1287,0.1528,17.3327,0.7083,1131.2,0.0,0.0,0.0,3.349,Chemicals,-0.4583963421168569,-0.3269750232888194,-1.4033313280192512,-1.9264690964422864,0.0018131856225723,0.1098066528925716,0.0019648051948051,0.0097593292586444,0.0021867532467532,0.0743614897668224,0.0030566233766233,0.007187231809963,0.0031140259740259,0.0509353835094236,32.68746701298701,0.0053029177652627,0.0528076623376623,0.0934053453424058,1.3255813953488371,0.5657245767937634,43.0
2024-06-30,IOSP,115.63801062107086,1.1209,1192.6,0.7217548076923076,2.6346,1.6217,1.2432,2787.444,0.1323,5.9419,0.2917,3.9346,0.0,0.0,0.0,-0.2014,-0.2014,0.0717,0.0936,0.5262,2.5387,20.2383,15.9902,0.1005,1.5985,2.6765,1.6271,6.1976,0.0885,0.1287,0.1287,0.1528,17.3327,0.7083,1131.2,0.0,0.0,0.0,3.349,Chemicals,-0.4583963421168569,-0.3269750232888194,-1.4033313280192512,-1.9264690964422864,0.0018131856225723,0.1098066528925716,0.0019648051948051,0.0097593292586444,0.0021867532467532,0.0743614897668224,0.0030566233766233,0.007187231809963,0.0031140259740259,0.0509353835094236,32.68746701298701,0.0053029177652627,0.0528076623376623,0.0934053453424058,1.3255813953488371,0.5657245767937634,43.0
2024-06-30,IOSP,115.63801062107086,1.1209,1192.6,0.7217548076923076,2.6346,1.6217,1.2432,2787.444,0.1323,5.9419,0.2917,3.9346,0.0,0.0,0.0,-0.2014,-0.2014,0.0717,0.0936,0.5262,2.5387,20.2383,15.9902,0.1005,1.5985,2.6765,1.6271,6.1976,0.0885,0.1287,0.1287,0.1528,17.3327,0.7083,1131.2,0.0,0.0,0.0,3.349,Chemicals,-0.4583963421168569,-0.3269750232888194,-1.4033313280192512,-1.9264690964422864,0.0018131856225723,0.1098066528925716,0.0019648051948051,0.0097593292586444,0.0021867532467532,0.0743614897668224,0.0030566233766233,0.007187231809963,0.0031140259740259,0.0509353835094236,32.68746701298701,0.0053029177652627,0.0528076623376623,0.0934053453424058,1.3255813953488371,0.5657245767937634,43.0
2024-06-30,KODK,5.207500010728836,0.4502,1175.815,0.9028776978417268,2.3741,0.0216,0.2814,626.729,0.0034,-0.1619,0.2172,3.5372,0.192,0.2779,0.3853,0.1246,0.1726,0.0974,0.0075,0.0615,0.3604,6.5189,30.5472,0.1011,0.3997,0.3672,1.5396,7.0199,0.0276,0.0559,0.0402,-0.018,2.8896,0.7828,1153.815,0.3861,0.1925,0.2786,1.9938,Technology,-0.0046593496076245,-0.1220543487363958,-0.1835302652535377,0.0821892103205629,0.0081177702978299,-0.0573974022537323,0.006670909090909,0.3151934771954665,-0.0497948051948051,0.5553655916269373,0.0315637662337662,0.4941411326356124,0.0156950649350649,2.6423863463501296e-05,26.564551168831173,2.1631385783404252e-05,0.0281767532467532,0.0001486856928032,1.032258064516129,0.6046415449251419,31.0
2024-06-30,KODK,5.207500010728836,0.4502,1175.815,0.9028776978417268,2.3741,0.0216,0.2814,626.729,0.0034,-0.1619,0.2172,3.5372,0.192,0.2779,0.3853,0.1246,0.1726,0.0974,0.0075,0.0615,0.3604,6.5189,30.5472,0.1011,0.3997,0.3672,1.5396,7.0199,0.0276,0.0559,0.0402,-0.018,2.8896,0.7828,1153.815,0.3861,0.1925,0.2786,1.9938,Technology,-0.0046593496076245,-0.1220543487363958,-0.1835302652535377,0.0821892103205629,0.0081177702978299,-0.0573974022537323,0.006670909090909,0.3151934771954665,-0.0497948051948051,0.5553655916269373,0.0315637662337662,0.4941411326356124,0.0156950649350649,2.6423863463501296e-05,26.564551168831173,2.1631385783404252e-05,0.0281767532467532,0.0001486856928032,1.032258064516129,0.6046415449251419,31.0
2024-06-30,KODK,5.207500010728836,0.4502,1175.815,0.9028776978417268,2.3741,0.0216,0.2814,626.729,0.0034,-0.1619,0.2172,3.5372,0.192,0.2779,0.3853,0.1246,0.1726,0.0974,0.0075,0.0615,0.3604,6.5189,30.5472,0.1011,0.3997,0.3672,1.5396,7.0199,0.0276,0.0559,0.0402,-0.018,2.8896,0.7828,1153.815,0.3861,0.1925,0.2786,1.9938,Technology,-0.0046593496076245,-0.1220543487363958,-0.1835302652535377,0.0821892103205629,0.0081177702978299,-0.0573974022537323,0.006670909090909,0.3151934771954665,-0.0497948051948051,0.5553655916269373,0.0315637662337662,0.4941411326356124,0.0156950649350649,2.6423863463501296e-05,26.564551168831173,2.1631385783404252e-05,0.0281767532467532,0.0001486856928032,1.032258064516129,0.6046415449251419,31.0
2024-06-30,KW,10.358159363269806,0.0714,1669.5,0.6505147319843806,0.7471,0.1548,-0.3503,6193.1488,0.2693,-1.6809,0.7197,0.0163,0.6966,0.7577,3.1276,0.7045,2.9081,-0.3652,0.1614,1.2045,0.8015,105.4781,23.6106,-0.4553,2.4339,0.8024,0.724,13.5086,-0.0427,-0.1832,-0.0465,0.0109,0.9594,0.2803,1667.7,3.1276,0.6966,0.7577,1.2866,Real Estate,1.755200455540331,3.9854330784122056,1.3463304507538072,-0.8351221817199944,0.5543900236915383,0.2960581731766965,-0.0025615584415584,0.0051883841416979,-0.0119936363636363,0.0021546270594073,-0.0027883116883116,0.0051676405848797,0.0007211688311688,0.0665210162361743,-22.88565155844157,0.3681845434905118,0.0152133766233766,0.0100070691911946,1.024390243902439,0.473698473612106,41.0
2024-06-30,KW,10.358159363269806,0.0714,1669.5,0.6505147319843806,0.7471,0.1548,-0.3503,6193.1488,0.2693,-1.6809,0.7197,0.0163,0.6966,0.7577,3.1276,0.7045,2.9081,-0.3652,0.1614,1.2045,0.8015,105.4781,23.6106,-0.4553,2.4339,0.8024,0.724,13.5086,-0.0427,-0.1832,-0.0465,0.0109,0.9594,0.2803,1667.7,3.1276,0.6966,0.7577,1.2866,Real Estate,1.755200455540331,3.9854330784122056,1.3463304507538072,-0.8351221817199944,0.5543900236915383,0.2960581731766965,-0.0025615584415584,0.0051883841416979,-0.0119936363636363,0.0021546270594073,-0.0027883116883116,0.0051676405848797,0.0007211688311688,0.0665210162361743,-22.88565155844157,0.3681845434905118,0.0152133766233766,0.0100070691911946,1.024390243902439,0.473698473612106,41.0
2024-06-30,KW,10.358159363269806,0.0714,1669.5,0.6505147319843806,0.7471,0.1548,-0.3503,6193.1488,0.2693,-1.6809,0.7197,0.0163,0.6966,0.7577,3.1276,0.7045,2.9081,-0.3652,0.1614,1.2045,0.8015,105.4781,23.6106,-0.4553,2.4339,0.8024,0.724,13.5086,-0.0427,-0.1832,-0.0465,0.0109,0.9594,0.2803,1667.7,3.1276,0.6966,0.7577,1.2866,Real Estate,1.755200455540331,3.9854330784122056,1.3463304507538072,-0.8351221817199944,0.5543900236915383,0.2960581731766965,-0.0025615584415584,0.0051883841416979,-0.0119936363636363,0.0021546270594073,-0.0027883116883116,0.0051676405848797,0.0007211688311688,0.0665210162361743,-22.88565155844157,0.3681845434905118,0.0152133766233766,0.0100070691911946,1.024390243902439,0.473698473612106,41.0
2024-06-30,LEU,41.80781227350235,0.5423,76.6,0.582798459563543,1.5212,1.3004,1.8859,626.9395,0.087,0.1781,0.1931,1.1808,0.1687,0.4537,1.4713,-0.2222,-0.7206,0.1619,0.1116,0.9562,8.9052,7.6645,14.9793,0.209,1.7599,16.2414,1.0198,3.1385,0.1245,1.6987,0.3766,0.2009,11.648,0.8069,42.0,2.2428,0.2571,0.6916,1.1295,Energy,-0.003406032542314,11.875801514022262,5.137882539606221,2.0877170494550015,0.0089970299900797,0.9669914899006448,0.0091693506493506,0.0559430743837658,0.2784861038961039,0.0257328094132903,0.0364080519480519,0.0531457844312055,0.0330788311688311,0.06764222056126,36.700276363636355,2.176253069317046e-08,0.0110605194805194,0.8363803777169753,1.125,0.3535533905932738,8.0
2024-06-30,LEU,41.80781227350235,0.5423,76.6,0.582798459563543,1.5212,1.3004,1.8859,626.9395,0.087,0.1781,0.1931,1.1808,0.1687,0.4537,1.4713,-0.2222,-0.7206,0.1619,0.1116,0.9562,8.9052,7.6645,14.9793,0.209,1.7599,16.2414,1.0198,3.1385,0.1245,1.6987,0.3766,0.2009,11.648,0.8069,42.0,2.2428,0.2571,0.6916,1.1295,Energy,-0.003406032542314,11.875801514022262,5.137882539606221,2.0877170494550015,0.0089970299900797,0.9669914899006448,0.0091693506493506,0.0559430743837658,0.2784861038961039,0.0257328094132903,0.0364080519480519,0.0531457844312055,0.0330788311688311,0.06764222056126,36.700276363636355,2.176253069317046e-08,0.0110605194805194,0.8363803777169753,1.125,0.3535533905932738,8.0
2024-06-30,LINK,3.993234377354383,0.8552,11.669,2.75,5.7604,-0.0317,-0.0311,36.4675,0.1262,-0.0059,0.4503,2.6082,0.1739,0.2217,0.2848,-0.3394,-0.3394,-0.1059,-0.108,0.2392,3.4645,46.5317,84.0831,-0.1025,3.1996,4.2926,3.7757,6.973,-0.1097,-0.1295,-0.1295,-0.1387,0.2939,0.5497,9.418,0.0,0.0,0.0,5.5369,Electrical Equipment,0.4082643397803658,0.2805060632631064,0.3553514000021953,0.416629808772573,0.0056800695575779,-0.3388052971727259,0.0011358441558441,0.6174317772960507,0.0011672727272727,0.6510308767462276,0.0011664935064935,0.6511387255151181,-0.0042414285714285,0.0046849423593502,2.1366972727272735,0.0033497568707402,-0.0024171428571428,0.0266559587629575,1.25,0.5,4.0
2024-06-30,LINK,3.993234377354383,0.8552,11.669,2.75,5.7604,-0.0317,-0.0311,36.4675,0.1262,-0.0059,0.4503,2.6082,0.1739,0.2217,0.2848,-0.3394,-0.3394,-0.1059,-0.108,0.2392,3.4645,46.5317,84.0831,-0.1025,3.1996,4.2926,3.7757,6.973,-0.1097,-0.1295,-0.1295,-0.1387,0.2939,0.5497,9.418,0.0,0.0,0.0,5.5369,Electrical Equipment,0.4082643397803658,0.2805060632631064,0.3553514000021953,0.416629808772573,0.0056800695575779,-0.3388052971727259,0.0011358441558441,0.6174317772960507,0.0011672727272727,0.6510308767462276,0.0011664935064935,0.6511387255151181,-0.0042414285714285,0.0046849423593502,2.1366972727272735,0.0033497568707402,-0.0024171428571428,0.0266559587629575,1.25,0.5,4.0
2024-06-30,LKQ,40.72796833515167,0.954,6129.0,0.0950413223140495,1.751,1.2387,0.6965,14985.3,0.0358,2.8425,0.3899,3.0583,0.2796,0.4079,0.6939,0.3857,0.6561,0.0499,0.0887,0.4327,1.7889,15.0609,14.5996,0.0717,0.757,2.2394,0.5634,11.0684,0.048,0.1193,0.0701,0.1158,13.9721,0.6101,4896.0,0.7011,0.2825,0.4121,1.6749,Distributors,-0.2810421981514784,-0.4089117395029991,-0.2420281634565587,-0.4729978118161925,1.2987727377594336,0.723518588826261,0.0018523376623376,0.0127359685630523,0.0038418181818181,0.0058604717177213,0.0029418181818181,0.0116410721609563,0.0033057142857142,0.0087281590019091,296.52355844155846,0.0004931322657251,0.0301272727272727,0.0069322393509646,1.04,0.4546060565661953,25.0
2024-06-30,LKQ,40.72796833515167,0.954,6129.0,0.0950413223140495,1.751,1.2387,0.6965,14985.3,0.0358,2.8425,0.3899,3.0583,0.2796,0.4079,0.6939,0.3857,0.6561,0.0499,0.0887,0.4327,1.7889,15.0609,14.5996,0.0717,0.757,2.2394,0.5634,11.0684,0.048,0.1193,0.0701,0.1158,13.9721,0.6101,4896.0,0.7011,0.2825,0.4121,1.6749,Distributors,-0.2810421981514784,-0.4089117395029991,-0.2420281634565587,-0.4729978118161925,1.2987727377594336,0.723518588826261,0.0018523376623376,0.0127359685630523,0.0038418181818181,0.0058604717177213,0.0029418181818181,0.0116410721609563,0.0033057142857142,0.0087281590019091,296.52355844155846,0.0004931322657251,0.0301272727272727,0.0069322393509646,1.04,0.4546060565661953,25.0
2024-06-30,MATX,130.8454166650772,0.7461,2398.5,0.2877673224978614,0.9345,3.6433,3.3099,4575.9146,0.281,10.753,0.2366,88.4732,0.0866,0.1318,0.1543,0.086,0.1007,0.1336,0.147,0.1348,1.8071,13.0712,11.4064,0.1689,1.3605,1.9442,0.9345,10.745,0.0777,0.1387,0.1178,0.1311,24.7778,0.7634,2229.4,0.1708,0.0959,0.1459,2.2789,Marine,0.5825072886297377,0.609819247679531,0.7395884199511685,0.7280636801184746,1.0996471245449309,0.9606957856741046,0.0059193506493506,0.1598138767526126,0.0071188311688311,0.4389982307588648,0.0089210389610389,0.1885689337729075,0.0094305194805194,0.2730446465189043,72.87586987012989,0.0126631142050315,0.1307320779220779,0.3567565949591851,1.2352941176470589,0.4727889717037676,51.0
2024-06-30,MATX,130.8454166650772,0.7461,2398.5,0.2877673224978614,0.9345,3.6433,3.3099,4575.9146,0.281,10.753,0.2366,88.4732,0.0866,0.1318,0.1543,0.086,0.1007,0.1336,0.147,0.1348,1.8071,13.0712,11.4064,0.1689,1.3605,1.9442,0.9345,10.745,0.0777,0.1387,0.1178,0.1311,24.7778,0.7634,2229.4,0.1708,0.0959,0.1459,2.2789,Marine,0.5825072886297377,0.609819247679531,0.7395884199511685,0.7280636801184746,1.0996471245449309,0.9606957856741046,0.0059193506493506,0.1598138767526126,0.0071188311688311,0.4389982307588648,0.0089210389610389,0.1885689337729075,0.0094305194805194,0.2730446465189043,72.87586987012989,0.0126631142050315,0.1307320779220779,0.3567565949591851,1.2352941176470589,0.4727889717037676,51.0
2024-06-30,MATX,130.8454166650772,0.7461,2398.5,0.2877673224978614,0.9345,3.6433,3.3099,4575.9146,0.281,10.753,0.2366,88.4732,0.0866,0.1318,0.1543,0.086,0.1007,0.1336,0.147,0.1348,1.8071,13.0712,11.4064,0.1689,1.3605,1.9442,0.9345,10.745,0.0777,0.1387,0.1178,0.1311,24.7778,0.7634,2229.4,0.1708,0.0959,0.1459,2.2789,Marine,0.5825072886297377,0.609819247679531,0.7395884199511685,0.7280636801184746,1.0996471245449309,0.9606957856741046,0.0059193506493506,0.1598138767526126,0.0071188311688311,0.4389982307588648,0.0089210389610389,0.1885689337729075,0.0094305194805194,0.2730446465189043,72.87586987012989,0.0126631142050315,0.1307320779220779,0.3567565949591851,1.2352941176470589,0.4727889717037676,51.0
2024-06-30,MGIC,10.861875042319298,1.0,268.944,0.6823235588686468,1.6581,0.3063,0.1857,471.8924,0.0927,1.2809,0.2851,112.4,0.0739,0.108,0.1449,-0.044,-0.0591,0.0669,0.1104,1.1458,1.8137,14.5337,7.7562,0.1013,0.9344,9.5383,1.6581,3.9084,0.0643,0.127,0.091,0.1512,2.775,0.7149,51.139,0.3412,0.1741,0.2544,2.0423,Technology,-0.010854934049647,-0.2772969998125631,-0.4154540830366151,-0.6903893666927288,0.0061122336903058,-0.813927051403621,0.0013022077922077,5.808655016494565e-06,0.0039846753246753,6.805101635054471e-08,0.0019336363636363,0.0002697166098664,0.0026590909090909,0.000732738739559,8.021250519480516,0.2381433975293454,0.007580909090909,5.307481910754691e-06,1.0555555555555556,0.3333333333333334,36.0
2024-06-30,MGIC,10.861875042319298,1.0,268.944,0.6823235588686468,1.6581,0.3063,0.1857,471.8924,0.0927,1.2809,0.2851,112.4,0.0739,0.108,0.1449,-0.044,-0.0591,0.0669,0.1104,1.1458,1.8137,14.5337,7.7562,0.1013,0.9344,9.5383,1.6581,3.9084,0.0643,0.127,0.091,0.1512,2.775,0.7149,51.139,0.3412,0.1741,0.2544,2.0423,Technology,-0.010854934049647,-0.2772969998125631,-0.4154540830366151,-0.6903893666927288,0.0061122336903058,-0.813927051403621,0.0013022077922077,5.808655016494565e-06,0.0039846753246753,6.805101635054471e-08,0.0019336363636363,0.0002697166098664,0.0026590909090909,0.000732738739559,8.021250519480516,0.2381433975293454,0.007580909090909,5.307481910754691e-06,1.0555555555555556,0.3333333333333334,36.0
2024-06-30,MGIC,10.861875042319298,1.0,268.944,0.6823235588686468,1.6581,0.3063,0.1857,471.8924,0.0927,1.2809,0.2851,112.4,0.0739,0.108,0.1449,-0.044,-0.0591,0.0669,0.1104,1.1458,1.8137,14.5337,7.7562,0.1013,0.9344,9.5383,1.6581,3.9084,0.0643,0.127,0.091,0.1512,2.775,0.7149,51.139,0.3412,0.1741,0.2544,2.0423,Technology,-0.010854934049647,-0.2772969998125631,-0.4154540830366151,-0.6903893666927288,0.0061122336903058,-0.813927051403621,0.0013022077922077,5.808655016494565e-06,0.0039846753246753,6.805101635054471e-08,0.0019336363636363,0.0002697166098664,0.0026590909090909,0.000732738739559,8.021250519480516,0.2381433975293454,0.007580909090909,5.307481910754691e-06,1.0555555555555556,0.3333333333333334,36.0
2024-06-30,NC,27.871018797159195,0.3766,384.09,0.7621171754698995,2.8235,0.9962,0.8077,207.9664,0.1759,-8.8303,0.1341,2.5579,0.0518,0.0652,0.0756,-0.0033,-0.0038,0.1141,0.1407,0.3136,0.5453,7.9851,23.2424,0.119,1.0026,0.5536,1.7164,4.2366,-0.0671,-0.0945,-0.0853,-0.1412,7.0794,0.8659,378.326,0.1585,0.1087,0.1368,3.1827,Energy,0.0018357010730062,-0.6606600595014445,-1.1637317595018872,-1.4673252731858943,0.0029844665039113,0.7407850832351757,-0.0050306493506493,0.0310459754965302,-0.0076550649350649,0.017800004930585,-0.0071041558441558,0.0198330723760296,-0.0093218181818181,0.0233210198446379,-0.0451731168831168,0.9851879928566762,-0.1111,0.2696128830168689,1.2352941176470589,0.4372373160976031,17.0
2024-06-30,NC,27.871018797159195,0.3766,384.09,0.7621171754698995,2.8235,0.9962,0.8077,207.9664,0.1759,-8.8303,0.1341,2.5579,0.0518,0.0652,0.0756,-0.0033,-0.0038,0.1141,0.1407,0.3136,0.5453,7.9851,23.2424,0.119,1.0026,0.5536,1.7164,4.2366,-0.0671,-0.0945,-0.0853,-0.1412,7.0794,0.8659,378.326,0.1585,0.1087,0.1368,3.1827,Energy,0.0018357010730062,-0.6606600595014445,-1.1637317595018872,-1.4673252731858943,0.0029844665039113,0.7407850832351757,-0.0050306493506493,0.0310459754965302,-0.0076550649350649,0.017800004930585,-0.0071041558441558,0.0198330723760296,-0.0093218181818181,0.0233210198446379,-0.0451731168831168,0.9851879928566762,-0.1111,0.2696128830168689,1.2352941176470589,0.4372373160976031,17.0
2024-06-30,NC,27.871018797159195,0.3766,384.09,0.7621171754698995,2.8235,0.9962,0.8077,207.9664,0.1759,-8.8303,0.1341,2.5579,0.0518,0.0652,0.0756,-0.0033,-0.0038,0.1141,0.1407,0.3136,0.5453,7.9851,23.2424,0.119,1.0026,0.5536,1.7164,4.2366,-0.0671,-0.0945,-0.0853,-0.1412,7.0794,0.8659,378.326,0.1585,0.1087,0.1368,3.1827,Energy,0.0018357010730062,-0.6606600595014445,-1.1637317595018872,-1.4673252731858943,0.0029844665039113,0.7407850832351757,-0.0050306493506493,0.0310459754965302,-0.0076550649350649,0.017800004930585,-0.0071041558441558,0.0198330723760296,-0.0093218181818181,0.0233210198446379,-0.0451731168831168,0.9851879928566762,-0.1111,0.2696128830168689,1.2352941176470589,0.4372373160976031,17.0
2024-06-30,NGL,4.479218743741512,1.2907,744.985,0.0060944929795928,1.1454,0.5585,0.0731,3691.7186,0.0286,0.9552,0.1543,33.4584,0.6237,0.8003,4.0517,0.8011,4.0554,0.007,0.0533,22.5231,0.9,7.0209,2.3184,0.0041,0.0997,1.8538,0.8781,8.1813,-0.0294,-0.1372,-0.0388,0.0287,10.4689,0.8457,396.401,4.0625,0.6254,0.8025,1.1819,Energy,0.0008043161184259,-0.9591805308317268,-0.529341058249393,0.2982452927792859,0.0529788009196029,0.4153066341967934,0.001398961038961,0.4787057516388378,0.0044075324675324,0.5298946208933222,0.0015968831168831,0.5163218672347448,0.0027218181818181,0.2146365788766053,-41.74948454545454,0.0003708002838332,0.0352071428571428,0.2791237456768581,1.075,0.349908412925293,40.0
2024-06-30,NGL,4.479218743741512,1.2907,744.985,0.0060944929795928,1.1454,0.5585,0.0731,3691.7186,0.0286,0.9552,0.1543,33.4584,0.6237,0.8003,4.0517,0.8011,4.0554,0.007,0.0533,22.5231,0.9,7.0209,2.3184,0.0041,0.0997,1.8538,0.8781,8.1813,-0.0294,-0.1372,-0.0388,0.0287,10.4689,0.8457,396.401,4.0625,0.6254,0.8025,1.1819,Energy,0.0008043161184259,-0.9591805308317268,-0.529341058249393,0.2982452927792859,0.0529788009196029,0.4153066341967934,0.001398961038961,0.4787057516388378,0.0044075324675324,0.5298946208933222,0.0015968831168831,0.5163218672347448,0.0027218181818181,0.2146365788766053,-41.74948454545454,0.0003708002838332,0.0352071428571428,0.2791237456768581,1.075,0.349908412925293,40.0
2024-06-30,NGL,4.479218743741512,1.2907,744.985,0.0060944929795928,1.1454,0.5585,0.0731,3691.7186,0.0286,0.9552,0.1543,33.4584,0.6237,0.8003,4.0517,0.8011,4.0554,0.007,0.0533,22.5231,0.9,7.0209,2.3184,0.0041,0.0997,1.8538,0.8781,8.1813,-0.0294,-0.1372,-0.0388,0.0287,10.4689,0.8457,396.401,4.0625,0.6254,0.8025,1.1819,Energy,0.0008043161184259,-0.9591805308317268,-0.529341058249393,0.2982452927792859,0.0529788009196029,0.4153066341967934,0.001398961038961,0.4787057516388378,0.0044075324675324,0.5298946208933222,0.0015968831168831,0.5163218672347448,0.0027218181818181,0.2146365788766053,-41.74948454545454,0.0003708002838332,0.0352071428571428,0.2791237456768581,1.075,0.349908412925293,40.0
2024-06-30,NHC,124.44674897193909,0.9042,945.817,0.6279023670684767,2.0645,1.4477,1.7257,1548.9778,0.1424,5.7995,0.4011,107.4983,0.0,0.0,0.0,-0.144,-0.144,0.0893,0.0749,0.3943,1.7817,18.347,18.8405,0.1217,1.4194,1.7951,1.9935,11.2723,0.07,0.1003,0.1002,0.0789,19.3279,0.5989,938.779,0.0,0.0,0.0,3.4013,Health Care,-0.7237858246095759,-0.1505666406808708,-0.2064599997347022,-0.1676355290262044,0.1733504342126616,6.317083857651116,-0.0002436363636363,0.841496744803552,-0.0010970129870129,0.582570386058388,-0.0007445454545454,0.7052244910976802,-0.0003851948051948,0.3938893774821279,2.9104929870129856,0.7072838382584246,0.0149038961038961,0.1832075423798317,1.0909090909090908,0.2942449431682498,22.0
2024-06-30,NHC,124.44674897193909,0.9042,945.817,0.6279023670684767,2.0645,1.4477,1.7257,1548.9778,0.1424,5.7995,0.4011,107.4983,0.0,0.0,0.0,-0.144,-0.144,0.0893,0.0749,0.3943,1.7817,18.347,18.8405,0.1217,1.4194,1.7951,1.9935,11.2723,0.07,0.1003,0.1002,0.0789,19.3279,0.5989,938.779,0.0,0.0,0.0,3.4013,Health Care,-0.7237858246095759,-0.1505666406808708,-0.2064599997347022,-0.1676355290262044,0.1733504342126616,6.317083857651116,-0.0002436363636363,0.841496744803552,-0.0010970129870129,0.582570386058388,-0.0007445454545454,0.7052244910976802,-0.0003851948051948,0.3938893774821279,2.9104929870129856,0.7072838382584246,0.0149038961038961,0.1832075423798317,1.0909090909090908,0.2942449431682498,22.0
2024-06-30,NHC,124.44674897193909,0.9042,945.817,0.6279023670684767,2.0645,1.4477,1.7257,1548.9778,0.1424,5.7995,0.4011,107.4983,0.0,0.0,0.0,-0.144,-0.144,0.0893,0.0749,0.3943,1.7817,18.347,18.8405,0.1217,1.4194,1.7951,1.9935,11.2723,0.07,0.1003,0.1002,0.0789,19.3279,0.5989,938.779,0.0,0.0,0.0,3.4013,Health Care,-0.7237858246095759,-0.1505666406808708,-0.2064599997347022,-0.1676355290262044,0.1733504342126616,6.317083857651116,-0.0002436363636363,0.841496744803552,-0.0010970129870129,0.582570386058388,-0.0007445454545454,0.7052244910976802,-0.0003851948051948,0.3938893774821279,2.9104929870129856,0.7072838382584246,0.0149038961038961,0.1832075423798317,1.0909090909090908,0.2942449431682498,22.0
2024-06-30,NHTC,6.553704395890236,0.6073,39.37,1.2378966542038157,3.007,-0.0207,0.0151,51.4526,0.0743,-0.2671,0.7423,2.2348,0.0,0.0,0.0,-0.656,-0.656,0.0165,-0.0227,10.3611,1.9629,90.121,42.13,0.0268,1.8639,0.7957,2.7722,1990.0667,0.007,0.0117,0.0117,-0.0386,0.9122,0.2577,3.9,0.0,0.0,0.0,2.3927,Consumer products,-0.0032845965582692,0.0562097936513516,-0.0630860479490787,0.2224017875336392,0.0062764870974424,-0.0255354188286705,-0.0014416883116883,0.2978641678600898,-0.0027076623376623,0.2545120437610403,-0.0027076623376623,0.2545120437610403,-0.0042845454545454,0.100977480129969,1.8378454545454543,0.0307509958752496,0.0025133766233766,0.4301821549676019,1.0625,0.2499999999999999,16.0
2024-06-30,NHTC,6.553704395890236,0.6073,39.37,1.2378966542038157,3.007,-0.0207,0.0151,51.4526,0.0743,-0.2671,0.7423,2.2348,0.0,0.0,0.0,-0.656,-0.656,0.0165,-0.0227,10.3611,1.9629,90.121,42.13,0.0268,1.8639,0.7957,2.7722,1990.0667,0.007,0.0117,0.0117,-0.0386,0.9122,0.2577,3.9,0.0,0.0,0.0,2.3927,Consumer products,-0.0032845965582692,0.0562097936513516,-0.0630860479490787,0.2224017875336392,0.0062764870974424,-0.0255354188286705,-0.0014416883116883,0.2978641678600898,-0.0027076623376623,0.2545120437610403,-0.0027076623376623,0.2545120437610403,-0.0042845454545454,0.100977480129969,1.8378454545454543,0.0307509958752496,0.0025133766233766,0.4301821549676019,1.0625,0.2499999999999999,16.0
2024-06-30,NPO,155.18976712226868,0.4096,1430.4,0.9943470887507068,2.7179,2.2749,1.2654,3455.1476,0.1376,6.8373,0.4377,4.0908,0.2575,0.3104,0.454,0.2321,0.3395,0.0982,0.1765,0.3958,2.076,69.7077,20.4374,0.1339,2.8853,4.9666,1.7643,7.5372,0.017,0.0301,0.0205,0.0619,12.8863,0.5623,597.9,0.4625,0.2623,0.3162,2.3105,Machinery,-0.0416912882724858,-0.0550123366535684,-0.0486821344330198,-0.1578438920572961,0.4765352223799638,2.075596397564716,-0.0007618181818181,0.6027056200101948,-0.0017322077922077,0.5682481442398089,-0.0012624675324675,0.5057708998427144,-7.15584415584416e-05,0.9059421206324758,116.00612935064936,2.6327033225340413e-07,0.0357180519480519,0.3871785832300115,1.0833333333333333,0.5036101551853349,24.0
2024-06-30,NPO,155.18976712226868,0.4096,1430.4,0.9943470887507068,2.7179,2.2749,1.2654,3455.1476,0.1376,6.8373,0.4377,4.0908,0.2575,0.3104,0.454,0.2321,0.3395,0.0982,0.1765,0.3958,2.076,69.7077,20.4374,0.1339,2.8853,4.9666,1.7643,7.5372,0.017,0.0301,0.0205,0.0619,12.8863,0.5623,597.9,0.4625,0.2623,0.3162,2.3105,Machinery,-0.0416912882724858,-0.0550123366535684,-0.0486821344330198,-0.1578438920572961,0.4765352223799638,2.075596397564716,-0.0007618181818181,0.6027056200101948,-0.0017322077922077,0.5682481442398089,-0.0012624675324675,0.5057708998427144,-7.15584415584416e-05,0.9059421206324758,116.00612935064936,2.6327033225340413e-07,0.0357180519480519,0.3871785832300115,1.0833333333333333,0.5036101551853349,24.0
2024-06-30,NPO,155.18976712226868,0.4096,1430.4,0.9943470887507068,2.7179,2.2749,1.2654,3455.1476,0.1376,6.8373,0.4377,4.0908,0.2575,0.3104,0.454,0.2321,0.3395,0.0982,0.1765,0.3958,2.076,69.7077,20.4374,0.1339,2.8853,4.9666,1.7643,7.5372,0.017,0.0301,0.0205,0.0619,12.8863,0.5623,597.9,0.4625,0.2623,0.3162,2.3105,Machinery,-0.0416912882724858,-0.0550123366535684,-0.0486821344330198,-0.1578438920572961,0.4765352223799638,2.075596397564716,-0.0007618181818181,0.6027056200101948,-0.0017322077922077,0.5682481442398089,-0.0012624675324675,0.5057708998427144,-7.15584415584416e-05,0.9059421206324758,116.00612935064936,2.6327033225340413e-07,0.0357180519480519,0.3871785832300115,1.0833333333333333,0.5036101551853349,24.0
2024-06-30,NSSC,48.71183717250824,0.9872,178.889,2.6964325880606417,7.592,0.3757,0.3641,1875.137,0.2739,1.1871,0.5532,2.4909,0.0,0.0,0.0,-0.3351,-0.3351,0.2689,0.2774,0.2533,10.8172,38.8413,44.2061,0.2926,10.248,11.0395,5.8343,6.5114,0.2605,0.3051,0.3051,0.3297,1.3541,0.4468,175.287,0.0,0.0,0.0,7.1979,Electrical Equipment,-0.9694882453307684,-0.6608679529079056,-0.8372024103526623,-0.990359394032569,0.2920657733595106,4.015430604031328,0.0056818181818181,0.0046277582270419,0.0062522077922077,0.0063317496388701,0.0063332467532467,0.0061479449383005,0.0066335064935064,0.0036878111585025,58.70951740259741,1.1115927921144817e-07,0.0152498701298701,3.0168585089913388e-05,1.208955223880597,0.4450847189644135,67.0
2024-06-30,NSSC,48.71183717250824,0.9872,178.889,2.6964325880606417,7.592,0.3757,0.3641,1875.137,0.2739,1.1871,0.5532,2.4909,0.0,0.0,0.0,-0.3351,-0.3351,0.2689,0.2774,0.2533,10.8172,38.8413,44.2061,0.2926,10.248,11.0395,5.8343,6.5114,0.2605,0.3051,0.3051,0.3297,1.3541,0.4468,175.287,0.0,0.0,0.0,7.1979,Electrical Equipment,-0.9694882453307684,-0.6608679529079056,-0.8372024103526623,-0.990359394032569,0.2920657733595106,4.015430604031328,0.0056818181818181,0.0046277582270419,0.0062522077922077,0.0063317496388701,0.0063332467532467,0.0061479449383005,0.0066335064935064,0.0036878111585025,58.70951740259741,1.1115927921144817e-07,0.0152498701298701,3.0168585089913388e-05,1.208955223880597,0.4450847189644135,67.0
2024-06-30,NSSC,48.71183717250824,0.9872,178.889,2.6964325880606417,7.592,0.3757,0.3641,1875.137,0.2739,1.1871,0.5532,2.4909,0.0,0.0,0.0,-0.3351,-0.3351,0.2689,0.2774,0.2533,10.8172,38.8413,44.2061,0.2926,10.248,11.0395,5.8343,6.5114,0.2605,0.3051,0.3051,0.3297,1.3541,0.4468,175.287,0.0,0.0,0.0,7.1979,Electrical Equipment,-0.9694882453307684,-0.6608679529079056,-0.8372024103526623,-0.990359394032569,0.2920657733595106,4.015430604031328,0.0056818181818181,0.0046277582270419,0.0062522077922077,0.0063317496388701,0.0063332467532467,0.0061479449383005,0.0066335064935064,0.0036878111585025,58.70951740259741,1.1115927921144817e-07,0.0152498701298701,3.0168585089913388e-05,1.208955223880597,0.4450847189644135,67.0
2024-06-30,NUS,9.227285549044607,1.0646,686.164,0.7266853104250582,2.1206,-2.5269,-2.38,750.618,0.0981,2.1543,0.6996,1.9402,0.2701,0.3743,0.6242,0.2045,0.3411,-0.2693,-0.286,1.2751,0.7528,17.5307,4.4517,-0.2998,0.2801,0.8642,0.9867,26.5769,-0.0858,-0.1892,-0.1168,-0.0999,8.8368,0.3004,597.7,0.668,0.289,0.4005,1.7626,Consumer products,0.040259769242786,-0.9089652101569,0.629782085508752,0.5755942635909471,0.0915647448740789,-3.117171489766557,-0.0057874025974025,0.0001347880628316,-0.0125944155844155,0.0001658527769878,-0.0084167532467532,0.0002023678373007,-0.0123893506493506,1.482649376339577e-06,-65.49398649350648,0.0016927415111152,-0.1039003896103896,0.0006905683720143,0.85,0.533493565673837,40.0
2024-06-30,NUS,9.227285549044607,1.0646,686.164,0.7266853104250582,2.1206,-2.5269,-2.38,750.618,0.0981,2.1543,0.6996,1.9402,0.2701,0.3743,0.6242,0.2045,0.3411,-0.2693,-0.286,1.2751,0.7528,17.5307,4.4517,-0.2998,0.2801,0.8642,0.9867,26.5769,-0.0858,-0.1892,-0.1168,-0.0999,8.8368,0.3004,597.7,0.668,0.289,0.4005,1.7626,Consumer products,0.040259769242786,-0.9089652101569,0.629782085508752,0.5755942635909471,0.0915647448740789,-3.117171489766557,-0.0057874025974025,0.0001347880628316,-0.0125944155844155,0.0001658527769878,-0.0084167532467532,0.0002023678373007,-0.0123893506493506,1.482649376339577e-06,-65.49398649350648,0.0016927415111152,-0.1039003896103896,0.0006905683720143,0.85,0.533493565673837,40.0
2024-06-30,NUS,9.227285549044607,1.0646,686.164,0.7266853104250582,2.1206,-2.5269,-2.38,750.618,0.0981,2.1543,0.6996,1.9402,0.2701,0.3743,0.6242,0.2045,0.3411,-0.2693,-0.286,1.2751,0.7528,17.5307,4.4517,-0.2998,0.2801,0.8642,0.9867,26.5769,-0.0858,-0.1892,-0.1168,-0.0999,8.8368,0.3004,597.7,0.668,0.289,0.4005,1.7626,Consumer products,0.040259769242786,-0.9089652101569,0.629782085508752,0.5755942635909471,0.0915647448740789,-3.117171489766557,-0.0057874025974025,0.0001347880628316,-0.0125944155844155,0.0001658527769878,-0.0084167532467532,0.0002023678373007,-0.0123893506493506,1.482649376339577e-06,-65.49398649350648,0.0016927415111152,-0.1039003896103896,0.0006905683720143,0.85,0.533493565673837,40.0
2024-06-30,NVGS,16.24146492779255,0.2555,1175.328,0.7421566367744252,1.1942,0.5423,0.3189,1967.9316,0.4594,3.159,0.574,21.324,0.3144,0.3411,0.5698,0.3309,0.5527,0.1584,0.2694,0.2437,1.1216,15.9453,5.9963,0.1909,2.3531,1.1219,1.0366,18.7049,0.0377,0.0696,0.0407,0.0714,2.0125,0.426,1175.044,0.6705,0.3701,0.4014,2.2316,Energy,-0.0010313849545802,0.4865813771566193,0.5552623987306777,0.7419760942313943,0.0282412252276746,0.4032601391672714,0.0025566233766233,1.5364503246588629e-07,0.0048314285714285,1.603263250047457e-07,0.0027281818181818,1.74649444096714e-07,0.0022293506493506,0.0020958154686902,35.00435636363636,3.3447819222957047e-06,0.0190684415584415,0.0110081682728735,1.0444444444444445,0.2981423969999719,45.0
2024-06-30,NVGS,16.24146492779255,0.2555,1175.328,0.7421566367744252,1.1942,0.5423,0.3189,1967.9316,0.4594,3.159,0.574,21.324,0.3144,0.3411,0.5698,0.3309,0.5527,0.1584,0.2694,0.2437,1.1216,15.9453,5.9963,0.1909,2.3531,1.1219,1.0366,18.7049,0.0377,0.0696,0.0407,0.0714,2.0125,0.426,1175.044,0.6705,0.3701,0.4014,2.2316,Energy,-0.0010313849545802,0.4865813771566193,0.5552623987306777,0.7419760942313943,0.0282412252276746,0.4032601391672714,0.0025566233766233,1.5364503246588629e-07,0.0048314285714285,1.603263250047457e-07,0.0027281818181818,1.74649444096714e-07,0.0022293506493506,0.0020958154686902,35.00435636363636,3.3447819222957047e-06,0.0190684415584415,0.0110081682728735,1.0444444444444445,0.2981423969999719,45.0
2024-06-30,NVGS,16.24146492779255,0.2555,1175.328,0.7421566367744252,1.1942,0.5423,0.3189,1967.9316,0.4594,3.159,0.574,21.324,0.3144,0.3411,0.5698,0.3309,0.5527,0.1584,0.2694,0.2437,1.1216,15.9453,5.9963,0.1909,2.3531,1.1219,1.0366,18.7049,0.0377,0.0696,0.0407,0.0714,2.0125,0.426,1175.044,0.6705,0.3701,0.4014,2.2316,Energy,-0.0010313849545802,0.4865813771566193,0.5552623987306777,0.7419760942313943,0.0282412252276746,0.4032601391672714,0.0025566233766233,1.5364503246588629e-07,0.0048314285714285,1.603263250047457e-07,0.0027281818181818,1.74649444096714e-07,0.0022293506493506,0.0020958154686902,35.00435636363636,3.3447819222957047e-06,0.0190684415584415,0.0110081682728735,1.0444444444444445,0.2981423969999719,45.0
2024-06-30,OI,11.976875007152556,0.7032,1503.0,0.3003581020590868,1.2619,1.2136,0.3622,6146.3368,0.0521,-0.5986,0.1752,5.0137,0.498,0.6988,3.0925,0.6731,2.9787,0.033,0.1105,0.1322,1.1107,5.9061,4.2804,0.0602,0.2489,1.3072,0.6249,7.8479,-0.0304,-0.171,-0.0434,0.0278,10.986,0.8248,1277.0,3.4251,0.5515,0.774,1.1919,Packaging,-0.7676767676767676,-1.0021733291006327,-0.7959043325437458,0.2683829444891392,0.505686302988123,0.7936954318040613,0.0023333766233766,0.1272051262349403,-0.010935974025974,0.5717069082218993,0.0008010389610389,0.6897376243266286,0.0027777922077922,0.2011630462478711,-28.10598428571428,0.2472802244952408,0.0369931168831168,0.4771765160682223,1.0273972602739727,0.3716555581197172,73.0
2024-06-30,OI,11.976875007152556,0.7032,1503.0,0.3003581020590868,1.2619,1.2136,0.3622,6146.3368,0.0521,-0.5986,0.1752,5.0137,0.498,0.6988,3.0925,0.6731,2.9787,0.033,0.1105,0.1322,1.1107,5.9061,4.2804,0.0602,0.2489,1.3072,0.6249,7.8479,-0.0304,-0.171,-0.0434,0.0278,10.986,0.8248,1277.0,3.4251,0.5515,0.774,1.1919,Packaging,-0.7676767676767676,-1.0021733291006327,-0.7959043325437458,0.2683829444891392,0.505686302988123,0.7936954318040613,0.0023333766233766,0.1272051262349403,-0.010935974025974,0.5717069082218993,0.0008010389610389,0.6897376243266286,0.0027777922077922,0.2011630462478711,-28.10598428571428,0.2472802244952408,0.0369931168831168,0.4771765160682223,1.0273972602739727,0.3716555581197172,73.0
2024-06-30,OI,11.976875007152556,0.7032,1503.0,0.3003581020590868,1.2619,1.2136,0.3622,6146.3368,0.0521,-0.5986,0.1752,5.0137,0.498,0.6988,3.0925,0.6731,2.9787,0.033,0.1105,0.1322,1.1107,5.9061,4.2804,0.0602,0.2489,1.3072,0.6249,7.8479,-0.0304,-0.171,-0.0434,0.0278,10.986,0.8248,1277.0,3.4251,0.5515,0.774,1.1919,Packaging,-0.7676767676767676,-1.0021733291006327,-0.7959043325437458,0.2683829444891392,0.505686302988123,0.7936954318040613,0.0023333766233766,0.1272051262349403,-0.010935974025974,0.5717069082218993,0.0008010389610389,0.6897376243266286,0.0027777922077922,0.2011630462478711,-28.10598428571428,0.2472802244952408,0.0369931168831168,0.4771765160682223,1.0273972602739727,0.3716555581197172,73.0
2024-06-30,OLED,201.7627477645874,0.3692,1526.838,0.6108987559128678,6.3124,2.5035,2.2912,9805.402,0.3652,3.9444,1.5564,1.0712,0.0,0.0,0.0,-0.0608,-0.0608,0.6889,0.7527,0.2577,6.4828,35.4115,52.8875,0.8541,15.8834,6.8798,5.1819,5.3312,0.1656,0.1914,0.1914,0.2022,3.326,0.4862,1438.735,0.0,0.0,0.0,7.1141,Semiconductors,-1.916879994657525,-0.9612609741256918,-1.3031233429130686,-1.4910552849333134,0.0061648845889093,0.0573006852255578,0.0012270129870129,0.0339485205046812,4.2337662337661786e-05,0.9542692559947392,4.2337662337661786e-05,0.9542692559947392,0.0001810389610389,0.8605183945368315,-50.32347961038964,0.4469739457517859,0.0433841558441558,0.0053589611168142,1.3076923076923077,0.4706787243316417,26.0
2024-06-30,OLED,201.7627477645874,0.3692,1526.838,0.6108987559128678,6.3124,2.5035,2.2912,9805.402,0.3652,3.9444,1.5564,1.0712,0.0,0.0,0.0,-0.0608,-0.0608,0.6889,0.7527,0.2577,6.4828,35.4115,52.8875,0.8541,15.8834,6.8798,5.1819,5.3312,0.1656,0.1914,0.1914,0.2022,3.326,0.4862,1438.735,0.0,0.0,0.0,7.1141,Semiconductors,-1.916879994657525,-0.9612609741256918,-1.3031233429130686,-1.4910552849333134,0.0061648845889093,0.0573006852255578,0.0012270129870129,0.0339485205046812,4.2337662337661786e-05,0.9542692559947392,4.2337662337661786e-05,0.9542692559947392,0.0001810389610389,0.8605183945368315,-50.32347961038964,0.4469739457517859,0.0433841558441558,0.0053589611168142,1.3076923076923077,0.4706787243316417,26.0
2024-06-30,PAHC,19.133617222309113,1.0441,256.641,0.3458912161764994,2.9439,0.454,0.0185,1107.6525,0.0064,1.1445,0.319,2.5907,0.4666,0.6154,1.7857,0.5606,1.6267,0.0028,0.0674,1.3979,2.6893,283.9085,12.6583,0.0235,0.6782,3.2616,1.6414,6.1128,0.0025,0.0091,0.0032,0.0711,6.734,0.681,211.608,1.9018,0.4969,0.6554,1.3537,Pharmaceuticals,-0.004259190386367,-0.0109267180213177,-0.0057375209546151,-0.1324067176813164,0.0273534340195659,3.040061939587976,-0.0024253246753246,7.068205746622806e-05,-0.0089837662337662,4.805361067931682e-05,-0.0032787012987012,6.076865311322925e-05,-0.0029610389610389,9.104951562687636e-07,-23.517741818181815,5.5053742372508494e-05,-0.0002871428571428,0.9541157032750522,1.181818181818182,0.390153653257413,44.0
2024-06-30,PAHC,19.133617222309113,1.0441,256.641,0.3458912161764994,2.9439,0.454,0.0185,1107.6525,0.0064,1.1445,0.319,2.5907,0.4666,0.6154,1.7857,0.5606,1.6267,0.0028,0.0674,1.3979,2.6893,283.9085,12.6583,0.0235,0.6782,3.2616,1.6414,6.1128,0.0025,0.0091,0.0032,0.0711,6.734,0.681,211.608,1.9018,0.4969,0.6554,1.3537,Pharmaceuticals,-0.004259190386367,-0.0109267180213177,-0.0057375209546151,-0.1324067176813164,0.0273534340195659,3.040061939587976,-0.0024253246753246,7.068205746622806e-05,-0.0089837662337662,4.805361067931682e-05,-0.0032787012987012,6.076865311322925e-05,-0.0029610389610389,9.104951562687636e-07,-23.517741818181815,5.5053742372508494e-05,-0.0002871428571428,0.9541157032750522,1.181818181818182,0.390153653257413,44.0
2024-06-30,PAHC,19.133617222309113,1.0441,256.641,0.3458912161764994,2.9439,0.454,0.0185,1107.6525,0.0064,1.1445,0.319,2.5907,0.4666,0.6154,1.7857,0.5606,1.6267,0.0028,0.0674,1.3979,2.6893,283.9085,12.6583,0.0235,0.6782,3.2616,1.6414,6.1128,0.0025,0.0091,0.0032,0.0711,6.734,0.681,211.608,1.9018,0.4969,0.6554,1.3537,Pharmaceuticals,-0.004259190386367,-0.0109267180213177,-0.0057375209546151,-0.1324067176813164,0.0273534340195659,3.040061939587976,-0.0024253246753246,7.068205746622806e-05,-0.0089837662337662,4.805361067931682e-05,-0.0032787012987012,6.076865311322925e-05,-0.0029610389610389,9.104951562687636e-07,-23.517741818181815,5.5053742372508494e-05,-0.0002871428571428,0.9541157032750522,1.181818181818182,0.390153653257413,44.0
2024-06-30,PATK,83.31055748462677,1.2785,1098.504,0.1176448549109233,2.2852,2.5468,1.44,3743.0335,0.1186,10.4437,0.2275,5.2546,0.4364,0.5424,1.1933,0.5273,1.1601,0.0471,0.0833,0.3001,2.2473,16.0987,7.0345,0.0633,0.6862,12.6581,0.7923,15.6781,0.0545,0.1449,0.0675,0.1199,30.5724,0.7725,209.783,1.2001,0.4389,0.5455,1.5765,Auto Components,-0.6187641918392623,-0.7017258078717972,-1.8627696939287508,-43.48021978021981,0.0053684310015983,0.5485486478566016,0.0001827272727272,0.8493660511429724,0.000171948051948,0.9632259296912772,0.0001503896103896,0.905976965804094,7.71428571428578e-05,0.9625024828160416,97.23283987012984,6.699936915221533e-07,0.0664933766233766,0.0707850010857331,1.2439024390243902,0.4347693529262412,41.0
2024-06-30,PATK,83.31055748462677,1.2785,1098.504,0.1176448549109233,2.2852,2.5468,1.44,3743.0335,0.1186,10.4437,0.2275,5.2546,0.4364,0.5424,1.1933,0.5273,1.1601,0.0471,0.0833,0.3001,2.2473,16.0987,7.0345,0.0633,0.6862,12.6581,0.7923,15.6781,0.0545,0.1449,0.0675,0.1199,30.5724,0.7725,209.783,1.2001,0.4389,0.5455,1.5765,Auto Components,-0.6187641918392623,-0.7017258078717972,-1.8627696939287508,-43.48021978021981,0.0053684310015983,0.5485486478566016,0.0001827272727272,0.8493660511429724,0.000171948051948,0.9632259296912772,0.0001503896103896,0.905976965804094,7.71428571428578e-05,0.9625024828160416,97.23283987012984,6.699936915221533e-07,0.0664933766233766,0.0707850010857331,1.2439024390243902,0.4347693529262412,41.0
2024-06-30,PATK,83.31055748462677,1.2785,1098.504,0.1176448549109233,2.2852,2.5468,1.44,3743.0335,0.1186,10.4437,0.2275,5.2546,0.4364,0.5424,1.1933,0.5273,1.1601,0.0471,0.0833,0.3001,2.2473,16.0987,7.0345,0.0633,0.6862,12.6581,0.7923,15.6781,0.0545,0.1449,0.0675,0.1199,30.5724,0.7725,209.783,1.2001,0.4389,0.5455,1.5765,Auto Components,-0.6187641918392623,-0.7017258078717972,-1.8627696939287508,-43.48021978021981,0.0053684310015983,0.5485486478566016,0.0001827272727272,0.8493660511429724,0.000171948051948,0.9632259296912772,0.0001503896103896,0.905976965804094,7.71428571428578e-05,0.9625024828160416,97.23283987012984,6.699936915221533e-07,0.0664933766233766,0.0707850010857331,1.2439024390243902,0.4347693529262412,41.0
2024-06-30,PECO,35.15175983309746,0.13,2279.618,0.0597527937690484,0.1897,0.2979,0.1119,6025.9257,0.3112,1.6923,0.7098,22.4895,0.4162,0.4725,0.8959,0.4709,0.8929,0.0945,0.2516,2.3906,1.7505,68.0114,20.7112,0.1052,6.3365,1.8699,0.0598,108.5333,0.0121,0.0257,0.0138,0.0366,1.1838,0.2902,2292.818,0.896,0.4162,0.4726,1.8677,Real Estate,-0.4973753047315692,-0.5590918674410136,-0.3995561337720976,-2.8041717294451187,0.5394207695423772,0.5697398565202707,0.0011256390977443,6.157607684984858e-08,0.0025388721804511,6.711165386480942e-07,0.0012882706766917,7.478844896397866e-08,0.0018302255639097,3.359567994143812e-09,199.5534763909775,3.6246620087647426e-05,0.011668947368421,0.0006118763067348,1.0816326530612246,0.3437983113855631,49.0
2024-06-30,PECO,35.15175983309746,0.13,2279.618,0.0597527937690484,0.1897,0.2979,0.1119,6025.9257,0.3112,1.6923,0.7098,22.4895,0.4162,0.4725,0.8959,0.4709,0.8929,0.0945,0.2516,2.3906,1.7505,68.0114,20.7112,0.1052,6.3365,1.8699,0.0598,108.5333,0.0121,0.0257,0.0138,0.0366,1.1838,0.2902,2292.818,0.896,0.4162,0.4726,1.8677,Real Estate,-0.4973753047315692,-0.5590918674410136,-0.3995561337720976,-2.8041717294451187,0.5394207695423772,0.5697398565202707,0.0011256390977443,6.157607684984858e-08,0.0025388721804511,6.711165386480942e-07,0.0012882706766917,7.478844896397866e-08,0.0018302255639097,3.359567994143812e-09,199.5534763909775,3.6246620087647426e-05,0.011668947368421,0.0006118763067348,1.0816326530612246,0.3437983113855631,49.0
2024-06-30,PECO,35.15175983309746,0.13,2279.618,0.0597527937690484,0.1897,0.2979,0.1119,6025.9257,0.3112,1.6923,0.7098,22.4895,0.4162,0.4725,0.8959,0.4709,0.8929,0.0945,0.2516,2.3906,1.7505,68.0114,20.7112,0.1052,6.3365,1.8699,0.0598,108.5333,0.0121,0.0257,0.0138,0.0366,1.1838,0.2902,2292.818,0.896,0.4162,0.4726,1.8677,Real Estate,-0.4973753047315692,-0.5590918674410136,-0.3995561337720976,-2.8041717294451187,0.5394207695423772,0.5697398565202707,0.0011256390977443,6.157607684984858e-08,0.0025388721804511,6.711165386480942e-07,0.0012882706766917,7.478844896397866e-08,0.0018302255639097,3.359567994143812e-09,199.5534763909775,3.6246620087647426e-05,0.011668947368421,0.0006118763067348,1.0816326530612246,0.3437983113855631,49.0
2024-06-30,PINC,19.53569787740707,0.3728,1962.231,0.1676295235633161,1.0074,0.7764,0.5742,2576.1668,0.2647,2.0506,0.6732,4.5755,0.1762,0.2207,0.3055,0.2314,0.3204,0.1732,0.2342,0.6037,0.9925,32.0679,6.7236,0.2459,1.4465,1.1504,0.8018,3.1632,0.0331,0.0554,0.0411,0.044,3.315,0.3268,1692.972,0.3841,0.2216,0.2775,2.3634,Health Care,-0.3422472970653851,-0.0831644256602217,-0.0846856885139347,-0.0934849591527629,0.2883060256798019,3.387845483926453,-0.0006023376623376,0.3511104760808847,-0.0010872727272727,0.2955667436608732,-0.0015085714285714,0.0649876945022285,-0.0084812987012987,1.2801090017081373e-08,-67.6953287012987,0.0099074884592314,-0.0367107792207792,0.0141094428487445,1.098360655737705,0.3002730997379377,61.0
2024-06-30,PINC,19.53569787740707,0.3728,1962.231,0.1676295235633161,1.0074,0.7764,0.5742,2576.1668,0.2647,2.0506,0.6732,4.5755,0.1762,0.2207,0.3055,0.2314,0.3204,0.1732,0.2342,0.6037,0.9925,32.0679,6.7236,0.2459,1.4465,1.1504,0.8018,3.1632,0.0331,0.0554,0.0411,0.044,3.315,0.3268,1692.972,0.3841,0.2216,0.2775,2.3634,Health Care,-0.3422472970653851,-0.0831644256602217,-0.0846856885139347,-0.0934849591527629,0.2883060256798019,3.387845483926453,-0.0006023376623376,0.3511104760808847,-0.0010872727272727,0.2955667436608732,-0.0015085714285714,0.0649876945022285,-0.0084812987012987,1.2801090017081373e-08,-67.6953287012987,0.0099074884592314,-0.0367107792207792,0.0141094428487445,1.098360655737705,0.3002730997379377,61.0
2024-06-30,PINC,19.53569787740707,0.3728,1962.231,0.1676295235633161,1.0074,0.7764,0.5742,2576.1668,0.2647,2.0506,0.6732,4.5755,0.1762,0.2207,0.3055,0.2314,0.3204,0.1732,0.2342,0.6037,0.9925,32.0679,6.7236,0.2459,1.4465,1.1504,0.8018,3.1632,0.0331,0.0554,0.0411,0.044,3.315,0.3268,1692.972,0.3841,0.2216,0.2775,2.3634,Health Care,-0.3422472970653851,-0.0831644256602217,-0.0846856885139347,-0.0934849591527629,0.2883060256798019,3.387845483926453,-0.0006023376623376,0.3511104760808847,-0.0010872727272727,0.2955667436608732,-0.0015085714285714,0.0649876945022285,-0.0084812987012987,1.2801090017081373e-08,-67.6953287012987,0.0099074884592314,-0.0367107792207792,0.0141094428487445,1.098360655737705,0.3002730997379377,61.0
2024-06-30,PK,13.685997515916824,0.2879,3780.0,0.6622418879056047,0.969,0.5735,0.3033,7213.5283,0.0962,0.8616,0.6706,15.1664,0.4998,0.5479,1.2119,0.4942,1.0931,0.0933,0.1764,1.5392,0.8152,10.0704,17.1196,0.0802,1.158,0.8244,0.8584,19.9326,0.0331,0.0797,0.0366,0.0687,3.2512,0.3294,3738.0,1.2119,0.4998,0.5479,1.7018,Real Estate,-1.360588643521896,-1.7338374254882791,-1.0596923547868675,-5.263568246253542,0.6457309931155832,1.0968305059227097,0.0027087012987012,0.1286112338213498,0.0059981818181818,0.1010356663056313,0.0029031168831168,0.1280481135376465,0.0036833766233766,0.0511238365649299,-78.4922264935065,0.0968615718392029,0.0616372727272727,0.0372447424513794,1.1355932203389831,0.4718864240414455,59.0
2024-06-30,PK,13.685997515916824,0.2879,3780.0,0.6622418879056047,0.969,0.5735,0.3033,7213.5283,0.0962,0.8616,0.6706,15.1664,0.4998,0.5479,1.2119,0.4942,1.0931,0.0933,0.1764,1.5392,0.8152,10.0704,17.1196,0.0802,1.158,0.8244,0.8584,19.9326,0.0331,0.0797,0.0366,0.0687,3.2512,0.3294,3738.0,1.2119,0.4998,0.5479,1.7018,Real Estate,-1.360588643521896,-1.7338374254882791,-1.0596923547868675,-5.263568246253542,0.6457309931155832,1.0968305059227097,0.0027087012987012,0.1286112338213498,0.0059981818181818,0.1010356663056313,0.0029031168831168,0.1280481135376465,0.0036833766233766,0.0511238365649299,-78.4922264935065,0.0968615718392029,0.0616372727272727,0.0372447424513794,1.1355932203389831,0.4718864240414455,59.0
2024-06-30,PK,13.685997515916824,0.2879,3780.0,0.6622418879056047,0.969,0.5735,0.3033,7213.5283,0.0962,0.8616,0.6706,15.1664,0.4998,0.5479,1.2119,0.4942,1.0931,0.0933,0.1764,1.5392,0.8152,10.0704,17.1196,0.0802,1.158,0.8244,0.8584,19.9326,0.0331,0.0797,0.0366,0.0687,3.2512,0.3294,3738.0,1.2119,0.4998,0.5479,1.7018,Real Estate,-1.360588643521896,-1.7338374254882791,-1.0596923547868675,-5.263568246253542,0.6457309931155832,1.0968305059227097,0.0027087012987012,0.1286112338213498,0.0059981818181818,0.1010356663056313,0.0029031168831168,0.1280481135376465,0.0036833766233766,0.0511238365649299,-78.4922264935065,0.0968615718392029,0.0616372727272727,0.0372447424513794,1.1355932203389831,0.4718864240414455,59.0
2024-06-30,PKG,196.7023284435272,0.9231,4031.0,0.494465471684639,2.4603,3.0838,2.2223,19131.609,0.0921,9.5624,0.2109,6.1461,0.2792,0.3576,0.6134,0.3168,0.5434,0.0958,0.133,0.6216,4.2027,22.5133,19.7289,0.1285,2.0393,4.4455,1.5924,7.5179,0.0854,0.1832,0.109,0.151,23.1877,0.7891,3810.9,0.7152,0.3255,0.417,1.8353,Packaging,2.156565656565657,1.073673414568631,1.9989302361121728,1.4577634754625908,1.5740420579334835,2.0168078218501684,0.0005103896103896,0.5089914669298626,-0.0009088311688311,0.6088569895986197,0.0005977922077922,0.5486106573344969,-2.7142857142857253e-05,0.9821972530914852,279.80514220779224,2.311975752372397e-05,0.0402131168831168,0.1268033095401956,1.125,0.3415650255319866,16.0
2024-06-30,PLPC,120.99308347702026,0.989,416.218,0.456070164640714,2.9338,2.2748,1.8868,588.1357,0.1771,14.2548,0.3192,2.7214,0.0503,0.0634,0.0692,-0.0195,-0.0213,0.0675,0.0814,0.101,1.4343,14.7792,8.5234,0.0805,1.0194,1.4735,1.499,4.76,0.0682,0.0982,0.0866,0.107,27.9452,0.6808,405.159,0.0927,0.0674,0.0848,3.6618,Electrical Equipment,-0.2538161164359248,-0.2127080726829116,-0.2376326736694216,-0.3214087205383223,0.0916062709342502,24.31275362802892,0.0024571428571428,0.0001525333606761,0.0035480519480519,0.0007860334870031,0.0031115584415584,0.0001905870281923,0.0039088311688311,0.0014582430562659,23.171754415584413,6.275783612439276e-06,0.0933498701298701,0.0585497243799865,1.0714285714285714,0.615727926214882,14.0
2024-06-30,PLPC,120.99308347702026,0.989,416.218,0.456070164640714,2.9338,2.2748,1.8868,588.1357,0.1771,14.2548,0.3192,2.7214,0.0503,0.0634,0.0692,-0.0195,-0.0213,0.0675,0.0814,0.101,1.4343,14.7792,8.5234,0.0805,1.0194,1.4735,1.499,4.76,0.0682,0.0982,0.0866,0.107,27.9452,0.6808,405.159,0.0927,0.0674,0.0848,3.6618,Electrical Equipment,-0.2538161164359248,-0.2127080726829116,-0.2376326736694216,-0.3214087205383223,0.0916062709342502,24.31275362802892,0.0024571428571428,0.0001525333606761,0.0035480519480519,0.0007860334870031,0.0031115584415584,0.0001905870281923,0.0039088311688311,0.0014582430562659,23.171754415584413,6.275783612439276e-06,0.0933498701298701,0.0585497243799865,1.0714285714285714,0.615727926214882,14.0
2024-06-30,PLPC,120.99308347702026,0.989,416.218,0.456070164640714,2.9338,2.2748,1.8868,588.1357,0.1771,14.2548,0.3192,2.7214,0.0503,0.0634,0.0692,-0.0195,-0.0213,0.0675,0.0814,0.101,1.4343,14.7792,8.5234,0.0805,1.0194,1.4735,1.499,4.76,0.0682,0.0982,0.0866,0.107,27.9452,0.6808,405.159,0.0927,0.0674,0.0848,3.6618,Electrical Equipment,-0.2538161164359248,-0.2127080726829116,-0.2376326736694216,-0.3214087205383223,0.0916062709342502,24.31275362802892,0.0024571428571428,0.0001525333606761,0.0035480519480519,0.0007860334870031,0.0031115584415584,0.0001905870281923,0.0039088311688311,0.0014582430562659,23.171754415584413,6.275783612439276e-06,0.0933498701298701,0.0585497243799865,1.0714285714285714,0.615727926214882,14.0
2024-06-30,PRIM,53.24002516269684,1.5405,1299.231,0.1396608612429879,1.4085,1.5748,0.9065,3278.935,0.1222,3.1997,0.1194,10.3102,0.2083,0.378,0.6494,0.3251,0.5585,0.0317,0.055,0.0831,1.9652,16.5486,7.8854,0.0446,0.424,2.3599,1.3259,3.5773,0.0395,0.1239,0.0692,0.1316,28.6117,0.8806,1081.948,0.7181,0.2304,0.418,1.4723,Construction,0.9753086419753086,1.6621029788913002,1.5731479005081572,1.9415082877722811,0.3702505974246878,1.2242117289549004,-0.0007746753246753,8.197060886498855e-05,-0.0016235064935064,0.0012914386684926,-0.0018567532467532,6.553792999608073e-05,-0.0026274025974025,0.0007273788038278,93.95790727272724,7.396588686902715e-08,0.0282244155844155,0.0933739815959471,1.1136363636363635,0.3210382206405504,44.0
2024-06-30,PRIM,53.24002516269684,1.5405,1299.231,0.1396608612429879,1.4085,1.5748,0.9065,3278.935,0.1222,3.1997,0.1194,10.3102,0.2083,0.378,0.6494,0.3251,0.5585,0.0317,0.055,0.0831,1.9652,16.5486,7.8854,0.0446,0.424,2.3599,1.3259,3.5773,0.0395,0.1239,0.0692,0.1316,28.6117,0.8806,1081.948,0.7181,0.2304,0.418,1.4723,Construction,0.9753086419753086,1.6621029788913002,1.5731479005081572,1.9415082877722811,0.3702505974246878,1.2242117289549004,-0.0007746753246753,8.197060886498855e-05,-0.0016235064935064,0.0012914386684926,-0.0018567532467532,6.553792999608073e-05,-0.0026274025974025,0.0007273788038278,93.95790727272724,7.396588686902715e-08,0.0282244155844155,0.0933739815959471,1.1136363636363635,0.3210382206405504,44.0
2024-06-30,PRIM,53.24002516269684,1.5405,1299.231,0.1396608612429879,1.4085,1.5748,0.9065,3278.935,0.1222,3.1997,0.1194,10.3102,0.2083,0.378,0.6494,0.3251,0.5585,0.0317,0.055,0.0831,1.9652,16.5486,7.8854,0.0446,0.424,2.3599,1.3259,3.5773,0.0395,0.1239,0.0692,0.1316,28.6117,0.8806,1081.948,0.7181,0.2304,0.418,1.4723,Construction,0.9753086419753086,1.6621029788913002,1.5731479005081572,1.9415082877722811,0.3702505974246878,1.2242117289549004,-0.0007746753246753,8.197060886498855e-05,-0.0016235064935064,0.0012914386684926,-0.0018567532467532,6.553792999608073e-05,-0.0026274025974025,0.0007273788038278,93.95790727272724,7.396588686902715e-08,0.0282244155844155,0.0933739815959471,1.1136363636363635,0.3210382206405504,44.0
2024-06-30,PTVE,11.32408244907856,0.8196,1332.0,0.1197982345523329,2.0366,0.5028,0.105,5539.3038,0.0277,0.6304,0.1712,4.7069,0.5555,0.7177,2.6532,0.7102,2.6254,0.0142,0.068,0.8983,1.5333,10.115,9.5883,0.0232,0.3895,5.7048,0.9256,10.9916,0.0122,0.0586,0.0158,0.0733,7.3923,0.8288,358.0,2.6967,0.5646,0.7295,1.2648,Packaging,0.308080808080808,0.3434348367561232,0.2897531901887369,0.7076427996781981,0.4557430142373683,0.3288316274811157,0.0001670588235294,0.9098925942613698,0.0037113235294117,0.6659661248256196,0.0002373529411764,0.902271492495955,0.002877794117647,0.1863169732775943,-58.647278823529426,0.0357561254363484,0.0239976470588235,0.4098984668760645,1.0454545454545454,0.3707030062139606,44.0
2024-06-30,PTVE,11.32408244907856,0.8196,1332.0,0.1197982345523329,2.0366,0.5028,0.105,5539.3038,0.0277,0.6304,0.1712,4.7069,0.5555,0.7177,2.6532,0.7102,2.6254,0.0142,0.068,0.8983,1.5333,10.115,9.5883,0.0232,0.3895,5.7048,0.9256,10.9916,0.0122,0.0586,0.0158,0.0733,7.3923,0.8288,358.0,2.6967,0.5646,0.7295,1.2648,Packaging,0.308080808080808,0.3434348367561232,0.2897531901887369,0.7076427996781981,0.4557430142373683,0.3288316274811157,0.0001670588235294,0.9098925942613698,0.0037113235294117,0.6659661248256196,0.0002373529411764,0.902271492495955,0.002877794117647,0.1863169732775943,-58.647278823529426,0.0357561254363484,0.0239976470588235,0.4098984668760645,1.0454545454545454,0.3707030062139606,44.0
2024-06-30,PTVE,11.32408244907856,0.8196,1332.0,0.1197982345523329,2.0366,0.5028,0.105,5539.3038,0.0277,0.6304,0.1712,4.7069,0.5555,0.7177,2.6532,0.7102,2.6254,0.0142,0.068,0.8983,1.5333,10.115,9.5883,0.0232,0.3895,5.7048,0.9256,10.9916,0.0122,0.0586,0.0158,0.0733,7.3923,0.8288,358.0,2.6967,0.5646,0.7295,1.2648,Packaging,0.308080808080808,0.3434348367561232,0.2897531901887369,0.7076427996781981,0.4557430142373683,0.3288316274811157,0.0001670588235294,0.9098925942613698,0.0037113235294117,0.6659661248256196,0.0002373529411764,0.902271492495955,0.002877794117647,0.1863169732775943,-58.647278823529426,0.0357561254363484,0.0239976470588235,0.4098984668760645,1.0454545454545454,0.3707030062139606,44.0
2024-06-30,RAVE,1.824062496423721,0.8178,12.702,1.4294205052005944,4.7231,0.0793,0.0591,24.245,0.4176,0.1821,1.0,76.0,0.0,0.0,0.0,-0.2272,-0.2272,0.2623,0.3517,0.9642,2.136,10.9532,9.0527,0.3517,2.224,2.1792,4.6404,9.3229,0.1661,0.2132,0.2132,0.2664,0.2254,0.0,12.45,0.0,0.0,0.0,5.0751,"Hotels, Restaurants & Leisure",-6.240316103122167,-5.782675029666045,8.384622947596107,3.3333333333333335,8.001864801697225e-05,0.0542176303638619,0.0305163636363636,0.0031904512565745,0.0892524675324675,0.0270165590230195,0.0584766233766233,0.0077547934431099,0.0224741558441558,9.15737063242421e-06,-0.164945974025974,0.6221118334399889,0.0040564935064935,1.0588940220827131e-05,1.0,0.0,6.0
2024-06-30,RAVE,1.824062496423721,0.8178,12.702,1.4294205052005944,4.7231,0.0793,0.0591,24.245,0.4176,0.1821,1.0,76.0,0.0,0.0,0.0,-0.2272,-0.2272,0.2623,0.3517,0.9642,2.136,10.9532,9.0527,0.3517,2.224,2.1792,4.6404,9.3229,0.1661,0.2132,0.2132,0.2664,0.2254,0.0,12.45,0.0,0.0,0.0,5.0751,"Hotels, Restaurants & Leisure",-6.240316103122167,-5.782675029666045,8.384622947596107,3.3333333333333335,8.001864801697225e-05,0.0542176303638619,0.0305163636363636,0.0031904512565745,0.0892524675324675,0.0270165590230195,0.0584766233766233,0.0077547934431099,0.0224741558441558,9.15737063242421e-06,-0.164945974025974,0.6221118334399889,0.0040564935064935,1.0588940220827131e-05,1.0,0.0,6.0
2024-06-30,RS,284.7911114692688,1.3527,7623.0,0.3970571590265987,5.017,6.1278,4.666,16367.247,0.0736,18.7247,0.2981,4.4247,0.1094,0.1304,0.15,0.0904,0.104,0.0735,0.0965,0.2156,2.0431,13.681,14.9524,0.096,1.0931,2.3645,2.2767,8.429,0.1081,0.1469,0.128,0.1641,63.4788,0.7019,6586.8,0.15,0.1095,0.1304,3.6983,Metals & Mining,-0.4297652999527894,-0.2388032742654521,-0.3456468783578773,-0.4946930777636817,4.150221243335366,14.905669458827912,0.0049237662337662,0.0020221085112149,0.0058861038961038,0.0172960787231193,0.0058805194805194,0.0029833226305998,0.0068796103896103,0.0093793113291773,527.5333311688312,1.5467646170581676e-09,0.2838568831168832,0.0067497102871677,1.0714285714285714,0.428053517290299,70.0
2024-06-30,RS,284.7911114692688,1.3527,7623.0,0.3970571590265987,5.017,6.1278,4.666,16367.247,0.0736,18.7247,0.2981,4.4247,0.1094,0.1304,0.15,0.0904,0.104,0.0735,0.0965,0.2156,2.0431,13.681,14.9524,0.096,1.0931,2.3645,2.2767,8.429,0.1081,0.1469,0.128,0.1641,63.4788,0.7019,6586.8,0.15,0.1095,0.1304,3.6983,Metals & Mining,-0.4297652999527894,-0.2388032742654521,-0.3456468783578773,-0.4946930777636817,4.150221243335366,14.905669458827912,0.0049237662337662,0.0020221085112149,0.0058861038961038,0.0172960787231193,0.0058805194805194,0.0029833226305998,0.0068796103896103,0.0093793113291773,527.5333311688312,1.5467646170581676e-09,0.2838568831168832,0.0067497102871677,1.0714285714285714,0.428053517290299,70.0
2024-06-30,RS,284.7911114692688,1.3527,7623.0,0.3970571590265987,5.017,6.1278,4.666,16367.247,0.0736,18.7247,0.2981,4.4247,0.1094,0.1304,0.15,0.0904,0.104,0.0735,0.0965,0.2156,2.0431,13.681,14.9524,0.096,1.0931,2.3645,2.2767,8.429,0.1081,0.1469,0.128,0.1641,63.4788,0.7019,6586.8,0.15,0.1095,0.1304,3.6983,Metals & Mining,-0.4297652999527894,-0.2388032742654521,-0.3456468783578773,-0.4946930777636817,4.150221243335366,14.905669458827912,0.0049237662337662,0.0020221085112149,0.0058861038961038,0.0172960787231193,0.0058805194805194,0.0029833226305998,0.0068796103896103,0.0093793113291773,527.5333311688312,1.5467646170581676e-09,0.2838568831168832,0.0067497102871677,1.0714285714285714,0.428053517290299,70.0
2024-06-30,RVP,1.0053124902769923,0.2193,85.4372,0.9232409697635944,9.5069,-0.1925,-0.4731,28.9632,0.7408,0.1447,-0.0696,1.4403,0.0067,0.0123,0.0125,-0.0629,-0.064,-2.3493,-0.9558,0.0172,0.403,2.153,2.4311,-0.9711,0.8999,2.4989,6.5407,6.4352,-0.1024,-0.1862,-0.1834,-0.128,0.2014,1.0696,29.9,0.0163,0.0086,0.016,2.1345,Health Care,1.058795263428865,0.2795165353417562,0.3778918558018403,0.2719562448080376,0.0032413526495913,-0.8399797213496165,-0.0120807792207792,0.0476727057754365,-0.0199202597402597,0.1005361162378677,-0.0184928571428571,0.1080860272910725,-0.0205201298701298,0.1560397098466129,-7.019858961038961,0.156519804577235,-0.0172280519480519,0.0928945551980135,0.9230769230769232,0.2773500981126145,13.0
2024-06-30,RVP,1.0053124902769923,0.2193,85.4372,0.9232409697635944,9.5069,-0.1925,-0.4731,28.9632,0.7408,0.1447,-0.0696,1.4403,0.0067,0.0123,0.0125,-0.0629,-0.064,-2.3493,-0.9558,0.0172,0.403,2.153,2.4311,-0.9711,0.8999,2.4989,6.5407,6.4352,-0.1024,-0.1862,-0.1834,-0.128,0.2014,1.0696,29.9,0.0163,0.0086,0.016,2.1345,Health Care,1.058795263428865,0.2795165353417562,0.3778918558018403,0.2719562448080376,0.0032413526495913,-0.8399797213496165,-0.0120807792207792,0.0476727057754365,-0.0199202597402597,0.1005361162378677,-0.0184928571428571,0.1080860272910725,-0.0205201298701298,0.1560397098466129,-7.019858961038961,0.156519804577235,-0.0172280519480519,0.0928945551980135,0.9230769230769232,0.2773500981126145,13.0
2024-06-30,SCKT,1.1021874910220504,0.6267,18.8261,0.3186611715050381,1.6049,-0.0707,-0.0802,9.07,0.1358,-0.17,0.5086,1.6526,0.1066,0.137,0.1588,0.04,0.0463,-0.1196,-0.1053,0.0816,0.4355,27.0219,20.2008,-0.1196,0.464,0.4731,0.7397,6.1449,-0.0562,-0.0836,-0.0722,-0.132,0.671,0.4915,17.3304,0.1588,0.1066,0.137,3.0425,Technology,0.0094875162300181,0.1825356628687423,0.3296240087389408,0.6027208756841284,0.0001174800856531,0.1878702008953183,5.792207792207767e-05,0.989870815849894,0.0001284415584415,0.9840976693972678,-2.3636363636364657e-05,0.9966525866360926,-0.0032838961038961,0.5143451366061218,-0.4262368831168831,0.3929950794379183,-0.0031755844155844,0.6261087935699667,1.1875,0.4031128874149274,16.0
2024-06-30,SCKT,1.1021874910220504,0.6267,18.8261,0.3186611715050381,1.6049,-0.0707,-0.0802,9.07,0.1358,-0.17,0.5086,1.6526,0.1066,0.137,0.1588,0.04,0.0463,-0.1196,-0.1053,0.0816,0.4355,27.0219,20.2008,-0.1196,0.464,0.4731,0.7397,6.1449,-0.0562,-0.0836,-0.0722,-0.132,0.671,0.4915,17.3304,0.1588,0.1066,0.137,3.0425,Technology,0.0094875162300181,0.1825356628687423,0.3296240087389408,0.6027208756841284,0.0001174800856531,0.1878702008953183,5.792207792207767e-05,0.989870815849894,0.0001284415584415,0.9840976693972678,-2.3636363636364657e-05,0.9966525866360926,-0.0032838961038961,0.5143451366061218,-0.4262368831168831,0.3929950794379183,-0.0031755844155844,0.6261087935699667,1.1875,0.4031128874149274,16.0
2024-06-30,SCL,78.61110818386078,0.9352,1192.436,0.1903372278481978,1.3235,0.8139,0.4151,2392.5983,0.0418,2.2157,0.125,6.3521,0.1595,0.2026,0.3142,0.2878,0.4464,0.0171,0.0335,0.6956,1.56,53.4232,26.8241,0.0309,0.8447,1.625,0.9175,5.1168,0.0148,0.0289,0.0187,0.0315,24.259,0.875,1144.784,0.551,0.2798,0.3553,2.0314,Chemicals,-0.0766583713370563,-0.07342329582787,-0.2039028425327117,-0.3971451344105499,0.0015563451097676,0.055109844477563,-0.0029096103896103,5.032627771040599e-05,-0.0047122077922077,0.000340482028936,-0.0042366233766233,7.416129474454454e-05,-0.0051380519480519,0.0002388738006065,22.78980363636364,0.0398652936744732,-0.0547410389610389,0.0650375311268419,1.0746268656716418,0.264771647515186,67.0
2024-06-30,SCL,78.61110818386078,0.9352,1192.436,0.1903372278481978,1.3235,0.8139,0.4151,2392.5983,0.0418,2.2157,0.125,6.3521,0.1595,0.2026,0.3142,0.2878,0.4464,0.0171,0.0335,0.6956,1.56,53.4232,26.8241,0.0309,0.8447,1.625,0.9175,5.1168,0.0148,0.0289,0.0187,0.0315,24.259,0.875,1144.784,0.551,0.2798,0.3553,2.0314,Chemicals,-0.0766583713370563,-0.07342329582787,-0.2039028425327117,-0.3971451344105499,0.0015563451097676,0.055109844477563,-0.0029096103896103,5.032627771040599e-05,-0.0047122077922077,0.000340482028936,-0.0042366233766233,7.416129474454454e-05,-0.0051380519480519,0.0002388738006065,22.78980363636364,0.0398652936744732,-0.0547410389610389,0.0650375311268419,1.0746268656716418,0.264771647515186,67.0
2024-06-30,SCL,78.61110818386078,0.9352,1192.436,0.1903372278481978,1.3235,0.8139,0.4151,2392.5983,0.0418,2.2157,0.125,6.3521,0.1595,0.2026,0.3142,0.2878,0.4464,0.0171,0.0335,0.6956,1.56,53.4232,26.8241,0.0309,0.8447,1.625,0.9175,5.1168,0.0148,0.0289,0.0187,0.0315,24.259,0.875,1144.784,0.551,0.2798,0.3553,2.0314,Chemicals,-0.0766583713370563,-0.07342329582787,-0.2039028425327117,-0.3971451344105499,0.0015563451097676,0.055109844477563,-0.0029096103896103,5.032627771040599e-05,-0.0047122077922077,0.000340482028936,-0.0042366233766233,7.416129474454454e-05,-0.0051380519480519,0.0002388738006065,22.78980363636364,0.0398652936744732,-0.0547410389610389,0.0650375311268419,1.0746268656716418,0.264771647515186,67.0
2024-06-30,SEE,34.557754546403885,0.7486,650.1,0.2468712280033035,1.3029,1.3616,0.6733,9194.6726,0.0963,4.187,0.3093,4.3539,0.6075,0.8386,6.7917,0.8027,6.501,0.0731,0.1478,0.3256,7.6425,13.7666,8.1475,0.1007,0.9143,20.6843,0.6655,11.5679,0.0497,0.6544,0.0686,0.1415,9.213,0.6907,240.2,7.0988,0.6349,0.8765,1.0982,Packaging,1.255050505050505,3.8352176992014857,1.2580423320852754,1.3660498793242155,0.7564863666892112,0.8904875576338248,-0.0008431168831168,0.1544352621080068,-0.0532128571428571,0.3337989774494619,-0.001882987012987,0.2643141768914984,0.0034457142857142,0.0749862954884029,23.758274285714297,0.6577524530756673,0.0190142857142857,0.0812189092618101,1.0555555555555556,0.2357022603955158,18.0
2024-06-30,SHYF,12.79663111269474,1.5343,249.09,0.0632859524684206,1.8618,0.1081,0.0628,460.1142,0.0338,-0.0354,0.2105,6.6877,0.131,0.1952,0.2617,0.2276,0.3052,0.0112,0.0193,0.526,1.542,64.6339,11.7998,0.0107,0.4836,1.8685,1.1935,5.9357,-0.0047,-0.0097,-0.0072,-0.0052,5.592,0.7895,205.56,0.3411,0.1708,0.2544,2.0025,Machinery,0.0115264149929813,0.017728228091017,0.0170981155081825,0.0132599069256533,0.0634591189728563,0.0986293773690033,0.0011384415584415,0.596467801040341,0.0027075324675324,0.5109340337050525,0.0018906493506493,0.5853293078875365,-0.0073311688311688,0.0159462329777149,-3.382115844155841,0.8062417933365557,-0.0188677922077922,0.076909241913949,1.1666666666666667,0.4472135954999578,36.0
2024-06-30,SHYF,12.79663111269474,1.5343,249.09,0.0632859524684206,1.8618,0.1081,0.0628,460.1142,0.0338,-0.0354,0.2105,6.6877,0.131,0.1952,0.2617,0.2276,0.3052,0.0112,0.0193,0.526,1.542,64.6339,11.7998,0.0107,0.4836,1.8685,1.1935,5.9357,-0.0047,-0.0097,-0.0072,-0.0052,5.592,0.7895,205.56,0.3411,0.1708,0.2544,2.0025,Machinery,0.0115264149929813,0.017728228091017,0.0170981155081825,0.0132599069256533,0.0634591189728563,0.0986293773690033,0.0011384415584415,0.596467801040341,0.0027075324675324,0.5109340337050525,0.0018906493506493,0.5853293078875365,-0.0073311688311688,0.0159462329777149,-3.382115844155841,0.8062417933365557,-0.0188677922077922,0.076909241913949,1.1666666666666667,0.4472135954999578,36.0
2024-06-30,SHYF,12.79663111269474,1.5343,249.09,0.0632859524684206,1.8618,0.1081,0.0628,460.1142,0.0338,-0.0354,0.2105,6.6877,0.131,0.1952,0.2617,0.2276,0.3052,0.0112,0.0193,0.526,1.542,64.6339,11.7998,0.0107,0.4836,1.8685,1.1935,5.9357,-0.0047,-0.0097,-0.0072,-0.0052,5.592,0.7895,205.56,0.3411,0.1708,0.2544,2.0025,Machinery,0.0115264149929813,0.017728228091017,0.0170981155081825,0.0132599069256533,0.0634591189728563,0.0986293773690033,0.0011384415584415,0.596467801040341,0.0027075324675324,0.5109340337050525,0.0018906493506493,0.5853293078875365,-0.0073311688311688,0.0159462329777149,-3.382115844155841,0.8062417933365557,-0.0188677922077922,0.076909241913949,1.1666666666666667,0.4472135954999578,36.0
2024-06-30,SIF,3.8895312510430817,0.9949,29.826,0.0305960456054264,0.9922,0.2201,0.0118,50.8451,0.0145,-1.0764,0.155,7.6906,0.0335,0.0569,0.1195,0.4966,1.0427,0.0025,0.0459,1.1368,0.662,8.8967,59.7068,0.0044,0.1946,0.6656,0.7284,3.0705,-0.0788,-0.2572,-0.1344,-0.0761,4.7926,0.845,29.665,1.0995,0.3084,0.5237,1.3899,Aerospace & Defense,0.1589247729184028,0.3523670183891764,0.2597404491636979,0.1313325040865369,0.0016210451520406,0.3439590826980839,-0.0051054545454545,0.0612630371926434,-0.015437922077922,0.0282784771000882,-0.0094705194805194,0.0361500944320382,-0.0077277922077922,0.0761945085345448,-0.254177922077922,0.6869401191463105,-0.0178051948051948,0.4059605061469842,1.0,0.0,10.0
2024-06-30,SIF,3.8895312510430817,0.9949,29.826,0.0305960456054264,0.9922,0.2201,0.0118,50.8451,0.0145,-1.0764,0.155,7.6906,0.0335,0.0569,0.1195,0.4966,1.0427,0.0025,0.0459,1.1368,0.662,8.8967,59.7068,0.0044,0.1946,0.6656,0.7284,3.0705,-0.0788,-0.2572,-0.1344,-0.0761,4.7926,0.845,29.665,1.0995,0.3084,0.5237,1.3899,Aerospace & Defense,0.1589247729184028,0.3523670183891764,0.2597404491636979,0.1313325040865369,0.0016210451520406,0.3439590826980839,-0.0051054545454545,0.0612630371926434,-0.015437922077922,0.0282784771000882,-0.0094705194805194,0.0361500944320382,-0.0077277922077922,0.0761945085345448,-0.254177922077922,0.6869401191463105,-0.0178051948051948,0.4059605061469842,1.0,0.0,10.0
2024-06-30,SLGN,48.391589403152466,0.7613,1933.69,0.1263774537280305,1.0595,1.3255,0.7111,8095.771,0.7651,4.9385,0.1853,4.3044,0.3244,0.4257,1.2906,0.6185,1.8753,0.0551,0.1027,0.261,2.3114,14.5927,4.0644,0.0728,0.7651,4.3273,0.5674,5.4996,0.0399,0.1633,0.0534,0.1,12.9085,0.8147,1197.813,2.0318,0.5107,0.6702,1.3357,Packaging,1.0075757575757571,0.9570462259773878,0.9792924275999084,0.9654062751407886,0.6660748735455662,0.866878126941565,-0.0001118181818181,0.5477683132351245,-0.0034905194805194,0.0052569090880376,-0.0003032467532467,0.2750362653623168,-0.0003598701298701,0.1504840871072393,153.26997922077922,6.199730557392292e-06,0.0218277922077922,0.0760088764745165,0.9696969696969696,0.3046358979224712,33.0
2024-06-30,SLGN,48.391589403152466,0.7613,1933.69,0.1263774537280305,1.0595,1.3255,0.7111,8095.771,0.7651,4.9385,0.1853,4.3044,0.3244,0.4257,1.2906,0.6185,1.8753,0.0551,0.1027,0.261,2.3114,14.5927,4.0644,0.0728,0.7651,4.3273,0.5674,5.4996,0.0399,0.1633,0.0534,0.1,12.9085,0.8147,1197.813,2.0318,0.5107,0.6702,1.3357,Packaging,1.0075757575757571,0.9570462259773878,0.9792924275999084,0.9654062751407886,0.6660748735455662,0.866878126941565,-0.0001118181818181,0.5477683132351245,-0.0034905194805194,0.0052569090880376,-0.0003032467532467,0.2750362653623168,-0.0003598701298701,0.1504840871072393,153.26997922077922,6.199730557392292e-06,0.0218277922077922,0.0760088764745165,0.9696969696969696,0.3046358979224712,33.0
2024-06-30,SLGN,48.391589403152466,0.7613,1933.69,0.1263774537280305,1.0595,1.3255,0.7111,8095.771,0.7651,4.9385,0.1853,4.3044,0.3244,0.4257,1.2906,0.6185,1.8753,0.0551,0.1027,0.261,2.3114,14.5927,4.0644,0.0728,0.7651,4.3273,0.5674,5.4996,0.0399,0.1633,0.0534,0.1,12.9085,0.8147,1197.813,2.0318,0.5107,0.6702,1.3357,Packaging,1.0075757575757571,0.9570462259773878,0.9792924275999084,0.9654062751407886,0.6660748735455662,0.866878126941565,-0.0001118181818181,0.5477683132351245,-0.0034905194805194,0.0052569090880376,-0.0003032467532467,0.2750362653623168,-0.0003598701298701,0.1504840871072393,153.26997922077922,6.199730557392292e-06,0.0218277922077922,0.0760088764745165,0.9696969696969696,0.3046358979224712,33.0
2024-06-30,SLNG,4.115312557667494,0.8813,63.676,0.9968747287090892,1.6404,0.0214,0.0015,69.4067,0.1969,0.2415,0.2714,498.8488,0.0894,0.1021,0.1159,-0.04,-0.0454,0.0015,0.0214,0.0882,1.1354,26.6971,10.6662,0.0243,1.0078,1.243,1.576,13.4176,0.0333,0.0436,0.0379,0.0462,1.0004,0.7286,11.09,0.135,0.1041,0.1189,4.3696,Energy,-0.0009110111137273,0.3048124718969627,0.5170625285477318,0.4801021786203139,0.0009960357600892,0.0159132712118377,0.0051528571428571,0.0051389940746089,0.0065901298701298,0.0075388557787737,0.0057181818181818,0.007957106452032,0.0071005194805194,4.654019393930135e-06,1.4123333766233768,0.3291789121978681,0.0076842857142857,0.0205721089633299,1.064516129032258,0.2497310381147074,31.0
2024-06-30,SLNG,4.115312557667494,0.8813,63.676,0.9968747287090892,1.6404,0.0214,0.0015,69.4067,0.1969,0.2415,0.2714,498.8488,0.0894,0.1021,0.1159,-0.04,-0.0454,0.0015,0.0214,0.0882,1.1354,26.6971,10.6662,0.0243,1.0078,1.243,1.576,13.4176,0.0333,0.0436,0.0379,0.0462,1.0004,0.7286,11.09,0.135,0.1041,0.1189,4.3696,Energy,-0.0009110111137273,0.3048124718969627,0.5170625285477318,0.4801021786203139,0.0009960357600892,0.0159132712118377,0.0051528571428571,0.0051389940746089,0.0065901298701298,0.0075388557787737,0.0057181818181818,0.007957106452032,0.0071005194805194,4.654019393930135e-06,1.4123333766233768,0.3291789121978681,0.0076842857142857,0.0205721089633299,1.064516129032258,0.2497310381147074,31.0
2024-06-30,SLNG,4.115312557667494,0.8813,63.676,0.9968747287090892,1.6404,0.0214,0.0015,69.4067,0.1969,0.2415,0.2714,498.8488,0.0894,0.1021,0.1159,-0.04,-0.0454,0.0015,0.0214,0.0882,1.1354,26.6971,10.6662,0.0243,1.0078,1.243,1.576,13.4176,0.0333,0.0436,0.0379,0.0462,1.0004,0.7286,11.09,0.135,0.1041,0.1189,4.3696,Energy,-0.0009110111137273,0.3048124718969627,0.5170625285477318,0.4801021786203139,0.0009960357600892,0.0159132712118377,0.0051528571428571,0.0051389940746089,0.0065901298701298,0.0075388557787737,0.0057181818181818,0.007957106452032,0.0071005194805194,4.654019393930135e-06,1.4123333766233768,0.3291789121978681,0.0076842857142857,0.0205721089633299,1.064516129032258,0.2497310381147074,31.0
2024-06-30,STRA,100.07734179496764,0.5558,1678.1,0.9079541822687116,1.5738,1.7339,1.2365,2486.6797,0.0434,5.6566,0.4773,70.6667,0.0282,0.0353,0.0365,-0.097,-0.1006,0.0957,0.1343,0.5015,1.5824,22.6519,19.0652,0.1339,2.2294,1.8587,1.4672,13.8471,0.0547,0.0714,0.0688,0.0958,12.9148,0.5227,1428.631,0.0365,0.0282,0.0353,4.3601,Diversified Consumer Services,-0.2761318820003154,-0.1409848204368752,-0.1318702381522833,-0.2376047310127808,1.2524044658622604,306.1460674157337,-0.0005127272727272,0.4213996503229998,-0.0004096103896103,0.5950274970332324,-0.0005422077922077,0.487304044189687,-0.0004258441558441,0.6647503885519801,-47.433844415584424,0.0290812428977591,0.0021870129870129,0.9300096448194484,1.1304347826086956,0.3405026123034995,46.0
2024-06-30,STRA,100.07734179496764,0.5558,1678.1,0.9079541822687116,1.5738,1.7339,1.2365,2486.6797,0.0434,5.6566,0.4773,70.6667,0.0282,0.0353,0.0365,-0.097,-0.1006,0.0957,0.1343,0.5015,1.5824,22.6519,19.0652,0.1339,2.2294,1.8587,1.4672,13.8471,0.0547,0.0714,0.0688,0.0958,12.9148,0.5227,1428.631,0.0365,0.0282,0.0353,4.3601,Diversified Consumer Services,-0.2761318820003154,-0.1409848204368752,-0.1318702381522833,-0.2376047310127808,1.2524044658622604,306.1460674157337,-0.0005127272727272,0.4213996503229998,-0.0004096103896103,0.5950274970332324,-0.0005422077922077,0.487304044189687,-0.0004258441558441,0.6647503885519801,-47.433844415584424,0.0290812428977591,0.0021870129870129,0.9300096448194484,1.1304347826086956,0.3405026123034995,46.0
2024-06-30,STRA,100.07734179496764,0.5558,1678.1,0.9079541822687116,1.5738,1.7339,1.2365,2486.6797,0.0434,5.6566,0.4773,70.6667,0.0282,0.0353,0.0365,-0.097,-0.1006,0.0957,0.1343,0.5015,1.5824,22.6519,19.0652,0.1339,2.2294,1.8587,1.4672,13.8471,0.0547,0.0714,0.0688,0.0958,12.9148,0.5227,1428.631,0.0365,0.0282,0.0353,4.3601,Diversified Consumer Services,-0.2761318820003154,-0.1409848204368752,-0.1318702381522833,-0.2376047310127808,1.2524044658622604,306.1460674157337,-0.0005127272727272,0.4213996503229998,-0.0004096103896103,0.5950274970332324,-0.0005422077922077,0.487304044189687,-0.0004258441558441,0.6647503885519801,-47.433844415584424,0.0290812428977591,0.0021870129870129,0.9300096448194484,1.1304347826086956,0.3405026123034995,46.0
2024-06-30,TNC,97.08563935756683,1.1203,624.6,0.3178061607813673,2.1705,2.0097,1.4526,1987.1594,0.0435,6.5213,0.4311,3.6836,0.1761,0.2453,0.3292,0.1537,0.2062,0.0843,0.1166,0.1897,2.9753,16.8635,15.2826,0.1115,1.4771,3.3358,1.3276,4.727,0.0981,0.1867,0.1373,0.1685,17.2335,0.5689,557.1,0.3417,0.1828,0.2547,2.1505,Machinery,-0.2405832576194624,-0.341222699442566,-0.3260515637879815,-0.429671984033189,0.2740697522107118,1.8336305245003337,0.0033425974025974,5.7247091590177216e-08,0.0042910389610389,5.347196538493306e-05,0.0044202597402597,7.704330557425155e-08,0.0043022077922077,7.839072017253657e-06,21.645989740259747,0.0222280657266731,0.0521637662337662,0.0036804850122658,1.1733333333333331,0.4464070779896744,75.0
2024-06-30,TNC,97.08563935756683,1.1203,624.6,0.3178061607813673,2.1705,2.0097,1.4526,1987.1594,0.0435,6.5213,0.4311,3.6836,0.1761,0.2453,0.3292,0.1537,0.2062,0.0843,0.1166,0.1897,2.9753,16.8635,15.2826,0.1115,1.4771,3.3358,1.3276,4.727,0.0981,0.1867,0.1373,0.1685,17.2335,0.5689,557.1,0.3417,0.1828,0.2547,2.1505,Machinery,-0.2405832576194624,-0.341222699442566,-0.3260515637879815,-0.429671984033189,0.2740697522107118,1.8336305245003337,0.0033425974025974,5.7247091590177216e-08,0.0042910389610389,5.347196538493306e-05,0.0044202597402597,7.704330557425155e-08,0.0043022077922077,7.839072017253657e-06,21.645989740259747,0.0222280657266731,0.0521637662337662,0.0036804850122658,1.1733333333333331,0.4464070779896744,75.0
2024-06-30,TNK,58.505498826503754,0.6698,1695.943,4.042131479762874,6.525,2.9429,3.0822,1941.759,0.4825,15.1762,0.4669,12.6863,0.0,0.0,0.0,-0.2517,-0.2517,0.3607,0.3444,0.2309,1.3966,5.3251,4.5502,0.3684,1.9193,1.3999,5.9306,6.8088,0.2414,0.282,0.2699,0.2644,8.5459,0.5331,1692.025,0.0,0.0,0.0,10.1847,Energy,-0.0066041466322459,1.9714935108931992,3.6821946294203904,2.747597749506732,0.0278656297083009,2.188372235949406,0.0146555844155844,0.0059082207896776,0.0185988311688311,0.0288756814464585,0.0165651948051948,0.0051202684645841,0.0149942857142857,0.0084824670969333,19.655871948051946,0.07272365574621,0.1873757142857143,0.0253841274472271,1.1746031746031746,0.524855818594345,63.0
2024-06-30,TNK,58.505498826503754,0.6698,1695.943,4.042131479762874,6.525,2.9429,3.0822,1941.759,0.4825,15.1762,0.4669,12.6863,0.0,0.0,0.0,-0.2517,-0.2517,0.3607,0.3444,0.2309,1.3966,5.3251,4.5502,0.3684,1.9193,1.3999,5.9306,6.8088,0.2414,0.282,0.2699,0.2644,8.5459,0.5331,1692.025,0.0,0.0,0.0,10.1847,Energy,-0.0066041466322459,1.9714935108931992,3.6821946294203904,2.747597749506732,0.0278656297083009,2.188372235949406,0.0146555844155844,0.0059082207896776,0.0185988311688311,0.0288756814464585,0.0165651948051948,0.0051202684645841,0.0149942857142857,0.0084824670969333,19.655871948051946,0.07272365574621,0.1873757142857143,0.0253841274472271,1.1746031746031746,0.524855818594345,63.0
2024-06-30,TNK,58.505498826503754,0.6698,1695.943,4.042131479762874,6.525,2.9429,3.0822,1941.759,0.4825,15.1762,0.4669,12.6863,0.0,0.0,0.0,-0.2517,-0.2517,0.3607,0.3444,0.2309,1.3966,5.3251,4.5502,0.3684,1.9193,1.3999,5.9306,6.8088,0.2414,0.282,0.2699,0.2644,8.5459,0.5331,1692.025,0.0,0.0,0.0,10.1847,Energy,-0.0066041466322459,1.9714935108931992,3.6821946294203904,2.747597749506732,0.0278656297083009,2.188372235949406,0.0146555844155844,0.0059082207896776,0.0185988311688311,0.0288756814464585,0.0165651948051948,0.0051202684645841,0.0149942857142857,0.0084824670969333,19.655871948051946,0.07272365574621,0.1873757142857143,0.0253841274472271,1.1746031746031746,0.524855818594345,63.0
2024-06-30,TNL,43.33947068452835,0.5639,769.0,0.1375310687655344,3.7514,2.662,1.8169,8423.314,0.1513,4.765,0.4964,1.6712,0.8304,1.1846,7.7165,1.1532,7.7477,0.131,0.1919,0.318,15.3953,6.9408,8.7823,0.135,0.7882,74.9716,2.5435,22.75,0.064,1.2945,0.1314,0.0676,13.8732,0.5036,141.0,7.8101,0.8333,1.1886,0.8832,"Hotels, Restaurants & Leisure",-2.404456535820702,-35.11103576877437,5.167633467702291,0.8458458458458457,0.0278004618726514,1.8200167973341803,0.0017587012987012,0.100312235827821,0.0437854545454545,6.019963137233219e-11,0.0023314285714285,2.642705066942355e-07,0.000124935064935,0.8985582158897738,-44.30724701298701,0.195201997653027,0.0878651948051948,0.0395663594446527,1.127659574468085,0.3965624725495311,47.0
2024-06-30,TNL,43.33947068452835,0.5639,769.0,0.1375310687655344,3.7514,2.662,1.8169,8423.314,0.1513,4.765,0.4964,1.6712,0.8304,1.1846,7.7165,1.1532,7.7477,0.131,0.1919,0.318,15.3953,6.9408,8.7823,0.135,0.7882,74.9716,2.5435,22.75,0.064,1.2945,0.1314,0.0676,13.8732,0.5036,141.0,7.8101,0.8333,1.1886,0.8832,"Hotels, Restaurants & Leisure",-2.404456535820702,-35.11103576877437,5.167633467702291,0.8458458458458457,0.0278004618726514,1.8200167973341803,0.0017587012987012,0.100312235827821,0.0437854545454545,6.019963137233219e-11,0.0023314285714285,2.642705066942355e-07,0.000124935064935,0.8985582158897738,-44.30724701298701,0.195201997653027,0.0878651948051948,0.0395663594446527,1.127659574468085,0.3965624725495311,47.0
2024-06-30,TNL,43.33947068452835,0.5639,769.0,0.1375310687655344,3.7514,2.662,1.8169,8423.314,0.1513,4.765,0.4964,1.6712,0.8304,1.1846,7.7165,1.1532,7.7477,0.131,0.1919,0.318,15.3953,6.9408,8.7823,0.135,0.7882,74.9716,2.5435,22.75,0.064,1.2945,0.1314,0.0676,13.8732,0.5036,141.0,7.8101,0.8333,1.1886,0.8832,"Hotels, Restaurants & Leisure",-2.404456535820702,-35.11103576877437,5.167633467702291,0.8458458458458457,0.0278004618726514,1.8200167973341803,0.0017587012987012,0.100312235827821,0.0437854545454545,6.019963137233219e-11,0.0023314285714285,2.642705066942355e-07,0.000124935064935,0.8985582158897738,-44.30724701298701,0.195201997653027,0.0878651948051948,0.0395663594446527,1.127659574468085,0.3965624725495311,47.0
2024-06-30,TRIB,2.2528125010430813,0.7625,15.819,0.206325184322856,1.7844,-0.0214,-0.0357,108.8421,0.4196,-0.4738,0.3619,1.693,0.8561,1.2634,3.6261,1.3767,3.8978,-0.4265,-0.2558,0.5929,1.6186,17.3594,4.3124,-0.4348,0.355,9.1748,0.8936,3.7433,-0.2898,-1.0085,-0.0976,0.0104,0.0837,0.6381,14.202,4.5586,0.9892,1.4598,0.7624,Health Care,2.9964733138836435,1.513922802858008,0.2011027542326042,-0.022096444890653,0.0121808235699814,-0.0933795638279573,-0.0121093506493506,0.005009422509505,-0.0733841558441558,0.0572125865999249,-0.0136867532467532,0.0015857060290478,-0.010168961038961,0.0117937659368975,-0.9963488311688312,0.1746106068630822,-0.0046681818181818,0.4313907057606607,1.1538461538461535,0.3655177681951956,39.0
2024-06-30,TRIB,2.2528125010430813,0.7625,15.819,0.206325184322856,1.7844,-0.0214,-0.0357,108.8421,0.4196,-0.4738,0.3619,1.693,0.8561,1.2634,3.6261,1.3767,3.8978,-0.4265,-0.2558,0.5929,1.6186,17.3594,4.3124,-0.4348,0.355,9.1748,0.8936,3.7433,-0.2898,-1.0085,-0.0976,0.0104,0.0837,0.6381,14.202,4.5586,0.9892,1.4598,0.7624,Health Care,2.9964733138836435,1.513922802858008,0.2011027542326042,-0.022096444890653,0.0121808235699814,-0.0933795638279573,-0.0121093506493506,0.005009422509505,-0.0733841558441558,0.0572125865999249,-0.0136867532467532,0.0015857060290478,-0.010168961038961,0.0117937659368975,-0.9963488311688312,0.1746106068630822,-0.0046681818181818,0.4313907057606607,1.1538461538461535,0.3655177681951956,39.0
2024-06-30,TRIB,2.2528125010430813,0.7625,15.819,0.206325184322856,1.7844,-0.0214,-0.0357,108.8421,0.4196,-0.4738,0.3619,1.693,0.8561,1.2634,3.6261,1.3767,3.8978,-0.4265,-0.2558,0.5929,1.6186,17.3594,4.3124,-0.4348,0.355,9.1748,0.8936,3.7433,-0.2898,-1.0085,-0.0976,0.0104,0.0837,0.6381,14.202,4.5586,0.9892,1.4598,0.7624,Health Care,2.9964733138836435,1.513922802858008,0.2011027542326042,-0.022096444890653,0.0121808235699814,-0.0933795638279573,-0.0121093506493506,0.005009422509505,-0.0733841558441558,0.0572125865999249,-0.0136867532467532,0.0015857060290478,-0.010168961038961,0.0117937659368975,-0.9963488311688312,0.1746106068630822,-0.0046681818181818,0.4313907057606607,1.1538461538461535,0.3655177681951956,39.0
2024-06-30,TWIN,12.755747631192207,1.0142,154.702,0.2016761123839382,2.207,0.6053,0.531,181.3355,0.0546,1.787,0.2972,1.6145,0.0763,0.1279,0.1539,0.0613,0.0738,0.0878,0.1,0.2355,1.0984,15.4597,7.8224,0.1067,0.5758,1.1965,0.8088,5.516,0.0378,0.075,0.0638,0.0882,6.0506,0.7028,142.016,0.2035,0.1009,0.1691,1.9831,Machinery,-0.0927018056882332,-0.1370739285387919,-0.1515083013086177,-0.2249084213158888,0.025009858570986,0.5522697698562232,0.0064232467532467,0.0051981494057881,0.013245974025974,0.0056685716003563,0.0103972727272727,0.0049228650949092,0.0106716883116883,0.0022977009972669,2.00338974025974,0.1749466489846922,0.0548754545454545,0.0039557607401208,1.2307692307692308,0.5144077999169381,26.0
2024-06-30,TWIN,12.755747631192207,1.0142,154.702,0.2016761123839382,2.207,0.6053,0.531,181.3355,0.0546,1.787,0.2972,1.6145,0.0763,0.1279,0.1539,0.0613,0.0738,0.0878,0.1,0.2355,1.0984,15.4597,7.8224,0.1067,0.5758,1.1965,0.8088,5.516,0.0378,0.075,0.0638,0.0882,6.0506,0.7028,142.016,0.2035,0.1009,0.1691,1.9831,Machinery,-0.0927018056882332,-0.1370739285387919,-0.1515083013086177,-0.2249084213158888,0.025009858570986,0.5522697698562232,0.0064232467532467,0.0051981494057881,0.013245974025974,0.0056685716003563,0.0103972727272727,0.0049228650949092,0.0106716883116883,0.0022977009972669,2.00338974025974,0.1749466489846922,0.0548754545454545,0.0039557607401208,1.2307692307692308,0.5144077999169381,26.0
2024-06-30,TWIN,12.755747631192207,1.0142,154.702,0.2016761123839382,2.207,0.6053,0.531,181.3355,0.0546,1.787,0.2972,1.6145,0.0763,0.1279,0.1539,0.0613,0.0738,0.0878,0.1,0.2355,1.0984,15.4597,7.8224,0.1067,0.5758,1.1965,0.8088,5.516,0.0378,0.075,0.0638,0.0882,6.0506,0.7028,142.016,0.2035,0.1009,0.1691,1.9831,Machinery,-0.0927018056882332,-0.1370739285387919,-0.1515083013086177,-0.2249084213158888,0.025009858570986,0.5522697698562232,0.0064232467532467,0.0051981494057881,0.013245974025974,0.0056685716003563,0.0103972727272727,0.0049228650949092,0.0106716883116883,0.0022977009972669,2.00338974025974,0.1749466489846922,0.0548754545454545,0.0039557607401208,1.2307692307692308,0.5144077999169381,26.0
2024-06-30,VAC,75.83327102661133,0.4885,2372.0,0.2814207650273224,1.638,2.346,0.9242,7973.6255,0.0149,2.9952,0.5,3.6715,0.5241,0.6622,2.1235,0.6611,2.1202,0.0342,0.0868,0.6163,1.2414,18.0652,17.6325,0.0421,0.6245,1.8998,0.7596,20.7709,0.0169,0.0683,0.0215,0.0547,27.0142,0.5,1550.0,2.207,0.5447,0.6882,1.3277,"Hotels, Restaurants & Leisure",-0.6349268039901542,-1.8525173758264113,0.8455412447153672,0.6844344344344344,0.0263163016004806,1.6039667192133689,0.0021138961038961,0.0049837946005371,0.0082453246753246,0.0015459284410625,0.0027076623376623,0.0047975416129855,0.0035725974025974,0.0022606060975982,27.71592948051948,0.5761404841854894,0.1593901298701298,0.0096950060972052,1.1176470588235294,0.3677041219982501,68.0
2024-06-30,VAC,75.83327102661133,0.4885,2372.0,0.2814207650273224,1.638,2.346,0.9242,7973.6255,0.0149,2.9952,0.5,3.6715,0.5241,0.6622,2.1235,0.6611,2.1202,0.0342,0.0868,0.6163,1.2414,18.0652,17.6325,0.0421,0.6245,1.8998,0.7596,20.7709,0.0169,0.0683,0.0215,0.0547,27.0142,0.5,1550.0,2.207,0.5447,0.6882,1.3277,"Hotels, Restaurants & Leisure",-0.6349268039901542,-1.8525173758264113,0.8455412447153672,0.6844344344344344,0.0263163016004806,1.6039667192133689,0.0021138961038961,0.0049837946005371,0.0082453246753246,0.0015459284410625,0.0027076623376623,0.0047975416129855,0.0035725974025974,0.0022606060975982,27.71592948051948,0.5761404841854894,0.1593901298701298,0.0096950060972052,1.1176470588235294,0.3677041219982501,68.0
2024-06-30,VAC,75.83327102661133,0.4885,2372.0,0.2814207650273224,1.638,2.346,0.9242,7973.6255,0.0149,2.9952,0.5,3.6715,0.5241,0.6622,2.1235,0.6611,2.1202,0.0342,0.0868,0.6163,1.2414,18.0652,17.6325,0.0421,0.6245,1.8998,0.7596,20.7709,0.0169,0.0683,0.0215,0.0547,27.0142,0.5,1550.0,2.207,0.5447,0.6882,1.3277,"Hotels, Restaurants & Leisure",-0.6349268039901542,-1.8525173758264113,0.8455412447153672,0.6844344344344344,0.0263163016004806,1.6039667192133689,0.0021138961038961,0.0049837946005371,0.0082453246753246,0.0015459284410625,0.0027076623376623,0.0047975416129855,0.0035725974025974,0.0022606060975982,27.71592948051948,0.5761404841854894,0.1593901298701298,0.0096950060972052,1.1176470588235294,0.3677041219982501,68.0
2024-06-30,VERU,0.8623437434434891,0.2111,37.621,2.7449152542372883,3.623,-0.0747,-0.0749,109.0396,0.3216,-0.1852,0.3384,1.6417,0.1327,0.1818,0.228,-0.4151,-0.5207,-2.7742,-2.7666,0.8428,3.419,388.8089,70.2846,-2.7329,9.1277,4.9648,2.8995,4.1909,-0.6011,-1.0415,-0.8319,-0.8212,0.027,0.6616,21.389,0.2542,0.148,0.2027,2.3928,Consumer products,0.2820529987393787,-5.0036324861438235,4.485579768276805,4.731511604213071,0.0133012839489215,-0.0921495549034634,-0.0484385714285714,0.0008327267932491,-0.1082367532467532,0.0015838050398839,-0.0831416883116883,0.0009597456607812,-0.0928884415584415,0.0003923949648011,-5.92312103896104,0.5363414916322566,-0.0120784415584415,0.062530066471404,1.0612244897959184,0.2422260708259024,49.0
2024-06-30,VERU,0.8623437434434891,0.2111,37.621,2.7449152542372883,3.623,-0.0747,-0.0749,109.0396,0.3216,-0.1852,0.3384,1.6417,0.1327,0.1818,0.228,-0.4151,-0.5207,-2.7742,-2.7666,0.8428,3.419,388.8089,70.2846,-2.7329,9.1277,4.9648,2.8995,4.1909,-0.6011,-1.0415,-0.8319,-0.8212,0.027,0.6616,21.389,0.2542,0.148,0.2027,2.3928,Consumer products,0.2820529987393787,-5.0036324861438235,4.485579768276805,4.731511604213071,0.0133012839489215,-0.0921495549034634,-0.0484385714285714,0.0008327267932491,-0.1082367532467532,0.0015838050398839,-0.0831416883116883,0.0009597456607812,-0.0928884415584415,0.0003923949648011,-5.92312103896104,0.5363414916322566,-0.0120784415584415,0.062530066471404,1.0612244897959184,0.2422260708259024,49.0
2024-06-30,VERU,0.8623437434434891,0.2111,37.621,2.7449152542372883,3.623,-0.0747,-0.0749,109.0396,0.3216,-0.1852,0.3384,1.6417,0.1327,0.1818,0.228,-0.4151,-0.5207,-2.7742,-2.7666,0.8428,3.419,388.8089,70.2846,-2.7329,9.1277,4.9648,2.8995,4.1909,-0.6011,-1.0415,-0.8319,-0.8212,0.027,0.6616,21.389,0.2542,0.148,0.2027,2.3928,Consumer products,0.2820529987393787,-5.0036324861438235,4.485579768276805,4.731511604213071,0.0133012839489215,-0.0921495549034634,-0.0484385714285714,0.0008327267932491,-0.1082367532467532,0.0015838050398839,-0.0831416883116883,0.0009597456607812,-0.0928884415584415,0.0003923949648011,-5.92312103896104,0.5363414916322566,-0.0120784415584415,0.062530066471404,1.0612244897959184,0.2422260708259024,49.0
2024-06-30,VHI,23.180044174194336,0.7713,962.6,0.9849524815205912,3.4947,1.6351,0.6982,616.754,0.0531,2.0982,0.2203,3.1922,0.1963,0.3405,0.5167,0.0856,0.13,0.0356,0.0833,0.2152,0.5108,19.2052,4.3279,0.0672,0.2443,3.2803,2.2397,6.146,0.0098,0.0272,0.0175,0.0328,19.6386,0.7797,237.8,0.5176,0.1967,0.341,1.6128,Chemicals,-0.0507602729123751,-0.0691042784262306,-0.1908181681455858,-0.4135352510687631,0.0004011881442152,0.110713978013593,-0.0012967532467532,0.0845104201210622,-0.0061168831168831,0.0282444772380416,-0.0024431168831168,0.0976495377283708,-0.004178961038961,0.1123912935109061,-15.240377272727274,0.028847490937458,-0.0460907792207792,0.2833673176134146,1.125,0.3415650255319866,16.0
2024-06-30,VHI,23.180044174194336,0.7713,962.6,0.9849524815205912,3.4947,1.6351,0.6982,616.754,0.0531,2.0982,0.2203,3.1922,0.1963,0.3405,0.5167,0.0856,0.13,0.0356,0.0833,0.2152,0.5108,19.2052,4.3279,0.0672,0.2443,3.2803,2.2397,6.146,0.0098,0.0272,0.0175,0.0328,19.6386,0.7797,237.8,0.5176,0.1967,0.341,1.6128,Chemicals,-0.0507602729123751,-0.0691042784262306,-0.1908181681455858,-0.4135352510687631,0.0004011881442152,0.110713978013593,-0.0012967532467532,0.0845104201210622,-0.0061168831168831,0.0282444772380416,-0.0024431168831168,0.0976495377283708,-0.004178961038961,0.1123912935109061,-15.240377272727274,0.028847490937458,-0.0460907792207792,0.2833673176134146,1.125,0.3415650255319866,16.0
2024-06-30,VHI,23.180044174194336,0.7713,962.6,0.9849524815205912,3.4947,1.6351,0.6982,616.754,0.0531,2.0982,0.2203,3.1922,0.1963,0.3405,0.5167,0.0856,0.13,0.0356,0.0833,0.2152,0.5108,19.2052,4.3279,0.0672,0.2443,3.2803,2.2397,6.146,0.0098,0.0272,0.0175,0.0328,19.6386,0.7797,237.8,0.5176,0.1967,0.341,1.6128,Chemicals,-0.0507602729123751,-0.0691042784262306,-0.1908181681455858,-0.4135352510687631,0.0004011881442152,0.110713978013593,-0.0012967532467532,0.0845104201210622,-0.0061168831168831,0.0282444772380416,-0.0024431168831168,0.0976495377283708,-0.004178961038961,0.1123912935109061,-15.240377272727274,0.028847490937458,-0.0460907792207792,0.2833673176134146,1.125,0.3415650255319866,16.0
2024-06-30,VTRS,11.363176211714745,0.3223,19520.0,0.1189747314896487,1.5296,-0.1803,-0.274,28783.357,0.0815,1.5788,0.4201,2.2995,0.325,0.4024,0.7547,0.4418,0.8286,-0.086,-0.0566,0.6069,0.646,6.5822,6.6932,-0.1032,0.8274,11.4525,0.8546,5.2473,-0.0137,-0.032,-0.017,0.002,3.1875,0.5799,1101.0,0.8756,0.377,0.4668,1.7563,Pharmaceuticals,0.0233403633172913,0.0384236238112271,0.030480580071393,-0.0037245208911762,0.7108038455753143,-1.207319752660159,0.0012157142857142,0.164592964716582,0.0030323376623376,0.1750796258855954,0.0015205194805194,0.1666424991702328,-0.0001044155844155,0.8914796586022,324.11110259740246,0.2579606677874189,-0.0116741558441558,0.4304318943133894,1.0,0.0,4.0
2024-06-30,WLFC,98.5114221572876,0.1807,542.406,0.0427106531071915,1.1944,8.6242,6.3429,2395.3517,0.3671,-16.2731,0.9265,0.4367,0.6663,0.7821,3.5891,0.7801,3.5798,0.2818,0.3832,0.1191,0.8363,5.0966,6.8163,0.3832,0.9254,0.8869,0.5008,9.2144,0.0328,0.1758,0.0383,0.0555,22.5082,0.0735,511.509,3.5891,0.6663,0.7821,1.228,Trading Companies & Distributors,0.4306816938395885,1.140159976940261,0.3656033728422559,0.3605977476176725,0.168841930933414,3.8597482290752407,-0.0005283116883116,0.3252845485868664,-0.0026118181818181,0.3641382018788843,-0.0006248051948051,0.3147937001837038,-0.0006563636363636,0.4208162621533072,33.90306077922078,1.2481095943995218e-06,0.1286287012987012,0.1765183213868218,1.173913043478261,0.3875533878815898,23.0
2024-06-30,WLFC,98.5114221572876,0.1807,542.406,0.0427106531071915,1.1944,8.6242,6.3429,2395.3517,0.3671,-16.2731,0.9265,0.4367,0.6663,0.7821,3.5891,0.7801,3.5798,0.2818,0.3832,0.1191,0.8363,5.0966,6.8163,0.3832,0.9254,0.8869,0.5008,9.2144,0.0328,0.1758,0.0383,0.0555,22.5082,0.0735,511.509,3.5891,0.6663,0.7821,1.228,Trading Companies & Distributors,0.4306816938395885,1.140159976940261,0.3656033728422559,0.3605977476176725,0.168841930933414,3.8597482290752407,-0.0005283116883116,0.3252845485868664,-0.0026118181818181,0.3641382018788843,-0.0006248051948051,0.3147937001837038,-0.0006563636363636,0.4208162621533072,33.90306077922078,1.2481095943995218e-06,0.1286287012987012,0.1765183213868218,1.173913043478261,0.3875533878815898,23.0
2024-06-30,WLFC,98.5114221572876,0.1807,542.406,0.0427106531071915,1.1944,8.6242,6.3429,2395.3517,0.3671,-16.2731,0.9265,0.4367,0.6663,0.7821,3.5891,0.7801,3.5798,0.2818,0.3832,0.1191,0.8363,5.0966,6.8163,0.3832,0.9254,0.8869,0.5008,9.2144,0.0328,0.1758,0.0383,0.0555,22.5082,0.0735,511.509,3.5891,0.6663,0.7821,1.228,Trading Companies & Distributors,0.4306816938395885,1.140159976940261,0.3656033728422559,0.3605977476176725,0.168841930933414,3.8597482290752407,-0.0005283116883116,0.3252845485868664,-0.0026118181818181,0.3641382018788843,-0.0006248051948051,0.3147937001837038,-0.0006563636363636,0.4208162621533072,33.90306077922078,1.2481095943995218e-06,0.1286287012987012,0.1765183213868218,1.173913043478261,0.3875533878815898,23.0
2024-06-30,WNC,19.92956832051277,1.6781,550.425,0.2390090179245166,1.9915,0.9647,0.6383,1271.2416,0.1683,1.9428,0.1628,6.167,0.2963,0.4189,0.7209,0.3373,0.5805,0.0526,0.0795,0.0686,1.7291,5.1059,5.4699,0.0708,0.4147,2.0243,1.1175,9.6625,0.1118,0.2824,0.163,0.2262,12.1373,0.8372,470.156,0.7209,0.2963,0.4189,1.6977,Machinery,-0.2741815311096422,-0.5161290322580645,-0.3870823371991332,-0.576805951265919,0.1753301070422175,0.8801827969276369,0.0167096969696969,0.0039714691260456,0.0413878787878787,0.0199686056724399,0.0249618181818181,0.0065122527923996,0.0294842424242424,0.0096991727481188,39.04241636363637,0.0690689196910561,0.0470024242424242,0.4339390736937473,1.2045454545454546,0.5937482613749998,44.0
2024-06-30,WNC,19.92956832051277,1.6781,550.425,0.2390090179245166,1.9915,0.9647,0.6383,1271.2416,0.1683,1.9428,0.1628,6.167,0.2963,0.4189,0.7209,0.3373,0.5805,0.0526,0.0795,0.0686,1.7291,5.1059,5.4699,0.0708,0.4147,2.0243,1.1175,9.6625,0.1118,0.2824,0.163,0.2262,12.1373,0.8372,470.156,0.7209,0.2963,0.4189,1.6977,Machinery,-0.2741815311096422,-0.5161290322580645,-0.3870823371991332,-0.576805951265919,0.1753301070422175,0.8801827969276369,0.0167096969696969,0.0039714691260456,0.0413878787878787,0.0199686056724399,0.0249618181818181,0.0065122527923996,0.0294842424242424,0.0096991727481188,39.04241636363637,0.0690689196910561,0.0470024242424242,0.4339390736937473,1.2045454545454546,0.5937482613749998,44.0
2024-06-30,WNC,19.92956832051277,1.6781,550.425,0.2390090179245166,1.9915,0.9647,0.6383,1271.2416,0.1683,1.9428,0.1628,6.167,0.2963,0.4189,0.7209,0.3373,0.5805,0.0526,0.0795,0.0686,1.7291,5.1059,5.4699,0.0708,0.4147,2.0243,1.1175,9.6625,0.1118,0.2824,0.163,0.2262,12.1373,0.8372,470.156,0.7209,0.2963,0.4189,1.6977,Machinery,-0.2741815311096422,-0.5161290322580645,-0.3870823371991332,-0.576805951265919,0.1753301070422175,0.8801827969276369,0.0167096969696969,0.0039714691260456,0.0413878787878787,0.0199686056724399,0.0249618181818181,0.0065122527923996,0.0294842424242424,0.0096991727481188,39.04241636363637,0.0690689196910561,0.0470024242424242,0.4339390736937473,1.2045454545454546,0.5937482613749998,44.0
2024-06-30,WSO,474.98955965042114,1.8,2610.837,0.2378986993832836,3.2104,7.1438,4.8212,20883.457,0.024,19.3525,0.271,3.3362,0.0,0.0,0.0,-0.0796,-0.0801,0.0848,0.1256,0.7622,8.0789,40.414,27.0188,0.1279,2.8372,8.7913,1.5457,7.4642,0.1264,0.2177,0.2137,0.3111,56.8552,0.729,2399.251,0.006,0.0036,0.006,2.4631,Trading Companies & Distributors,1.6597001860159757,1.411904590329322,2.0399331795402116,2.0212965636731157,1.4720189959766328,3.19719735150712,0.0030205194805194,0.0008941775754223,0.0061323376623376,0.0017109875358404,0.0059728571428571,0.0005764472155855,0.0079294805194805,0.0014577098592178,639.3096051948052,1.6439416697095178e-08,0.1603472727272727,0.0357698223920872,1.2,0.5877538136452587,45.0
2024-06-30,WSO,474.98955965042114,1.8,2610.837,0.2378986993832836,3.2104,7.1438,4.8212,20883.457,0.024,19.3525,0.271,3.3362,0.0,0.0,0.0,-0.0796,-0.0801,0.0848,0.1256,0.7622,8.0789,40.414,27.0188,0.1279,2.8372,8.7913,1.5457,7.4642,0.1264,0.2177,0.2137,0.3111,56.8552,0.729,2399.251,0.006,0.0036,0.006,2.4631,Trading Companies & Distributors,1.6597001860159757,1.411904590329322,2.0399331795402116,2.0212965636731157,1.4720189959766328,3.19719735150712,0.0030205194805194,0.0008941775754223,0.0061323376623376,0.0017109875358404,0.0059728571428571,0.0005764472155855,0.0079294805194805,0.0014577098592178,639.3096051948052,1.6439416697095178e-08,0.1603472727272727,0.0357698223920872,1.2,0.5877538136452587,45.0
2024-06-30,WSO,474.98955965042114,1.8,2610.837,0.2378986993832836,3.2104,7.1438,4.8212,20883.457,0.024,19.3525,0.271,3.3362,0.0,0.0,0.0,-0.0796,-0.0801,0.0848,0.1256,0.7622,8.0789,40.414,27.0188,0.1279,2.8372,8.7913,1.5457,7.4642,0.1264,0.2177,0.2137,0.3111,56.8552,0.729,2399.251,0.006,0.0036,0.006,2.4631,Trading Companies & Distributors,1.6597001860159757,1.411904590329322,2.0399331795402116,2.0212965636731157,1.4720189959766328,3.19719735150712,0.0030205194805194,0.0008941775754223,0.0061323376623376,0.0017109875358404,0.0059728571428571,0.0005764472155855,0.0079294805194805,0.0014577098592178,639.3096051948052,1.6439416697095178e-08,0.1603472727272727,0.0357698223920872,1.2,0.5877538136452587,45.0
2024-06-30,WTTR,10.845055744051932,1.1931,782.015,0.0772172260686333,1.8074,0.1998,0.1263,1339.0447,0.0931,1.3876,0.1648,31.6451,0.068,0.1032,0.1151,0.0846,0.0943,0.0352,0.0558,0.4683,1.618,21.6699,7.586,0.0514,0.8459,1.9312,1.4657,4.119,0.0466,0.0757,0.0719,0.0626,3.5831,0.8352,655.181,0.1153,0.0682,0.1034,2.4452,Energy,-0.0012748684053962,0.5292271587752312,0.980918095054932,0.6505280602084773,0.019216248655504,0.1485734386974383,0.0117881818181818,0.0078278209213491,0.0178174025974025,0.0065291971276009,0.0176027272727272,0.0070047710325234,0.018448961038961,0.0145309417785539,27.9170722077922,0.0213344990172999,0.0418264935064935,0.0722117941478115,1.0714285714285714,0.4657587540038478,28.0
2024-06-30,WTTR,10.845055744051932,1.1931,782.015,0.0772172260686333,1.8074,0.1998,0.1263,1339.0447,0.0931,1.3876,0.1648,31.6451,0.068,0.1032,0.1151,0.0846,0.0943,0.0352,0.0558,0.4683,1.618,21.6699,7.586,0.0514,0.8459,1.9312,1.4657,4.119,0.0466,0.0757,0.0719,0.0626,3.5831,0.8352,655.181,0.1153,0.0682,0.1034,2.4452,Energy,-0.0012748684053962,0.5292271587752312,0.980918095054932,0.6505280602084773,0.019216248655504,0.1485734386974383,0.0117881818181818,0.0078278209213491,0.0178174025974025,0.0065291971276009,0.0176027272727272,0.0070047710325234,0.018448961038961,0.0145309417785539,27.9170722077922,0.0213344990172999,0.0418264935064935,0.0722117941478115,1.0714285714285714,0.4657587540038478,28.0
2024-06-30,WTTR,10.845055744051932,1.1931,782.015,0.0772172260686333,1.8074,0.1998,0.1263,1339.0447,0.0931,1.3876,0.1648,31.6451,0.068,0.1032,0.1151,0.0846,0.0943,0.0352,0.0558,0.4683,1.618,21.6699,7.586,0.0514,0.8459,1.9312,1.4657,4.119,0.0466,0.0757,0.0719,0.0626,3.5831,0.8352,655.181,0.1153,0.0682,0.1034,2.4452,Energy,-0.0012748684053962,0.5292271587752312,0.980918095054932,0.6505280602084773,0.019216248655504,0.1485734386974383,0.0117881818181818,0.0078278209213491,0.0178174025974025,0.0065291971276009,0.0176027272727272,0.0070047710325234,0.018448961038961,0.0145309417785539,27.9170722077922,0.0213344990172999,0.0418264935064935,0.0722117941478115,1.0714285714285714,0.4657587540038478,28.0
2024-06-30,ZWS,31.51501002907753,0.5694,1594.4,0.6377891023128185,2.835,0.4109,0.2629,5253.5695,0.1947,1.6476,0.4522,2.9112,0.1769,0.2269,0.2975,0.1592,0.2087,0.1117,0.1745,0.3953,3.0863,36.2889,17.4557,0.15,3.1932,7.3215,1.7523,6.3849,0.0501,0.0845,0.0641,0.1026,2.3542,0.5478,672.1,0.3108,0.1848,0.2371,2.4667,Building,-0.1440224226526285,-0.0709665092665884,-0.0776790799694615,-0.1346704118866983,0.8025832425785081,0.3258176166706974,-5.909090909090904e-05,0.9723539846965958,-0.0043318181818181,0.2884862792421337,-0.0002706293706293,0.9041236108605728,0.0052905594405594,0.008590243903565,-55.58724125874123,0.6043401238930166,0.0161486013986013,0.2491800760987799,1.0714285714285714,0.2622652641564811,28.0
2024-06-30,ZWS,31.51501002907753,0.5694,1594.4,0.6377891023128185,2.835,0.4109,0.2629,5253.5695,0.1947,1.6476,0.4522,2.9112,0.1769,0.2269,0.2975,0.1592,0.2087,0.1117,0.1745,0.3953,3.0863,36.2889,17.4557,0.15,3.1932,7.3215,1.7523,6.3849,0.0501,0.0845,0.0641,0.1026,2.3542,0.5478,672.1,0.3108,0.1848,0.2371,2.4667,Building,-0.1440224226526285,-0.0709665092665884,-0.0776790799694615,-0.1346704118866983,0.8025832425785081,0.3258176166706974,-5.909090909090904e-05,0.9723539846965958,-0.0043318181818181,0.2884862792421337,-0.0002706293706293,0.9041236108605728,0.0052905594405594,0.008590243903565,-55.58724125874123,0.6043401238930166,0.0161486013986013,0.2491800760987799,1.0714285714285714,0.2622652641564811,28.0
2024-06-30,ZWS,31.51501002907753,0.5694,1594.4,0.6377891023128185,2.835,0.4109,0.2629,5253.5695,0.1947,1.6476,0.4522,2.9112,0.1769,0.2269,0.2975,0.1592,0.2087,0.1117,0.1745,0.3953,3.0863,36.2889,17.4557,0.15,3.1932,7.3215,1.7523,6.3849,0.0501,0.0845,0.0641,0.1026,2.3542,0.5478,672.1,0.3108,0.1848,0.2371,2.4667,Building,-0.1440224226526285,-0.0709665092665884,-0.0776790799694615,-0.1346704118866983,0.8025832425785081,0.3258176166706974,-5.909090909090904e-05,0.9723539846965958,-0.0043318181818181,0.2884862792421337,-0.0002706293706293,0.9041236108605728,0.0052905594405594,0.008590243903565,-55.58724125874123,0.6043401238930166,0.0161486013986013,0.2491800760987799,1.0714285714285714,0.2622652641564811,28.0
2024-09-30,AATC,7.71725332736969,0.637,17.16,7.888686131386861,25.7007,0.2986,0.245,40.5495,0.5419,0.1516,0.9556,0.2841,0.0785,0.0806,0.0879,-0.1469,-0.1604,0.3963,0.483,2.2172,2.5234,8.9337,13.8698,0.4904,3.3585,2.615,19.3321,3.0563,0.2395,0.2703,0.2482,0.2622,0.6182,0.0444,16.559,0.0916,0.0818,0.0839,9.3422,Electrical Equipment,-0.8913337226745452,-0.5854887173746538,-0.6810673164520838,-0.7876015563097956,0.0063158697614315,3.19139626926738,-0.0030045454545454,0.5800498686849784,-0.0033090909090909,0.5919074276212622,-0.0047120779220779,0.4345764253854853,0.0068125974025974,0.0148783066208419,1.0114545454545456,4.9627012359955234e-05,0.0120372727272727,0.007157232230327,1.4285714285714286,0.5345224838248488,7.0
2024-09-30,AATC,7.71725332736969,0.637,17.16,7.888686131386861,25.7007,0.2986,0.245,40.5495,0.5419,0.1516,0.9556,0.2841,0.0785,0.0806,0.0879,-0.1469,-0.1604,0.3963,0.483,2.2172,2.5234,8.9337,13.8698,0.4904,3.3585,2.615,19.3321,3.0563,0.2395,0.2703,0.2482,0.2622,0.6182,0.0444,16.559,0.0916,0.0818,0.0839,9.3422,Electrical Equipment,-0.8913337226745452,-0.5854887173746538,-0.6810673164520838,-0.7876015563097956,0.0063158697614315,3.19139626926738,-0.0030045454545454,0.5800498686849784,-0.0033090909090909,0.5919074276212622,-0.0047120779220779,0.4345764253854853,0.0068125974025974,0.0148783066208419,1.0114545454545456,4.9627012359955234e-05,0.0120372727272727,0.007157232230327,1.4285714285714286,0.5345224838248488,7.0
2024-09-30,ACA,100.4860030412674,0.6452,2434.1,1.7506361323155215,3.6079,0.6926,0.3402,5102.872,0.1571,2.4775,0.2135,5.5227,0.2823,0.3351,0.5053,0.1308,0.1972,0.0259,0.0528,0.0763,1.8992,35.9749,35.5052,0.0298,1.8596,2.1726,2.7742,6.3254,0.0334,0.0538,0.0406,0.0622,13.123,0.7865,2127.8,0.5082,0.2839,0.3369,2.2659,Construction,0.8246913580246913,0.7217202604063919,0.9229740572345546,0.9176429749197256,0.5762058127354497,0.538410619427333,0.0004741558441558,0.5215856274119295,0.0015133766233766,0.184415982928046,0.0006733766233766,0.4575955963414955,0.0010884415584415,0.3486599737970597,140.90975103896102,4.202731671843575e-10,0.0339828571428571,0.2521459099723535,1.0819672131147542,0.4201222824850369,61.0
2024-09-30,ACA,100.4860030412674,0.6452,2434.1,1.7506361323155215,3.6079,0.6926,0.3402,5102.872,0.1571,2.4775,0.2135,5.5227,0.2823,0.3351,0.5053,0.1308,0.1972,0.0259,0.0528,0.0763,1.8992,35.9749,35.5052,0.0298,1.8596,2.1726,2.7742,6.3254,0.0334,0.0538,0.0406,0.0622,13.123,0.7865,2127.8,0.5082,0.2839,0.3369,2.2659,Construction,0.8246913580246913,0.7217202604063919,0.9229740572345546,0.9176429749197256,0.5762058127354497,0.538410619427333,0.0004741558441558,0.5215856274119295,0.0015133766233766,0.184415982928046,0.0006733766233766,0.4575955963414955,0.0010884415584415,0.3486599737970597,140.90975103896102,4.202731671843575e-10,0.0339828571428571,0.2521459099723535,1.0819672131147542,0.4201222824850369,61.0
2024-09-30,ACA,100.4860030412674,0.6452,2434.1,1.7506361323155215,3.6079,0.6926,0.3402,5102.872,0.1571,2.4775,0.2135,5.5227,0.2823,0.3351,0.5053,0.1308,0.1972,0.0259,0.0528,0.0763,1.8992,35.9749,35.5052,0.0298,1.8596,2.1726,2.7742,6.3254,0.0334,0.0538,0.0406,0.0622,13.123,0.7865,2127.8,0.5082,0.2839,0.3369,2.2659,Construction,0.8246913580246913,0.7217202604063919,0.9229740572345546,0.9176429749197256,0.5762058127354497,0.538410619427333,0.0004741558441558,0.5215856274119295,0.0015133766233766,0.184415982928046,0.0006733766233766,0.4575955963414955,0.0010884415584415,0.3486599737970597,140.90975103896102,4.202731671843575e-10,0.0339828571428571,0.2521459099723535,1.0819672131147542,0.4201222824850369,61.0
2024-09-30,ACU,41.36940950155258,1.1765,106.317,0.2546217736893811,4.4107,0.713,0.5424,180.5774,0.1562,1.6534,0.3854,2.0892,0.1933,0.2306,0.3009,0.1926,0.2513,0.0462,0.0607,0.1107,1.4472,7.8816,8.5643,0.05,0.8077,1.8425,1.6545,5.8429,0.1206,0.1917,0.1461,0.1985,11.7364,0.6146,83.507,0.3049,0.1959,0.2337,2.7972,Commercial Services & Supplies,-0.4037640644243301,-0.4097029279760633,-0.6985355315117493,-1.085182635458006,0.0298207819065628,-6.02365530836384,0.001767922077922,0.1576892064781071,0.0016871428571428,0.4260514665097984,0.0022094805194805,0.144878997287513,0.0034435064935064,0.0543203072111374,2.9250607792207797,0.0033399398640414,0.0383690909090909,0.1876523343614196,1.2307692307692308,0.4296689244236597,26.0
2024-09-30,ACU,41.36940950155258,1.1765,106.317,0.2546217736893811,4.4107,0.713,0.5424,180.5774,0.1562,1.6534,0.3854,2.0892,0.1933,0.2306,0.3009,0.1926,0.2513,0.0462,0.0607,0.1107,1.4472,7.8816,8.5643,0.05,0.8077,1.8425,1.6545,5.8429,0.1206,0.1917,0.1461,0.1985,11.7364,0.6146,83.507,0.3049,0.1959,0.2337,2.7972,Commercial Services & Supplies,-0.4037640644243301,-0.4097029279760633,-0.6985355315117493,-1.085182635458006,0.0298207819065628,-6.02365530836384,0.001767922077922,0.1576892064781071,0.0016871428571428,0.4260514665097984,0.0022094805194805,0.144878997287513,0.0034435064935064,0.0543203072111374,2.9250607792207797,0.0033399398640414,0.0383690909090909,0.1876523343614196,1.2307692307692308,0.4296689244236597,26.0
2024-09-30,ACU,41.36940950155258,1.1765,106.317,0.2546217736893811,4.4107,0.713,0.5424,180.5774,0.1562,1.6534,0.3854,2.0892,0.1933,0.2306,0.3009,0.1926,0.2513,0.0462,0.0607,0.1107,1.4472,7.8816,8.5643,0.05,0.8077,1.8425,1.6545,5.8429,0.1206,0.1917,0.1461,0.1985,11.7364,0.6146,83.507,0.3049,0.1959,0.2337,2.7972,Commercial Services & Supplies,-0.4037640644243301,-0.4097029279760633,-0.6985355315117493,-1.085182635458006,0.0298207819065628,-6.02365530836384,0.001767922077922,0.1576892064781071,0.0016871428571428,0.4260514665097984,0.0022094805194805,0.144878997287513,0.0034435064935064,0.0543203072111374,2.9250607792207797,0.0033399398640414,0.0383690909090909,0.1876523343614196,1.2307692307692308,0.4296689244236597,26.0
2024-09-30,AGRO,10.831118434667587,0.436,1396.575,0.1183040833119747,2.3982,0.2943,0.189,2277.3594,0.2296,0.7986,0.2247,1.918,0.2133,0.2638,0.4931,0.4448,0.8314,0.0409,0.0637,0.3801,0.7993,7.0419,2.6909,0.0499,0.8022,0.8096,1.065,9.6304,0.0497,0.1182,0.0619,0.0677,4.6169,0.7753,1378.814,0.8691,0.376,0.465,1.7627,Food Products,-0.5327195272777243,-0.660363573853625,-0.4043549265106151,-0.5805536621297741,0.0328887212970877,-0.0243709579809062,0.0041510389610389,3.846227508523103e-05,0.0105850649350649,7.00106638061736e-05,0.0051232467532467,2.8539453191354306e-05,0.0009941558441558,0.2867733158234786,33.5137974025974,0.0004172084095997,0.0069738961038961,0.2572699745292052,1.148936170212766,0.415918230062181,47.0
2024-09-30,AGRO,10.831118434667587,0.436,1396.575,0.1183040833119747,2.3982,0.2943,0.189,2277.3594,0.2296,0.7986,0.2247,1.918,0.2133,0.2638,0.4931,0.4448,0.8314,0.0409,0.0637,0.3801,0.7993,7.0419,2.6909,0.0499,0.8022,0.8096,1.065,9.6304,0.0497,0.1182,0.0619,0.0677,4.6169,0.7753,1378.814,0.8691,0.376,0.465,1.7627,Food Products,-0.5327195272777243,-0.660363573853625,-0.4043549265106151,-0.5805536621297741,0.0328887212970877,-0.0243709579809062,0.0041510389610389,3.846227508523103e-05,0.0105850649350649,7.00106638061736e-05,0.0051232467532467,2.8539453191354306e-05,0.0009941558441558,0.2867733158234786,33.5137974025974,0.0004172084095997,0.0069738961038961,0.2572699745292052,1.148936170212766,0.415918230062181,47.0
2024-09-30,AGRO,10.831118434667587,0.436,1396.575,0.1183040833119747,2.3982,0.2943,0.189,2277.3594,0.2296,0.7986,0.2247,1.918,0.2133,0.2638,0.4931,0.4448,0.8314,0.0409,0.0637,0.3801,0.7993,7.0419,2.6909,0.0499,0.8022,0.8096,1.065,9.6304,0.0497,0.1182,0.0619,0.0677,4.6169,0.7753,1378.814,0.8691,0.376,0.465,1.7627,Food Products,-0.5327195272777243,-0.660363573853625,-0.4043549265106151,-0.5805536621297741,0.0328887212970877,-0.0243709579809062,0.0041510389610389,3.846227508523103e-05,0.0105850649350649,7.00106638061736e-05,0.0051232467532467,2.8539453191354306e-05,0.0009941558441558,0.2867733158234786,33.5137974025974,0.0004172084095997,0.0069738961038961,0.2572699745292052,1.148936170212766,0.415918230062181,47.0
2024-09-30,AHH,10.670223355293274,0.2941,663.852,0.2256864208332261,1.0368,0.3604,-0.0731,2474.3121,0.0652,0.4159,0.2869,7.4257,0.5175,0.6359,1.9964,0.6605,2.0736,-0.0268,0.1324,2.5467,1.6536,109.0321,24.3562,-0.0371,1.4503,1.9389,1.0368,15.9,-0.0012,-0.0051,-0.0015,0.0356,2.7223,0.7131,566.154,2.1397,0.5546,0.6815,1.3499,Real Estate,0.0493264765023043,0.1109481915933529,0.0434300145404453,-2.727555015525853,0.2214921662691618,0.6892723876801126,-0.0002614285714285,0.433015746439259,-0.0016814285714285,0.1425393357635843,-0.0003725974025974,0.3773777047214847,0.0002992207792207,0.1267551563742804,29.158572727272738,0.0011222584515073,0.005757922077922,0.037884146896345,1.1940298507462686,0.4348042391331519,67.0
2024-09-30,AHH,10.670223355293274,0.2941,663.852,0.2256864208332261,1.0368,0.3604,-0.0731,2474.3121,0.0652,0.4159,0.2869,7.4257,0.5175,0.6359,1.9964,0.6605,2.0736,-0.0268,0.1324,2.5467,1.6536,109.0321,24.3562,-0.0371,1.4503,1.9389,1.0368,15.9,-0.0012,-0.0051,-0.0015,0.0356,2.7223,0.7131,566.154,2.1397,0.5546,0.6815,1.3499,Real Estate,0.0493264765023043,0.1109481915933529,0.0434300145404453,-2.727555015525853,0.2214921662691618,0.6892723876801126,-0.0002614285714285,0.433015746439259,-0.0016814285714285,0.1425393357635843,-0.0003725974025974,0.3773777047214847,0.0002992207792207,0.1267551563742804,29.158572727272738,0.0011222584515073,0.005757922077922,0.037884146896345,1.1940298507462686,0.4348042391331519,67.0
2024-09-30,AHH,10.670223355293274,0.2941,663.852,0.2256864208332261,1.0368,0.3604,-0.0731,2474.3121,0.0652,0.4159,0.2869,7.4257,0.5175,0.6359,1.9964,0.6605,2.0736,-0.0268,0.1324,2.5467,1.6536,109.0321,24.3562,-0.0371,1.4503,1.9389,1.0368,15.9,-0.0012,-0.0051,-0.0015,0.0356,2.7223,0.7131,566.154,2.1397,0.5546,0.6815,1.3499,Real Estate,0.0493264765023043,0.1109481915933529,0.0434300145404453,-2.727555015525853,0.2214921662691618,0.6892723876801126,-0.0002614285714285,0.433015746439259,-0.0016814285714285,0.1425393357635843,-0.0003725974025974,0.3773777047214847,0.0002992207792207,0.1267551563742804,29.158572727272738,0.0011222584515073,0.005757922077922,0.037884146896345,1.1940298507462686,0.4348042391331519,67.0
2024-09-30,ALV,96.1198432445526,1.277,2288.0,0.1028755577590481,0.9581,2.8499,1.7528,9147.9443,0.0121,6.273,0.18,8.7105,0.1909,0.3526,0.6932,0.3991,0.7845,0.0544,0.0885,0.3481,3.2137,11.6344,14.3612,0.0771,0.6986,8.1518,0.6683,4.8163,0.0767,0.2641,0.1422,0.1942,32.2194,0.82,902.0,0.9659,0.2661,0.4913,1.3802,Auto Components,-0.8708112571389253,-1.278990930703531,-3.924234821876568,-70.42417582417588,0.0131204029515138,0.6138325708836693,0.0014887012987012,0.0112197638733857,0.0043903896103896,0.0260126098555479,0.0033357142857142,0.0016790542947642,0.0032015584415584,0.0178943895074845,101.72138896103893,0.0292751173270769,0.0598515584415584,0.1829776270519405,0.98989898989899,0.3028756562720659,99.0
2024-09-30,ALV,96.1198432445526,1.277,2288.0,0.1028755577590481,0.9581,2.8499,1.7528,9147.9443,0.0121,6.273,0.18,8.7105,0.1909,0.3526,0.6932,0.3991,0.7845,0.0544,0.0885,0.3481,3.2137,11.6344,14.3612,0.0771,0.6986,8.1518,0.6683,4.8163,0.0767,0.2641,0.1422,0.1942,32.2194,0.82,902.0,0.9659,0.2661,0.4913,1.3802,Auto Components,-0.8708112571389253,-1.278990930703531,-3.924234821876568,-70.42417582417588,0.0131204029515138,0.6138325708836693,0.0014887012987012,0.0112197638733857,0.0043903896103896,0.0260126098555479,0.0033357142857142,0.0016790542947642,0.0032015584415584,0.0178943895074845,101.72138896103893,0.0292751173270769,0.0598515584415584,0.1829776270519405,0.98989898989899,0.3028756562720659,99.0
2024-09-30,ALV,96.1198432445526,1.277,2288.0,0.1028755577590481,0.9581,2.8499,1.7528,9147.9443,0.0121,6.273,0.18,8.7105,0.1909,0.3526,0.6932,0.3991,0.7845,0.0544,0.0885,0.3481,3.2137,11.6344,14.3612,0.0771,0.6986,8.1518,0.6683,4.8163,0.0767,0.2641,0.1422,0.1942,32.2194,0.82,902.0,0.9659,0.2661,0.4913,1.3802,Auto Components,-0.8708112571389253,-1.278990930703531,-3.924234821876568,-70.42417582417588,0.0131204029515138,0.6138325708836693,0.0014887012987012,0.0112197638733857,0.0043903896103896,0.0260126098555479,0.0033357142857142,0.0016790542947642,0.0032015584415584,0.0178943895074845,101.72138896103893,0.0292751173270769,0.0598515584415584,0.1829776270519405,0.98989898989899,0.3028756562720659,99.0
2024-09-30,ARKO,6.86970229446888,2.4484,380.005,0.6085299376026135,1.6271,0.3526,0.0821,1628.2677,0.035,1.2355,0.148,30.5717,0.2357,0.5845,2.2877,0.5484,2.1462,0.0042,0.0182,0.5948,2.1387,33.5541,5.0952,0.0079,0.0906,4.2328,1.1338,60.3451,0.0066,0.065,0.0165,0.0713,19.3339,0.852,192.006,2.9138,0.3002,0.7445,1.1149,Retail,-0.0393761827675049,-0.1910177474907728,-0.095187571355379,-0.6069710679842838,0.026996602850652,0.4383391347588264,-0.0003407142857142,0.4998039830599394,-0.0024917857142857,0.5341919922883396,-0.0005285714285714,0.6357026561090019,-0.0025903571428571,0.01730220443933,-19.91464714285714,0.0003401639231978,-0.0010621428571428,0.9083817437621642,1.088235294117647,0.2879022412812366,34.0
2024-09-30,ARKO,6.86970229446888,2.4484,380.005,0.6085299376026135,1.6271,0.3526,0.0821,1628.2677,0.035,1.2355,0.148,30.5717,0.2357,0.5845,2.2877,0.5484,2.1462,0.0042,0.0182,0.5948,2.1387,33.5541,5.0952,0.0079,0.0906,4.2328,1.1338,60.3451,0.0066,0.065,0.0165,0.0713,19.3339,0.852,192.006,2.9138,0.3002,0.7445,1.1149,Retail,-0.0393761827675049,-0.1910177474907728,-0.095187571355379,-0.6069710679842838,0.026996602850652,0.4383391347588264,-0.0003407142857142,0.4998039830599394,-0.0024917857142857,0.5341919922883396,-0.0005285714285714,0.6357026561090019,-0.0025903571428571,0.01730220443933,-19.91464714285714,0.0003401639231978,-0.0010621428571428,0.9083817437621642,1.088235294117647,0.2879022412812366,34.0
2024-09-30,ARKO,6.86970229446888,2.4484,380.005,0.6085299376026135,1.6271,0.3526,0.0821,1628.2677,0.035,1.2355,0.148,30.5717,0.2357,0.5845,2.2877,0.5484,2.1462,0.0042,0.0182,0.5948,2.1387,33.5541,5.0952,0.0079,0.0906,4.2328,1.1338,60.3451,0.0066,0.065,0.0165,0.0713,19.3339,0.852,192.006,2.9138,0.3002,0.7445,1.1149,Retail,-0.0393761827675049,-0.1910177474907728,-0.095187571355379,-0.6069710679842838,0.026996602850652,0.4383391347588264,-0.0003407142857142,0.4998039830599394,-0.0024917857142857,0.5341919922883396,-0.0005285714285714,0.6357026561090019,-0.0025903571428571,0.01730220443933,-19.91464714285714,0.0003401639231978,-0.0010621428571428,0.9083817437621642,1.088235294117647,0.2879022412812366,34.0
2024-09-30,ATGE,83.61874985694885,0.5952,1389.952,0.4803077765826424,0.9376,1.796,1.1804,3236.0232,0.1066,6.3937,0.5544,4907.0,0.2304,0.3184,0.4672,0.1886,0.2766,0.1106,0.1683,0.3209,2.0515,16.55,9.3952,0.1399,1.746,4.6286,0.7952,10.2312,0.0628,0.1265,0.0852,0.1281,10.6727,0.4456,616.063,0.4672,0.2304,0.3184,1.9735,Diversified Consumer Services,-0.3170216122416784,-0.2497840306059484,-0.1633044228281182,-0.3177157206966307,1.6298077743240844,317.1107544141287,0.0026083116883116,0.1699169382816021,0.0057514285714285,0.1522712604626863,0.0034835064935064,0.1689871406048066,0.0003011688311688,0.7789485892462948,46.72018285714286,0.0187686248057684,0.0540164935064935,0.0023618368013211,1.3548387096774193,0.5753623005008688,62.0
2024-09-30,ATGE,83.61874985694885,0.5952,1389.952,0.4803077765826424,0.9376,1.796,1.1804,3236.0232,0.1066,6.3937,0.5544,4907.0,0.2304,0.3184,0.4672,0.1886,0.2766,0.1106,0.1683,0.3209,2.0515,16.55,9.3952,0.1399,1.746,4.6286,0.7952,10.2312,0.0628,0.1265,0.0852,0.1281,10.6727,0.4456,616.063,0.4672,0.2304,0.3184,1.9735,Diversified Consumer Services,-0.3170216122416784,-0.2497840306059484,-0.1633044228281182,-0.3177157206966307,1.6298077743240844,317.1107544141287,0.0026083116883116,0.1699169382816021,0.0057514285714285,0.1522712604626863,0.0034835064935064,0.1689871406048066,0.0003011688311688,0.7789485892462948,46.72018285714286,0.0187686248057684,0.0540164935064935,0.0023618368013211,1.3548387096774193,0.5753623005008688,62.0
2024-09-30,ATGE,83.61874985694885,0.5952,1389.952,0.4803077765826424,0.9376,1.796,1.1804,3236.0232,0.1066,6.3937,0.5544,4907.0,0.2304,0.3184,0.4672,0.1886,0.2766,0.1106,0.1683,0.3209,2.0515,16.55,9.3952,0.1399,1.746,4.6286,0.7952,10.2312,0.0628,0.1265,0.0852,0.1281,10.6727,0.4456,616.063,0.4672,0.2304,0.3184,1.9735,Diversified Consumer Services,-0.3170216122416784,-0.2497840306059484,-0.1633044228281182,-0.3177157206966307,1.6298077743240844,317.1107544141287,0.0026083116883116,0.1699169382816021,0.0057514285714285,0.1522712604626863,0.0034835064935064,0.1689871406048066,0.0003011688311688,0.7789485892462948,46.72018285714286,0.0187686248057684,0.0540164935064935,0.0023618368013211,1.3548387096774193,0.5753623005008688,62.0
2024-09-30,AUDC,9.20515625923872,0.7345,186.894,0.3144904671497713,2.0297,0.1583,0.087,268.0224,0.039,0.26,0.6524,2.1496,0.0009,0.0015,0.0015,-0.1108,-0.1108,0.0445,0.0809,1.1147,1.5599,23.9147,15.2171,0.0707,1.194,2.9829,1.5795,4.5353,0.0367,0.0653,0.0653,0.1089,1.9573,0.3476,188.1,0.0,0.0,0.0,2.3394,Communications,-0.1302295873105993,-0.1346197456037273,-0.1723057437446813,-0.2728588162337215,0.0083015789457353,-0.0035687538578837,-0.0006916883116883,0.5297825084613649,-0.0022067532467532,0.2240075209096717,-0.0019880519480519,0.2713186975489364,0.0031464935064935,0.3834190097104849,-29.389223376623377,0.0005646369187186,0.0053106493506493,0.579042282460263,1.1714285714285717,0.45281565433046,35.0
2024-09-30,AUDC,9.20515625923872,0.7345,186.894,0.3144904671497713,2.0297,0.1583,0.087,268.0224,0.039,0.26,0.6524,2.1496,0.0009,0.0015,0.0015,-0.1108,-0.1108,0.0445,0.0809,1.1147,1.5599,23.9147,15.2171,0.0707,1.194,2.9829,1.5795,4.5353,0.0367,0.0653,0.0653,0.1089,1.9573,0.3476,188.1,0.0,0.0,0.0,2.3394,Communications,-0.1302295873105993,-0.1346197456037273,-0.1723057437446813,-0.2728588162337215,0.0083015789457353,-0.0035687538578837,-0.0006916883116883,0.5297825084613649,-0.0022067532467532,0.2240075209096717,-0.0019880519480519,0.2713186975489364,0.0031464935064935,0.3834190097104849,-29.389223376623377,0.0005646369187186,0.0053106493506493,0.579042282460263,1.1714285714285717,0.45281565433046,35.0
2024-09-30,AUDC,9.20515625923872,0.7345,186.894,0.3144904671497713,2.0297,0.1583,0.087,268.0224,0.039,0.26,0.6524,2.1496,0.0009,0.0015,0.0015,-0.1108,-0.1108,0.0445,0.0809,1.1147,1.5599,23.9147,15.2171,0.0707,1.194,2.9829,1.5795,4.5353,0.0367,0.0653,0.0653,0.1089,1.9573,0.3476,188.1,0.0,0.0,0.0,2.3394,Communications,-0.1302295873105993,-0.1346197456037273,-0.1723057437446813,-0.2728588162337215,0.0083015789457353,-0.0035687538578837,-0.0006916883116883,0.5297825084613649,-0.0022067532467532,0.2240075209096717,-0.0019880519480519,0.2713186975489364,0.0031464935064935,0.3834190097104849,-29.389223376623377,0.0005646369187186,0.0053106493506493,0.579042282460263,1.1714285714285717,0.45281565433046,35.0
2024-09-30,AVTR,22.488593727350235,0.5321,5553.2,0.1750521536384832,1.5368,0.1794,0.0846,22223.273,0.119,1.0979,0.3292,5.5633,0.3654,0.4479,0.8448,0.4426,0.8348,0.0337,0.0715,0.1078,3.1671,56.8071,23.5378,0.0435,2.5789,8.6616,1.0585,6.0954,0.0242,0.0574,0.0292,0.0586,2.5101,0.6708,2030.5,0.8862,0.3832,0.4698,1.762,Life Sciences Tools & Services,-0.5549044585987261,-1.3299864838771964,-0.5253110789066013,-0.956647923090876,2.153347657392175,0.5079235252019222,0.0012832467532467,0.0318794006041993,0.0026566233766233,0.1993554649600741,0.0014748051948051,0.0501107573159353,0.0003631168831168,0.600161372964481,265.05928311688325,0.1630975402251124,0.0004372727272727,0.9287026713146388,1.08,0.3938927711338647,100.0
2024-09-30,AVTR,22.488593727350235,0.5321,5553.2,0.1750521536384832,1.5368,0.1794,0.0846,22223.273,0.119,1.0979,0.3292,5.5633,0.3654,0.4479,0.8448,0.4426,0.8348,0.0337,0.0715,0.1078,3.1671,56.8071,23.5378,0.0435,2.5789,8.6616,1.0585,6.0954,0.0242,0.0574,0.0292,0.0586,2.5101,0.6708,2030.5,0.8862,0.3832,0.4698,1.762,Life Sciences Tools & Services,-0.5549044585987261,-1.3299864838771964,-0.5253110789066013,-0.956647923090876,2.153347657392175,0.5079235252019222,0.0012832467532467,0.0318794006041993,0.0026566233766233,0.1993554649600741,0.0014748051948051,0.0501107573159353,0.0003631168831168,0.600161372964481,265.05928311688325,0.1630975402251124,0.0004372727272727,0.9287026713146388,1.08,0.3938927711338647,100.0
2024-09-30,AVTR,22.488593727350235,0.5321,5553.2,0.1750521536384832,1.5368,0.1794,0.0846,22223.273,0.119,1.0979,0.3292,5.5633,0.3654,0.4479,0.8448,0.4426,0.8348,0.0337,0.0715,0.1078,3.1671,56.8071,23.5378,0.0435,2.5789,8.6616,1.0585,6.0954,0.0242,0.0574,0.0292,0.0586,2.5101,0.6708,2030.5,0.8862,0.3832,0.4698,1.762,Life Sciences Tools & Services,-0.5549044585987261,-1.3299864838771964,-0.5253110789066013,-0.956647923090876,2.153347657392175,0.5079235252019222,0.0012832467532467,0.0318794006041993,0.0026566233766233,0.1993554649600741,0.0014748051948051,0.0501107573159353,0.0003631168831168,0.600161372964481,265.05928311688325,0.1630975402251124,0.0004372727272727,0.9287026713146388,1.08,0.3938927711338647,100.0
2024-09-30,AWI,146.81944966316223,0.7958,717.0,0.3374542124542125,1.6378,2.5353,1.7517,6253.599,0.1994,3.6551,0.4245,7.4624,0.2955,0.4098,0.7435,0.3921,0.7114,0.1989,0.2879,0.1988,8.0105,23.02,35.9868,0.2685,4.1311,20.6526,1.0247,11.8072,0.1428,0.3832,0.1963,0.2822,8.8064,0.5755,278.1,0.8142,0.3236,0.4488,1.6596,Building,-0.4105070250458155,-0.3218268207213808,-0.2378846083932185,-0.3704092615441157,0.955356879395184,2.0103319628747123,0.0067246753246753,0.0026391644164184,0.0117961038961038,0.2157793813947503,0.00854,0.0107904710663704,-0.0009070129870129,0.5062252246605321,17.741677662337676,0.560072848645015,0.0342090909090909,0.0185287860926764,1.2307692307692308,0.5326502452043778,78.0
2024-09-30,AWI,146.81944966316223,0.7958,717.0,0.3374542124542125,1.6378,2.5353,1.7517,6253.599,0.1994,3.6551,0.4245,7.4624,0.2955,0.4098,0.7435,0.3921,0.7114,0.1989,0.2879,0.1988,8.0105,23.02,35.9868,0.2685,4.1311,20.6526,1.0247,11.8072,0.1428,0.3832,0.1963,0.2822,8.8064,0.5755,278.1,0.8142,0.3236,0.4488,1.6596,Building,-0.4105070250458155,-0.3218268207213808,-0.2378846083932185,-0.3704092615441157,0.955356879395184,2.0103319628747123,0.0067246753246753,0.0026391644164184,0.0117961038961038,0.2157793813947503,0.00854,0.0107904710663704,-0.0009070129870129,0.5062252246605321,17.741677662337676,0.560072848645015,0.0342090909090909,0.0185287860926764,1.2307692307692308,0.5326502452043778,78.0
2024-09-30,AWI,146.81944966316223,0.7958,717.0,0.3374542124542125,1.6378,2.5353,1.7517,6253.599,0.1994,3.6551,0.4245,7.4624,0.2955,0.4098,0.7435,0.3921,0.7114,0.1989,0.2879,0.1988,8.0105,23.02,35.9868,0.2685,4.1311,20.6526,1.0247,11.8072,0.1428,0.3832,0.1963,0.2822,8.8064,0.5755,278.1,0.8142,0.3236,0.4488,1.6596,Building,-0.4105070250458155,-0.3218268207213808,-0.2378846083932185,-0.3704092615441157,0.955356879395184,2.0103319628747123,0.0067246753246753,0.0026391644164184,0.0117961038961038,0.2157793813947503,0.00854,0.0107904710663704,-0.0009070129870129,0.5062252246605321,17.741677662337676,0.560072848645015,0.0342090909090909,0.0185287860926764,1.2307692307692308,0.5326502452043778,78.0
2024-09-30,AXL,6.257187530398369,1.1606,616.3,0.41917787049915,1.6501,0.3523,0.0849,2865.1508,0.0468,1.0969,0.1138,11.8037,0.4951,0.8001,4.2809,0.6486,3.4699,0.0066,0.0276,0.373,1.1791,24.549,4.42,-0.0014,0.1171,5.2352,1.1596,6.9536,0.0055,0.0483,0.0088,0.0695,12.775,0.8862,138.8,4.3502,0.5032,0.8131,1.1308,Auto Components,-0.0624440927544209,-0.2339086026239324,-0.2428499749121926,-25.20329670329673,0.0041093312092917,0.075880983445846,0.0067076623376623,0.0020970832018884,0.0608257142857142,0.0151413721890713,0.0097187012987012,0.0022443020585208,0.0112180519480519,0.000956063022257,-58.184080779220785,1.3402095587184256e-08,0.1215192207792208,0.011541241637661,1.1538461538461535,0.4043037700313199,65.0
2024-09-30,AXL,6.257187530398369,1.1606,616.3,0.41917787049915,1.6501,0.3523,0.0849,2865.1508,0.0468,1.0969,0.1138,11.8037,0.4951,0.8001,4.2809,0.6486,3.4699,0.0066,0.0276,0.373,1.1791,24.549,4.42,-0.0014,0.1171,5.2352,1.1596,6.9536,0.0055,0.0483,0.0088,0.0695,12.775,0.8862,138.8,4.3502,0.5032,0.8131,1.1308,Auto Components,-0.0624440927544209,-0.2339086026239324,-0.2428499749121926,-25.20329670329673,0.0041093312092917,0.075880983445846,0.0067076623376623,0.0020970832018884,0.0608257142857142,0.0151413721890713,0.0097187012987012,0.0022443020585208,0.0112180519480519,0.000956063022257,-58.184080779220785,1.3402095587184256e-08,0.1215192207792208,0.011541241637661,1.1538461538461535,0.4043037700313199,65.0
2024-09-30,AXL,6.257187530398369,1.1606,616.3,0.41917787049915,1.6501,0.3523,0.0849,2865.1508,0.0468,1.0969,0.1138,11.8037,0.4951,0.8001,4.2809,0.6486,3.4699,0.0066,0.0276,0.373,1.1791,24.549,4.42,-0.0014,0.1171,5.2352,1.1596,6.9536,0.0055,0.0483,0.0088,0.0695,12.775,0.8862,138.8,4.3502,0.5032,0.8131,1.1308,Auto Components,-0.0624440927544209,-0.2339086026239324,-0.2428499749121926,-25.20329670329673,0.0041093312092917,0.075880983445846,0.0067076623376623,0.0020970832018884,0.0608257142857142,0.0151413721890713,0.0097187012987012,0.0022443020585208,0.0112180519480519,0.000956063022257,-58.184080779220785,1.3402095587184256e-08,0.1215192207792208,0.011541241637661,1.1538461538461535,0.4043037700313199,65.0
2024-09-30,B,46.45781248807907,0.5093,1304.486,0.2125941092919502,2.284,0.8152,-0.0418,3116.2204,0.0896,0.6099,0.3311,3.1001,0.3692,0.4633,0.8702,0.4346,0.8162,-0.0055,0.1078,0.9157,1.5726,378.3228,35.4875,0.056,1.2693,3.1631,1.2513,4.055,-0.0125,-0.0302,-0.0156,0.0428,7.5589,0.6689,648.559,0.8781,0.3725,0.4675,1.7368,Machinery,0.0306553590238866,0.0551951018916202,0.0370459169343955,-0.109139233926531,0.4297902588297472,0.7437804665236961,-0.0031402597402597,4.3752669935360886e-08,-0.0070472727272727,1.412064707605178e-08,-0.0040816883116883,3.1073801866378455e-08,-0.0038675324675324,6.322084431723495e-07,-16.256793116883106,0.3133406849457336,-0.0291892207792207,0.048425506332303,1.072463768115942,0.3564052790471141,69.0
2024-09-30,B,46.45781248807907,0.5093,1304.486,0.2125941092919502,2.284,0.8152,-0.0418,3116.2204,0.0896,0.6099,0.3311,3.1001,0.3692,0.4633,0.8702,0.4346,0.8162,-0.0055,0.1078,0.9157,1.5726,378.3228,35.4875,0.056,1.2693,3.1631,1.2513,4.055,-0.0125,-0.0302,-0.0156,0.0428,7.5589,0.6689,648.559,0.8781,0.3725,0.4675,1.7368,Machinery,0.0306553590238866,0.0551951018916202,0.0370459169343955,-0.109139233926531,0.4297902588297472,0.7437804665236961,-0.0031402597402597,4.3752669935360886e-08,-0.0070472727272727,1.412064707605178e-08,-0.0040816883116883,3.1073801866378455e-08,-0.0038675324675324,6.322084431723495e-07,-16.256793116883106,0.3133406849457336,-0.0291892207792207,0.048425506332303,1.072463768115942,0.3564052790471141,69.0
2024-09-30,B,46.45781248807907,0.5093,1304.486,0.2125941092919502,2.284,0.8152,-0.0418,3116.2204,0.0896,0.6099,0.3311,3.1001,0.3692,0.4633,0.8702,0.4346,0.8162,-0.0055,0.1078,0.9157,1.5726,378.3228,35.4875,0.056,1.2693,3.1631,1.2513,4.055,-0.0125,-0.0302,-0.0156,0.0428,7.5589,0.6689,648.559,0.8781,0.3725,0.4675,1.7368,Machinery,0.0306553590238866,0.0551951018916202,0.0370459169343955,-0.109139233926531,0.4297902588297472,0.7437804665236961,-0.0031402597402597,4.3752669935360886e-08,-0.0070472727272727,1.412064707605178e-08,-0.0040816883116883,3.1073801866378455e-08,-0.0038675324675324,6.322084431723495e-07,-16.256793116883106,0.3133406849457336,-0.0291892207792207,0.048425506332303,1.072463768115942,0.3564052790471141,69.0
2024-09-30,BECN,100.85328090190887,1.3907,1897.6,0.0351330405579953,1.9118,3.9097,2.3027,8360.143,0.0803,3.1777,0.2634,5.1246,0.3937,0.5868,1.5394,0.6052,1.5876,0.0524,0.089,0.0603,2.8181,14.3289,11.9525,0.0714,0.5536,3.838,0.9118,6.4129,0.0537,0.2041,0.08,0.1433,43.9398,0.7366,1393.3,1.6234,0.4152,0.6188,1.3436,Trading Companies & Distributors,0.7051099682678629,1.3237010881314406,0.7636623975817357,0.9310568870921168,0.5892841067971206,1.7497805768900847,0.0054345454545454,6.1812951756900815e-06,0.0173132467532467,4.964261589248163e-07,0.0079114285714285,4.818130330360952e-06,0.0094975324675324,4.5166266735614175e-08,215.43488246753247,5.8269345759219246e-08,0.1661716883116883,0.0015869579401488,1.2027027027027026,0.437293347819733,74.0
2024-09-30,BECN,100.85328090190887,1.3907,1897.6,0.0351330405579953,1.9118,3.9097,2.3027,8360.143,0.0803,3.1777,0.2634,5.1246,0.3937,0.5868,1.5394,0.6052,1.5876,0.0524,0.089,0.0603,2.8181,14.3289,11.9525,0.0714,0.5536,3.838,0.9118,6.4129,0.0537,0.2041,0.08,0.1433,43.9398,0.7366,1393.3,1.6234,0.4152,0.6188,1.3436,Trading Companies & Distributors,0.7051099682678629,1.3237010881314406,0.7636623975817357,0.9310568870921168,0.5892841067971206,1.7497805768900847,0.0054345454545454,6.1812951756900815e-06,0.0173132467532467,4.964261589248163e-07,0.0079114285714285,4.818130330360952e-06,0.0094975324675324,4.5166266735614175e-08,215.43488246753247,5.8269345759219246e-08,0.1661716883116883,0.0015869579401488,1.2027027027027026,0.437293347819733,74.0
2024-09-30,BECN,100.85328090190887,1.3907,1897.6,0.0351330405579953,1.9118,3.9097,2.3027,8360.143,0.0803,3.1777,0.2634,5.1246,0.3937,0.5868,1.5394,0.6052,1.5876,0.0524,0.089,0.0603,2.8181,14.3289,11.9525,0.0714,0.5536,3.838,0.9118,6.4129,0.0537,0.2041,0.08,0.1433,43.9398,0.7366,1393.3,1.6234,0.4152,0.6188,1.3436,Trading Companies & Distributors,0.7051099682678629,1.3237010881314406,0.7636623975817357,0.9310568870921168,0.5892841067971206,1.7497805768900847,0.0054345454545454,6.1812951756900815e-06,0.0173132467532467,4.964261589248163e-07,0.0079114285714285,4.818130330360952e-06,0.0094975324675324,4.5166266735614175e-08,215.43488246753247,5.8269345759219246e-08,0.1661716883116883,0.0015869579401488,1.2027027027027026,0.437293347819733,74.0
2024-09-30,BG,87.41548120975494,2.1609,10135.0,0.3687426862566636,2.0698,2.2231,1.5547,17048.197,0.0754,7.8138,0.0598,6.7807,0.1891,0.2925,0.4713,0.2057,0.3314,0.0171,0.0245,0.3328,1.3507,11.8933,4.7831,0.0249,0.2512,1.4001,1.0229,23.6502,0.0456,0.1108,0.0734,0.1101,90.808,0.9402,9777.0,0.6112,0.2452,0.3794,1.6698,Food Products,-0.4887728459530026,-0.6190210150844471,-0.4794774088187262,-0.9441500472745664,0.2462033000811588,-0.1840947220093535,0.0058632467532467,0.0025380832541463,0.0158401298701298,0.0215738421860891,0.0097662337662337,0.0038023895713525,0.0110581818181818,0.0004476378716336,280.3311961038961,0.0026465670837315,0.2348646753246753,0.0446664838615636,0.9506172839506172,0.497524737271958,81.0
2024-09-30,BG,87.41548120975494,2.1609,10135.0,0.3687426862566636,2.0698,2.2231,1.5547,17048.197,0.0754,7.8138,0.0598,6.7807,0.1891,0.2925,0.4713,0.2057,0.3314,0.0171,0.0245,0.3328,1.3507,11.8933,4.7831,0.0249,0.2512,1.4001,1.0229,23.6502,0.0456,0.1108,0.0734,0.1101,90.808,0.9402,9777.0,0.6112,0.2452,0.3794,1.6698,Food Products,-0.4887728459530026,-0.6190210150844471,-0.4794774088187262,-0.9441500472745664,0.2462033000811588,-0.1840947220093535,0.0058632467532467,0.0025380832541463,0.0158401298701298,0.0215738421860891,0.0097662337662337,0.0038023895713525,0.0110581818181818,0.0004476378716336,280.3311961038961,0.0026465670837315,0.2348646753246753,0.0446664838615636,0.9506172839506172,0.497524737271958,81.0
2024-09-30,BG,87.41548120975494,2.1609,10135.0,0.3687426862566636,2.0698,2.2231,1.5547,17048.197,0.0754,7.8138,0.0598,6.7807,0.1891,0.2925,0.4713,0.2057,0.3314,0.0171,0.0245,0.3328,1.3507,11.8933,4.7831,0.0249,0.2512,1.4001,1.0229,23.6502,0.0456,0.1108,0.0734,0.1101,90.808,0.9402,9777.0,0.6112,0.2452,0.3794,1.6698,Food Products,-0.4887728459530026,-0.6190210150844471,-0.4794774088187262,-0.9441500472745664,0.2462033000811588,-0.1840947220093535,0.0058632467532467,0.0025380832541463,0.0158401298701298,0.0215738421860891,0.0097662337662337,0.0038023895713525,0.0110581818181818,0.0004476378716336,280.3311961038961,0.0026465670837315,0.2348646753246753,0.0446664838615636,0.9506172839506172,0.497524737271958,81.0
2024-09-30,BIP,34.10749989748001,0.2005,7216.0,0.1638371855185109,0.766,2.729,-0.0476,72562.527,0.0068,0.1581,0.4226,24.6541,0.4664,0.7529,6.8028,0.8648,7.814,-0.0042,0.2391,3.7132,2.2418,147.0593,20.1451,0.0594,0.7866,30.1373,0.7182,4.1424,0.0011,0.0143,0.0018,0.0797,11.4143,0.5774,472.0,8.036,0.551,0.8893,1.0736,Utilities,0.1421222634286398,0.5242362525458248,0.1036247334754797,1.6249952803473664,2.173992027848897,2.2381864380779963,-0.0001315584415584,0.3324532610488915,-0.0005516883116883,0.6869497357097427,-0.0002863636363636,0.2580622282874492,0.0004699999999999,0.0092566071368749,1554.8115571428568,9.475359337814012e-09,0.0897227272727272,4.082213875945746e-12,1.3676470588235294,0.6442492278638451,68.0
2024-09-30,BIP,34.10749989748001,0.2005,7216.0,0.1638371855185109,0.766,2.729,-0.0476,72562.527,0.0068,0.1581,0.4226,24.6541,0.4664,0.7529,6.8028,0.8648,7.814,-0.0042,0.2391,3.7132,2.2418,147.0593,20.1451,0.0594,0.7866,30.1373,0.7182,4.1424,0.0011,0.0143,0.0018,0.0797,11.4143,0.5774,472.0,8.036,0.551,0.8893,1.0736,Utilities,0.1421222634286398,0.5242362525458248,0.1036247334754797,1.6249952803473664,2.173992027848897,2.2381864380779963,-0.0001315584415584,0.3324532610488915,-0.0005516883116883,0.6869497357097427,-0.0002863636363636,0.2580622282874492,0.0004699999999999,0.0092566071368749,1554.8115571428568,9.475359337814012e-09,0.0897227272727272,4.082213875945746e-12,1.3676470588235294,0.6442492278638451,68.0
2024-09-30,BOOM,9.434687539935112,0.8016,256.524,0.1115810194618951,2.3674,-7.5576,-5.1416,319.8073,0.0847,1.889,0.1975,3.5557,0.1022,0.2168,0.2796,0.1805,0.2327,-0.6647,-0.9771,0.0873,1.014,13.6503,6.8355,-0.9944,0.3914,3.3717,1.0937,6.1388,-0.1079,-0.2396,-0.1928,-0.2472,7.7349,0.8025,77.144,0.2893,0.1057,0.2244,1.5758,Energy,0.0029518948700055,-1.675070373085144,-2.6303339183114165,-2.5688584102801215,0.004589463367911,-5.6199130145133145,-0.0046536363636363,0.0268846880003747,-0.0079335064935064,0.04135155043813,-0.0066557142857142,0.0353903436579755,-0.0084833766233766,0.0656421979935913,-11.055674545454544,0.0867963481718697,-0.0689901298701298,0.2940548751671189,1.0,0.3287979746107146,38.0
2024-09-30,BOOM,9.434687539935112,0.8016,256.524,0.1115810194618951,2.3674,-7.5576,-5.1416,319.8073,0.0847,1.889,0.1975,3.5557,0.1022,0.2168,0.2796,0.1805,0.2327,-0.6647,-0.9771,0.0873,1.014,13.6503,6.8355,-0.9944,0.3914,3.3717,1.0937,6.1388,-0.1079,-0.2396,-0.1928,-0.2472,7.7349,0.8025,77.144,0.2893,0.1057,0.2244,1.5758,Energy,0.0029518948700055,-1.675070373085144,-2.6303339183114165,-2.5688584102801215,0.004589463367911,-5.6199130145133145,-0.0046536363636363,0.0268846880003747,-0.0079335064935064,0.04135155043813,-0.0066557142857142,0.0353903436579755,-0.0084833766233766,0.0656421979935913,-11.055674545454544,0.0867963481718697,-0.0689901298701298,0.2940548751671189,1.0,0.3287979746107146,38.0
2024-09-30,BOOM,9.434687539935112,0.8016,256.524,0.1115810194618951,2.3674,-7.5576,-5.1416,319.8073,0.0847,1.889,0.1975,3.5557,0.1022,0.2168,0.2796,0.1805,0.2327,-0.6647,-0.9771,0.0873,1.014,13.6503,6.8355,-0.9944,0.3914,3.3717,1.0937,6.1388,-0.1079,-0.2396,-0.1928,-0.2472,7.7349,0.8025,77.144,0.2893,0.1057,0.2244,1.5758,Energy,0.0029518948700055,-1.675070373085144,-2.6303339183114165,-2.5688584102801215,0.004589463367911,-5.6199130145133145,-0.0046536363636363,0.0268846880003747,-0.0079335064935064,0.04135155043813,-0.0066557142857142,0.0353903436579755,-0.0084833766233766,0.0656421979935913,-11.055674545454544,0.0867963481718697,-0.0689901298701298,0.2940548751671189,1.0,0.3287979746107146,38.0
2024-09-30,BW,2.114375000819564,1.0893,7.2,0.1028067184017615,1.7797,-0.0232,-0.0578,660.4593,0.0394,-1.0547,0.2374,5.8216,0.5871,1.5804,45.9028,1.5789,40.7083,-0.0254,-0.0102,0.1468,72.3533,628.3094,14.5807,-0.052,0.2146,38.1482,1.3883,4.781,-0.0739,0.9476,0.0479,0.0182,2.2748,0.7626,10.3,50.6389,0.6247,1.6814,0.798,Electrical Equipment,0.2750294868711853,-2.0525679192904995,-0.1314388576069896,-0.0546695206896959,0.1028711802001565,-0.2479584509276731,-0.0182699999999999,0.0002778444412001,-0.0320903571428571,0.696074482583654,-0.0329453571428571,0.2572909678402018,-0.0266714285714285,0.2365643242585275,-25.196883928571424,0.0048805450864198,0.0071296428571428,0.3993824968067466,0.9777777777777776,0.3363499860730087,45.0
2024-09-30,BW,2.114375000819564,1.0893,7.2,0.1028067184017615,1.7797,-0.0232,-0.0578,660.4593,0.0394,-1.0547,0.2374,5.8216,0.5871,1.5804,45.9028,1.5789,40.7083,-0.0254,-0.0102,0.1468,72.3533,628.3094,14.5807,-0.052,0.2146,38.1482,1.3883,4.781,-0.0739,0.9476,0.0479,0.0182,2.2748,0.7626,10.3,50.6389,0.6247,1.6814,0.798,Electrical Equipment,0.2750294868711853,-2.0525679192904995,-0.1314388576069896,-0.0546695206896959,0.1028711802001565,-0.2479584509276731,-0.0182699999999999,0.0002778444412001,-0.0320903571428571,0.696074482583654,-0.0329453571428571,0.2572909678402018,-0.0266714285714285,0.2365643242585275,-25.196883928571424,0.0048805450864198,0.0071296428571428,0.3993824968067466,0.9777777777777776,0.3363499860730087,45.0
2024-09-30,BW,2.114375000819564,1.0893,7.2,0.1028067184017615,1.7797,-0.0232,-0.0578,660.4593,0.0394,-1.0547,0.2374,5.8216,0.5871,1.5804,45.9028,1.5789,40.7083,-0.0254,-0.0102,0.1468,72.3533,628.3094,14.5807,-0.052,0.2146,38.1482,1.3883,4.781,-0.0739,0.9476,0.0479,0.0182,2.2748,0.7626,10.3,50.6389,0.6247,1.6814,0.798,Electrical Equipment,0.2750294868711853,-2.0525679192904995,-0.1314388576069896,-0.0546695206896959,0.1028711802001565,-0.2479584509276731,-0.0182699999999999,0.0002778444412001,-0.0320903571428571,0.696074482583654,-0.0329453571428571,0.2572909678402018,-0.0266714285714285,0.2365643242585275,-25.196883928571424,0.0048805450864198,0.0071296428571428,0.3993824968067466,0.9777777777777776,0.3363499860730087,45.0
2024-09-30,CAAS,4.371093757450581,0.7888,350.107,0.2267783449863554,1.3613,0.3677,0.1823,193.5292,0.0426,-0.0001,0.1605,4.7811,0.0016,0.0025,0.0035,0.1087,0.1562,0.0335,0.0676,1.693,0.3966,4.3672,9.119,0.0725,0.2235,0.2863,1.1101,2.2365,0.0404,0.0898,0.0635,0.0901,5.4402,0.8395,340.599,0.437,0.1845,0.3041,1.731,Auto Components,-0.4586802449597467,-0.4348859734084705,-1.7523833416959358,-32.6736263736264,0.0002775684901015,0.0791979495118864,0.002710909090909,3.637605557152969e-07,0.005934935064935,4.735367711939585e-07,0.0042675324675324,4.077447937381901e-07,0.005011948051948,7.556018117341293e-07,1.8384707792207795,0.2368097861223129,0.0224840259740259,5.833784684615729e-05,1.181818181818182,0.3947710169758613,22.0
2024-09-30,CAAS,4.371093757450581,0.7888,350.107,0.2267783449863554,1.3613,0.3677,0.1823,193.5292,0.0426,-0.0001,0.1605,4.7811,0.0016,0.0025,0.0035,0.1087,0.1562,0.0335,0.0676,1.693,0.3966,4.3672,9.119,0.0725,0.2235,0.2863,1.1101,2.2365,0.0404,0.0898,0.0635,0.0901,5.4402,0.8395,340.599,0.437,0.1845,0.3041,1.731,Auto Components,-0.4586802449597467,-0.4348859734084705,-1.7523833416959358,-32.6736263736264,0.0002775684901015,0.0791979495118864,0.002710909090909,3.637605557152969e-07,0.005934935064935,4.735367711939585e-07,0.0042675324675324,4.077447937381901e-07,0.005011948051948,7.556018117341293e-07,1.8384707792207795,0.2368097861223129,0.0224840259740259,5.833784684615729e-05,1.181818181818182,0.3947710169758613,22.0
2024-09-30,CAAS,4.371093757450581,0.7888,350.107,0.2267783449863554,1.3613,0.3677,0.1823,193.5292,0.0426,-0.0001,0.1605,4.7811,0.0016,0.0025,0.0035,0.1087,0.1562,0.0335,0.0676,1.693,0.3966,4.3672,9.119,0.0725,0.2235,0.2863,1.1101,2.2365,0.0404,0.0898,0.0635,0.0901,5.4402,0.8395,340.599,0.437,0.1845,0.3041,1.731,Auto Components,-0.4586802449597467,-0.4348859734084705,-1.7523833416959358,-32.6736263736264,0.0002775684901015,0.0791979495118864,0.002710909090909,3.637605557152969e-07,0.005934935064935,4.735367711939585e-07,0.0042675324675324,4.077447937381901e-07,0.005011948051948,7.556018117341293e-07,1.8384707792207795,0.2368097861223129,0.0224840259740259,5.833784684615729e-05,1.181818181818182,0.3947710169758613,22.0
2024-09-30,CAPL,20.449107825756073,3.5814,30.751,0.0449366026423764,0.7276,0.7093,0.2803,1553.0284,0.0317,2.1735,0.1031,65.7986,0.6807,1.037,24.2561,1.0309,24.4536,0.0099,0.0251,1.5077,28.153,35.2956,9.4996,0.0122,0.1891,38.9338,0.3748,116.2507,0.0192,0.8898,0.0523,0.1082,28.2497,0.8969,16.7,24.6159,0.6835,1.0414,0.9736,Energy,-0.0005252676691761,6.220691226924712,0.7135190037743107,1.124395145599956,0.0222870677158571,0.5274431434839492,-0.0020446753246753,0.0565777051010562,0.0312611688311688,0.0041527069137922,0.0002984415584415,0.8675971007146075,0.0005474025974025,0.7518994456345393,32.600093506493515,1.9912894002342855e-06,-0.0024864935064935,0.891527144055754,1.1578947368421053,0.5014598571212792,19.0
2024-09-30,CAPL,20.449107825756073,3.5814,30.751,0.0449366026423764,0.7276,0.7093,0.2803,1553.0284,0.0317,2.1735,0.1031,65.7986,0.6807,1.037,24.2561,1.0309,24.4536,0.0099,0.0251,1.5077,28.153,35.2956,9.4996,0.0122,0.1891,38.9338,0.3748,116.2507,0.0192,0.8898,0.0523,0.1082,28.2497,0.8969,16.7,24.6159,0.6835,1.0414,0.9736,Energy,-0.0005252676691761,6.220691226924712,0.7135190037743107,1.124395145599956,0.0222870677158571,0.5274431434839492,-0.0020446753246753,0.0565777051010562,0.0312611688311688,0.0041527069137922,0.0002984415584415,0.8675971007146075,0.0005474025974025,0.7518994456345393,32.600093506493515,1.9912894002342855e-06,-0.0024864935064935,0.891527144055754,1.1578947368421053,0.5014598571212792,19.0
2024-09-30,CAPL,20.449107825756073,3.5814,30.751,0.0449366026423764,0.7276,0.7093,0.2803,1553.0284,0.0317,2.1735,0.1031,65.7986,0.6807,1.037,24.2561,1.0309,24.4536,0.0099,0.0251,1.5077,28.153,35.2956,9.4996,0.0122,0.1891,38.9338,0.3748,116.2507,0.0192,0.8898,0.0523,0.1082,28.2497,0.8969,16.7,24.6159,0.6835,1.0414,0.9736,Energy,-0.0005252676691761,6.220691226924712,0.7135190037743107,1.124395145599956,0.0222870677158571,0.5274431434839492,-0.0020446753246753,0.0565777051010562,0.0312611688311688,0.0041527069137922,0.0002984415584415,0.8675971007146075,0.0005474025974025,0.7518994456345393,32.600093506493515,1.9912894002342855e-06,-0.0024864935064935,0.891527144055754,1.1578947368421053,0.5014598571212792,19.0
2024-09-30,CE,95.86552226543428,0.4017,7274.0,0.1954796826160134,1.372,2.2641,1.059,26973.558,0.0705,7.7242,0.2349,3.286,0.4374,0.5605,1.5568,0.5998,1.6659,0.0438,0.0937,0.2817,2.0423,13.629,12.3877,0.0691,1.4177,4.3488,0.756,7.745,0.0418,0.1524,0.0534,0.0473,24.1749,0.7651,3416.0,1.7777,0.4994,0.64,1.3907,Chemicals,-0.2165081028303347,-0.3871872070646159,-0.5822680102271018,-0.5963480907180639,0.0175458475776453,0.1533040900376588,-0.0032267532467532,0.1699521341286903,-0.0085415584415584,0.2106247660984488,-0.0056298701298701,0.1221913362494613,-0.0071545454545454,0.0837380470098294,681.8833142857143,2.934847603277089e-05,-0.0077092207792207,0.9447181967128834,0.9848484848484848,0.3717908528036135,66.0
2024-09-30,CE,95.86552226543428,0.4017,7274.0,0.1954796826160134,1.372,2.2641,1.059,26973.558,0.0705,7.7242,0.2349,3.286,0.4374,0.5605,1.5568,0.5998,1.6659,0.0438,0.0937,0.2817,2.0423,13.629,12.3877,0.0691,1.4177,4.3488,0.756,7.745,0.0418,0.1524,0.0534,0.0473,24.1749,0.7651,3416.0,1.7777,0.4994,0.64,1.3907,Chemicals,-0.2165081028303347,-0.3871872070646159,-0.5822680102271018,-0.5963480907180639,0.0175458475776453,0.1533040900376588,-0.0032267532467532,0.1699521341286903,-0.0085415584415584,0.2106247660984488,-0.0056298701298701,0.1221913362494613,-0.0071545454545454,0.0837380470098294,681.8833142857143,2.934847603277089e-05,-0.0077092207792207,0.9447181967128834,0.9848484848484848,0.3717908528036135,66.0
2024-09-30,CF,86.26699566841125,0.4285,5194.0,1.3583415597235933,2.8134,2.0381,1.5454,17073.374,0.5781,10.4517,0.3241,12.7625,0.2145,0.3638,0.5718,0.1952,0.3069,0.2015,0.2657,0.3041,2.9802,13.2984,8.4958,0.292,2.5872,3.3083,2.385,13.3103,0.0834,0.2135,0.1382,0.2055,7.6708,0.6759,4679.0,0.5718,0.2145,0.3638,1.6005,Chemicals,-0.4319802817236822,-0.5424177736764797,-1.5069183335839975,-2.590899210202159,0.0111059437483231,0.138001442474163,0.0068114285714285,0.0112682751194351,0.0141781818181818,0.0831144408128271,0.0111870129870129,0.0198041591408822,0.0147963636363636,0.0542259131891178,289.94648441558445,0.0128041464001601,0.1415442857142857,0.1184347997852776,1.0857142857142856,0.3293760963343256,70.0
2024-09-30,CF,86.26699566841125,0.4285,5194.0,1.3583415597235933,2.8134,2.0381,1.5454,17073.374,0.5781,10.4517,0.3241,12.7625,0.2145,0.3638,0.5718,0.1952,0.3069,0.2015,0.2657,0.3041,2.9802,13.2984,8.4958,0.292,2.5872,3.3083,2.385,13.3103,0.0834,0.2135,0.1382,0.2055,7.6708,0.6759,4679.0,0.5718,0.2145,0.3638,1.6005,Chemicals,-0.4319802817236822,-0.5424177736764797,-1.5069183335839975,-2.590899210202159,0.0111059437483231,0.138001442474163,0.0068114285714285,0.0112682751194351,0.0141781818181818,0.0831144408128271,0.0111870129870129,0.0198041591408822,0.0147963636363636,0.0542259131891178,289.94648441558445,0.0128041464001601,0.1415442857142857,0.1184347997852776,1.0857142857142856,0.3293760963343256,70.0
2024-09-30,CHRW,107.1545399427414,3.2557,1640.066,0.0587744668621591,1.4901,1.4864,0.8024,14421.136,0.0172,1.7345,0.1583,1331.2973,0.2514,0.4345,0.8605,0.4546,0.9003,0.0209,0.0388,0.8433,7.8927,37.2658,49.6704,0.031,0.7288,6.8977,1.4285,6.4001,0.0637,0.2316,0.1095,0.1869,38.3288,0.8417,1473.678,0.9806,0.2865,0.4951,1.4128,Logistics & Transportation,-2.135536398467434,-1.5045939675174016,-2.6777292576419214,-7.924288310115084,2.9801757873137147,3.703859571404839,-0.002727922077922,0.0117852807511894,-0.0022662337662337,0.574097727056624,-0.0037144155844155,0.0529152117024762,-0.0036035064935064,0.0966187240807873,-3.077176623376637,0.961044890914869,-0.0028448051948051,0.9111396977762666,1.2894736842105263,0.693907647755151,38.0
2024-09-30,CLH,248.4021873474121,0.8351,2528.31,0.4567192969476338,2.0987,3.546,2.1246,15322.106,0.0927,4.9865,0.3098,11.5843,0.3796,0.5217,1.097,0.4281,0.9004,0.0753,0.1257,0.0108,5.1599,31.3092,33.5656,0.1016,2.2504,7.1704,1.6934,4.7397,0.06,0.1749,0.0825,0.1346,28.203,0.6902,1819.375,1.103,0.3817,0.5245,1.5292,Commercial Services & Supplies,-0.200877643992204,-0.3737978200470186,-0.3944502488002691,-0.7358467643962097,2.530312106472003,-29.95775837792171,0.002347922077922,6.892299445001212e-08,0.0066977922077922,1.508154272364311e-05,0.0031867532467532,1.307273612644424e-07,0.0038177922077922,1.0999910420628909e-07,500.76925506493507,7.920836917482559e-10,0.1371984415584415,2.1610550877985994e-05,1.2758620689655171,0.4985946569274483,87.0
2024-09-30,CLH,248.4021873474121,0.8351,2528.31,0.4567192969476338,2.0987,3.546,2.1246,15322.106,0.0927,4.9865,0.3098,11.5843,0.3796,0.5217,1.097,0.4281,0.9004,0.0753,0.1257,0.0108,5.1599,31.3092,33.5656,0.1016,2.2504,7.1704,1.6934,4.7397,0.06,0.1749,0.0825,0.1346,28.203,0.6902,1819.375,1.103,0.3817,0.5245,1.5292,Commercial Services & Supplies,-0.200877643992204,-0.3737978200470186,-0.3944502488002691,-0.7358467643962097,2.530312106472003,-29.95775837792171,0.002347922077922,6.892299445001212e-08,0.0066977922077922,1.508154272364311e-05,0.0031867532467532,1.307273612644424e-07,0.0038177922077922,1.0999910420628909e-07,500.76925506493507,7.920836917482559e-10,0.1371984415584415,2.1610550877985994e-05,1.2758620689655171,0.4985946569274483,87.0
2024-09-30,CLH,248.4021873474121,0.8351,2528.31,0.4567192969476338,2.0987,3.546,2.1246,15322.106,0.0927,4.9865,0.3098,11.5843,0.3796,0.5217,1.097,0.4281,0.9004,0.0753,0.1257,0.0108,5.1599,31.3092,33.5656,0.1016,2.2504,7.1704,1.6934,4.7397,0.06,0.1749,0.0825,0.1346,28.203,0.6902,1819.375,1.103,0.3817,0.5245,1.5292,Commercial Services & Supplies,-0.200877643992204,-0.3737978200470186,-0.3944502488002691,-0.7358467643962097,2.530312106472003,-29.95775837792171,0.002347922077922,6.892299445001212e-08,0.0066977922077922,1.508154272364311e-05,0.0031867532467532,1.307273612644424e-07,0.0038177922077922,1.0999910420628909e-07,500.76925506493507,7.920836917482559e-10,0.1371984415584415,2.1610550877985994e-05,1.2758620689655171,0.4985946569274483,87.0
2024-09-30,CMI,350.31470584869385,1.0754,10315.0,0.1493579246746531,1.32,7.6032,5.8581,50245.61,0.0127,8.7956,0.2567,4.2844,0.1515,0.2713,0.4708,0.327,0.5675,0.0957,0.1242,0.2095,4.3036,21.1691,15.7465,0.1233,1.2981,5.6528,0.6583,6.1902,0.0659,0.222,0.1263,0.1891,61.231,0.7433,7853.0,0.7355,0.2367,0.4238,1.4745,Machinery,-0.1616150527739304,-0.405738828474824,-0.2999294428727026,-0.4822016153155848,6.929892932784386,6.937084939981558,-0.0024898701298701,0.0001673066367944,-0.0038503896103896,0.0287554368807441,-0.005070909090909,6.63774122943576e-05,-0.003948961038961,0.0017295676685404,913.8476246753248,2.577487901853014e-06,0.174267922077922,0.2573713226141178,1.175,0.3848076442547926,40.0
2024-09-30,CMI,350.31470584869385,1.0754,10315.0,0.1493579246746531,1.32,7.6032,5.8581,50245.61,0.0127,8.7956,0.2567,4.2844,0.1515,0.2713,0.4708,0.327,0.5675,0.0957,0.1242,0.2095,4.3036,21.1691,15.7465,0.1233,1.2981,5.6528,0.6583,6.1902,0.0659,0.222,0.1263,0.1891,61.231,0.7433,7853.0,0.7355,0.2367,0.4238,1.4745,Machinery,-0.1616150527739304,-0.405738828474824,-0.2999294428727026,-0.4822016153155848,6.929892932784386,6.937084939981558,-0.0024898701298701,0.0001673066367944,-0.0038503896103896,0.0287554368807441,-0.005070909090909,6.63774122943576e-05,-0.003948961038961,0.0017295676685404,913.8476246753248,2.577487901853014e-06,0.174267922077922,0.2573713226141178,1.175,0.3848076442547926,40.0
2024-09-30,CPS,14.30046869814396,1.5073,107.7,0.1662074391767845,1.3453,1.4584,-0.6278,1239.756,0.0247,1.4294,0.1113,13.7197,0.5886,1.1113,8.9183,1.0498,7.8858,-0.0161,0.0375,0.1138,1.4392,8.6239,3.0399,-0.0117,0.0876,2.579,1.0206,6.5545,-0.0957,-1.0882,-0.1752,-0.0894,38.914,0.8887,60.1,9.6212,0.6159,1.1629,0.9206,Auto Components,1.0865272139269249,5.2699656599454086,4.83492222779729,32.41978021978024,0.0017781151423885,0.3141209942021626,-0.0040564935064935,0.0305432298647134,-0.067498961038961,6.556322175343271e-10,-0.0189846753246753,4.4424703180744195e-08,-0.0175958441558441,4.983323550833504e-06,14.46760194805195,0.0193881746031033,0.2047676623376623,0.0515029793116498,1.0810810810810811,0.4332293707583636,37.0
2024-09-30,CPS,14.30046869814396,1.5073,107.7,0.1662074391767845,1.3453,1.4584,-0.6278,1239.756,0.0247,1.4294,0.1113,13.7197,0.5886,1.1113,8.9183,1.0498,7.8858,-0.0161,0.0375,0.1138,1.4392,8.6239,3.0399,-0.0117,0.0876,2.579,1.0206,6.5545,-0.0957,-1.0882,-0.1752,-0.0894,38.914,0.8887,60.1,9.6212,0.6159,1.1629,0.9206,Auto Components,1.0865272139269249,5.2699656599454086,4.83492222779729,32.41978021978024,0.0017781151423885,0.3141209942021626,-0.0040564935064935,0.0305432298647134,-0.067498961038961,6.556322175343271e-10,-0.0189846753246753,4.4424703180744195e-08,-0.0175958441558441,4.983323550833504e-06,14.46760194805195,0.0193881746031033,0.2047676623376623,0.0515029793116498,1.0810810810810811,0.4332293707583636,37.0
2024-09-30,CPS,14.30046869814396,1.5073,107.7,0.1662074391767845,1.3453,1.4584,-0.6278,1239.756,0.0247,1.4294,0.1113,13.7197,0.5886,1.1113,8.9183,1.0498,7.8858,-0.0161,0.0375,0.1138,1.4392,8.6239,3.0399,-0.0117,0.0876,2.579,1.0206,6.5545,-0.0957,-1.0882,-0.1752,-0.0894,38.914,0.8887,60.1,9.6212,0.6159,1.1629,0.9206,Auto Components,1.0865272139269249,5.2699656599454086,4.83492222779729,32.41978021978024,0.0017781151423885,0.3141209942021626,-0.0040564935064935,0.0305432298647134,-0.067498961038961,6.556322175343271e-10,-0.0189846753246753,4.4424703180744195e-08,-0.0175958441558441,4.983323550833504e-06,14.46760194805195,0.0193881746031033,0.2047676623376623,0.0515029793116498,1.0810810810810811,0.4332293707583636,37.0
2024-09-30,CRCT,5.9037177339196205,1.0202,475.836,0.8310966604596319,3.1566,0.0491,0.0532,1343.5718,0.3917,1.0947,0.4608,1.6075,0.0,0.0,0.0,-0.2992,-0.2992,0.0684,0.0631,4.5564,3.1228,23.8929,6.3306,0.0844,2.0231,2.7003,1.9861,7.9188,0.0864,0.1237,0.1237,0.1566,0.7782,0.5392,534.873,0.0,0.0,0.0,3.532,Consumer products,-0.0405413060906377,0.5942864508266835,-0.666986677888978,-0.9022828996831064,0.1638966945730145,0.0605695200235616,-0.0114153846153846,0.0079568286510692,-0.0211210989010988,0.0094566619731373,-0.0211210989010988,0.0094566619731373,-0.0282927472527472,0.0066811694434417,-425.9442171428571,0.0014299340180915,-0.0087237362637362,0.0276598195167339,1.3170731707317074,0.5674074545793305,41.0
2024-09-30,CRCT,5.9037177339196205,1.0202,475.836,0.8310966604596319,3.1566,0.0491,0.0532,1343.5718,0.3917,1.0947,0.4608,1.6075,0.0,0.0,0.0,-0.2992,-0.2992,0.0684,0.0631,4.5564,3.1228,23.8929,6.3306,0.0844,2.0231,2.7003,1.9861,7.9188,0.0864,0.1237,0.1237,0.1566,0.7782,0.5392,534.873,0.0,0.0,0.0,3.532,Consumer products,-0.0405413060906377,0.5942864508266835,-0.666986677888978,-0.9022828996831064,0.1638966945730145,0.0605695200235616,-0.0114153846153846,0.0079568286510692,-0.0211210989010988,0.0094566619731373,-0.0211210989010988,0.0094566619731373,-0.0282927472527472,0.0066811694434417,-425.9442171428571,0.0014299340180915,-0.0087237362637362,0.0276598195167339,1.3170731707317074,0.5674074545793305,41.0
2024-09-30,CRCT,5.9037177339196205,1.0202,475.836,0.8310966604596319,3.1566,0.0491,0.0532,1343.5718,0.3917,1.0947,0.4608,1.6075,0.0,0.0,0.0,-0.2992,-0.2992,0.0684,0.0631,4.5564,3.1228,23.8929,6.3306,0.0844,2.0231,2.7003,1.9861,7.9188,0.0864,0.1237,0.1237,0.1566,0.7782,0.5392,534.873,0.0,0.0,0.0,3.532,Consumer products,-0.0405413060906377,0.5942864508266835,-0.666986677888978,-0.9022828996831064,0.1638966945730145,0.0605695200235616,-0.0114153846153846,0.0079568286510692,-0.0211210989010988,0.0094566619731373,-0.0211210989010988,0.0094566619731373,-0.0282927472527472,0.0066811694434417,-425.9442171428571,0.0014299340180915,-0.0087237362637362,0.0276598195167339,1.3170731707317074,0.5674074545793305,41.0
2024-09-30,CRS,171.28935265541077,0.8773,1660.3,0.3697685869030034,3.8412,2.2406,1.6726,8514.9216,0.0185,4.1371,0.2457,3.0064,0.2134,0.2949,0.4183,0.2311,0.3278,0.1182,0.1583,0.1768,4.8007,35.0511,36.731,0.1409,2.8212,4.8409,1.9963,5.232,0.0706,0.1452,0.1004,0.1394,14.1538,0.7543,1646.5,0.4183,0.2134,0.2949,2.0411,Metals & Mining,-0.2806792800801751,-0.2360397237804196,-0.27111677021196,-0.4202328765402635,2.1591174441037744,5.4501848933466865,0.0025948051948051,0.1563551985835208,0.0056975324675324,0.1507801170365246,0.0036936363636363,0.1687341834364537,0.0053040259740259,0.1207476223594071,187.19499285714284,0.0004057032855605,0.1150214285714285,0.0138589188779741,1.605263157894737,0.5472028965176681,38.0
2024-09-30,CSWI,388.5486040115357,0.7556,1030.166,1.71351520852932,3.8225,3.2337,2.2615,5818.568,0.2691,10.813,0.4559,2.7527,0.0,0.0,0.0,-0.2652,-0.2652,0.1582,0.2262,0.1075,5.9134,52.6866,33.5564,0.2173,7.2527,8.742,2.5618,6.4223,0.104,0.1603,0.1393,0.2152,14.2981,0.5441,696.84,0.0,0.0,0.0,4.13,Building,-0.2989687017140393,-0.1346264075199304,-0.1688096074843369,-0.2824665949124511,0.8888975719467583,2.564118829467107,-0.000704935064935,0.3874227717136665,0.001855974025974,0.0257115372431124,-0.0002576623376623,0.7884047171026378,-0.000658961038961,0.6860989915415128,167.24426831168836,2.0937729590926797e-07,0.1144096103896104,1.6137193874110188e-05,1.1041666666666667,0.4721874552630569,48.0
2024-09-30,CSWI,388.5486040115357,0.7556,1030.166,1.71351520852932,3.8225,3.2337,2.2615,5818.568,0.2691,10.813,0.4559,2.7527,0.0,0.0,0.0,-0.2652,-0.2652,0.1582,0.2262,0.1075,5.9134,52.6866,33.5564,0.2173,7.2527,8.742,2.5618,6.4223,0.104,0.1603,0.1393,0.2152,14.2981,0.5441,696.84,0.0,0.0,0.0,4.13,Building,-0.2989687017140393,-0.1346264075199304,-0.1688096074843369,-0.2824665949124511,0.8888975719467583,2.564118829467107,-0.000704935064935,0.3874227717136665,0.001855974025974,0.0257115372431124,-0.0002576623376623,0.7884047171026378,-0.000658961038961,0.6860989915415128,167.24426831168836,2.0937729590926797e-07,0.1144096103896104,1.6137193874110188e-05,1.1041666666666667,0.4721874552630569,48.0
2024-09-30,CSWI,388.5486040115357,0.7556,1030.166,1.71351520852932,3.8225,3.2337,2.2615,5818.568,0.2691,10.813,0.4559,2.7527,0.0,0.0,0.0,-0.2652,-0.2652,0.1582,0.2262,0.1075,5.9134,52.6866,33.5564,0.2173,7.2527,8.742,2.5618,6.4223,0.104,0.1603,0.1393,0.2152,14.2981,0.5441,696.84,0.0,0.0,0.0,4.13,Building,-0.2989687017140393,-0.1346264075199304,-0.1688096074843369,-0.2824665949124511,0.8888975719467583,2.564118829467107,-0.000704935064935,0.3874227717136665,0.001855974025974,0.0257115372431124,-0.0002576623376623,0.7884047171026378,-0.000658961038961,0.6860989915415128,167.24426831168836,2.0937729590926797e-07,0.1144096103896104,1.6137193874110188e-05,1.1041666666666667,0.4721874552630569,48.0
2024-09-30,CTVA,59.02363216876984,0.3915,24737.0,0.2322524942440522,1.5012,-0.6656,-0.7582,43811.305,0.0551,2.5335,0.3272,1.5673,0.0471,0.0649,0.0798,0.1082,0.1332,-0.2253,-0.1978,0.1924,1.6379,58.2968,8.1313,-0.2721,2.4353,2.5884,0.9569,3.2278,0.0164,0.0279,0.0237,0.0474,3.3656,0.6728,15653.0,0.2311,0.1364,0.1877,2.4406,Chemicals,-0.0849457628329543,-0.0708826973563174,-0.2584223191457362,-0.5976088689225418,0.0284985199100441,-0.045068328399393,0.0015502597402597,0.0269228427742916,0.0025801298701298,0.0271135663812362,0.0022364935064935,0.0406029939687808,0.003390909090909,1.1795952602752925e-07,1282.7300181818182,5.224977487652471e-07,0.038301948051948,0.2639631096026632,1.1126760563380282,0.4644288589116095,71.0
2024-09-30,CTVA,59.02363216876984,0.3915,24737.0,0.2322524942440522,1.5012,-0.6656,-0.7582,43811.305,0.0551,2.5335,0.3272,1.5673,0.0471,0.0649,0.0798,0.1082,0.1332,-0.2253,-0.1978,0.1924,1.6379,58.2968,8.1313,-0.2721,2.4353,2.5884,0.9569,3.2278,0.0164,0.0279,0.0237,0.0474,3.3656,0.6728,15653.0,0.2311,0.1364,0.1877,2.4406,Chemicals,-0.0849457628329543,-0.0708826973563174,-0.2584223191457362,-0.5976088689225418,0.0284985199100441,-0.045068328399393,0.0015502597402597,0.0269228427742916,0.0025801298701298,0.0271135663812362,0.0022364935064935,0.0406029939687808,0.003390909090909,1.1795952602752925e-07,1282.7300181818182,5.224977487652471e-07,0.038301948051948,0.2639631096026632,1.1126760563380282,0.4644288589116095,71.0
2024-09-30,CTVA,59.02363216876984,0.3915,24737.0,0.2322524942440522,1.5012,-0.6656,-0.7582,43811.305,0.0551,2.5335,0.3272,1.5673,0.0471,0.0649,0.0798,0.1082,0.1332,-0.2253,-0.1978,0.1924,1.6379,58.2968,8.1313,-0.2721,2.4353,2.5884,0.9569,3.2278,0.0164,0.0279,0.0237,0.0474,3.3656,0.6728,15653.0,0.2311,0.1364,0.1877,2.4406,Chemicals,-0.0849457628329543,-0.0708826973563174,-0.2584223191457362,-0.5976088689225418,0.0284985199100441,-0.045068328399393,0.0015502597402597,0.0269228427742916,0.0025801298701298,0.0271135663812362,0.0022364935064935,0.0406029939687808,0.003390909090909,1.1795952602752925e-07,1282.7300181818182,5.224977487652471e-07,0.038301948051948,0.2639631096026632,1.1126760563380282,0.4644288589116095,71.0
2024-09-30,CUZ,30.350669622421265,0.1076,4415.969,0.2382357358296934,1.0099,0.286,0.0733,7070.242,0.16,0.447,0.6829,1.6017,0.3425,0.376,0.6027,0.3653,0.5854,0.0535,0.2089,3.8196,1.0157,87.752,36.214,0.0618,5.4141,1.0373,0.9832,67.2001,0.0066,0.0114,0.0073,0.024,1.3691,0.3171,4323.931,0.6027,0.3425,0.376,2.3164,Real Estate,-0.2712956207626741,-0.2480018400322005,-0.2113594040968342,-1.838801134062373,0.6329044814626301,0.5469808625874367,-0.0011664935064935,0.0219131564892673,-0.0017377922077922,0.0292862809946924,-0.0012524675324675,0.021655739897517,0.0003955844155844,0.0006900091894337,-66.80692467532468,0.0363115849804853,0.0019455844155844,0.1531059941335953,1.2602739726027397,0.5780089690834768,73.0
2024-09-30,CUZ,30.350669622421265,0.1076,4415.969,0.2382357358296934,1.0099,0.286,0.0733,7070.242,0.16,0.447,0.6829,1.6017,0.3425,0.376,0.6027,0.3653,0.5854,0.0535,0.2089,3.8196,1.0157,87.752,36.214,0.0618,5.4141,1.0373,0.9832,67.2001,0.0066,0.0114,0.0073,0.024,1.3691,0.3171,4323.931,0.6027,0.3425,0.376,2.3164,Real Estate,-0.2712956207626741,-0.2480018400322005,-0.2113594040968342,-1.838801134062373,0.6329044814626301,0.5469808625874367,-0.0011664935064935,0.0219131564892673,-0.0017377922077922,0.0292862809946924,-0.0012524675324675,0.021655739897517,0.0003955844155844,0.0006900091894337,-66.80692467532468,0.0363115849804853,0.0019455844155844,0.1531059941335953,1.2602739726027397,0.5780089690834768,73.0
2024-09-30,CUZ,30.350669622421265,0.1076,4415.969,0.2382357358296934,1.0099,0.286,0.0733,7070.242,0.16,0.447,0.6829,1.6017,0.3425,0.376,0.6027,0.3653,0.5854,0.0535,0.2089,3.8196,1.0157,87.752,36.214,0.0618,5.4141,1.0373,0.9832,67.2001,0.0066,0.0114,0.0073,0.024,1.3691,0.3171,4323.931,0.6027,0.3425,0.376,2.3164,Real Estate,-0.2712956207626741,-0.2480018400322005,-0.2113594040968342,-1.838801134062373,0.6329044814626301,0.5469808625874367,-0.0011664935064935,0.0219131564892673,-0.0017377922077922,0.0292862809946924,-0.0012524675324675,0.021655739897517,0.0003955844155844,0.0006900091894337,-66.80692467532468,0.0363115849804853,0.0019455844155844,0.1531059941335953,1.2602739726027397,0.5780089690834768,73.0
2024-09-30,CVI,20.21265633404255,1.886,675.0,0.5061611374407583,1.3346,-1.1244,-1.2338,3363.2197,0.0065,0.4078,-0.0387,13.6444,0.3979,0.6837,2.2859,0.4643,1.5526,-0.0676,-0.0616,0.8282,3.43,33.0746,17.0237,-0.0698,0.2944,2.7769,0.8389,26.3484,0.0168,0.0862,0.0275,0.0628,18.2388,1.0387,941.5,2.3437,0.4079,0.7009,1.2107,Energy,-0.0004596092105291,0.6026338320531694,0.3751772964396471,0.652606424618089,0.0482646068785379,-0.8361159883453438,0.0065616883116883,0.0141113589929087,0.04371,0.0016185429136503,0.0120055844155844,0.0081838782186348,0.0186080519480519,0.009224514255034,43.35176922077923,0.1372261166258955,0.0953294805194805,0.1077212546430819,1.05,0.4666868437930209,60.0
2024-09-30,CVI,20.21265633404255,1.886,675.0,0.5061611374407583,1.3346,-1.1244,-1.2338,3363.2197,0.0065,0.4078,-0.0387,13.6444,0.3979,0.6837,2.2859,0.4643,1.5526,-0.0676,-0.0616,0.8282,3.43,33.0746,17.0237,-0.0698,0.2944,2.7769,0.8389,26.3484,0.0168,0.0862,0.0275,0.0628,18.2388,1.0387,941.5,2.3437,0.4079,0.7009,1.2107,Energy,-0.0004596092105291,0.6026338320531694,0.3751772964396471,0.652606424618089,0.0482646068785379,-0.8361159883453438,0.0065616883116883,0.0141113589929087,0.04371,0.0016185429136503,0.0120055844155844,0.0081838782186348,0.0186080519480519,0.009224514255034,43.35176922077923,0.1372261166258955,0.0953294805194805,0.1077212546430819,1.05,0.4666868437930209,60.0
2024-09-30,CVI,20.21265633404255,1.886,675.0,0.5061611374407583,1.3346,-1.1244,-1.2338,3363.2197,0.0065,0.4078,-0.0387,13.6444,0.3979,0.6837,2.2859,0.4643,1.5526,-0.0676,-0.0616,0.8282,3.43,33.0746,17.0237,-0.0698,0.2944,2.7769,0.8389,26.3484,0.0168,0.0862,0.0275,0.0628,18.2388,1.0387,941.5,2.3437,0.4079,0.7009,1.2107,Energy,-0.0004596092105291,0.6026338320531694,0.3751772964396471,0.652606424618089,0.0482646068785379,-0.8361159883453438,0.0065616883116883,0.0141113589929087,0.04371,0.0016185429136503,0.0120055844155844,0.0081838782186348,0.0186080519480519,0.009224514255034,43.35176922077923,0.1372261166258955,0.0953294805194805,0.1077212546430819,1.05,0.4666868437930209,60.0
2024-09-30,CVLG,27.471758723258972,1.1931,419.373,0.0068199739988491,1.0752,0.584,0.4688,912.6608,0.0334,-5.8712,0.677,82.0604,0.1983,0.2839,0.4706,0.3949,0.6546,0.0453,0.0564,0.1359,1.5217,16.5718,6.9482,0.0591,0.6169,1.9665,0.9164,7.8273,0.0449,0.1046,0.0654,0.0759,10.3548,0.323,324.503,0.6576,0.2772,0.3967,1.7286,Road & Rail,61.140425531914914,1.3834835083078454,-6.8436886854153025,5.4262734584450385,0.0527621131594483,0.3664435655613021,0.0056697402597402,0.0095611090002097,0.0120377922077922,0.0077630066453251,0.009077922077922,0.0110312766468627,0.0090068831168831,0.0138864186582749,18.70379064935065,0.000621026272413,0.0606661038961039,0.1029717557254047,1.125,0.421211769587116,32.0
2024-09-30,CVLG,27.471758723258972,1.1931,419.373,0.0068199739988491,1.0752,0.584,0.4688,912.6608,0.0334,-5.8712,0.677,82.0604,0.1983,0.2839,0.4706,0.3949,0.6546,0.0453,0.0564,0.1359,1.5217,16.5718,6.9482,0.0591,0.6169,1.9665,0.9164,7.8273,0.0449,0.1046,0.0654,0.0759,10.3548,0.323,324.503,0.6576,0.2772,0.3967,1.7286,Road & Rail,61.140425531914914,1.3834835083078454,-6.8436886854153025,5.4262734584450385,0.0527621131594483,0.3664435655613021,0.0056697402597402,0.0095611090002097,0.0120377922077922,0.0077630066453251,0.009077922077922,0.0110312766468627,0.0090068831168831,0.0138864186582749,18.70379064935065,0.000621026272413,0.0606661038961039,0.1029717557254047,1.125,0.421211769587116,32.0
2024-09-30,CVLG,27.471758723258972,1.1931,419.373,0.0068199739988491,1.0752,0.584,0.4688,912.6608,0.0334,-5.8712,0.677,82.0604,0.1983,0.2839,0.4706,0.3949,0.6546,0.0453,0.0564,0.1359,1.5217,16.5718,6.9482,0.0591,0.6169,1.9665,0.9164,7.8273,0.0449,0.1046,0.0654,0.0759,10.3548,0.323,324.503,0.6576,0.2772,0.3967,1.7286,Road & Rail,61.140425531914914,1.3834835083078454,-6.8436886854153025,5.4262734584450385,0.0527621131594483,0.3664435655613021,0.0056697402597402,0.0095611090002097,0.0120377922077922,0.0077630066453251,0.009077922077922,0.0110312766468627,0.0090068831168831,0.0138864186582749,18.70379064935065,0.000621026272413,0.0606661038961039,0.1029717557254047,1.125,0.421211769587116,32.0
2024-09-30,ELSE,4.279843758791685,0.6361,14.098,11.927823050058208,16.0175,0.0504,0.0693,3.4661,0.1425,0.1009,0.5036,2.4642,0.0,0.0,0.0,-0.7268,-0.7268,0.0947,0.0689,0.4286,0.9726,31.1638,24.4859,0.1154,1.4762,1.1974,13.6857,8.2496,0.0301,0.0317,0.0317,0.0042,0.7314,0.4964,13.37,0.0,0.0,0.0,17.4121,Electrical Equipment,-0.1120214824739198,-0.0686644185748299,-0.0869856322785296,-0.0126160432360836,0.000539869447961,0.5386683589118418,0.0009793506493506,0.0290497088617625,0.001034935064935,0.0296478046845909,0.0010357142857142,0.0292210075427977,0.000272987012987,0.6274916594208879,-0.1872167532467532,0.2575186126691839,0.000527922077922,0.7324824799114324,1.2,0.4472135954999579,5.0
2024-09-30,ELSE,4.279843758791685,0.6361,14.098,11.927823050058208,16.0175,0.0504,0.0693,3.4661,0.1425,0.1009,0.5036,2.4642,0.0,0.0,0.0,-0.7268,-0.7268,0.0947,0.0689,0.4286,0.9726,31.1638,24.4859,0.1154,1.4762,1.1974,13.6857,8.2496,0.0301,0.0317,0.0317,0.0042,0.7314,0.4964,13.37,0.0,0.0,0.0,17.4121,Electrical Equipment,-0.1120214824739198,-0.0686644185748299,-0.0869856322785296,-0.0126160432360836,0.000539869447961,0.5386683589118418,0.0009793506493506,0.0290497088617625,0.001034935064935,0.0296478046845909,0.0010357142857142,0.0292210075427977,0.000272987012987,0.6274916594208879,-0.1872167532467532,0.2575186126691839,0.000527922077922,0.7324824799114324,1.2,0.4472135954999579,5.0
2024-09-30,EXP,288.34895372390747,0.7558,1431.649,0.3007715540296003,2.3395,5.4944,4.2567,10627.562,0.2674,13.791,0.3269,4.6584,0.3408,0.4246,0.7432,0.3911,0.6845,0.2301,0.2971,0.0711,6.7388,19.9495,20.8577,0.2971,4.254,10.237,1.0977,9.2343,0.1612,0.3566,0.1989,0.2569,18.4962,0.6731,942.417,0.7501,0.344,0.4286,1.8471,Construction,3.980246913580247,4.783744328269876,4.521663546402781,3.790072029853337,1.2000424466077888,4.2712147088962436,0.0087640259740259,5.70549463883245e-07,0.0194288311688311,1.2071079314342824e-06,0.0108596103896103,3.2676707461498497e-07,0.0082264935064935,5.0317437795114e-12,246.85996428571428,3.822448688847184e-06,0.1699266233766233,5.563780326201346e-06,1.0481927710843373,0.3794609288615513,83.0
2024-09-30,EXP,288.34895372390747,0.7558,1431.649,0.3007715540296003,2.3395,5.4944,4.2567,10627.562,0.2674,13.791,0.3269,4.6584,0.3408,0.4246,0.7432,0.3911,0.6845,0.2301,0.2971,0.0711,6.7388,19.9495,20.8577,0.2971,4.254,10.237,1.0977,9.2343,0.1612,0.3566,0.1989,0.2569,18.4962,0.6731,942.417,0.7501,0.344,0.4286,1.8471,Construction,3.980246913580247,4.783744328269876,4.521663546402781,3.790072029853337,1.2000424466077888,4.2712147088962436,0.0087640259740259,5.70549463883245e-07,0.0194288311688311,1.2071079314342824e-06,0.0108596103896103,3.2676707461498497e-07,0.0082264935064935,5.0317437795114e-12,246.85996428571428,3.822448688847184e-06,0.1699266233766233,5.563780326201346e-06,1.0481927710843373,0.3794609288615513,83.0
2024-09-30,EXP,288.34895372390747,0.7558,1431.649,0.3007715540296003,2.3395,5.4944,4.2567,10627.562,0.2674,13.791,0.3269,4.6584,0.3408,0.4246,0.7432,0.3911,0.6845,0.2301,0.2971,0.0711,6.7388,19.9495,20.8577,0.2971,4.254,10.237,1.0977,9.2343,0.1612,0.3566,0.1989,0.2569,18.4962,0.6731,942.417,0.7501,0.344,0.4286,1.8471,Construction,3.980246913580247,4.783744328269876,4.521663546402781,3.790072029853337,1.2000424466077888,4.2712147088962436,0.0087640259740259,5.70549463883245e-07,0.0194288311688311,1.2071079314342824e-06,0.0108596103896103,3.2676707461498497e-07,0.0082264935064935,5.0317437795114e-12,246.85996428571428,3.822448688847184e-06,0.1699266233766233,5.563780326201346e-06,1.0481927710843373,0.3794609288615513,83.0
2024-09-30,FCFS,107.55772709846497,0.7783,1999.194,0.3446654974665529,4.3095,2.495,1.4416,6761.8533,0.1191,8.3003,0.4832,5.3743,0.394,0.464,0.8657,0.4355,0.8125,0.0774,0.134,0.2636,2.5698,20.9819,13.8309,0.1017,1.5305,2.9227,3.1124,45.7603,0.0568,0.1221,0.0672,0.1173,18.6195,0.5168,1757.805,0.8657,0.394,0.464,1.8352,Financial Services,-5.6117928370602,2.0724139803926893,-2.5512270187089983,-2.302011993692377,0.0119158143054927,0.0309799800631981,-0.0001748051948051,0.5909459448513001,0.0009788311688311,0.1475614859356108,-0.0003694805194805,0.325000253603954,-7.012987012987052e-06,0.9902949688229226,178.8255303896104,8.770347695076103e-08,0.0709023376623376,0.0003164801878163,1.1428571428571428,0.4483951394230329,28.0
2024-09-30,FCFS,107.55772709846497,0.7783,1999.194,0.3446654974665529,4.3095,2.495,1.4416,6761.8533,0.1191,8.3003,0.4832,5.3743,0.394,0.464,0.8657,0.4355,0.8125,0.0774,0.134,0.2636,2.5698,20.9819,13.8309,0.1017,1.5305,2.9227,3.1124,45.7603,0.0568,0.1221,0.0672,0.1173,18.6195,0.5168,1757.805,0.8657,0.394,0.464,1.8352,Financial Services,-5.6117928370602,2.0724139803926893,-2.5512270187089983,-2.302011993692377,0.0119158143054927,0.0309799800631981,-0.0001748051948051,0.5909459448513001,0.0009788311688311,0.1475614859356108,-0.0003694805194805,0.325000253603954,-7.012987012987052e-06,0.9902949688229226,178.8255303896104,8.770347695076103e-08,0.0709023376623376,0.0003164801878163,1.1428571428571428,0.4483951394230329,28.0
2024-09-30,FCFS,107.55772709846497,0.7783,1999.194,0.3446654974665529,4.3095,2.495,1.4416,6761.8533,0.1191,8.3003,0.4832,5.3743,0.394,0.464,0.8657,0.4355,0.8125,0.0774,0.134,0.2636,2.5698,20.9819,13.8309,0.1017,1.5305,2.9227,3.1124,45.7603,0.0568,0.1221,0.0672,0.1173,18.6195,0.5168,1757.805,0.8657,0.394,0.464,1.8352,Financial Services,-5.6117928370602,2.0724139803926893,-2.5512270187089983,-2.302011993692377,0.0119158143054927,0.0309799800631981,-0.0001748051948051,0.5909459448513001,0.0009788311688311,0.1475614859356108,-0.0003694805194805,0.325000253603954,-7.012987012987052e-06,0.9902949688229226,178.8255303896104,8.770347695076103e-08,0.0709023376623376,0.0003164801878163,1.1428571428571428,0.4483951394230329,28.0
2024-09-30,FMC,57.690218806266785,0.3455,4508.8,0.1183426073131955,1.6423,1.0808,0.5181,9076.258,0.1178,5.005,0.3627,1.5383,0.2598,0.3845,0.6716,0.382,0.6671,0.061,0.1273,0.1495,1.3459,5.6571,7.4926,0.068,1.975,2.8249,1.0799,1.5281,0.1206,0.3254,0.169,0.0337,8.4919,0.6373,2148.1,0.7464,0.2888,0.4274,1.6311,Chemicals,-0.6246621340033102,-0.8267107426432154,-1.842758309520229,-0.4248822549090645,0.0059039537699618,0.073181864985072,0.0028772727272727,0.000113712313184,0.0066814285714285,0.0004325323777082,0.0036580519480519,0.0002130775155592,-0.0041327272727272,0.0045915609035007,-278.0200662337663,0.0062354115970572,-0.0410997402597402,0.1383628415185283,1.057471264367816,0.4408322424972191,87.0
2024-09-30,FMC,57.690218806266785,0.3455,4508.8,0.1183426073131955,1.6423,1.0808,0.5181,9076.258,0.1178,5.005,0.3627,1.5383,0.2598,0.3845,0.6716,0.382,0.6671,0.061,0.1273,0.1495,1.3459,5.6571,7.4926,0.068,1.975,2.8249,1.0799,1.5281,0.1206,0.3254,0.169,0.0337,8.4919,0.6373,2148.1,0.7464,0.2888,0.4274,1.6311,Chemicals,-0.6246621340033102,-0.8267107426432154,-1.842758309520229,-0.4248822549090645,0.0059039537699618,0.073181864985072,0.0028772727272727,0.000113712313184,0.0066814285714285,0.0004325323777082,0.0036580519480519,0.0002130775155592,-0.0041327272727272,0.0045915609035007,-278.0200662337663,0.0062354115970572,-0.0410997402597402,0.1383628415185283,1.057471264367816,0.4408322424972191,87.0
2024-09-30,FMC,57.690218806266785,0.3455,4508.8,0.1183426073131955,1.6423,1.0808,0.5181,9076.258,0.1178,5.005,0.3627,1.5383,0.2598,0.3845,0.6716,0.382,0.6671,0.061,0.1273,0.1495,1.3459,5.6571,7.4926,0.068,1.975,2.8249,1.0799,1.5281,0.1206,0.3254,0.169,0.0337,8.4919,0.6373,2148.1,0.7464,0.2888,0.4274,1.6311,Chemicals,-0.6246621340033102,-0.8267107426432154,-1.842758309520229,-0.4248822549090645,0.0059039537699618,0.073181864985072,0.0028772727272727,0.000113712313184,0.0066814285714285,0.0004325323777082,0.0036580519480519,0.0002130775155592,-0.0041327272727272,0.0045915609035007,-278.0200662337663,0.0062354115970572,-0.0410997402597402,0.1383628415185283,1.057471264367816,0.4408322424972191,87.0
2024-09-30,FR,52.6691175699234,0.1232,2600.621,0.1995041510527732,2.3172,0.5272,0.7504,8424.008,0.2974,-0.2994,0.7323,777.0,0.4275,0.4611,0.8557,0.4531,0.8409,0.5927,0.4164,0.6331,2.3984,24.0283,127.7653,0.6292,11.3748,2.4756,1.0143,104.028,0.0548,0.1103,0.0592,0.0533,1.266,0.2677,2390.6,0.8557,0.4275,0.4611,1.9982,Real Estate,-2.2525757602719008,-2.3995265750483967,-1.7140379071962448,-4.083670851896853,0.7540890983755644,1.0082808068394988,3.441558441558453e-05,0.9285427091998144,0.0001407792207792,0.8535228816235587,8.93506493506495e-05,0.8364876263849679,7.441558441558458e-05,0.1748185136683832,161.01749948051946,4.2718959148369384e-05,0.0109358441558441,2.871186631283034e-11,1.2533333333333334,0.4676951343971185,75.0
2024-09-30,FR,52.6691175699234,0.1232,2600.621,0.1995041510527732,2.3172,0.5272,0.7504,8424.008,0.2974,-0.2994,0.7323,777.0,0.4275,0.4611,0.8557,0.4531,0.8409,0.5927,0.4164,0.6331,2.3984,24.0283,127.7653,0.6292,11.3748,2.4756,1.0143,104.028,0.0548,0.1103,0.0592,0.0533,1.266,0.2677,2390.6,0.8557,0.4275,0.4611,1.9982,Real Estate,-2.2525757602719008,-2.3995265750483967,-1.7140379071962448,-4.083670851896853,0.7540890983755644,1.0082808068394988,3.441558441558453e-05,0.9285427091998144,0.0001407792207792,0.8535228816235587,8.93506493506495e-05,0.8364876263849679,7.441558441558458e-05,0.1748185136683832,161.01749948051946,4.2718959148369384e-05,0.0109358441558441,2.871186631283034e-11,1.2533333333333334,0.4676951343971185,75.0
2024-09-30,FR,52.6691175699234,0.1232,2600.621,0.1995041510527732,2.3172,0.5272,0.7504,8424.008,0.2974,-0.2994,0.7323,777.0,0.4275,0.4611,0.8557,0.4531,0.8409,0.5927,0.4164,0.6331,2.3984,24.0283,127.7653,0.6292,11.3748,2.4756,1.0143,104.028,0.0548,0.1103,0.0592,0.0533,1.266,0.2677,2390.6,0.8557,0.4275,0.4611,1.9982,Real Estate,-2.2525757602719008,-2.3995265750483967,-1.7140379071962448,-4.083670851896853,0.7540890983755644,1.0082808068394988,3.441558441558453e-05,0.9285427091998144,0.0001407792207792,0.8535228816235587,8.93506493506495e-05,0.8364876263849679,7.441558441558458e-05,0.1748185136683832,161.01749948051946,4.2718959148369384e-05,0.0109358441558441,2.871186631283034e-11,1.2533333333333334,0.4676951343971185,75.0
2024-09-30,GBR,1.185937499627471,0.0318,4.556,7.049180327868853,7.4754,-0.0109,-0.0008,5.4717,0.3784,-0.007,0.0,85.8,0.0,0.0,0.0,-0.0944,-0.0944,-0.1081,-1.5135,0.2094,1.2954,198.4348,168.6207,-0.1081,40.1478,0.3996,7.4754,1.1,-0.0082,-0.0083,-0.0083,-0.0575,0.0072,1.0,9.2,0.0,0.0,0.0,75.6885,Real Estate,0.33706425609908,0.180562743181339,0.2403127471237978,4.4054610503577685,0.0004898083334656,-0.0208464734342764,0.0072993506493506,0.4376511153611826,0.0205380519480519,0.2160158206274544,0.0191794805194805,0.2175700331578541,0.003931948051948,2.4563944279460443e-05,-0.3090283116883117,0.2372981458768398,0.0004323376623376,0.0123978871924514,1.0,0.0,6.0
2024-09-30,GBR,1.185937499627471,0.0318,4.556,7.049180327868853,7.4754,-0.0109,-0.0008,5.4717,0.3784,-0.007,0.0,85.8,0.0,0.0,0.0,-0.0944,-0.0944,-0.1081,-1.5135,0.2094,1.2954,198.4348,168.6207,-0.1081,40.1478,0.3996,7.4754,1.1,-0.0082,-0.0083,-0.0083,-0.0575,0.0072,1.0,9.2,0.0,0.0,0.0,75.6885,Real Estate,0.33706425609908,0.180562743181339,0.2403127471237978,4.4054610503577685,0.0004898083334656,-0.0208464734342764,0.0072993506493506,0.4376511153611826,0.0205380519480519,0.2160158206274544,0.0191794805194805,0.2175700331578541,0.003931948051948,2.4563944279460443e-05,-0.3090283116883117,0.2372981458768398,0.0004323376623376,0.0123978871924514,1.0,0.0,6.0
2024-09-30,GDEN,31.516685485839844,0.5601,513.132,0.7234781323877069,1.1133,0.2288,0.1757,1223.1359,0.091,0.1757,0.5358,47.9432,0.3507,0.427,0.7528,0.357,0.6295,0.032,0.0417,2.4801,1.7542,23.4522,32.0145,-0.0076,1.2275,1.9634,0.8761,48.507,0.0293,0.0711,0.0359,0.0952,5.4826,0.4642,458.448,0.7631,0.3555,0.4328,1.872,"Hotels, Restaurants & Leisure",-1.1007902578054154,-1.9284624512629256,1.4118572411758925,1.1911911911911912,0.0040368604272642,0.1564311958039295,0.0110907792207792,4.755969787370558e-05,0.0454883116883116,0.001862689317212,0.0133777922077922,5.108167159222148e-05,0.0166162337662337,1.5249791966158382e-05,-1.4220618181818194,0.9221337395763622,0.1363910389610389,0.1085227142259266,1.1320754716981132,0.44018072551801,53.0
2024-09-30,GDEN,31.516685485839844,0.5601,513.132,0.7234781323877069,1.1133,0.2288,0.1757,1223.1359,0.091,0.1757,0.5358,47.9432,0.3507,0.427,0.7528,0.357,0.6295,0.032,0.0417,2.4801,1.7542,23.4522,32.0145,-0.0076,1.2275,1.9634,0.8761,48.507,0.0293,0.0711,0.0359,0.0952,5.4826,0.4642,458.448,0.7631,0.3555,0.4328,1.872,"Hotels, Restaurants & Leisure",-1.1007902578054154,-1.9284624512629256,1.4118572411758925,1.1911911911911912,0.0040368604272642,0.1564311958039295,0.0110907792207792,4.755969787370558e-05,0.0454883116883116,0.001862689317212,0.0133777922077922,5.108167159222148e-05,0.0166162337662337,1.5249791966158382e-05,-1.4220618181818194,0.9221337395763622,0.1363910389610389,0.1085227142259266,1.1320754716981132,0.44018072551801,53.0
2024-09-30,GDEN,31.516685485839844,0.5601,513.132,0.7234781323877069,1.1133,0.2288,0.1757,1223.1359,0.091,0.1757,0.5358,47.9432,0.3507,0.427,0.7528,0.357,0.6295,0.032,0.0417,2.4801,1.7542,23.4522,32.0145,-0.0076,1.2275,1.9634,0.8761,48.507,0.0293,0.0711,0.0359,0.0952,5.4826,0.4642,458.448,0.7631,0.3555,0.4328,1.872,"Hotels, Restaurants & Leisure",-1.1007902578054154,-1.9284624512629256,1.4118572411758925,1.1911911911911912,0.0040368604272642,0.1564311958039295,0.0110907792207792,4.755969787370558e-05,0.0454883116883116,0.001862689317212,0.0133777922077922,5.108167159222148e-05,0.0166162337662337,1.5249791966158382e-05,-1.4220618181818194,0.9221337395763622,0.1363910389610389,0.1085227142259266,1.1320754716981132,0.44018072551801,53.0
2024-09-30,GEHC,84.96069920063019,0.6001,8317.0,0.4115340253748558,1.227,1.4728,1.0261,49620.69,0.1333,3.7102,0.4164,5.397,0.2749,0.4995,1.1189,0.3621,0.811,0.0969,0.139,0.0322,5.1552,25.5822,22.8305,0.1353,2.1922,5.9674,0.9593,4.4074,0.0514,0.2187,0.0973,0.1459,10.5948,0.5836,7185.0,1.24,0.3046,0.5536,1.3257,Health Care,-0.531465591213317,-0.3283043301785289,-0.2004846105208236,-0.3099876259179116,5.55319008279646,6.426608486253066,-0.0043428571428571,0.0359090768264048,0.0057035714285714,0.1043405145489139,-0.0050714285714285,0.0573961096988242,-0.0038321428571428,0.1405316463435023,559.8408571428574,0.4720556893360318,0.0257035714285714,0.3132385044650334,1.1578947368421053,0.6021404316396672,19.0
2024-09-30,GIFI,6.3726562559604645,1.279,88.799,0.9584325708893182,4.6054,0.1,0.1385,91.1962,0.1151,1.0518,0.1237,62.6071,0.1447,0.1739,0.2131,-0.0122,-0.015,0.0616,0.0444,0.0629,1.042,5.2762,5.3625,0.0616,0.5563,1.049,4.3205,4.7991,0.1348,0.2064,0.1671,0.1461,2.2501,0.8763,88.206,0.2252,0.1529,0.1838,3.1158,Energy,-0.0036878167606741,1.4429654632920437,2.279713681275092,1.5182452012213823,0.0013087306612221,0.0743610804291483,0.0058594805194805,0.0824101075114825,0.0100105194805194,0.0677819530487924,0.0097866233766233,0.0522447431205013,0.0046198701298701,0.2992696314365456,3.7369392207792207,0.0004799323665012,0.0321971428571428,0.2114368521185321,1.0,0.0,14.0
2024-09-30,GIFI,6.3726562559604645,1.279,88.799,0.9584325708893182,4.6054,0.1,0.1385,91.1962,0.1151,1.0518,0.1237,62.6071,0.1447,0.1739,0.2131,-0.0122,-0.015,0.0616,0.0444,0.0629,1.042,5.2762,5.3625,0.0616,0.5563,1.049,4.3205,4.7991,0.1348,0.2064,0.1671,0.1461,2.2501,0.8763,88.206,0.2252,0.1529,0.1838,3.1158,Energy,-0.0036878167606741,1.4429654632920437,2.279713681275092,1.5182452012213823,0.0013087306612221,0.0743610804291483,0.0058594805194805,0.0824101075114825,0.0100105194805194,0.0677819530487924,0.0097866233766233,0.0522447431205013,0.0046198701298701,0.2992696314365456,3.7369392207792207,0.0004799323665012,0.0321971428571428,0.2114368521185321,1.0,0.0,14.0
2024-09-30,GNE,15.650351881980896,1.2914,210.229,1.5344216155361663,2.5631,0.4346,0.3796,307.8863,0.1961,2.0086,0.3387,24.2358,0.0052,0.0084,0.0084,-0.6345,-0.6399,0.0911,0.1043,0.2209,2.1044,129.132,8.0901,0.1267,1.0355,2.1293,2.3388,7.6953,0.0104,0.0171,0.017,-0.0104,4.1654,0.6613,207.77,0.0084,0.0052,0.0084,2.5993,Utilities,1.343701399688958,0.6268839103869653,0.978678038379531,-0.2120445535208608,0.0092243529733176,0.3564367262692184,0.0044620779220779,0.3565111731222506,0.0064197402597402,0.4023541631528601,0.0066177922077922,0.388851558543769,0.0012605194805194,0.8370031907096513,11.37771077922078,0.0076164478624605,0.0044751948051948,0.80065952589643,0.9285714285714286,0.3779644730092272,28.0
2024-09-30,GNE,15.650351881980896,1.2914,210.229,1.5344216155361663,2.5631,0.4346,0.3796,307.8863,0.1961,2.0086,0.3387,24.2358,0.0052,0.0084,0.0084,-0.6345,-0.6399,0.0911,0.1043,0.2209,2.1044,129.132,8.0901,0.1267,1.0355,2.1293,2.3388,7.6953,0.0104,0.0171,0.017,-0.0104,4.1654,0.6613,207.77,0.0084,0.0052,0.0084,2.5993,Utilities,1.343701399688958,0.6268839103869653,0.978678038379531,-0.2120445535208608,0.0092243529733176,0.3564367262692184,0.0044620779220779,0.3565111731222506,0.0064197402597402,0.4023541631528601,0.0066177922077922,0.388851558543769,0.0012605194805194,0.8370031907096513,11.37771077922078,0.0076164478624605,0.0044751948051948,0.80065952589643,0.9285714285714286,0.3779644730092272,28.0
2024-09-30,GNE,15.650351881980896,1.2914,210.229,1.5344216155361663,2.5631,0.4346,0.3796,307.8863,0.1961,2.0086,0.3387,24.2358,0.0052,0.0084,0.0084,-0.6345,-0.6399,0.0911,0.1043,0.2209,2.1044,129.132,8.0901,0.1267,1.0355,2.1293,2.3388,7.6953,0.0104,0.0171,0.017,-0.0104,4.1654,0.6613,207.77,0.0084,0.0052,0.0084,2.5993,Utilities,1.343701399688958,0.6268839103869653,0.978678038379531,-0.2120445535208608,0.0092243529733176,0.3564367262692184,0.0044620779220779,0.3565111731222506,0.0064197402597402,0.4023541631528601,0.0066177922077922,0.388851558543769,0.0012605194805194,0.8370031907096513,11.37771077922078,0.0076164478624605,0.0044751948051948,0.80065952589643,0.9285714285714286,0.3779644730092272,28.0
2024-09-30,GOLF,67.78237056732178,1.0649,863.899,0.1887914184661206,2.1048,1.2991,0.89,4531.772,0.1994,4.0177,0.5437,2.1984,0.3104,0.4442,0.8196,0.3969,0.7323,0.0906,0.1323,0.1916,4.5134,20.6735,10.7555,0.1104,1.608,11.5687,1.14,6.8955,0.0828,0.2171,0.1157,0.1746,9.8224,0.4563,337.043,0.845,0.3201,0.458,1.6097,Leisure Products,-0.4249286332873592,-0.197386211326222,-0.5685774071842997,-1.0767700479439792,1.464443121299134,-0.0103463065436272,0.0017611688311688,0.0267797123998805,0.0062258441558441,7.388602974234551e-05,0.0026538961038961,0.020995022304727,0.0034766233766233,0.0136872941741513,111.85816155844157,1.6089560137406604e-08,0.0428696103896103,0.0838275636405912,1.037037037037037,0.3343799083836795,54.0
2024-09-30,GOLF,67.78237056732178,1.0649,863.899,0.1887914184661206,2.1048,1.2991,0.89,4531.772,0.1994,4.0177,0.5437,2.1984,0.3104,0.4442,0.8196,0.3969,0.7323,0.0906,0.1323,0.1916,4.5134,20.6735,10.7555,0.1104,1.608,11.5687,1.14,6.8955,0.0828,0.2171,0.1157,0.1746,9.8224,0.4563,337.043,0.845,0.3201,0.458,1.6097,Leisure Products,-0.4249286332873592,-0.197386211326222,-0.5685774071842997,-1.0767700479439792,1.464443121299134,-0.0103463065436272,0.0017611688311688,0.0267797123998805,0.0062258441558441,7.388602974234551e-05,0.0026538961038961,0.020995022304727,0.0034766233766233,0.0136872941741513,111.85816155844157,1.6089560137406604e-08,0.0428696103896103,0.0838275636405912,1.037037037037037,0.3343799083836795,54.0
2024-09-30,GOLF,67.78237056732178,1.0649,863.899,0.1887914184661206,2.1048,1.2991,0.89,4531.772,0.1994,4.0177,0.5437,2.1984,0.3104,0.4442,0.8196,0.3969,0.7323,0.0906,0.1323,0.1916,4.5134,20.6735,10.7555,0.1104,1.608,11.5687,1.14,6.8955,0.0828,0.2171,0.1157,0.1746,9.8224,0.4563,337.043,0.845,0.3201,0.458,1.6097,Leisure Products,-0.4249286332873592,-0.197386211326222,-0.5685774071842997,-1.0767700479439792,1.464443121299134,-0.0103463065436272,0.0017611688311688,0.0267797123998805,0.0062258441558441,7.388602974234551e-05,0.0026538961038961,0.020995022304727,0.0034766233766233,0.0136872941741513,111.85816155844157,1.6089560137406604e-08,0.0428696103896103,0.0838275636405912,1.037037037037037,0.3343799083836795,54.0
2024-09-30,GOOD,16.291611954569817,0.1332,338.958,0.4173172181493957,1.0896,0.2498,0.2729,1443.1173,0.3976,0.0439,0.7933,1.2853,0.6296,0.6691,2.0364,0.6612,2.0124,0.2976,0.2724,2.8893,2.2451,35.6458,23.4354,0.2987,5.1446,3.1855,0.4173,327.9,0.0192,0.0659,0.0205,0.0433,0.9169,0.2067,238.897,2.0435,0.6318,0.6714,1.4476,Real Estate,-0.7892236240368702,-1.4336246717650891,-0.5935435320527537,-3.3175037127041977,0.1291830472629155,0.4777476205396563,-9.48051948051948e-05,0.5445461566036769,2.46753246753252e-06,0.9960584085971544,-9.37662337662337e-05,0.5714163259756594,-4.155844155844165e-05,0.7891881232570723,-0.3175093506493494,0.948161972375336,-0.0005736363636363,0.7980491930063032,1.1973684210526316,0.4326580433276843,76.0
2024-09-30,GOOD,16.291611954569817,0.1332,338.958,0.4173172181493957,1.0896,0.2498,0.2729,1443.1173,0.3976,0.0439,0.7933,1.2853,0.6296,0.6691,2.0364,0.6612,2.0124,0.2976,0.2724,2.8893,2.2451,35.6458,23.4354,0.2987,5.1446,3.1855,0.4173,327.9,0.0192,0.0659,0.0205,0.0433,0.9169,0.2067,238.897,2.0435,0.6318,0.6714,1.4476,Real Estate,-0.7892236240368702,-1.4336246717650891,-0.5935435320527537,-3.3175037127041977,0.1291830472629155,0.4777476205396563,-9.48051948051948e-05,0.5445461566036769,2.46753246753252e-06,0.9960584085971544,-9.37662337662337e-05,0.5714163259756594,-4.155844155844165e-05,0.7891881232570723,-0.3175093506493494,0.948161972375336,-0.0005736363636363,0.7980491930063032,1.1973684210526316,0.4326580433276843,76.0
2024-09-30,GOOD,16.291611954569817,0.1332,338.958,0.4173172181493957,1.0896,0.2498,0.2729,1443.1173,0.3976,0.0439,0.7933,1.2853,0.6296,0.6691,2.0364,0.6612,2.0124,0.2976,0.2724,2.8893,2.2451,35.6458,23.4354,0.2987,5.1446,3.1855,0.4173,327.9,0.0192,0.0659,0.0205,0.0433,0.9169,0.2067,238.897,2.0435,0.6318,0.6714,1.4476,Real Estate,-0.7892236240368702,-1.4336246717650891,-0.5935435320527537,-3.3175037127041977,0.1291830472629155,0.4777476205396563,-9.48051948051948e-05,0.5445461566036769,2.46753246753252e-06,0.9960584085971544,-9.37662337662337e-05,0.5714163259756594,-4.155844155844165e-05,0.7891881232570723,-0.3175093506493494,0.948161972375336,-0.0005736363636363,0.7980491930063032,1.1973684210526316,0.4326580433276843,76.0
2024-09-30,GPC,124.01194095611572,1.2356,4696.472,0.1181705345195567,1.1738,2.3056,1.6231,22966.238,0.06,6.4789,0.3682,2.9601,0.1879,0.4087,0.8106,0.38,0.7537,0.038,0.0539,0.5007,4.1364,17.8569,21.5593,0.0498,0.8337,6.9863,0.5521,9.7591,0.0577,0.2412,0.1268,0.17,42.7668,0.6318,2780.64,0.9833,0.2279,0.4958,1.3018,Distributors,-0.3378361423612563,-0.8267352185089974,-0.4377913142124343,-0.6943836615609045,1.990478922897422,1.346689641073567,0.0030763636363636,0.0023423002967917,0.0133761038961038,0.0019936358516591,0.0073038961038961,0.0016209240207833,0.0077502597402597,0.0002584297871756,504.57235584415577,1.764263342008702e-05,0.1209054545454545,0.0021340081260038,0.9428571428571428,0.4815939919779355,35.0
2024-09-30,GPC,124.01194095611572,1.2356,4696.472,0.1181705345195567,1.1738,2.3056,1.6231,22966.238,0.06,6.4789,0.3682,2.9601,0.1879,0.4087,0.8106,0.38,0.7537,0.038,0.0539,0.5007,4.1364,17.8569,21.5593,0.0498,0.8337,6.9863,0.5521,9.7591,0.0577,0.2412,0.1268,0.17,42.7668,0.6318,2780.64,0.9833,0.2279,0.4958,1.3018,Distributors,-0.3378361423612563,-0.8267352185089974,-0.4377913142124343,-0.6943836615609045,1.990478922897422,1.346689641073567,0.0030763636363636,0.0023423002967917,0.0133761038961038,0.0019936358516591,0.0073038961038961,0.0016209240207833,0.0077502597402597,0.0002584297871756,504.57235584415577,1.764263342008702e-05,0.1209054545454545,0.0021340081260038,0.9428571428571428,0.4815939919779355,35.0
2024-09-30,GPC,124.01194095611572,1.2356,4696.472,0.1181705345195567,1.1738,2.3056,1.6231,22966.238,0.06,6.4789,0.3682,2.9601,0.1879,0.4087,0.8106,0.38,0.7537,0.038,0.0539,0.5007,4.1364,17.8569,21.5593,0.0498,0.8337,6.9863,0.5521,9.7591,0.0577,0.2412,0.1268,0.17,42.7668,0.6318,2780.64,0.9833,0.2279,0.4958,1.3018,Distributors,-0.3378361423612563,-0.8267352185089974,-0.4377913142124343,-0.6943836615609045,1.990478922897422,1.346689641073567,0.0030763636363636,0.0023423002967917,0.0133761038961038,0.0019936358516591,0.0073038961038961,0.0016209240207833,0.0077502597402597,0.0002584297871756,504.57235584415577,1.764263342008702e-05,0.1209054545454545,0.0021340081260038,0.9428571428571428,0.4815939919779355,35.0
2024-09-30,GT,9.135156214237211,0.8643,4745.0,0.1160553988202103,1.1414,0.331,-0.1185,10642.48,0.1941,-1.7895,0.1955,3.9321,0.3294,0.5393,1.5654,0.5898,1.7119,-0.007,0.0197,0.4444,0.531,624.3129,3.7286,-0.0052,0.1323,0.6409,0.6175,5.636,-0.0135,-0.0634,-0.0228,0.0092,16.8084,0.8045,3931.0,1.9026,0.4004,0.6555,1.2665,Auto Components,0.1532718640335787,0.3070353086202342,0.6292022077270447,-3.3362637362637386,0.0152639348715128,0.0712932316791798,0.0018001298701298,0.2423159423532598,0.0084861038961038,0.2442668078098801,0.0029857142857142,0.2488821365169438,0.0010807792207792,0.6033504311897372,172.37780038961037,0.0020179325036634,0.0222971428571428,0.5525353398126157,1.0909090909090908,0.4549648414910838,66.0
2024-09-30,GT,9.135156214237211,0.8643,4745.0,0.1160553988202103,1.1414,0.331,-0.1185,10642.48,0.1941,-1.7895,0.1955,3.9321,0.3294,0.5393,1.5654,0.5898,1.7119,-0.007,0.0197,0.4444,0.531,624.3129,3.7286,-0.0052,0.1323,0.6409,0.6175,5.636,-0.0135,-0.0634,-0.0228,0.0092,16.8084,0.8045,3931.0,1.9026,0.4004,0.6555,1.2665,Auto Components,0.1532718640335787,0.3070353086202342,0.6292022077270447,-3.3362637362637386,0.0152639348715128,0.0712932316791798,0.0018001298701298,0.2423159423532598,0.0084861038961038,0.2442668078098801,0.0029857142857142,0.2488821365169438,0.0010807792207792,0.6033504311897372,172.37780038961037,0.0020179325036634,0.0222971428571428,0.5525353398126157,1.0909090909090908,0.4549648414910838,66.0
2024-09-30,GT,9.135156214237211,0.8643,4745.0,0.1160553988202103,1.1414,0.331,-0.1185,10642.48,0.1941,-1.7895,0.1955,3.9321,0.3294,0.5393,1.5654,0.5898,1.7119,-0.007,0.0197,0.4444,0.531,624.3129,3.7286,-0.0052,0.1323,0.6409,0.6175,5.636,-0.0135,-0.0634,-0.0228,0.0092,16.8084,0.8045,3931.0,1.9026,0.4004,0.6555,1.2665,Auto Components,0.1532718640335787,0.3070353086202342,0.6292022077270447,-3.3362637362637386,0.0152639348715128,0.0712932316791798,0.0018001298701298,0.2423159423532598,0.0084861038961038,0.2442668078098801,0.0029857142857142,0.2488821365169438,0.0010807792207792,0.6033504311897372,172.37780038961037,0.0020179325036634,0.0222971428571428,0.5525353398126157,1.0909090909090908,0.4549648414910838,66.0
2024-09-30,GTLS,160.65546894073486,0.4383,2971.2,0.1549141030763084,1.2726,3.8247,1.4785,8905.257,0.1642,5.6839,0.3413,4.7136,0.3815,0.5273,1.2197,0.5225,1.2086,0.0649,0.168,0.1441,1.7886,28.163,13.9778,0.0946,1.3062,17.099,0.9539,3.0492,0.0203,0.0671,0.0279,0.0899,22.7662,0.6587,310.8,1.313,0.4107,0.5677,1.4552,Machinery,-0.0497843030547919,-0.1226354747327058,-0.0662551975942074,-0.229243390887737,1.2282163068361334,3.48961868291607,-0.0030520779220779,0.0501166038225001,-0.0049538961038961,0.0741163569435204,-0.0037799999999999,0.0518453733722514,0.0013185714285714,0.021592880212189,435.268105974026,5.830346525627912e-09,0.1363392207792207,4.8220050507952254e-05,1.1511627906976745,0.4732227894782035,86.0
2024-09-30,GTLS,160.65546894073486,0.4383,2971.2,0.1549141030763084,1.2726,3.8247,1.4785,8905.257,0.1642,5.6839,0.3413,4.7136,0.3815,0.5273,1.2197,0.5225,1.2086,0.0649,0.168,0.1441,1.7886,28.163,13.9778,0.0946,1.3062,17.099,0.9539,3.0492,0.0203,0.0671,0.0279,0.0899,22.7662,0.6587,310.8,1.313,0.4107,0.5677,1.4552,Machinery,-0.0497843030547919,-0.1226354747327058,-0.0662551975942074,-0.229243390887737,1.2282163068361334,3.48961868291607,-0.0030520779220779,0.0501166038225001,-0.0049538961038961,0.0741163569435204,-0.0037799999999999,0.0518453733722514,0.0013185714285714,0.021592880212189,435.268105974026,5.830346525627912e-09,0.1363392207792207,4.8220050507952254e-05,1.1511627906976745,0.4732227894782035,86.0
2024-09-30,GTLS,160.65546894073486,0.4383,2971.2,0.1549141030763084,1.2726,3.8247,1.4785,8905.257,0.1642,5.6839,0.3413,4.7136,0.3815,0.5273,1.2197,0.5225,1.2086,0.0649,0.168,0.1441,1.7886,28.163,13.9778,0.0946,1.3062,17.099,0.9539,3.0492,0.0203,0.0671,0.0279,0.0899,22.7662,0.6587,310.8,1.313,0.4107,0.5677,1.4552,Machinery,-0.0497843030547919,-0.1226354747327058,-0.0662551975942074,-0.229243390887737,1.2282163068361334,3.48961868291607,-0.0030520779220779,0.0501166038225001,-0.0049538961038961,0.0741163569435204,-0.0037799999999999,0.0518453733722514,0.0013185714285714,0.021592880212189,435.268105974026,5.830346525627912e-09,0.1363392207792207,4.8220050507952254e-05,1.1511627906976745,0.4732227894782035,86.0
2024-09-30,HBB,23.022792160511017,1.6912,149.951,0.1058934319085836,1.4307,0.2182,0.1397,450.2854,0.1073,3.7656,0.2802,2.9421,0.0,0.0,0.0,0.137,0.1827,0.0124,0.0193,0.172,2.8202,16.0617,3.7053,0.017,0.6528,2.8618,0.5769,6.4381,0.0687,0.179,0.1336,0.1879,11.3011,0.7198,147.772,0.3334,0.1223,0.2501,1.5796,Consumer products,-0.032235969079014,0.8599618003070036,-0.7203671799997369,-1.0826242455329227,0.054928429336257,0.269170453546663,0.0012371428571428,0.3581453694907175,-0.0038172727272727,0.576508190810646,0.000892987012987,0.7739892888894353,-0.0044716883116883,0.0367551563641092,0.677698441558441,0.790817157246253,-0.0070496103896103,0.7685061726951995,1.1515151515151516,0.4416738135499518,33.0
2024-09-30,HBB,23.022792160511017,1.6912,149.951,0.1058934319085836,1.4307,0.2182,0.1397,450.2854,0.1073,3.7656,0.2802,2.9421,0.0,0.0,0.0,0.137,0.1827,0.0124,0.0193,0.172,2.8202,16.0617,3.7053,0.017,0.6528,2.8618,0.5769,6.4381,0.0687,0.179,0.1336,0.1879,11.3011,0.7198,147.772,0.3334,0.1223,0.2501,1.5796,Consumer products,-0.032235969079014,0.8599618003070036,-0.7203671799997369,-1.0826242455329227,0.054928429336257,0.269170453546663,0.0012371428571428,0.3581453694907175,-0.0038172727272727,0.576508190810646,0.000892987012987,0.7739892888894353,-0.0044716883116883,0.0367551563641092,0.677698441558441,0.790817157246253,-0.0070496103896103,0.7685061726951995,1.1515151515151516,0.4416738135499518,33.0
2024-09-30,HBB,23.022792160511017,1.6912,149.951,0.1058934319085836,1.4307,0.2182,0.1397,450.2854,0.1073,3.7656,0.2802,2.9421,0.0,0.0,0.0,0.137,0.1827,0.0124,0.0193,0.172,2.8202,16.0617,3.7053,0.017,0.6528,2.8618,0.5769,6.4381,0.0687,0.179,0.1336,0.1879,11.3011,0.7198,147.772,0.3334,0.1223,0.2501,1.5796,Consumer products,-0.032235969079014,0.8599618003070036,-0.7203671799997369,-1.0826242455329227,0.054928429336257,0.269170453546663,0.0012371428571428,0.3581453694907175,-0.0038172727272727,0.576508190810646,0.000892987012987,0.7739892888894353,-0.0044716883116883,0.0367551563641092,0.677698441558441,0.790817157246253,-0.0070496103896103,0.7685061726951995,1.1515151515151516,0.4416738135499518,33.0
2024-09-30,HCSG,11.4004687666893,2.1271,488.748,0.1371929575465,2.9316,0.2236,0.1898,817.6352,0.0068,0.5141,0.1474,80.5256,0.0,0.0,0.0,-0.004,-0.0042,0.0328,0.0386,1.8324,1.6771,16.3451,12.4361,0.0439,0.4817,1.7126,2.7205,4.3955,0.0627,0.1061,0.0997,0.1163,5.7916,0.8526,478.635,0.0512,0.031,0.0487,2.5413,Commercial Services & Supplies,-0.2099171379718532,-0.2267578542423594,-0.4766871491562039,-0.6358022191625496,0.1350253186629604,-1.8890453393410305,-0.0042832467532467,6.868862833695609e-05,-0.0066363636363636,0.0001201804511026,-0.0065987012987012,0.00011431965454,-0.0079212987012987,2.479936528739618e-05,-64.92196857142856,9.289039024037936e-07,-0.0131936363636363,0.0124263840816907,0.9565217391304348,0.3665888047644883,23.0
2024-09-30,HCSG,11.4004687666893,2.1271,488.748,0.1371929575465,2.9316,0.2236,0.1898,817.6352,0.0068,0.5141,0.1474,80.5256,0.0,0.0,0.0,-0.004,-0.0042,0.0328,0.0386,1.8324,1.6771,16.3451,12.4361,0.0439,0.4817,1.7126,2.7205,4.3955,0.0627,0.1061,0.0997,0.1163,5.7916,0.8526,478.635,0.0512,0.031,0.0487,2.5413,Commercial Services & Supplies,-0.2099171379718532,-0.2267578542423594,-0.4766871491562039,-0.6358022191625496,0.1350253186629604,-1.8890453393410305,-0.0042832467532467,6.868862833695609e-05,-0.0066363636363636,0.0001201804511026,-0.0065987012987012,0.00011431965454,-0.0079212987012987,2.479936528739618e-05,-64.92196857142856,9.289039024037936e-07,-0.0131936363636363,0.0124263840816907,0.9565217391304348,0.3665888047644883,23.0
2024-09-30,HCSG,11.4004687666893,2.1271,488.748,0.1371929575465,2.9316,0.2236,0.1898,817.6352,0.0068,0.5141,0.1474,80.5256,0.0,0.0,0.0,-0.004,-0.0042,0.0328,0.0386,1.8324,1.6771,16.3451,12.4361,0.0439,0.4817,1.7126,2.7205,4.3955,0.0627,0.1061,0.0997,0.1163,5.7916,0.8526,478.635,0.0512,0.031,0.0487,2.5413,Commercial Services & Supplies,-0.2099171379718532,-0.2267578542423594,-0.4766871491562039,-0.6358022191625496,0.1350253186629604,-1.8890453393410305,-0.0042832467532467,6.868862833695609e-05,-0.0066363636363636,0.0001201804511026,-0.0065987012987012,0.00011431965454,-0.0079212987012987,2.479936528739618e-05,-64.92196857142856,9.289039024037936e-07,-0.0131936363636363,0.0124263840816907,0.9565217391304348,0.3665888047644883,23.0
2024-09-30,HFFG,3.5022656247019768,1.9385,283.06,0.0701669415306141,1.1827,0.0097,-0.0747,374.8077,0.0151,-0.333,0.1681,7.6409,0.1708,0.2176,0.3697,0.3878,0.6591,-0.0132,0.0017,0.1911,0.665,39.3116,12.5494,-0.0171,0.1599,1.6026,0.3996,24.6665,-0.0031,-0.0066,-0.004,0.0299,5.6592,0.8319,117.464,0.6995,0.3231,0.4116,1.8586,Retail,0.0184948737241311,0.0193956482067553,0.0230757748740312,-0.25453625431599,0.0062142942602535,0.0120586772749875,0.0232923376623376,0.0281142210284856,0.0382158441558441,0.036813082029491,0.0281315584415584,0.0305910294822701,0.0287870129870129,0.0292288615854164,-15.250636103896108,0.0046657883516536,0.0673340259740259,0.199625029304906,1.181818181818182,0.4045199174779452,11.0
2024-09-30,HFFG,3.5022656247019768,1.9385,283.06,0.0701669415306141,1.1827,0.0097,-0.0747,374.8077,0.0151,-0.333,0.1681,7.6409,0.1708,0.2176,0.3697,0.3878,0.6591,-0.0132,0.0017,0.1911,0.665,39.3116,12.5494,-0.0171,0.1599,1.6026,0.3996,24.6665,-0.0031,-0.0066,-0.004,0.0299,5.6592,0.8319,117.464,0.6995,0.3231,0.4116,1.8586,Retail,0.0184948737241311,0.0193956482067553,0.0230757748740312,-0.25453625431599,0.0062142942602535,0.0120586772749875,0.0232923376623376,0.0281142210284856,0.0382158441558441,0.036813082029491,0.0281315584415584,0.0305910294822701,0.0287870129870129,0.0292288615854164,-15.250636103896108,0.0046657883516536,0.0673340259740259,0.199625029304906,1.181818181818182,0.4045199174779452,11.0
2024-09-30,HFFG,3.5022656247019768,1.9385,283.06,0.0701669415306141,1.1827,0.0097,-0.0747,374.8077,0.0151,-0.333,0.1681,7.6409,0.1708,0.2176,0.3697,0.3878,0.6591,-0.0132,0.0017,0.1911,0.665,39.3116,12.5494,-0.0171,0.1599,1.6026,0.3996,24.6665,-0.0031,-0.0066,-0.004,0.0299,5.6592,0.8319,117.464,0.6995,0.3231,0.4116,1.8586,Retail,0.0184948737241311,0.0193956482067553,0.0230757748740312,-0.25453625431599,0.0062142942602535,0.0120586772749875,0.0232923376623376,0.0281142210284856,0.0382158441558441,0.036813082029491,0.0281315584415584,0.0305910294822701,0.0287870129870129,0.0292288615854164,-15.250636103896108,0.0046657883516536,0.0673340259740259,0.199625029304906,1.181818181818182,0.4045199174779452,11.0
2024-09-30,HHS,6.461562521755695,1.6527,21.049,0.1608965162547708,1.4569,0.2566,0.0192,48.738,0.0206,-0.9637,0.1896,766.5,0.0,0.0,0.0,-0.2554,-0.2609,0.003,0.0398,2.561,2.5764,2.16,11.2904,0.0212,0.2891,2.8893,1.3996,4.3309,-0.2629,-1.465,-1.4454,-1.7849,6.4382,0.8104,18.769,0.0215,0.0042,0.021,1.2417,Media,2.116094236497364,6.1231400039679915,10.151950390078015,12.580933261955746,0.0002924617584364,1.3130923471025329,-0.0298214285714285,0.021351882976132,-0.1102950549450549,0.4516971713320847,-0.1369098901098901,0.3249873328151443,-0.1343851648351648,0.2422421200517472,-1.7588263736263736,0.1936363688026612,-0.1881417582417583,0.094243332738055,1.137931034482759,0.5808945030255668,29.0
2024-09-30,HHS,6.461562521755695,1.6527,21.049,0.1608965162547708,1.4569,0.2566,0.0192,48.738,0.0206,-0.9637,0.1896,766.5,0.0,0.0,0.0,-0.2554,-0.2609,0.003,0.0398,2.561,2.5764,2.16,11.2904,0.0212,0.2891,2.8893,1.3996,4.3309,-0.2629,-1.465,-1.4454,-1.7849,6.4382,0.8104,18.769,0.0215,0.0042,0.021,1.2417,Media,2.116094236497364,6.1231400039679915,10.151950390078015,12.580933261955746,0.0002924617584364,1.3130923471025329,-0.0298214285714285,0.021351882976132,-0.1102950549450549,0.4516971713320847,-0.1369098901098901,0.3249873328151443,-0.1343851648351648,0.2422421200517472,-1.7588263736263736,0.1936363688026612,-0.1881417582417583,0.094243332738055,1.137931034482759,0.5808945030255668,29.0
2024-09-30,HHS,6.461562521755695,1.6527,21.049,0.1608965162547708,1.4569,0.2566,0.0192,48.738,0.0206,-0.9637,0.1896,766.5,0.0,0.0,0.0,-0.2554,-0.2609,0.003,0.0398,2.561,2.5764,2.16,11.2904,0.0212,0.2891,2.8893,1.3996,4.3309,-0.2629,-1.465,-1.4454,-1.7849,6.4382,0.8104,18.769,0.0215,0.0042,0.021,1.2417,Media,2.116094236497364,6.1231400039679915,10.151950390078015,12.580933261955746,0.0002924617584364,1.3130923471025329,-0.0298214285714285,0.021351882976132,-0.1102950549450549,0.4516971713320847,-0.1369098901098901,0.3249873328151443,-0.1343851648351648,0.2422421200517472,-1.7588263736263736,0.1936363688026612,-0.1881417582417583,0.094243332738055,1.137931034482759,0.5808945030255668,29.0
2024-09-30,HL,5.9667118564248085,0.2827,2038.282,0.1181140360180726,1.0922,0.0359,0.0028,4717.7356,0.1152,-0.1028,0.2419,6.9784,0.168,0.1926,0.2437,0.2007,0.2539,0.0072,0.0917,0.4285,2.0607,1342.6906,105.5695,0.0539,4.9945,3.7203,0.5379,29.2926,-0.0064,-0.0096,-0.0073,0.0099,0.3917,0.7581,154.6,0.2648,0.1826,0.2094,3.2217,Metals & Mining,0.0254440140582595,0.0156059321507715,0.0197126735313476,-0.0298443721502769,1.196269996265073,0.0873255546153468,0.0001983116883116,0.7520283492989748,0.0004697402597402,0.6349558382916277,0.0002927272727272,0.6944091978455043,-0.0005222077922077,0.6009176402580445,90.51566272727273,0.0023118976658389,-0.0013012987012987,0.3701607055789498,1.1395348837209305,0.495986801212234,129.0
2024-09-30,HL,5.9667118564248085,0.2827,2038.282,0.1181140360180726,1.0922,0.0359,0.0028,4717.7356,0.1152,-0.1028,0.2419,6.9784,0.168,0.1926,0.2437,0.2007,0.2539,0.0072,0.0917,0.4285,2.0607,1342.6906,105.5695,0.0539,4.9945,3.7203,0.5379,29.2926,-0.0064,-0.0096,-0.0073,0.0099,0.3917,0.7581,154.6,0.2648,0.1826,0.2094,3.2217,Metals & Mining,0.0254440140582595,0.0156059321507715,0.0197126735313476,-0.0298443721502769,1.196269996265073,0.0873255546153468,0.0001983116883116,0.7520283492989748,0.0004697402597402,0.6349558382916277,0.0002927272727272,0.6944091978455043,-0.0005222077922077,0.6009176402580445,90.51566272727273,0.0023118976658389,-0.0013012987012987,0.3701607055789498,1.1395348837209305,0.495986801212234,129.0
2024-09-30,HL,5.9667118564248085,0.2827,2038.282,0.1181140360180726,1.0922,0.0359,0.0028,4717.7356,0.1152,-0.1028,0.2419,6.9784,0.168,0.1926,0.2437,0.2007,0.2539,0.0072,0.0917,0.4285,2.0607,1342.6906,105.5695,0.0539,4.9945,3.7203,0.5379,29.2926,-0.0064,-0.0096,-0.0073,0.0099,0.3917,0.7581,154.6,0.2648,0.1826,0.2094,3.2217,Metals & Mining,0.0254440140582595,0.0156059321507715,0.0197126735313476,-0.0298443721502769,1.196269996265073,0.0873255546153468,0.0001983116883116,0.7520283492989748,0.0004697402597402,0.6349558382916277,0.0002927272727272,0.6944091978455043,-0.0005222077922077,0.6009176402580445,90.51566272727273,0.0023118976658389,-0.0013012987012987,0.3701607055789498,1.1395348837209305,0.495986801212234,129.0
2024-09-30,IBP,217.19592666625977,1.4411,716.4,1.0783116538359436,2.9859,3.6029,2.4398,7405.3673,0.1016,9.7187,0.3376,11.2481,0.4057,0.5263,1.1736,0.2973,0.6629,0.0902,0.1332,0.3312,9.674,27.2277,25.3399,0.1235,2.3801,15.0466,2.502,6.1282,0.126,0.3701,0.1622,0.2431,27.0517,0.6624,460.6,1.2299,0.4251,0.5515,1.5283,Consumer products,-0.0591227380488466,1.7780550966124136,-0.8745775194308184,-1.4006703251147072,0.90334972985373,4.44451983081243,0.0037425974025974,4.4067931068843016e-10,0.0068611688311688,0.0016304422247407,0.0045988311688311,1.58391144383717e-09,0.0055697402597402,3.4913053171435654e-08,215.0737655844156,6.493702386717468e-06,0.1454546753246753,1.1048045062047284e-08,1.0555555555555556,0.4920755681598855,54.0
2024-09-30,IBP,217.19592666625977,1.4411,716.4,1.0783116538359436,2.9859,3.6029,2.4398,7405.3673,0.1016,9.7187,0.3376,11.2481,0.4057,0.5263,1.1736,0.2973,0.6629,0.0902,0.1332,0.3312,9.674,27.2277,25.3399,0.1235,2.3801,15.0466,2.502,6.1282,0.126,0.3701,0.1622,0.2431,27.0517,0.6624,460.6,1.2299,0.4251,0.5515,1.5283,Consumer products,-0.0591227380488466,1.7780550966124136,-0.8745775194308184,-1.4006703251147072,0.90334972985373,4.44451983081243,0.0037425974025974,4.4067931068843016e-10,0.0068611688311688,0.0016304422247407,0.0045988311688311,1.58391144383717e-09,0.0055697402597402,3.4913053171435654e-08,215.0737655844156,6.493702386717468e-06,0.1454546753246753,1.1048045062047284e-08,1.0555555555555556,0.4920755681598855,54.0
2024-09-30,IBP,217.19592666625977,1.4411,716.4,1.0783116538359436,2.9859,3.6029,2.4398,7405.3673,0.1016,9.7187,0.3376,11.2481,0.4057,0.5263,1.1736,0.2973,0.6629,0.0902,0.1332,0.3312,9.674,27.2277,25.3399,0.1235,2.3801,15.0466,2.502,6.1282,0.126,0.3701,0.1622,0.2431,27.0517,0.6624,460.6,1.2299,0.4251,0.5515,1.5283,Consumer products,-0.0591227380488466,1.7780550966124136,-0.8745775194308184,-1.4006703251147072,0.90334972985373,4.44451983081243,0.0037425974025974,4.4067931068843016e-10,0.0068611688311688,0.0016304422247407,0.0045988311688311,1.58391144383717e-09,0.0055697402597402,3.4913053171435654e-08,215.0737655844156,6.493702386717468e-06,0.1454546753246753,1.1048045062047284e-08,1.0555555555555556,0.4920755681598855,54.0
2024-09-30,IGT,19.540861517190933,0.375,1482.0,0.1954740538431525,2.3629,0.5446,0.0347,9458.6,0.5826,4.5594,0.448,8.9058,0.5273,0.7572,3.6478,0.7222,3.4791,0.0119,0.1874,2.4694,2.9032,34.6984,4.6717,0.0256,1.1225,3.0623,2.3149,7.3925,0.0121,0.0836,0.0175,0.1202,2.9059,0.552,1405.0,3.8171,0.5518,0.7924,1.169,"Hotels, Restaurants & Leisure",-0.4545925638036016,-2.2675029666045092,0.6882312456985548,1.504004004004004,0.0312173390032309,0.3723445333689687,0.0029385714285714,0.0070365971640691,0.0268724675324675,0.0248596095539676,0.0041345454545454,0.007192778160542,0.0078672727272727,1.602474692030704e-06,2.7438145454545424,0.944080829030432,0.0664142857142857,0.0024416046845998,1.1904761904761905,0.3945600786669322,105.0
2024-09-30,IGT,19.540861517190933,0.375,1482.0,0.1954740538431525,2.3629,0.5446,0.0347,9458.6,0.5826,4.5594,0.448,8.9058,0.5273,0.7572,3.6478,0.7222,3.4791,0.0119,0.1874,2.4694,2.9032,34.6984,4.6717,0.0256,1.1225,3.0623,2.3149,7.3925,0.0121,0.0836,0.0175,0.1202,2.9059,0.552,1405.0,3.8171,0.5518,0.7924,1.169,"Hotels, Restaurants & Leisure",-0.4545925638036016,-2.2675029666045092,0.6882312456985548,1.504004004004004,0.0312173390032309,0.3723445333689687,0.0029385714285714,0.0070365971640691,0.0268724675324675,0.0248596095539676,0.0041345454545454,0.007192778160542,0.0078672727272727,1.602474692030704e-06,2.7438145454545424,0.944080829030432,0.0664142857142857,0.0024416046845998,1.1904761904761905,0.3945600786669322,105.0
2024-09-30,IGT,19.540861517190933,0.375,1482.0,0.1954740538431525,2.3629,0.5446,0.0347,9458.6,0.5826,4.5594,0.448,8.9058,0.5273,0.7572,3.6478,0.7222,3.4791,0.0119,0.1874,2.4694,2.9032,34.6984,4.6717,0.0256,1.1225,3.0623,2.3149,7.3925,0.0121,0.0836,0.0175,0.1202,2.9059,0.552,1405.0,3.8171,0.5518,0.7924,1.169,"Hotels, Restaurants & Leisure",-0.4545925638036016,-2.2675029666045092,0.6882312456985548,1.504004004004004,0.0312173390032309,0.3723445333689687,0.0029385714285714,0.0070365971640691,0.0268724675324675,0.0248596095539676,0.0041345454545454,0.007192778160542,0.0078672727272727,1.602474692030704e-06,2.7438145454545424,0.944080829030432,0.0664142857142857,0.0024416046845998,1.1904761904761905,0.3945600786669322,105.0
2024-09-30,INTT,7.568281225860119,0.7843,100.376,0.5000695623139209,2.2594,0.0397,0.0404,88.4534,0.1237,0.3594,0.4629,2.5508,0.0494,0.0672,0.0779,-0.0162,-0.0187,0.0164,0.0161,4.15,0.9,31.7855,9.1682,0.0188,0.7512,1.246,1.2891,4.9014,0.0185,0.0287,0.0244,0.0208,2.4708,0.5371,72.499,0.1603,0.1016,0.1382,2.7309,Semiconductors,-0.2141442023017162,-0.1441389234974261,-0.1661243969021885,-0.1533825416746435,5.561271251261673e-05,0.0009086627535269,0.0026857142857142,0.0350496702866453,0.0045401298701298,0.0245451213912694,0.0034358441558441,0.0490014021090457,0.004012987012987,0.0666594453755977,6.6353157142857135,0.0031120442767961,0.0061738961038961,0.2228434373610336,1.0476190476190477,0.2182178902359923,21.0
2024-09-30,INTT,7.568281225860119,0.7843,100.376,0.5000695623139209,2.2594,0.0397,0.0404,88.4534,0.1237,0.3594,0.4629,2.5508,0.0494,0.0672,0.0779,-0.0162,-0.0187,0.0164,0.0161,4.15,0.9,31.7855,9.1682,0.0188,0.7512,1.246,1.2891,4.9014,0.0185,0.0287,0.0244,0.0208,2.4708,0.5371,72.499,0.1603,0.1016,0.1382,2.7309,Semiconductors,-0.2141442023017162,-0.1441389234974261,-0.1661243969021885,-0.1533825416746435,5.561271251261673e-05,0.0009086627535269,0.0026857142857142,0.0350496702866453,0.0045401298701298,0.0245451213912694,0.0034358441558441,0.0490014021090457,0.004012987012987,0.0666594453755977,6.6353157142857135,0.0031120442767961,0.0061738961038961,0.2228434373610336,1.0476190476190477,0.2182178902359923,21.0
2024-09-30,INTT,7.568281225860119,0.7843,100.376,0.5000695623139209,2.2594,0.0397,0.0404,88.4534,0.1237,0.3594,0.4629,2.5508,0.0494,0.0672,0.0779,-0.0162,-0.0187,0.0164,0.0161,4.15,0.9,31.7855,9.1682,0.0188,0.7512,1.246,1.2891,4.9014,0.0185,0.0287,0.0244,0.0208,2.4708,0.5371,72.499,0.1603,0.1016,0.1382,2.7309,Semiconductors,-0.2141442023017162,-0.1441389234974261,-0.1661243969021885,-0.1533825416746435,5.561271251261673e-05,0.0009086627535269,0.0026857142857142,0.0350496702866453,0.0045401298701298,0.0245451213912694,0.0034358441558441,0.0490014021090457,0.004012987012987,0.0666594453755977,6.6353157142857135,0.0031120442767961,0.0061738961038961,0.2228434373610336,1.0476190476190477,0.2182178902359923,21.0
2024-09-30,IOSP,114.0520716905594,1.08,1243.4,0.8142589118198874,2.588,1.8167,1.3306,2516.8252,0.1392,6.7558,0.2799,4.0286,0.0,0.0,0.0,-0.2443,-0.2443,0.0753,0.1028,0.5348,2.2685,19.6149,15.7489,0.101,1.5057,2.3908,1.6939,5.9207,0.0829,0.1207,0.1207,0.1521,17.6646,0.7201,1179.8,0.0,0.0,0.0,3.2432,Chemicals,-0.429390471881214,-0.3066502355163986,-1.316100165438412,-1.9176436490109416,0.0016371526269829,0.1230102647283313,0.0021436363636363,0.0047057115005687,0.0025654545454545,0.0344932100280717,0.0032375324675324,0.0043407340702528,0.0035353246753246,0.025170651685433,37.0069812987013,0.0012871645011229,0.0573162337662337,0.0683583453541042,1.21875,0.4908435793150794,32.0
2024-09-30,IOSP,114.0520716905594,1.08,1243.4,0.8142589118198874,2.588,1.8167,1.3306,2516.8252,0.1392,6.7558,0.2799,4.0286,0.0,0.0,0.0,-0.2443,-0.2443,0.0753,0.1028,0.5348,2.2685,19.6149,15.7489,0.101,1.5057,2.3908,1.6939,5.9207,0.0829,0.1207,0.1207,0.1521,17.6646,0.7201,1179.8,0.0,0.0,0.0,3.2432,Chemicals,-0.429390471881214,-0.3066502355163986,-1.316100165438412,-1.9176436490109416,0.0016371526269829,0.1230102647283313,0.0021436363636363,0.0047057115005687,0.0025654545454545,0.0344932100280717,0.0032375324675324,0.0043407340702528,0.0035353246753246,0.025170651685433,37.0069812987013,0.0012871645011229,0.0573162337662337,0.0683583453541042,1.21875,0.4908435793150794,32.0
2024-09-30,IOSP,114.0520716905594,1.08,1243.4,0.8142589118198874,2.588,1.8167,1.3306,2516.8252,0.1392,6.7558,0.2799,4.0286,0.0,0.0,0.0,-0.2443,-0.2443,0.0753,0.1028,0.5348,2.2685,19.6149,15.7489,0.101,1.5057,2.3908,1.6939,5.9207,0.0829,0.1207,0.1207,0.1521,17.6646,0.7201,1179.8,0.0,0.0,0.0,3.2432,Chemicals,-0.429390471881214,-0.3066502355163986,-1.316100165438412,-1.9176436490109416,0.0016371526269829,0.1230102647283313,0.0021436363636363,0.0047057115005687,0.0025654545454545,0.0344932100280717,0.0032375324675324,0.0043407340702528,0.0035353246753246,0.025170651685433,37.0069812987013,0.0012871645011229,0.0573162337662337,0.0683583453541042,1.21875,0.4908435793150794,32.0
2024-09-30,IR,99.5490573644638,0.4265,10267.6,0.775456183825186,2.3604,0.8756,0.5446,43002.477,0.2011,3.244,0.4379,3.5824,0.2627,0.3177,0.4658,0.2264,0.332,0.1191,0.1915,0.0385,3.8562,47.2144,30.2591,0.1623,5.5316,6.801,1.7057,5.5957,0.05,0.0841,0.0612,0.0913,4.5736,0.5621,5821.8,0.4661,0.2628,0.3179,2.2934,Machinery,-0.1226214360955466,-0.1537055652014986,-0.1453339818195518,-0.2328133658292591,5.9309173767523795,0.7988888327872281,0.002471948051948,0.0011311707542339,0.0029977922077922,0.0458563584605219,0.0029315584415584,0.0023056004469491,0.0038651948051948,0.0012239784010957,1385.6935428571428,1.646031966014214e-08,0.0448735064935065,2.82115769890161e-08,1.36,0.5362532681183095,75.0
2024-09-30,IR,99.5490573644638,0.4265,10267.6,0.775456183825186,2.3604,0.8756,0.5446,43002.477,0.2011,3.244,0.4379,3.5824,0.2627,0.3177,0.4658,0.2264,0.332,0.1191,0.1915,0.0385,3.8562,47.2144,30.2591,0.1623,5.5316,6.801,1.7057,5.5957,0.05,0.0841,0.0612,0.0913,4.5736,0.5621,5821.8,0.4661,0.2628,0.3179,2.2934,Machinery,-0.1226214360955466,-0.1537055652014986,-0.1453339818195518,-0.2328133658292591,5.9309173767523795,0.7988888327872281,0.002471948051948,0.0011311707542339,0.0029977922077922,0.0458563584605219,0.0029315584415584,0.0023056004469491,0.0038651948051948,0.0012239784010957,1385.6935428571428,1.646031966014214e-08,0.0448735064935065,2.82115769890161e-08,1.36,0.5362532681183095,75.0
2024-09-30,IR,99.5490573644638,0.4265,10267.6,0.775456183825186,2.3604,0.8756,0.5446,43002.477,0.2011,3.244,0.4379,3.5824,0.2627,0.3177,0.4658,0.2264,0.332,0.1191,0.1915,0.0385,3.8562,47.2144,30.2591,0.1623,5.5316,6.801,1.7057,5.5957,0.05,0.0841,0.0612,0.0913,4.5736,0.5621,5821.8,0.4661,0.2628,0.3179,2.2934,Machinery,-0.1226214360955466,-0.1537055652014986,-0.1453339818195518,-0.2328133658292591,5.9309173767523795,0.7988888327872281,0.002471948051948,0.0011311707542339,0.0029977922077922,0.0458563584605219,0.0029315584415584,0.0023056004469491,0.0038651948051948,0.0012239784010957,1385.6935428571428,1.646031966014214e-08,0.0448735064935065,2.82115769890161e-08,1.36,0.5362532681183095,75.0
2024-09-30,JANL,35.266874969005585,1.7978,19.501,0.0396872109644328,0.644,0.8268,0.2046,80.9863,0.0025,4.9125,0.2875,26.7581,0.0777,0.1554,0.4406,0.5959,1.6891,0.0046,0.0187,0.3401,2.4638,87.2002,8.2442,0.0071,0.2623,12.1093,0.5136,5.9734,0.0054,0.0285,0.0105,0.0719,44.1579,0.7125,0.525,1.8343,0.3234,0.6472,1.214,Logistics & Transportation,-0.1810344827586207,-0.1851508120649652,-0.2567685589519651,-3.0484554815263483,0.0167360886385181,2.0602469682706683,0.0001398701298701,0.9232008377865412,-0.0008462337662337,0.9187196468745924,0.0001837662337662,0.9484010712276982,0.0044522077922077,0.1204586019724824,3.4600571428571434,1.260530598711949e-06,0.0442363636363636,0.3191380564312195,1.0,0.0,2.0
2024-09-30,KODK,5.680312477052212,0.4453,1198.804,0.8045112781954887,2.4135,-0.0863,0.1942,626.016,0.0281,-0.6219,0.1724,3.5542,0.1926,0.2771,0.3837,0.1488,0.206,0.069,-0.0307,0.0494,0.3162,4.6792,48.4503,0.0805,0.3603,0.3218,1.5075,6.2433,0.0343,0.0692,0.0498,-0.0074,2.8155,0.8276,1177.804,0.3845,0.193,0.2777,2.0081,Technology,-0.0057904236065769,-0.1510941132836958,-0.2273583882991586,0.0337888975762314,0.0081085350937427,0.2293238803007916,0.0103371428571428,0.1049667651241523,0.0008392207792207,0.9916163428302458,0.0454084415584415,0.3203134089854991,0.0152601298701298,4.2070553505635344e-05,24.92508428571429,3.775573008762112e-05,0.0242506493506493,0.0007618970010993,0.95,0.6048053188292994,20.0
2024-09-30,KODK,5.680312477052212,0.4453,1198.804,0.8045112781954887,2.4135,-0.0863,0.1942,626.016,0.0281,-0.6219,0.1724,3.5542,0.1926,0.2771,0.3837,0.1488,0.206,0.069,-0.0307,0.0494,0.3162,4.6792,48.4503,0.0805,0.3603,0.3218,1.5075,6.2433,0.0343,0.0692,0.0498,-0.0074,2.8155,0.8276,1177.804,0.3845,0.193,0.2777,2.0081,Technology,-0.0057904236065769,-0.1510941132836958,-0.2273583882991586,0.0337888975762314,0.0081085350937427,0.2293238803007916,0.0103371428571428,0.1049667651241523,0.0008392207792207,0.9916163428302458,0.0454084415584415,0.3203134089854991,0.0152601298701298,4.2070553505635344e-05,24.92508428571429,3.775573008762112e-05,0.0242506493506493,0.0007618970010993,0.95,0.6048053188292994,20.0
2024-09-30,KODK,5.680312477052212,0.4453,1198.804,0.8045112781954887,2.4135,-0.0863,0.1942,626.016,0.0281,-0.6219,0.1724,3.5542,0.1926,0.2771,0.3837,0.1488,0.206,0.069,-0.0307,0.0494,0.3162,4.6792,48.4503,0.0805,0.3603,0.3218,1.5075,6.2433,0.0343,0.0692,0.0498,-0.0074,2.8155,0.8276,1177.804,0.3845,0.193,0.2777,2.0081,Technology,-0.0057904236065769,-0.1510941132836958,-0.2273583882991586,0.0337888975762314,0.0081085350937427,0.2293238803007916,0.0103371428571428,0.1049667651241523,0.0008392207792207,0.9916163428302458,0.0454084415584415,0.3203134089854991,0.0152601298701298,4.2070553505635344e-05,24.92508428571429,3.775573008762112e-05,0.0242506493506493,0.0007618970010993,0.95,0.6048053188292994,20.0
2024-09-30,KRT,28.70075911283493,1.4206,157.312,0.7140916683492722,3.1221,0.5597,0.4517,528.0067,0.17,2.4643,0.3857,3.6176,0.155,0.2309,0.3024,0.0477,0.0625,0.0806,0.0999,1.1418,3.294,18.3375,10.5026,0.1052,1.2439,3.3004,1.731,12.2758,0.0964,0.1813,0.1378,0.1711,5.601,0.6143,157.005,0.3098,0.1588,0.2365,2.0523,Trading Companies & Distributors,1.2657840026261078,1.1758305109173453,1.3154084798345398,1.1116806237366446,0.0372177792404262,0.2504929250032944,0.0008762637362637,0.2550275595596584,-0.0045294505494505,0.0501829421528585,0.0017661538461538,0.0830477535807946,0.0003307692307692,0.7809713047421293,12.142816923076923,0.0509584547223268,0.0066320879120879,0.525796522883274,1.125,0.4918693768379648,32.0
2024-09-30,KRT,28.70075911283493,1.4206,157.312,0.7140916683492722,3.1221,0.5597,0.4517,528.0067,0.17,2.4643,0.3857,3.6176,0.155,0.2309,0.3024,0.0477,0.0625,0.0806,0.0999,1.1418,3.294,18.3375,10.5026,0.1052,1.2439,3.3004,1.731,12.2758,0.0964,0.1813,0.1378,0.1711,5.601,0.6143,157.005,0.3098,0.1588,0.2365,2.0523,Trading Companies & Distributors,1.2657840026261078,1.1758305109173453,1.3154084798345398,1.1116806237366446,0.0372177792404262,0.2504929250032944,0.0008762637362637,0.2550275595596584,-0.0045294505494505,0.0501829421528585,0.0017661538461538,0.0830477535807946,0.0003307692307692,0.7809713047421293,12.142816923076923,0.0509584547223268,0.0066320879120879,0.525796522883274,1.125,0.4918693768379648,32.0
2024-09-30,KRT,28.70075911283493,1.4206,157.312,0.7140916683492722,3.1221,0.5597,0.4517,528.0067,0.17,2.4643,0.3857,3.6176,0.155,0.2309,0.3024,0.0477,0.0625,0.0806,0.0999,1.1418,3.294,18.3375,10.5026,0.1052,1.2439,3.3004,1.731,12.2758,0.0964,0.1813,0.1378,0.1711,5.601,0.6143,157.005,0.3098,0.1588,0.2365,2.0523,Trading Companies & Distributors,1.2657840026261078,1.1758305109173453,1.3154084798345398,1.1116806237366446,0.0372177792404262,0.2504929250032944,0.0008762637362637,0.2550275595596584,-0.0045294505494505,0.0501829421528585,0.0017661538461538,0.0830477535807946,0.0003307692307692,0.7809713047421293,12.142816923076923,0.0509584547223268,0.0066320879120879,0.525796522883274,1.125,0.4918693768379648,32.0
2024-09-30,KW,10.788362801074982,0.0707,1613.7,0.6576495879613043,0.7653,0.1208,-0.4847,6384.5017,0.4416,-1.9467,0.6941,0.0309,0.703,0.7643,3.243,0.7107,3.0155,-0.5224,0.1302,1.0129,0.9409,32.3791,19.1121,-0.6078,2.8328,0.9419,0.7347,11.8584,-0.0414,-0.1852,-0.0451,0.0105,0.9279,0.3059,1612.0,3.243,0.703,0.7643,1.2768,Real Estate,1.7017634393295016,4.0289421731546975,1.305795770516058,-0.8044754961522883,0.5715192970531674,0.2310324762257425,-0.0033114285714285,0.0005093651442048,-0.0152110389610389,0.0001979231915783,-0.003601948051948,0.0005128195479718,0.0010287012987012,0.0069160748493943,-24.879481298701293,0.3318898121048338,0.0174571428571428,0.0027972126811477,1.0666666666666669,0.4497764451088036,30.0
2024-09-30,KW,10.788362801074982,0.0707,1613.7,0.6576495879613043,0.7653,0.1208,-0.4847,6384.5017,0.4416,-1.9467,0.6941,0.0309,0.703,0.7643,3.243,0.7107,3.0155,-0.5224,0.1302,1.0129,0.9409,32.3791,19.1121,-0.6078,2.8328,0.9419,0.7347,11.8584,-0.0414,-0.1852,-0.0451,0.0105,0.9279,0.3059,1612.0,3.243,0.703,0.7643,1.2768,Real Estate,1.7017634393295016,4.0289421731546975,1.305795770516058,-0.8044754961522883,0.5715192970531674,0.2310324762257425,-0.0033114285714285,0.0005093651442048,-0.0152110389610389,0.0001979231915783,-0.003601948051948,0.0005128195479718,0.0010287012987012,0.0069160748493943,-24.879481298701293,0.3318898121048338,0.0174571428571428,0.0027972126811477,1.0666666666666669,0.4497764451088036,30.0
2024-09-30,KW,10.788362801074982,0.0707,1613.7,0.6576495879613043,0.7653,0.1208,-0.4847,6384.5017,0.4416,-1.9467,0.6941,0.0309,0.703,0.7643,3.243,0.7107,3.0155,-0.5224,0.1302,1.0129,0.9409,32.3791,19.1121,-0.6078,2.8328,0.9419,0.7347,11.8584,-0.0414,-0.1852,-0.0451,0.0105,0.9279,0.3059,1612.0,3.243,0.703,0.7643,1.2768,Real Estate,1.7017634393295016,4.0289421731546975,1.305795770516058,-0.8044754961522883,0.5715192970531674,0.2310324762257425,-0.0033114285714285,0.0005093651442048,-0.0152110389610389,0.0001979231915783,-0.003601948051948,0.0005128195479718,0.0010287012987012,0.0069160748493943,-24.879481298701293,0.3318898121048338,0.0174571428571428,0.0027972126811477,1.0666666666666669,0.4497764451088036,30.0
2024-09-30,LEU,78.02031242847443,0.5618,76.4,0.6131271694540865,1.6311,-0.4628,-0.3045,875.7439,0.0323,-0.4208,0.1542,1.467,0.1861,0.4452,1.4398,-0.0955,-0.3089,-0.0867,-0.1317,0.7738,11.7715,11.8647,24.9868,-0.1023,2.2826,20.3471,1.0293,3.8049,0.1081,1.3838,0.3404,0.1594,3.5136,0.8458,44.2,2.2343,0.2888,0.6908,1.1485,Energy,-0.0029573664082261,9.674300426858188,4.64401278938385,1.6564564344605637,0.0125675509868646,-0.3441430802260984,0.0051157142857142,0.2376053191312168,0.2558857142857142,0.0417192582353815,0.036175974025974,0.0547170611456387,0.0300484415584415,0.0986848438990873,38.91793506493507,8.029894415613174e-09,-0.0415327272727272,0.4077308373491412,1.3098591549295775,0.4954521541199843,71.0
2024-09-30,LEU,78.02031242847443,0.5618,76.4,0.6131271694540865,1.6311,-0.4628,-0.3045,875.7439,0.0323,-0.4208,0.1542,1.467,0.1861,0.4452,1.4398,-0.0955,-0.3089,-0.0867,-0.1317,0.7738,11.7715,11.8647,24.9868,-0.1023,2.2826,20.3471,1.0293,3.8049,0.1081,1.3838,0.3404,0.1594,3.5136,0.8458,44.2,2.2343,0.2888,0.6908,1.1485,Energy,-0.0029573664082261,9.674300426858188,4.64401278938385,1.6564564344605637,0.0125675509868646,-0.3441430802260984,0.0051157142857142,0.2376053191312168,0.2558857142857142,0.0417192582353815,0.036175974025974,0.0547170611456387,0.0300484415584415,0.0986848438990873,38.91793506493507,8.029894415613174e-09,-0.0415327272727272,0.4077308373491412,1.3098591549295775,0.4954521541199843,71.0
2024-09-30,LEU,78.02031242847443,0.5618,76.4,0.6131271694540865,1.6311,-0.4628,-0.3045,875.7439,0.0323,-0.4208,0.1542,1.467,0.1861,0.4452,1.4398,-0.0955,-0.3089,-0.0867,-0.1317,0.7738,11.7715,11.8647,24.9868,-0.1023,2.2826,20.3471,1.0293,3.8049,0.1081,1.3838,0.3404,0.1594,3.5136,0.8458,44.2,2.2343,0.2888,0.6908,1.1485,Energy,-0.0029573664082261,9.674300426858188,4.64401278938385,1.6564564344605637,0.0125675509868646,-0.3441430802260984,0.0051157142857142,0.2376053191312168,0.2558857142857142,0.0417192582353815,0.036175974025974,0.0547170611456387,0.0300484415584415,0.0986848438990873,38.91793506493507,8.029894415613174e-09,-0.0415327272727272,0.4077308373491412,1.3098591549295775,0.4954521541199843,71.0
2024-09-30,LINK,4.87507813423872,0.8447,11.466,3.0382775119617227,6.1571,-0.0483,-0.053,31.9971,0.0653,-0.0609,0.4137,2.6508,0.1781,0.2253,0.2908,-0.3323,-0.3323,-0.1958,-0.1782,0.1668,3.1229,42.1839,78.0481,-0.1853,2.9276,3.854,3.9745,8.7489,-0.1394,-0.1674,-0.1674,-0.1758,0.2708,0.5863,9.291,0.0,0.0,0.0,5.3186,Electrical Equipment,0.5187971646798815,0.3626001157547801,0.4593499950607527,0.5280715240246456,0.0049837733225687,-0.5162238439571818,-0.0006770129870129,0.7895498716601861,-0.0010122077922077,0.7279889885450422,-0.0010125974025974,0.7278131954701574,-0.0057254545454545,0.0015120188211288,1.334366883116883,0.0608658534318288,-0.0022425974025974,0.0353467670451727,1.0,0.0,5.0
2024-09-30,LINK,4.87507813423872,0.8447,11.466,3.0382775119617227,6.1571,-0.0483,-0.053,31.9971,0.0653,-0.0609,0.4137,2.6508,0.1781,0.2253,0.2908,-0.3323,-0.3323,-0.1958,-0.1782,0.1668,3.1229,42.1839,78.0481,-0.1853,2.9276,3.854,3.9745,8.7489,-0.1394,-0.1674,-0.1674,-0.1758,0.2708,0.5863,9.291,0.0,0.0,0.0,5.3186,Electrical Equipment,0.5187971646798815,0.3626001157547801,0.4593499950607527,0.5280715240246456,0.0049837733225687,-0.5162238439571818,-0.0006770129870129,0.7895498716601861,-0.0010122077922077,0.7279889885450422,-0.0010125974025974,0.7278131954701574,-0.0057254545454545,0.0015120188211288,1.334366883116883,0.0608658534318288,-0.0022425974025974,0.0353467670451727,1.0,0.0,5.0
2024-09-30,LKQ,38.071863293647766,0.9503,6234.0,0.1180602006688963,1.7207,1.1805,0.7273,14649.624,0.0951,2.8637,0.389,2.8701,0.2775,0.4061,0.6885,0.3768,0.6389,0.0533,0.0865,0.4501,1.711,15.0023,14.2602,0.0703,0.7357,2.1308,0.5666,10.9758,0.0466,0.1152,0.068,0.1153,13.6481,0.611,5006.0,0.6955,0.2804,0.4102,1.6753,Distributors,-0.2728451340387269,-0.3948586118251928,-0.2347776763915263,-0.4709555069292487,1.2696797708171543,0.6895242545486406,0.001128961038961,0.1352549982525924,0.0024077922077922,0.0888169312871258,0.0018127272727272,0.1241923193836573,0.0022796103896103,0.0759888378847198,246.64178311688303,0.0042645416482538,0.0260222077922077,0.0186977177933138,0.9733333333333334,0.4924657577157244,75.0
2024-09-30,LKQ,38.071863293647766,0.9503,6234.0,0.1180602006688963,1.7207,1.1805,0.7273,14649.624,0.0951,2.8637,0.389,2.8701,0.2775,0.4061,0.6885,0.3768,0.6389,0.0533,0.0865,0.4501,1.711,15.0023,14.2602,0.0703,0.7357,2.1308,0.5666,10.9758,0.0466,0.1152,0.068,0.1153,13.6481,0.611,5006.0,0.6955,0.2804,0.4102,1.6753,Distributors,-0.2728451340387269,-0.3948586118251928,-0.2347776763915263,-0.4709555069292487,1.2696797708171543,0.6895242545486406,0.001128961038961,0.1352549982525924,0.0024077922077922,0.0888169312871258,0.0018127272727272,0.1241923193836573,0.0022796103896103,0.0759888378847198,246.64178311688303,0.0042645416482538,0.0260222077922077,0.0186977177933138,0.9733333333333334,0.4924657577157244,75.0
2024-09-30,LKQ,38.071863293647766,0.9503,6234.0,0.1180602006688963,1.7207,1.1805,0.7273,14649.624,0.0951,2.8637,0.389,2.8701,0.2775,0.4061,0.6885,0.3768,0.6389,0.0533,0.0865,0.4501,1.711,15.0023,14.2602,0.0703,0.7357,2.1308,0.5666,10.9758,0.0466,0.1152,0.068,0.1153,13.6481,0.611,5006.0,0.6955,0.2804,0.4102,1.6753,Distributors,-0.2728451340387269,-0.3948586118251928,-0.2347776763915263,-0.4709555069292487,1.2696797708171543,0.6895242545486406,0.001128961038961,0.1352549982525924,0.0024077922077922,0.0888169312871258,0.0018127272727272,0.1241923193836573,0.0022796103896103,0.0759888378847198,246.64178311688303,0.0042645416482538,0.0260222077922077,0.0186977177933138,0.9733333333333334,0.4924657577157244,75.0
2024-09-30,MAT,18.903281182050705,0.8593,2312.946,0.5571303053474499,2.449,1.4312,1.0913,8084.855,0.0062,2.4291,0.5312,3.4884,0.3582,0.5022,1.0088,0.3465,0.696,0.202,0.2648,0.5734,2.7995,11.81,6.243,0.2558,1.2094,3.496,1.6948,3.5126,0.088,0.2592,0.1233,0.152,5.4039,0.4689,1596.465,1.0088,0.3582,0.5022,1.5506,Leisure Products,-0.4516149725759373,-0.2356633163323664,-0.6059256206207793,-0.9373943143613106,2.6126226763947766,-0.0113983788201364,0.0046293506493506,0.0623727043187277,0.0254811688311688,0.1636362096197153,0.006631948051948,0.0826753727217706,0.0057690909090909,0.0123942912759964,78.10352441558442,0.0881440419001994,0.0189184415584415,0.331021185461008,1.0,0.3380617018914068,36.0
2024-09-30,MATX,145.13302183151245,0.7708,2556.7,0.4678899082568807,1.1283,7.1686,5.8905,4866.029,0.1965,13.8223,0.3199,115.6048,0.0811,0.1218,0.1409,0.0438,0.0507,0.207,0.2519,0.1088,1.8526,11.5298,9.9171,0.2628,1.4265,1.9795,1.1283,10.7753,0.0954,0.1689,0.1443,0.1683,28.4615,0.6801,2392.7,0.1564,0.09,0.1353,2.356,Marine,0.7152019991670138,0.7425989252564729,0.9059644227415418,0.934653831914106,1.16936509212874,1.8902763453965872,0.0039488311688311,0.3476241000915644,0.0023806493506493,0.7959190369266745,0.0056325974025974,0.4057070429439015,0.0050763636363636,0.5548170058857124,83.74705558441559,0.00618593479954,0.1235997402597402,0.381378629977299,1.11864406779661,0.5280003187927416,59.0
2024-09-30,MATX,145.13302183151245,0.7708,2556.7,0.4678899082568807,1.1283,7.1686,5.8905,4866.029,0.1965,13.8223,0.3199,115.6048,0.0811,0.1218,0.1409,0.0438,0.0507,0.207,0.2519,0.1088,1.8526,11.5298,9.9171,0.2628,1.4265,1.9795,1.1283,10.7753,0.0954,0.1689,0.1443,0.1683,28.4615,0.6801,2392.7,0.1564,0.09,0.1353,2.356,Marine,0.7152019991670138,0.7425989252564729,0.9059644227415418,0.934653831914106,1.16936509212874,1.8902763453965872,0.0039488311688311,0.3476241000915644,0.0023806493506493,0.7959190369266745,0.0056325974025974,0.4057070429439015,0.0050763636363636,0.5548170058857124,83.74705558441559,0.00618593479954,0.1235997402597402,0.381378629977299,1.11864406779661,0.5280003187927416,59.0
2024-09-30,MATX,145.13302183151245,0.7708,2556.7,0.4678899082568807,1.1283,7.1686,5.8905,4866.029,0.1965,13.8223,0.3199,115.6048,0.0811,0.1218,0.1409,0.0438,0.0507,0.207,0.2519,0.1088,1.8526,11.5298,9.9171,0.2628,1.4265,1.9795,1.1283,10.7753,0.0954,0.1689,0.1443,0.1683,28.4615,0.6801,2392.7,0.1564,0.09,0.1353,2.356,Marine,0.7152019991670138,0.7425989252564729,0.9059644227415418,0.934653831914106,1.16936509212874,1.8902763453965872,0.0039488311688311,0.3476241000915644,0.0023806493506493,0.7959190369266745,0.0056325974025974,0.4057070429439015,0.0050763636363636,0.5548170058857124,83.74705558441559,0.00618593479954,0.1235997402597402,0.381378629977299,1.11864406779661,0.5280003187927416,59.0
2024-09-30,MODG,9.081718795001509,0.462,3935.6,0.5245103857566765,1.9275,0.1834,-0.0196,3385.4788,0.1063,0.8281,0.6277,2.2525,0.1596,0.2544,0.3713,0.238,0.3474,-0.0036,0.0333,0.0304,0.5128,129.8846,6.9329,-0.0227,0.4791,0.8289,1.0586,14.2538,-0.0013,-0.0031,-0.0021,0.0297,5.5109,0.3723,2434.9,0.4597,0.1976,0.3149,1.7536,Leisure Products,0.0066715848221445,0.0028185041690985,0.0103199010811324,-0.1831619153719139,1.0940182208999143,-0.0014606363021331,-0.0021,0.0001649797897992,-0.0043472727272727,0.000373931934645,-0.0032981818181818,0.0001899971413463,-0.001550909090909,0.0002487657058095,-157.59238454545454,0.0110961101289519,-0.0170536363636363,0.5463226265348009,1.0229007633587786,0.3816089189201594,131.0
2024-09-30,MODG,9.081718795001509,0.462,3935.6,0.5245103857566765,1.9275,0.1834,-0.0196,3385.4788,0.1063,0.8281,0.6277,2.2525,0.1596,0.2544,0.3713,0.238,0.3474,-0.0036,0.0333,0.0304,0.5128,129.8846,6.9329,-0.0227,0.4791,0.8289,1.0586,14.2538,-0.0013,-0.0031,-0.0021,0.0297,5.5109,0.3723,2434.9,0.4597,0.1976,0.3149,1.7536,Leisure Products,0.0066715848221445,0.0028185041690985,0.0103199010811324,-0.1831619153719139,1.0940182208999143,-0.0014606363021331,-0.0021,0.0001649797897992,-0.0043472727272727,0.000373931934645,-0.0032981818181818,0.0001899971413463,-0.001550909090909,0.0002487657058095,-157.59238454545454,0.0110961101289519,-0.0170536363636363,0.5463226265348009,1.0229007633587786,0.3816089189201594,131.0
2024-09-30,MODG,9.081718795001509,0.462,3935.6,0.5245103857566765,1.9275,0.1834,-0.0196,3385.4788,0.1063,0.8281,0.6277,2.2525,0.1596,0.2544,0.3713,0.238,0.3474,-0.0036,0.0333,0.0304,0.5128,129.8846,6.9329,-0.0227,0.4791,0.8289,1.0586,14.2538,-0.0013,-0.0031,-0.0021,0.0297,5.5109,0.3723,2434.9,0.4597,0.1976,0.3149,1.7536,Leisure Products,0.0066715848221445,0.0028185041690985,0.0103199010811324,-0.1831619153719139,1.0940182208999143,-0.0014606363021331,-0.0021,0.0001649797897992,-0.0043472727272727,0.000373931934645,-0.0032981818181818,0.0001899971413463,-0.001550909090909,0.0002487657058095,-157.59238454545454,0.0110961101289519,-0.0170536363636363,0.5463226265348009,1.0229007633587786,0.3816089189201594,131.0
2024-09-30,NC,29.51313903927803,0.4009,397.31,0.91481798528793,3.7581,2.6941,2.1383,215.6334,0.3419,-11.8279,0.1175,2.3927,0.1105,0.1413,0.1662,0.0153,0.018,0.2536,0.3195,0.1896,0.5247,14.2765,9.5879,0.3103,0.9304,0.5322,2.3306,5.629,-0.0318,-0.046,-0.0404,-0.0808,8.4322,0.8825,391.677,0.1767,0.1175,0.1502,2.9856,Energy,0.0008699745770729,-0.3215911400747772,-0.5511695554967906,-0.8396592214831464,0.0030944934346342,2.003361867841685,-0.005561948051948,0.0195167151957221,-0.0083514285714285,0.011312396271373,-0.0076971428571428,0.0132291901652338,-0.0099784415584415,0.0168696846438314,1.7107405194805194,0.4540574065805565,-0.0792866233766234,0.4395322711927781,1.0,0.5773502691896257,13.0
2024-09-30,NC,29.51313903927803,0.4009,397.31,0.91481798528793,3.7581,2.6941,2.1383,215.6334,0.3419,-11.8279,0.1175,2.3927,0.1105,0.1413,0.1662,0.0153,0.018,0.2536,0.3195,0.1896,0.5247,14.2765,9.5879,0.3103,0.9304,0.5322,2.3306,5.629,-0.0318,-0.046,-0.0404,-0.0808,8.4322,0.8825,391.677,0.1767,0.1175,0.1502,2.9856,Energy,0.0008699745770729,-0.3215911400747772,-0.5511695554967906,-0.8396592214831464,0.0030944934346342,2.003361867841685,-0.005561948051948,0.0195167151957221,-0.0083514285714285,0.011312396271373,-0.0076971428571428,0.0132291901652338,-0.0099784415584415,0.0168696846438314,1.7107405194805194,0.4540574065805565,-0.0792866233766234,0.4395322711927781,1.0,0.5773502691896257,13.0
2024-09-30,NC,29.51313903927803,0.4009,397.31,0.91481798528793,3.7581,2.6941,2.1383,215.6334,0.3419,-11.8279,0.1175,2.3927,0.1105,0.1413,0.1662,0.0153,0.018,0.2536,0.3195,0.1896,0.5247,14.2765,9.5879,0.3103,0.9304,0.5322,2.3306,5.629,-0.0318,-0.046,-0.0404,-0.0808,8.4322,0.8825,391.677,0.1767,0.1175,0.1502,2.9856,Energy,0.0008699745770729,-0.3215911400747772,-0.5511695554967906,-0.8396592214831464,0.0030944934346342,2.003361867841685,-0.005561948051948,0.0195167151957221,-0.0083514285714285,0.011312396271373,-0.0076971428571428,0.0132291901652338,-0.0099784415584415,0.0168696846438314,1.7107405194805194,0.4540574065805565,-0.0792866233766234,0.4395322711927781,1.0,0.5773502691896257,13.0
2024-09-30,NGL,4.474687486886978,1.2409,714.764,0.0054222935276271,1.2105,0.5801,0.0186,3721.6714,0.0735,0.0934,0.1711,23.8647,0.6384,0.812,4.3676,0.8129,4.3726,0.0018,0.0567,20.236,0.8343,12.3518,3.4331,0.0027,0.0956,18.7677,0.8849,6.6191,-0.0356,-0.1866,-0.0461,0.0272,10.2263,0.8289,40.952,4.3789,0.64,0.8141,1.1712,Energy,0.0009739338032641,-1.3045414508250743,-0.6289335769406448,0.2826575597071978,0.0534086450112367,0.4313686275694894,0.0030358441558441,0.0627435928871293,0.0085192207792207,0.1715699018916394,0.0036901298701298,0.0651544706246955,0.0037161038961038,0.0764727598189386,-30.66203532467531,0.0056013950359437,0.0466872727272727,0.1485773580442276,1.0,0.3651483716701107,16.0
2024-09-30,NGL,4.474687486886978,1.2409,714.764,0.0054222935276271,1.2105,0.5801,0.0186,3721.6714,0.0735,0.0934,0.1711,23.8647,0.6384,0.812,4.3676,0.8129,4.3726,0.0018,0.0567,20.236,0.8343,12.3518,3.4331,0.0027,0.0956,18.7677,0.8849,6.6191,-0.0356,-0.1866,-0.0461,0.0272,10.2263,0.8289,40.952,4.3789,0.64,0.8141,1.1712,Energy,0.0009739338032641,-1.3045414508250743,-0.6289335769406448,0.2826575597071978,0.0534086450112367,0.4313686275694894,0.0030358441558441,0.0627435928871293,0.0085192207792207,0.1715699018916394,0.0036901298701298,0.0651544706246955,0.0037161038961038,0.0764727598189386,-30.66203532467531,0.0056013950359437,0.0466872727272727,0.1485773580442276,1.0,0.3651483716701107,16.0
2024-09-30,NGL,4.474687486886978,1.2409,714.764,0.0054222935276271,1.2105,0.5801,0.0186,3721.6714,0.0735,0.0934,0.1711,23.8647,0.6384,0.812,4.3676,0.8129,4.3726,0.0018,0.0567,20.236,0.8343,12.3518,3.4331,0.0027,0.0956,18.7677,0.8849,6.6191,-0.0356,-0.1866,-0.0461,0.0272,10.2263,0.8289,40.952,4.3789,0.64,0.8141,1.1712,Energy,0.0009739338032641,-1.3045414508250743,-0.6289335769406448,0.2826575597071978,0.0534086450112367,0.4313686275694894,0.0030358441558441,0.0627435928871293,0.0085192207792207,0.1715699018916394,0.0036901298701298,0.0651544706246955,0.0037161038961038,0.0764727598189386,-30.66203532467531,0.0056013950359437,0.0466872727272727,0.1485773580442276,1.0,0.3651483716701107,16.0
2024-09-30,NHC,120.99842941761015,0.8957,983.468,0.3420381857339905,1.7977,1.3434,2.7311,2002.123,0.0839,5.9713,0.3727,100.3314,0.0893,0.1234,0.1418,0.055,0.0632,0.1258,0.0619,0.2944,1.9725,15.6129,21.04,0.1706,1.5658,2.0131,1.7463,10.709,0.0898,0.1321,0.1271,0.0822,21.7139,0.6273,963.663,0.1495,0.0941,0.13,2.6979,Health Care,-0.9285138149991417,-0.1983036214750053,-0.2618868858910245,-0.1746469009626616,0.2240631798578112,5.861967572265323,0.0004087012987012,0.7446552532434801,-0.0001798701298701,0.9297775698249824,2.454545454545451e-05,0.9902511939709966,8.337662337662344e-05,0.8671034316882406,18.517706233766233,0.0759534111357835,0.0198736363636363,0.0905854594287004,1.125,0.3360107525161235,32.0
2024-09-30,NHC,120.99842941761015,0.8957,983.468,0.3420381857339905,1.7977,1.3434,2.7311,2002.123,0.0839,5.9713,0.3727,100.3314,0.0893,0.1234,0.1418,0.055,0.0632,0.1258,0.0619,0.2944,1.9725,15.6129,21.04,0.1706,1.5658,2.0131,1.7463,10.709,0.0898,0.1321,0.1271,0.0822,21.7139,0.6273,963.663,0.1495,0.0941,0.13,2.6979,Health Care,-0.9285138149991417,-0.1983036214750053,-0.2618868858910245,-0.1746469009626616,0.2240631798578112,5.861967572265323,0.0004087012987012,0.7446552532434801,-0.0001798701298701,0.9297775698249824,2.454545454545451e-05,0.9902511939709966,8.337662337662344e-05,0.8671034316882406,18.517706233766233,0.0759534111357835,0.0198736363636363,0.0905854594287004,1.125,0.3360107525161235,32.0
2024-09-30,NHC,120.99842941761015,0.8957,983.468,0.3420381857339905,1.7977,1.3434,2.7311,2002.123,0.0839,5.9713,0.3727,100.3314,0.0893,0.1234,0.1418,0.055,0.0632,0.1258,0.0619,0.2944,1.9725,15.6129,21.04,0.1706,1.5658,2.0131,1.7463,10.709,0.0898,0.1321,0.1271,0.0822,21.7139,0.6273,963.663,0.1495,0.0941,0.13,2.6979,Health Care,-0.9285138149991417,-0.1983036214750053,-0.2618868858910245,-0.1746469009626616,0.2240631798578112,5.861967572265323,0.0004087012987012,0.7446552532434801,-0.0001798701298701,0.9297775698249824,2.454545454545451e-05,0.9902511939709966,8.337662337662344e-05,0.8671034316882406,18.517706233766233,0.0759534111357835,0.0198736363636363,0.0905854594287004,1.125,0.3360107525161235,32.0
2024-09-30,NHTC,5.341759063303471,0.6367,37.25,0.703917935740431,2.5712,-0.0239,0.003,64.5406,0.0491,-0.3493,0.7414,2.4782,0.0,0.0,0.0,-0.4182,-0.4182,0.0033,-0.0257,12.2202,2.1508,90.8817,143.6386,0.0155,1.5916,1.4932,2.3791,1545.9,0.0132,0.022,0.022,-0.0281,0.9305,0.2586,2.3,0.0,0.0,0.0,2.5367,Consumer products,-0.0061938106527363,0.1056936290880116,-0.1186233380239087,0.1619038919610171,0.0078730373812245,-0.0294829231886583,0.0003398701298701,0.7177930351757936,0.0004122077922077,0.7930437299583812,0.0004122077922077,0.7930437299583812,-0.001397922077922,0.4414722071255547,3.354127012987013,0.0001344123397883,0.0027833766233766,0.3806154847850375,1.0526315789473684,0.404651319111256,19.0
2024-09-30,NHTC,5.341759063303471,0.6367,37.25,0.703917935740431,2.5712,-0.0239,0.003,64.5406,0.0491,-0.3493,0.7414,2.4782,0.0,0.0,0.0,-0.4182,-0.4182,0.0033,-0.0257,12.2202,2.1508,90.8817,143.6386,0.0155,1.5916,1.4932,2.3791,1545.9,0.0132,0.022,0.022,-0.0281,0.9305,0.2586,2.3,0.0,0.0,0.0,2.5367,Consumer products,-0.0061938106527363,0.1056936290880116,-0.1186233380239087,0.1619038919610171,0.0078730373812245,-0.0294829231886583,0.0003398701298701,0.7177930351757936,0.0004122077922077,0.7930437299583812,0.0004122077922077,0.7930437299583812,-0.001397922077922,0.4414722071255547,3.354127012987013,0.0001344123397883,0.0027833766233766,0.3806154847850375,1.0526315789473684,0.404651319111256,19.0
2024-09-30,NHTC,5.341759063303471,0.6367,37.25,0.703917935740431,2.5712,-0.0239,0.003,64.5406,0.0491,-0.3493,0.7414,2.4782,0.0,0.0,0.0,-0.4182,-0.4182,0.0033,-0.0257,12.2202,2.1508,90.8817,143.6386,0.0155,1.5916,1.4932,2.3791,1545.9,0.0132,0.022,0.022,-0.0281,0.9305,0.2586,2.3,0.0,0.0,0.0,2.5367,Consumer products,-0.0061938106527363,0.1056936290880116,-0.1186233380239087,0.1619038919610171,0.0078730373812245,-0.0294829231886583,0.0003398701298701,0.7177930351757936,0.0004122077922077,0.7930437299583812,0.0004122077922077,0.7930437299583812,-0.001397922077922,0.4414722071255547,3.354127012987013,0.0001344123397883,0.0027833766233766,0.3806154847850375,1.0526315789473684,0.404651319111256,19.0
2024-09-30,NPO,168.87139129638672,0.4123,1457.9,1.0981953290870488,2.7558,1.6161,0.9384,3836.5484,0.1813,5.8689,0.4228,4.2019,0.2478,0.299,0.4306,0.2071,0.2983,0.0759,0.1307,0.322,2.3333,62.877,27.1914,0.092,3.2727,5.26,1.8137,8.1746,0.0215,0.0379,0.0259,0.0626,12.3649,0.5772,646.7,0.4402,0.2533,0.3057,2.3551,Machinery,-0.052727217521085,-0.0692680252216028,-0.0615057210641567,-0.1596288795280571,0.5291381603974008,1.4745137536174502,-0.0015784415584415,0.2739845861504812,-0.0035006493506493,0.2424425600621412,-0.0023212987012987,0.2141837498376694,0.0006683116883116,0.2708364657067059,124.23320922077924,6.0510791549482e-08,0.0553870129870129,0.1753712211657626,1.206896551724138,0.4913036844405174,29.0
2024-09-30,NPO,168.87139129638672,0.4123,1457.9,1.0981953290870488,2.7558,1.6161,0.9384,3836.5484,0.1813,5.8689,0.4228,4.2019,0.2478,0.299,0.4306,0.2071,0.2983,0.0759,0.1307,0.322,2.3333,62.877,27.1914,0.092,3.2727,5.26,1.8137,8.1746,0.0215,0.0379,0.0259,0.0626,12.3649,0.5772,646.7,0.4402,0.2533,0.3057,2.3551,Machinery,-0.052727217521085,-0.0692680252216028,-0.0615057210641567,-0.1596288795280571,0.5291381603974008,1.4745137536174502,-0.0015784415584415,0.2739845861504812,-0.0035006493506493,0.2424425600621412,-0.0023212987012987,0.2141837498376694,0.0006683116883116,0.2708364657067059,124.23320922077924,6.0510791549482e-08,0.0553870129870129,0.1753712211657626,1.206896551724138,0.4913036844405174,29.0
2024-09-30,NPO,168.87139129638672,0.4123,1457.9,1.0981953290870488,2.7558,1.6161,0.9384,3836.5484,0.1813,5.8689,0.4228,4.2019,0.2478,0.299,0.4306,0.2071,0.2983,0.0759,0.1307,0.322,2.3333,62.877,27.1914,0.092,3.2727,5.26,1.8137,8.1746,0.0215,0.0379,0.0259,0.0626,12.3649,0.5772,646.7,0.4402,0.2533,0.3057,2.3551,Machinery,-0.052727217521085,-0.0692680252216028,-0.0615057210641567,-0.1596288795280571,0.5291381603974008,1.4745137536174502,-0.0015784415584415,0.2739845861504812,-0.0035006493506493,0.2424425600621412,-0.0023212987012987,0.2141837498376694,0.0006683116883116,0.2708364657067059,124.23320922077924,6.0510791549482e-08,0.0553870129870129,0.1753712211657626,1.206896551724138,0.4913036844405174,29.0
2024-09-30,NSSC,38.26474320888519,0.9578,178.609,3.4673904237219477,6.9444,0.3189,0.3008,1398.6414,0.2578,1.204,0.5594,2.3792,0.0,0.0,0.0,-0.4792,-0.4792,0.2542,0.2694,0.2661,8.31,29.3763,33.6036,0.2954,7.7649,8.4772,5.2892,7.476,0.2532,0.2956,0.2956,0.3166,1.1835,0.4406,175.086,0.0,0.0,0.0,6.7096,Electrical Equipment,-0.9423202445978908,-0.6402902880353225,-0.8111341609316518,-0.9510093544152604,0.217848233032375,3.4083599138290945,0.0070177922077922,0.0005790840154361,0.0075964935064935,0.0010881164698942,0.0077172727272727,0.001001050922569,0.0078793506493506,0.0006539559459615,60.92611142857144,3.7156381021407624e-08,0.0164587012987012,5.3728557466165214e-06,1.0634920634920637,0.5039526306789696,63.0
2024-09-30,NSSC,38.26474320888519,0.9578,178.609,3.4673904237219477,6.9444,0.3189,0.3008,1398.6414,0.2578,1.204,0.5594,2.3792,0.0,0.0,0.0,-0.4792,-0.4792,0.2542,0.2694,0.2661,8.31,29.3763,33.6036,0.2954,7.7649,8.4772,5.2892,7.476,0.2532,0.2956,0.2956,0.3166,1.1835,0.4406,175.086,0.0,0.0,0.0,6.7096,Electrical Equipment,-0.9423202445978908,-0.6402902880353225,-0.8111341609316518,-0.9510093544152604,0.217848233032375,3.4083599138290945,0.0070177922077922,0.0005790840154361,0.0075964935064935,0.0010881164698942,0.0077172727272727,0.001001050922569,0.0078793506493506,0.0006539559459615,60.92611142857144,3.7156381021407624e-08,0.0164587012987012,5.3728557466165214e-06,1.0634920634920637,0.5039526306789696,63.0
2024-09-30,NSSC,38.26474320888519,0.9578,178.609,3.4673904237219477,6.9444,0.3189,0.3008,1398.6414,0.2578,1.204,0.5594,2.3792,0.0,0.0,0.0,-0.4792,-0.4792,0.2542,0.2694,0.2661,8.31,29.3763,33.6036,0.2954,7.7649,8.4772,5.2892,7.476,0.2532,0.2956,0.2956,0.3166,1.1835,0.4406,175.086,0.0,0.0,0.0,6.7096,Electrical Equipment,-0.9423202445978908,-0.6402902880353225,-0.8111341609316518,-0.9510093544152604,0.217848233032375,3.4083599138290945,0.0070177922077922,0.0005790840154361,0.0075964935064935,0.0010881164698942,0.0077172727272727,0.001001050922569,0.0078793506493506,0.0006539559459615,60.92611142857144,3.7156381021407624e-08,0.0164587012987012,5.3728557466165214e-06,1.0634920634920637,0.5039526306789696,63.0
2024-09-30,NUS,6.843250043690205,1.0571,706.875,0.6711369643820115,1.9254,0.3666,0.1669,572.0201,0.0531,1.8251,0.7008,1.9301,0.2359,0.3275,0.5283,0.1804,0.291,0.0193,0.0424,1.4249,0.5182,111.807,3.6752,0.0309,0.2063,0.5893,0.9036,24.2988,-0.0615,-0.1365,-0.0842,-0.0673,8.6491,0.2992,621.609,0.6132,0.2738,0.3801,1.8069,Consumer products,0.0288575269047941,-0.6557809259324358,0.4540038664369599,0.3877627020988062,0.0697783353441366,0.4522359682410937,-0.0072081818181818,9.224237619337188e-06,-0.0156910389610389,1.1861402640911717e-05,-0.0104999999999999,1.2494628558288556e-05,-0.0141855844155844,1.5278256970409457e-07,-75.08165207792207,0.0007965386198545,-0.0980723376623376,0.0014384409949026,0.9322033898305084,0.5832254777694005,59.0
2024-09-30,NUS,6.843250043690205,1.0571,706.875,0.6711369643820115,1.9254,0.3666,0.1669,572.0201,0.0531,1.8251,0.7008,1.9301,0.2359,0.3275,0.5283,0.1804,0.291,0.0193,0.0424,1.4249,0.5182,111.807,3.6752,0.0309,0.2063,0.5893,0.9036,24.2988,-0.0615,-0.1365,-0.0842,-0.0673,8.6491,0.2992,621.609,0.6132,0.2738,0.3801,1.8069,Consumer products,0.0288575269047941,-0.6557809259324358,0.4540038664369599,0.3877627020988062,0.0697783353441366,0.4522359682410937,-0.0072081818181818,9.224237619337188e-06,-0.0156910389610389,1.1861402640911717e-05,-0.0104999999999999,1.2494628558288556e-05,-0.0141855844155844,1.5278256970409457e-07,-75.08165207792207,0.0007965386198545,-0.0980723376623376,0.0014384409949026,0.9322033898305084,0.5832254777694005,59.0
2024-09-30,NUS,6.843250043690205,1.0571,706.875,0.6711369643820115,1.9254,0.3666,0.1669,572.0201,0.0531,1.8251,0.7008,1.9301,0.2359,0.3275,0.5283,0.1804,0.291,0.0193,0.0424,1.4249,0.5182,111.807,3.6752,0.0309,0.2063,0.5893,0.9036,24.2988,-0.0615,-0.1365,-0.0842,-0.0673,8.6491,0.2992,621.609,0.6132,0.2738,0.3801,1.8069,Consumer products,0.0288575269047941,-0.6557809259324358,0.4540038664369599,0.3877627020988062,0.0697783353441366,0.4522359682410937,-0.0072081818181818,9.224237619337188e-06,-0.0156910389610389,1.1861402640911717e-05,-0.0104999999999999,1.2494628558288556e-05,-0.0141855844155844,1.5278256970409457e-07,-75.08165207792207,0.0007965386198545,-0.0980723376623376,0.0014384409949026,0.9322033898305084,0.5832254777694005,59.0
2024-09-30,NVGS,15.711851105093956,0.2608,1187.884,0.4457815341970305,0.7504,0.4583,0.2587,1753.6136,0.197,2.9309,0.5278,20.7885,0.2599,0.2827,0.4648,0.3264,0.5367,0.1281,0.227,0.2442,0.9396,13.6553,5.4829,0.1421,1.9779,0.9398,0.653,17.1759,0.0378,0.0686,0.0409,0.0707,2.0191,0.4722,1187.649,0.6442,0.3602,0.3918,2.2684,Energy,-0.0010341207236905,0.4795902654158633,0.5579909608866024,0.7347018187977531,0.0251656087233485,0.3407968316067868,0.0027098701298701,3.5461292383431906e-08,0.0050892207792207,4.0977286174404404e-08,0.0029005194805194,3.8157234271763074e-08,0.0026435064935064,0.0004653177334113,36.16186064935064,1.3260023197624704e-06,0.0198254545454545,0.0085480899183731,1.1224489795918366,0.3312006605534179,49.0
2024-09-30,NVGS,15.711851105093956,0.2608,1187.884,0.4457815341970305,0.7504,0.4583,0.2587,1753.6136,0.197,2.9309,0.5278,20.7885,0.2599,0.2827,0.4648,0.3264,0.5367,0.1281,0.227,0.2442,0.9396,13.6553,5.4829,0.1421,1.9779,0.9398,0.653,17.1759,0.0378,0.0686,0.0409,0.0707,2.0191,0.4722,1187.649,0.6442,0.3602,0.3918,2.2684,Energy,-0.0010341207236905,0.4795902654158633,0.5579909608866024,0.7347018187977531,0.0251656087233485,0.3407968316067868,0.0027098701298701,3.5461292383431906e-08,0.0050892207792207,4.0977286174404404e-08,0.0029005194805194,3.8157234271763074e-08,0.0026435064935064,0.0004653177334113,36.16186064935064,1.3260023197624704e-06,0.0198254545454545,0.0085480899183731,1.1224489795918366,0.3312006605534179,49.0
2024-09-30,NVGS,15.711851105093956,0.2608,1187.884,0.4457815341970305,0.7504,0.4583,0.2587,1753.6136,0.197,2.9309,0.5278,20.7885,0.2599,0.2827,0.4648,0.3264,0.5367,0.1281,0.227,0.2442,0.9396,13.6553,5.4829,0.1421,1.9779,0.9398,0.653,17.1759,0.0378,0.0686,0.0409,0.0707,2.0191,0.4722,1187.649,0.6442,0.3602,0.3918,2.2684,Energy,-0.0010341207236905,0.4795902654158633,0.5579909608866024,0.7347018187977531,0.0251656087233485,0.3407968316067868,0.0027098701298701,3.5461292383431906e-08,0.0050892207792207,4.0977286174404404e-08,0.0029005194805194,3.8157234271763074e-08,0.0026435064935064,0.0004653177334113,36.16186064935064,1.3260023197624704e-06,0.0198254545454545,0.0085480899183731,1.1224489795918366,0.3312006605534179,49.0
2024-09-30,OC,185.98273992538452,0.7946,5623.0,0.186055182699478,1.4403,5.7907,3.6519,20112.416,0.1832,15.4779,0.2988,5.1726,0.3208,0.4355,0.8588,0.4479,0.8833,0.1054,0.1671,0.195,2.6935,14.6191,10.4021,0.1441,1.4508,5.3105,0.8453,7.2569,0.0789,0.1928,0.1071,0.1755,34.653,0.7012,2852.0,0.9721,0.3631,0.4929,1.5962,Building,-0.2268137554349779,-0.1619212187763106,-0.1297882911814248,-0.230357283490405,3.0725562970791325,4.591657514857649,0.0068336363636363,0.0013887510669871,0.0156344155844155,0.0020019205600297,0.0094574025974026,0.0012352567914465,0.0112232467532467,0.000386753180186,464.950151948052,5.555986084501461e-05,0.2928696103896104,0.0032469023264777,1.1549295774647887,0.467451672794515,71.0
2024-09-30,OC,185.98273992538452,0.7946,5623.0,0.186055182699478,1.4403,5.7907,3.6519,20112.416,0.1832,15.4779,0.2988,5.1726,0.3208,0.4355,0.8588,0.4479,0.8833,0.1054,0.1671,0.195,2.6935,14.6191,10.4021,0.1441,1.4508,5.3105,0.8453,7.2569,0.0789,0.1928,0.1071,0.1755,34.653,0.7012,2852.0,0.9721,0.3631,0.4929,1.5962,Building,-0.2268137554349779,-0.1619212187763106,-0.1297882911814248,-0.230357283490405,3.0725562970791325,4.591657514857649,0.0068336363636363,0.0013887510669871,0.0156344155844155,0.0020019205600297,0.0094574025974026,0.0012352567914465,0.0112232467532467,0.000386753180186,464.950151948052,5.555986084501461e-05,0.2928696103896104,0.0032469023264777,1.1549295774647887,0.467451672794515,71.0
2024-09-30,OC,185.98273992538452,0.7946,5623.0,0.186055182699478,1.4403,5.7907,3.6519,20112.416,0.1832,15.4779,0.2988,5.1726,0.3208,0.4355,0.8588,0.4479,0.8833,0.1054,0.1671,0.195,2.6935,14.6191,10.4021,0.1441,1.4508,5.3105,0.8453,7.2569,0.0789,0.1928,0.1071,0.1755,34.653,0.7012,2852.0,0.9721,0.3631,0.4929,1.5962,Building,-0.2268137554349779,-0.1619212187763106,-0.1297882911814248,-0.230357283490405,3.0725562970791325,4.591657514857649,0.0068336363636363,0.0013887510669871,0.0156344155844155,0.0020019205600297,0.0094574025974026,0.0012352567914465,0.0112232467532467,0.000386753180186,464.950151948052,5.555986084501461e-05,0.2928696103896104,0.0032469023264777,1.1549295774647887,0.467451672794515,71.0
2024-09-30,OI,12.151093780994415,0.7032,1348.0,0.3294066317626527,1.2312,0.194,-0.5174,6519.9658,0.0328,-1.1639,0.1281,5.1909,0.5025,0.7141,3.4933,0.6811,3.3316,-0.0476,0.0179,0.1586,1.5052,6.7551,6.6963,-0.0339,0.3055,1.7829,0.6758,8.5154,-0.0446,-0.274,-0.0637,0.0085,10.859,0.8719,1138.0,3.8917,0.5598,0.7956,1.168,Packaging,-1.1262626262626263,-1.6058215916583238,-1.168182165507756,0.082059533386967,0.5364264127229409,0.1268761649390144,0.0017132467532467,0.2910735175748684,-0.0203554545454545,0.3047651854771888,-0.0004446753246753,0.8375037561734267,0.0013135064935064,0.5736028541312739,-4.031584805194808,0.8268929111211889,0.031544935064935,0.5469517338413393,1.0612244897959184,0.3768378997939146,49.0
2024-09-30,OI,12.151093780994415,0.7032,1348.0,0.3294066317626527,1.2312,0.194,-0.5174,6519.9658,0.0328,-1.1639,0.1281,5.1909,0.5025,0.7141,3.4933,0.6811,3.3316,-0.0476,0.0179,0.1586,1.5052,6.7551,6.6963,-0.0339,0.3055,1.7829,0.6758,8.5154,-0.0446,-0.274,-0.0637,0.0085,10.859,0.8719,1138.0,3.8917,0.5598,0.7956,1.168,Packaging,-1.1262626262626263,-1.6058215916583238,-1.168182165507756,0.082059533386967,0.5364264127229409,0.1268761649390144,0.0017132467532467,0.2910735175748684,-0.0203554545454545,0.3047651854771888,-0.0004446753246753,0.8375037561734267,0.0013135064935064,0.5736028541312739,-4.031584805194808,0.8268929111211889,0.031544935064935,0.5469517338413393,1.0612244897959184,0.3768378997939146,49.0
2024-09-30,OI,12.151093780994415,0.7032,1348.0,0.3294066317626527,1.2312,0.194,-0.5174,6519.9658,0.0328,-1.1639,0.1281,5.1909,0.5025,0.7141,3.4933,0.6811,3.3316,-0.0476,0.0179,0.1586,1.5052,6.7551,6.6963,-0.0339,0.3055,1.7829,0.6758,8.5154,-0.0446,-0.274,-0.0637,0.0085,10.859,0.8719,1138.0,3.8917,0.5598,0.7956,1.168,Packaging,-1.1262626262626263,-1.6058215916583238,-1.168182165507756,0.082059533386967,0.5364264127229409,0.1268761649390144,0.0017132467532467,0.2910735175748684,-0.0203554545454545,0.3047651854771888,-0.0004446753246753,0.8375037561734267,0.0013135064935064,0.5736028541312739,-4.031584805194808,0.8268929111211889,0.031544935064935,0.5469517338413393,1.0612244897959184,0.3768378997939146,49.0
2024-09-30,OLED,177.68238401412964,0.371,1586.75,0.6065566271490108,7.1806,1.4056,1.4028,9882.562,0.4098,4.6056,0.7775,1.0517,0.0,0.0,0.0,-0.0501,-0.0501,0.4137,0.4146,0.2525,6.2783,33.7824,45.5747,0.5037,15.4761,6.6273,5.8391,6.1337,0.17,0.1951,0.1951,0.2077,3.3906,0.2225,1503.199,0.0,0.0,0.0,8.0795,Semiconductors,-1.967811588718474,-0.9798433440539316,-1.328314337525286,-1.531613168549205,0.0062133968778374,0.0321716968855778,0.0016871428571428,0.0081014688588072,0.0003825974025974,0.6195481784888152,0.0003825974025974,0.6195481784888152,3.142857142857153e-05,0.9753869404035282,-9.293408181818194,0.8921396947925402,0.0442484415584415,0.0044511928131219,1.2658227848101269,0.547929921578824,79.0
2024-09-30,OLED,177.68238401412964,0.371,1586.75,0.6065566271490108,7.1806,1.4056,1.4028,9882.562,0.4098,4.6056,0.7775,1.0517,0.0,0.0,0.0,-0.0501,-0.0501,0.4137,0.4146,0.2525,6.2783,33.7824,45.5747,0.5037,15.4761,6.6273,5.8391,6.1337,0.17,0.1951,0.1951,0.2077,3.3906,0.2225,1503.199,0.0,0.0,0.0,8.0795,Semiconductors,-1.967811588718474,-0.9798433440539316,-1.328314337525286,-1.531613168549205,0.0062133968778374,0.0321716968855778,0.0016871428571428,0.0081014688588072,0.0003825974025974,0.6195481784888152,0.0003825974025974,0.6195481784888152,3.142857142857153e-05,0.9753869404035282,-9.293408181818194,0.8921396947925402,0.0442484415584415,0.0044511928131219,1.2658227848101269,0.547929921578824,79.0
2024-09-30,OLED,177.68238401412964,0.371,1586.75,0.6065566271490108,7.1806,1.4056,1.4028,9882.562,0.4098,4.6056,0.7775,1.0517,0.0,0.0,0.0,-0.0501,-0.0501,0.4137,0.4146,0.2525,6.2783,33.7824,45.5747,0.5037,15.4761,6.6273,5.8391,6.1337,0.17,0.1951,0.1951,0.2077,3.3906,0.2225,1503.199,0.0,0.0,0.0,8.0795,Semiconductors,-1.967811588718474,-0.9798433440539316,-1.328314337525286,-1.531613168549205,0.0062133968778374,0.0321716968855778,0.0016871428571428,0.0081014688588072,0.0003825974025974,0.6195481784888152,0.0003825974025974,0.6195481784888152,3.142857142857153e-05,0.9753869404035282,-9.293408181818194,0.8921396947925402,0.0442484415584415,0.0044511928131219,1.2658227848101269,0.547929921578824,79.0
2024-09-30,PAHC,23.0606626868248,1.0735,258.527,0.2930398996008909,3.2266,0.4361,0.1719,1334.4722,0.0562,1.0042,0.3206,2.6004,0.4829,0.6369,1.8051,0.5764,1.6336,0.0268,0.068,1.117,3.5282,52.4038,14.8887,0.0369,0.8714,4.2309,1.6858,6.7538,0.0179,0.0659,0.0234,0.0963,6.4174,0.6794,215.592,1.8341,0.4907,0.6472,1.3653,Pharmaceuticals,-0.0304958031663879,-0.0791286502862459,-0.0419556219806233,-0.1793356809101375,0.0329547374051383,2.9202004666394634,-0.0023284415584415,9.882488948912258e-05,-0.0088992207792207,5.3123454189755405e-05,-0.0031671428571428,8.214074597148862e-05,-0.0024858441558441,7.302499806458948e-06,-15.782486623376624,0.0080728569260605,-0.0019088311688311,0.6947503214011701,1.2884615384615383,0.5363836226513327,52.0
2024-09-30,PAHC,23.0606626868248,1.0735,258.527,0.2930398996008909,3.2266,0.4361,0.1719,1334.4722,0.0562,1.0042,0.3206,2.6004,0.4829,0.6369,1.8051,0.5764,1.6336,0.0268,0.068,1.117,3.5282,52.4038,14.8887,0.0369,0.8714,4.2309,1.6858,6.7538,0.0179,0.0659,0.0234,0.0963,6.4174,0.6794,215.592,1.8341,0.4907,0.6472,1.3653,Pharmaceuticals,-0.0304958031663879,-0.0791286502862459,-0.0419556219806233,-0.1793356809101375,0.0329547374051383,2.9202004666394634,-0.0023284415584415,9.882488948912258e-05,-0.0088992207792207,5.3123454189755405e-05,-0.0031671428571428,8.214074597148862e-05,-0.0024858441558441,7.302499806458948e-06,-15.782486623376624,0.0080728569260605,-0.0019088311688311,0.6947503214011701,1.2884615384615383,0.5363836226513327,52.0
2024-09-30,PAHC,23.0606626868248,1.0735,258.527,0.2930398996008909,3.2266,0.4361,0.1719,1334.4722,0.0562,1.0042,0.3206,2.6004,0.4829,0.6369,1.8051,0.5764,1.6336,0.0268,0.068,1.117,3.5282,52.4038,14.8887,0.0369,0.8714,4.2309,1.6858,6.7538,0.0179,0.0659,0.0234,0.0963,6.4174,0.6794,215.592,1.8341,0.4907,0.6472,1.3653,Pharmaceuticals,-0.0304958031663879,-0.0791286502862459,-0.0419556219806233,-0.1793356809101375,0.0329547374051383,2.9202004666394634,-0.0023284415584415,9.882488948912258e-05,-0.0088992207792207,5.3123454189755405e-05,-0.0031671428571428,8.214074597148862e-05,-0.0024858441558441,7.302499806458948e-06,-15.782486623376624,0.0080728569260605,-0.0019088311688311,0.6947503214011701,1.2884615384615383,0.5363836226513327,52.0
2024-09-30,PECO,37.83404517173767,0.1311,2249.237,0.049769528324467,0.174,0.2687,0.0849,6722.1535,0.3746,1.8268,0.7155,19.8667,0.4252,0.4834,0.9357,0.4819,0.9329,0.0701,0.2217,2.2065,2.0557,79.6166,17.8457,0.078,7.1933,1.7557,0.0498,104.9495,0.0118,0.0254,0.0135,0.0366,1.212,0.2845,2272.932,0.9358,0.4252,0.4834,1.8327,Real Estate,-0.4850436856059931,-0.5525655032296398,-0.3908701308640085,-2.8041717294451187,0.601744759971399,0.5138942579623925,0.0010705194805194,3.2079473578900864e-08,0.0024120779220779,3.4996935694562e-07,0.0012254545454545,3.8486778955143655e-08,0.0017870129870129,6.589392214865003e-10,195.35989740259745,1.181182490723704e-05,0.0110198701298701,0.0004055773217417,1.15,0.4809947319913076,60.0
2024-09-30,PECO,37.83404517173767,0.1311,2249.237,0.049769528324467,0.174,0.2687,0.0849,6722.1535,0.3746,1.8268,0.7155,19.8667,0.4252,0.4834,0.9357,0.4819,0.9329,0.0701,0.2217,2.2065,2.0557,79.6166,17.8457,0.078,7.1933,1.7557,0.0498,104.9495,0.0118,0.0254,0.0135,0.0366,1.212,0.2845,2272.932,0.9358,0.4252,0.4834,1.8327,Real Estate,-0.4850436856059931,-0.5525655032296398,-0.3908701308640085,-2.8041717294451187,0.601744759971399,0.5138942579623925,0.0010705194805194,3.2079473578900864e-08,0.0024120779220779,3.4996935694562e-07,0.0012254545454545,3.8486778955143655e-08,0.0017870129870129,6.589392214865003e-10,195.35989740259745,1.181182490723704e-05,0.0110198701298701,0.0004055773217417,1.15,0.4809947319913076,60.0
2024-09-30,PECO,37.83404517173767,0.1311,2249.237,0.049769528324467,0.174,0.2687,0.0849,6722.1535,0.3746,1.8268,0.7155,19.8667,0.4252,0.4834,0.9357,0.4819,0.9329,0.0701,0.2217,2.2065,2.0557,79.6166,17.8457,0.078,7.1933,1.7557,0.0498,104.9495,0.0118,0.0254,0.0135,0.0366,1.212,0.2845,2272.932,0.9358,0.4252,0.4834,1.8327,Real Estate,-0.4850436856059931,-0.5525655032296398,-0.3908701308640085,-2.8041717294451187,0.601744759971399,0.5138942579623925,0.0010705194805194,3.2079473578900864e-08,0.0024120779220779,3.4996935694562e-07,0.0012254545454545,3.8486778955143655e-08,0.0017870129870129,6.589392214865003e-10,195.35989740259745,1.181182490723704e-05,0.0110198701298701,0.0004055773217417,1.15,0.4809947319913076,60.0
2024-09-30,PINC,21.0945742726326,0.3668,1954.183,0.1340779710985154,1.0911,0.3497,0.7009,2617.8507,0.2012,2.0932,0.7271,5.2478,0.1905,0.2335,0.323,0.2449,0.3387,0.2853,0.1423,0.4581,1.0009,16.2863,7.0107,0.3855,1.5331,1.1542,0.9739,2.9896,0.0419,0.0708,0.0518,0.0371,2.4571,0.2729,1694.561,0.3832,0.226,0.2771,2.4375,Health Care,-0.4332375150163032,-0.1062823345982617,-0.1067328142341075,-0.0788248178310796,0.2929709874143582,1.5259267976933033,-0.0009931168831168,0.1162906472390106,-0.0016481818181818,0.1029510522976466,-0.0019842857142857,0.0133573309116491,-0.0082935064935064,1.913422209034932e-08,-78.02992688311689,0.0047705592346034,-0.0385727272727272,0.0097345990493801,1.148936170212766,0.3598745798587227,47.0
2024-09-30,PINC,21.0945742726326,0.3668,1954.183,0.1340779710985154,1.0911,0.3497,0.7009,2617.8507,0.2012,2.0932,0.7271,5.2478,0.1905,0.2335,0.323,0.2449,0.3387,0.2853,0.1423,0.4581,1.0009,16.2863,7.0107,0.3855,1.5331,1.1542,0.9739,2.9896,0.0419,0.0708,0.0518,0.0371,2.4571,0.2729,1694.561,0.3832,0.226,0.2771,2.4375,Health Care,-0.4332375150163032,-0.1062823345982617,-0.1067328142341075,-0.0788248178310796,0.2929709874143582,1.5259267976933033,-0.0009931168831168,0.1162906472390106,-0.0016481818181818,0.1029510522976466,-0.0019842857142857,0.0133573309116491,-0.0082935064935064,1.913422209034932e-08,-78.02992688311689,0.0047705592346034,-0.0385727272727272,0.0097345990493801,1.148936170212766,0.3598745798587227,47.0
2024-09-30,PINC,21.0945742726326,0.3668,1954.183,0.1340779710985154,1.0911,0.3497,0.7009,2617.8507,0.2012,2.0932,0.7271,5.2478,0.1905,0.2335,0.323,0.2449,0.3387,0.2853,0.1423,0.4581,1.0009,16.2863,7.0107,0.3855,1.5331,1.1542,0.9739,2.9896,0.0419,0.0708,0.0518,0.0371,2.4571,0.2729,1694.561,0.3832,0.226,0.2771,2.4375,Health Care,-0.4332375150163032,-0.1062823345982617,-0.1067328142341075,-0.0788248178310796,0.2929709874143582,1.5259267976933033,-0.0009931168831168,0.1162906472390106,-0.0016481818181818,0.1029510522976466,-0.0019842857142857,0.0133573309116491,-0.0082935064935064,1.913422209034932e-08,-78.02992688311689,0.0047705592346034,-0.0385727272727272,0.0097345990493801,1.148936170212766,0.3598745798587227,47.0
2024-09-30,PK,14.03924809396267,0.2856,3752.0,0.6866952789699571,0.9456,0.4567,0.2596,7010.2917,0.1495,1.0707,0.6626,12.8804,0.4993,0.5497,1.2207,0.4921,1.0928,0.0832,0.1464,1.4745,0.7757,8.7396,13.1687,0.0909,1.1062,0.7844,0.8641,19.2747,0.0362,0.088,0.04,0.0702,3.1202,0.3374,3710.0,1.2207,0.4993,0.5497,1.6921,Real Estate,-1.4880153744861826,-1.9144001686696184,-1.1581337210785438,-5.378493317132441,0.6275379305673383,0.8734481116911971,0.0042346753246753,0.0131037898591817,0.0091574025974025,0.0098385539614736,0.004551948051948,0.0127272678062359,0.0053018181818181,0.0035353558758782,-77.18354480519481,0.1024179570040003,0.0756036363636363,0.0079391453102697,1.2153846153846153,0.5151549430847144,65.0
2024-09-30,PK,14.03924809396267,0.2856,3752.0,0.6866952789699571,0.9456,0.4567,0.2596,7010.2917,0.1495,1.0707,0.6626,12.8804,0.4993,0.5497,1.2207,0.4921,1.0928,0.0832,0.1464,1.4745,0.7757,8.7396,13.1687,0.0909,1.1062,0.7844,0.8641,19.2747,0.0362,0.088,0.04,0.0702,3.1202,0.3374,3710.0,1.2207,0.4993,0.5497,1.6921,Real Estate,-1.4880153744861826,-1.9144001686696184,-1.1581337210785438,-5.378493317132441,0.6275379305673383,0.8734481116911971,0.0042346753246753,0.0131037898591817,0.0091574025974025,0.0098385539614736,0.004551948051948,0.0127272678062359,0.0053018181818181,0.0035353558758782,-77.18354480519481,0.1024179570040003,0.0756036363636363,0.0079391453102697,1.2153846153846153,0.5151549430847144,65.0
2024-09-30,PK,14.03924809396267,0.2856,3752.0,0.6866952789699571,0.9456,0.4567,0.2596,7010.2917,0.1495,1.0707,0.6626,12.8804,0.4993,0.5497,1.2207,0.4921,1.0928,0.0832,0.1464,1.4745,0.7757,8.7396,13.1687,0.0909,1.1062,0.7844,0.8641,19.2747,0.0362,0.088,0.04,0.0702,3.1202,0.3374,3710.0,1.2207,0.4993,0.5497,1.6921,Real Estate,-1.4880153744861826,-1.9144001686696184,-1.1581337210785438,-5.378493317132441,0.6275379305673383,0.8734481116911971,0.0042346753246753,0.0131037898591817,0.0091574025974025,0.0098385539614736,0.004551948051948,0.0127272678062359,0.0053018181818181,0.0035353558758782,-77.18354480519481,0.1024179570040003,0.0756036363636363,0.0079391453102697,1.2153846153846153,0.5151549430847144,65.0
2024-09-30,PKG,230.17945051193237,0.914,4126.6,0.4286412853650018,2.4337,3.6547,2.6603,18438.324,0.0159,7.3363,0.2315,6.2302,0.2753,0.3528,0.5993,0.3237,0.5499,0.1091,0.1499,0.6246,3.9182,25.0232,24.5431,0.146,2.3664,4.1291,1.5717,7.3106,0.0828,0.1791,0.1057,0.146,24.3844,0.7685,3915.9,0.6986,0.321,0.4113,1.8499,Packaging,2.090909090909091,1.049644697321189,1.938412164743639,1.4094931617055513,1.5170024358016274,2.390176907229979,0.0005925974025974,0.4362433400618917,-0.0003832467532467,0.8201008247985443,0.0006858441558441,0.4858017350444882,1.675324675324671e-05,0.9889471313219584,310.16037922077925,7.635121225929994e-06,0.0510101298701298,0.0543416339154912,1.1891891891891893,0.458576584950744,74.0
2024-09-30,PKG,230.17945051193237,0.914,4126.6,0.4286412853650018,2.4337,3.6547,2.6603,18438.324,0.0159,7.3363,0.2315,6.2302,0.2753,0.3528,0.5993,0.3237,0.5499,0.1091,0.1499,0.6246,3.9182,25.0232,24.5431,0.146,2.3664,4.1291,1.5717,7.3106,0.0828,0.1791,0.1057,0.146,24.3844,0.7685,3915.9,0.6986,0.321,0.4113,1.8499,Packaging,2.090909090909091,1.049644697321189,1.938412164743639,1.4094931617055513,1.5170024358016274,2.390176907229979,0.0005925974025974,0.4362433400618917,-0.0003832467532467,0.8201008247985443,0.0006858441558441,0.4858017350444882,1.675324675324671e-05,0.9889471313219584,310.16037922077925,7.635121225929994e-06,0.0510101298701298,0.0543416339154912,1.1891891891891893,0.458576584950744,74.0
2024-09-30,PKG,230.17945051193237,0.914,4126.6,0.4286412853650018,2.4337,3.6547,2.6603,18438.324,0.0159,7.3363,0.2315,6.2302,0.2753,0.3528,0.5993,0.3237,0.5499,0.1091,0.1499,0.6246,3.9182,25.0232,24.5431,0.146,2.3664,4.1291,1.5717,7.3106,0.0828,0.1791,0.1057,0.146,24.3844,0.7685,3915.9,0.6986,0.321,0.4113,1.8499,Packaging,2.090909090909091,1.049644697321189,1.938412164743639,1.4094931617055513,1.5170024358016274,2.390176907229979,0.0005925974025974,0.4362433400618917,-0.0003832467532467,0.8201008247985443,0.0006858441558441,0.4858017350444882,1.675324675324671e-05,0.9889471313219584,310.16037922077925,7.635121225929994e-06,0.0510101298701298,0.0543416339154912,1.1891891891891893,0.458576584950744,74.0
2024-09-30,PLPC,129.58029627799988,0.9724,428.971,0.4166527776559443,2.8127,2.088,1.5431,614.9734,0.0394,8.8358,0.3115,2.6677,0.0415,0.053,0.0573,-0.0265,-0.0287,0.0523,0.0707,0.1235,1.4623,19.023,14.4955,0.071,1.0962,1.5007,1.4462,4.831,0.056,0.0788,0.0706,0.0861,29.5304,0.6885,417.988,0.0821,0.0595,0.0758,3.632,Electrical Equipment,-0.2084120604165951,-0.1706863149431103,-0.1937282535919303,-0.2586288863397155,0.0957864314268918,22.31626058349059,0.0018753246753246,0.0096397266374623,0.0024614285714285,0.0387296889522517,0.0023205194805194,0.0132246414177974,0.0026328571428571,0.0519666910808762,23.497640000000004,4.537370553920822e-06,0.0749084415584415,0.1366248657882945,0.95,0.3940344628262062,20.0
2024-09-30,PLPC,129.58029627799988,0.9724,428.971,0.4166527776559443,2.8127,2.088,1.5431,614.9734,0.0394,8.8358,0.3115,2.6677,0.0415,0.053,0.0573,-0.0265,-0.0287,0.0523,0.0707,0.1235,1.4623,19.023,14.4955,0.071,1.0962,1.5007,1.4462,4.831,0.056,0.0788,0.0706,0.0861,29.5304,0.6885,417.988,0.0821,0.0595,0.0758,3.632,Electrical Equipment,-0.2084120604165951,-0.1706863149431103,-0.1937282535919303,-0.2586288863397155,0.0957864314268918,22.31626058349059,0.0018753246753246,0.0096397266374623,0.0024614285714285,0.0387296889522517,0.0023205194805194,0.0132246414177974,0.0026328571428571,0.0519666910808762,23.497640000000004,4.537370553920822e-06,0.0749084415584415,0.1366248657882945,0.95,0.3940344628262062,20.0
2024-09-30,PLPC,129.58029627799988,0.9724,428.971,0.4166527776559443,2.8127,2.088,1.5431,614.9734,0.0394,8.8358,0.3115,2.6677,0.0415,0.053,0.0573,-0.0265,-0.0287,0.0523,0.0707,0.1235,1.4623,19.023,14.4955,0.071,1.0962,1.5007,1.4462,4.831,0.056,0.0788,0.0706,0.0861,29.5304,0.6885,417.988,0.0821,0.0595,0.0758,3.632,Electrical Equipment,-0.2084120604165951,-0.1706863149431103,-0.1937282535919303,-0.2586288863397155,0.0957864314268918,22.31626058349059,0.0018753246753246,0.0096397266374623,0.0024614285714285,0.0387296889522517,0.0023205194805194,0.0132246414177974,0.0026328571428571,0.0519666910808762,23.497640000000004,4.537370553920822e-06,0.0749084415584415,0.1366248657882945,0.95,0.3940344628262062,20.0
2024-09-30,POOL,363.8243970870972,1.5009,1432.509,0.1256639359484946,2.3946,4.6181,3.2917,15248.069,0.2132,14.8044,0.2906,3.0721,0.2611,0.3731,0.6137,0.3533,0.5811,0.0877,0.1231,0.3939,10.0632,32.1445,25.5686,0.1145,2.7064,12.6476,0.7113,40.8886,0.1264,0.3253,0.1871,0.2653,37.5227,0.7094,1139.787,0.6449,0.2743,0.3921,1.7404,Distributors,-0.7400777884655599,-1.1149957155098542,-0.6459838713655084,-1.0836469730123997,1.321546870644882,2.697409538272831,-0.0032070129870129,0.0715858705827532,-0.024017922077922,6.147370784327828e-08,-0.0082277922077922,0.0153642239440416,-0.0088742857142857,0.0291738999617424,230.1336168831168,0.075437679619576,0.1411625974025974,0.1378855198687155,1.0210526315789474,0.5453663100101298,95.0
2024-09-30,POOL,363.8243970870972,1.5009,1432.509,0.1256639359484946,2.3946,4.6181,3.2917,15248.069,0.2132,14.8044,0.2906,3.0721,0.2611,0.3731,0.6137,0.3533,0.5811,0.0877,0.1231,0.3939,10.0632,32.1445,25.5686,0.1145,2.7064,12.6476,0.7113,40.8886,0.1264,0.3253,0.1871,0.2653,37.5227,0.7094,1139.787,0.6449,0.2743,0.3921,1.7404,Distributors,-0.7400777884655599,-1.1149957155098542,-0.6459838713655084,-1.0836469730123997,1.321546870644882,2.697409538272831,-0.0032070129870129,0.0715858705827532,-0.024017922077922,6.147370784327828e-08,-0.0082277922077922,0.0153642239440416,-0.0088742857142857,0.0291738999617424,230.1336168831168,0.075437679619576,0.1411625974025974,0.1378855198687155,1.0210526315789474,0.5453663100101298,95.0
2024-09-30,POOL,363.8243970870972,1.5009,1432.509,0.1256639359484946,2.3946,4.6181,3.2917,15248.069,0.2132,14.8044,0.2906,3.0721,0.2611,0.3731,0.6137,0.3533,0.5811,0.0877,0.1231,0.3939,10.0632,32.1445,25.5686,0.1145,2.7064,12.6476,0.7113,40.8886,0.1264,0.3253,0.1871,0.2653,37.5227,0.7094,1139.787,0.6449,0.2743,0.3921,1.7404,Distributors,-0.7400777884655599,-1.1149957155098542,-0.6459838713655084,-1.0836469730123997,1.321546870644882,2.697409538272831,-0.0032070129870129,0.0715858705827532,-0.024017922077922,6.147370784327828e-08,-0.0082277922077922,0.0153642239440416,-0.0088742857142857,0.0291738999617424,230.1336168831168,0.075437679619576,0.1411625974025974,0.1378855198687155,1.0210526315789474,0.5453663100101298,95.0
2024-09-30,PRIM,72.9776656627655,1.5284,1357.995,0.218716393139642,1.3784,1.8208,1.0688,3668.4047,0.0963,5.5277,0.1204,9.903,0.195,0.3656,0.609,0.2437,0.4058,0.0354,0.0604,0.078,2.2955,18.9409,9.0634,0.0499,0.5076,2.7215,1.3022,3.6747,0.041,0.128,0.0741,0.1371,30.1616,0.8796,1145.44,0.6655,0.2131,0.3996,1.4712,Construction,1.0123456790123455,1.717103965279148,1.6845413212088791,2.022650351470971,0.4142287150463588,1.4154462256039388,-0.0007470129870129,0.0001490777079421,-0.001504935064935,0.0031037189342536,-0.0017618181818181,0.0001884071728945,-0.0021590909090909,0.0074429394741199,109.6251396103896,1.1321232939217272e-08,0.0350506493506493,0.0474868589405714,1.1578947368421053,0.4365909576432785,38.0
2024-09-30,PRIM,72.9776656627655,1.5284,1357.995,0.218716393139642,1.3784,1.8208,1.0688,3668.4047,0.0963,5.5277,0.1204,9.903,0.195,0.3656,0.609,0.2437,0.4058,0.0354,0.0604,0.078,2.2955,18.9409,9.0634,0.0499,0.5076,2.7215,1.3022,3.6747,0.041,0.128,0.0741,0.1371,30.1616,0.8796,1145.44,0.6655,0.2131,0.3996,1.4712,Construction,1.0123456790123455,1.717103965279148,1.6845413212088791,2.022650351470971,0.4142287150463588,1.4154462256039388,-0.0007470129870129,0.0001490777079421,-0.001504935064935,0.0031037189342536,-0.0017618181818181,0.0001884071728945,-0.0021590909090909,0.0074429394741199,109.6251396103896,1.1321232939217272e-08,0.0350506493506493,0.0474868589405714,1.1578947368421053,0.4365909576432785,38.0
2024-09-30,PRIM,72.9776656627655,1.5284,1357.995,0.218716393139642,1.3784,1.8208,1.0688,3668.4047,0.0963,5.5277,0.1204,9.903,0.195,0.3656,0.609,0.2437,0.4058,0.0354,0.0604,0.078,2.2955,18.9409,9.0634,0.0499,0.5076,2.7215,1.3022,3.6747,0.041,0.128,0.0741,0.1371,30.1616,0.8796,1145.44,0.6655,0.2131,0.3996,1.4712,Construction,1.0123456790123455,1.717103965279148,1.6845413212088791,2.022650351470971,0.4142287150463588,1.4154462256039388,-0.0007470129870129,0.0001490777079421,-0.001504935064935,0.0031037189342536,-0.0017618181818181,0.0001884071728945,-0.0021590909090909,0.0074429394741199,109.6251396103896,1.1321232939217272e-08,0.0350506493506493,0.0474868589405714,1.1578947368421053,0.4365909576432785,38.0
2024-09-30,PTVE,13.466199204325676,0.8251,1085.0,0.1967213114754098,1.9251,-1.0895,-1.184,5389.0103,0.1425,0.7084,0.1943,5.269,0.5706,0.7539,3.1825,0.7264,3.0664,-0.1598,-0.147,0.9103,1.9005,26.1834,9.0837,-0.1883,0.3968,16.3652,1.0351,11.1404,-0.026,-0.1285,-0.0339,0.0107,7.4097,0.8057,126.0,3.2212,0.5776,0.7631,1.2185,Packaging,-0.6565656565656565,-0.7530951625112942,-0.6216856422403912,0.1032984714400643,0.4433777035081963,-0.7125339262941042,-0.0004083333333333,0.7614818514623305,0.0004666666666666,0.9521950286150064,-0.000515931372549,0.7695792736937205,0.0018196078431372,0.3596849224837433,-55.18345416666667,0.0260753936121871,-0.0077088235294117,0.8064730260134214,1.0833333333333333,0.3683941988065036,36.0
2024-09-30,PTVE,13.466199204325676,0.8251,1085.0,0.1967213114754098,1.9251,-1.0895,-1.184,5389.0103,0.1425,0.7084,0.1943,5.269,0.5706,0.7539,3.1825,0.7264,3.0664,-0.1598,-0.147,0.9103,1.9005,26.1834,9.0837,-0.1883,0.3968,16.3652,1.0351,11.1404,-0.026,-0.1285,-0.0339,0.0107,7.4097,0.8057,126.0,3.2212,0.5776,0.7631,1.2185,Packaging,-0.6565656565656565,-0.7530951625112942,-0.6216856422403912,0.1032984714400643,0.4433777035081963,-0.7125339262941042,-0.0004083333333333,0.7614818514623305,0.0004666666666666,0.9521950286150064,-0.000515931372549,0.7695792736937205,0.0018196078431372,0.3596849224837433,-55.18345416666667,0.0260753936121871,-0.0077088235294117,0.8064730260134214,1.0833333333333333,0.3683941988065036,36.0
2024-09-30,PTVE,13.466199204325676,0.8251,1085.0,0.1967213114754098,1.9251,-1.0895,-1.184,5389.0103,0.1425,0.7084,0.1943,5.269,0.5706,0.7539,3.1825,0.7264,3.0664,-0.1598,-0.147,0.9103,1.9005,26.1834,9.0837,-0.1883,0.3968,16.3652,1.0351,11.1404,-0.026,-0.1285,-0.0339,0.0107,7.4097,0.8057,126.0,3.2212,0.5776,0.7631,1.2185,Packaging,-0.6565656565656565,-0.7530951625112942,-0.6216856422403912,0.1032984714400643,0.4433777035081963,-0.7125339262941042,-0.0004083333333333,0.7614818514623305,0.0004666666666666,0.9521950286150064,-0.000515931372549,0.7695792736937205,0.0018196078431372,0.3596849224837433,-55.18345416666667,0.0260753936121871,-0.0077088235294117,0.8064730260134214,1.0833333333333333,0.3683941988065036,36.0
2024-09-30,RIG,4.153750002384186,0.1656,10227.0,0.3039832285115304,1.6373,-0.5279,-0.562,10247.1653,0.1435,-0.121,0.4061,5.2431,0.3333,0.3784,0.6359,0.3796,0.638,-0.5211,-0.4895,0.1644,0.364,23.2516,20.1198,-0.5538,1.1235,0.364,1.3403,5.8845,-0.0311,-0.0595,-0.0352,-0.026,1.0785,0.5939,10227.0,0.6806,0.3567,0.405,2.1017,Energy,0.0008508241933009,-0.4159711485749835,-0.4802269394427483,-0.2701873732495273,0.1470541471982623,-0.3925521435854741,0.0006403896103896,0.3688572172651959,0.0015468831168831,0.2811825795108154,0.000702987012987,0.3801657056966311,0.0007088311688311,0.3283025835224811,130.14117493506495,0.0248343182910073,0.0079407792207792,0.4998169834030048,1.0526315789473684,0.6128078231917469,38.0
2024-09-30,RIG,4.153750002384186,0.1656,10227.0,0.3039832285115304,1.6373,-0.5279,-0.562,10247.1653,0.1435,-0.121,0.4061,5.2431,0.3333,0.3784,0.6359,0.3796,0.638,-0.5211,-0.4895,0.1644,0.364,23.2516,20.1198,-0.5538,1.1235,0.364,1.3403,5.8845,-0.0311,-0.0595,-0.0352,-0.026,1.0785,0.5939,10227.0,0.6806,0.3567,0.405,2.1017,Energy,0.0008508241933009,-0.4159711485749835,-0.4802269394427483,-0.2701873732495273,0.1470541471982623,-0.3925521435854741,0.0006403896103896,0.3688572172651959,0.0015468831168831,0.2811825795108154,0.000702987012987,0.3801657056966311,0.0007088311688311,0.3283025835224811,130.14117493506495,0.0248343182910073,0.0079407792207792,0.4998169834030048,1.0526315789473684,0.6128078231917469,38.0
2024-09-30,RS,296.0067448616028,1.3396,7350.5,0.247229862475442,3.3104,4.9545,3.6099,16604.456,0.1027,19.4423,0.2942,4.5429,0.0842,0.1007,0.1181,0.1106,0.1296,0.0582,0.0799,0.2372,2.1293,15.0122,14.8753,0.0762,1.1143,2.4769,1.4799,8.689,0.0994,0.1362,0.1181,0.1521,61.9822,0.7058,6319.0,0.1724,0.123,0.1471,3.4914,Metals & Mining,-0.3951773433423429,-0.2214091623890713,-0.3189132526098852,-0.4585180812178915,4.210370016730815,12.051656276928572,0.0040666233766233,0.0127826054595133,0.0045851948051948,0.0707832979581504,0.0048020779220779,0.0177700673875007,0.0053963636363636,0.0471685977667591,542.8926597402598,4.22328923568739e-10,0.2317655844155844,0.0307805104474189,1.131578947368421,0.3425699874501043,38.0
2024-09-30,RS,296.0067448616028,1.3396,7350.5,0.247229862475442,3.3104,4.9545,3.6099,16604.456,0.1027,19.4423,0.2942,4.5429,0.0842,0.1007,0.1181,0.1106,0.1296,0.0582,0.0799,0.2372,2.1293,15.0122,14.8753,0.0762,1.1143,2.4769,1.4799,8.689,0.0994,0.1362,0.1181,0.1521,61.9822,0.7058,6319.0,0.1724,0.123,0.1471,3.4914,Metals & Mining,-0.3951773433423429,-0.2214091623890713,-0.3189132526098852,-0.4585180812178915,4.210370016730815,12.051656276928572,0.0040666233766233,0.0127826054595133,0.0045851948051948,0.0707832979581504,0.0048020779220779,0.0177700673875007,0.0053963636363636,0.0471685977667591,542.8926597402598,4.22328923568739e-10,0.2317655844155844,0.0307805104474189,1.131578947368421,0.3425699874501043,38.0
2024-09-30,RS,296.0067448616028,1.3396,7350.5,0.247229862475442,3.3104,4.9545,3.6099,16604.456,0.1027,19.4423,0.2942,4.5429,0.0842,0.1007,0.1181,0.1106,0.1296,0.0582,0.0799,0.2372,2.1293,15.0122,14.8753,0.0762,1.1143,2.4769,1.4799,8.689,0.0994,0.1362,0.1181,0.1521,61.9822,0.7058,6319.0,0.1724,0.123,0.1471,3.4914,Metals & Mining,-0.3951773433423429,-0.2214091623890713,-0.3189132526098852,-0.4585180812178915,4.210370016730815,12.051656276928572,0.0040666233766233,0.0127826054595133,0.0045851948051948,0.0707832979581504,0.0048020779220779,0.0177700673875007,0.0053963636363636,0.0471685977667591,542.8926597402598,4.22328923568739e-10,0.2317655844155844,0.0307805104474189,1.131578947368421,0.3425699874501043,38.0
2024-09-30,RSG,206.466157913208,0.5,11228.8,0.0229026500068653,0.6449,2.6829,1.7993,75400.17,0.1383,6.0875,0.4193,94.0506,0.3787,0.5064,1.0729,0.5245,1.1112,0.1388,0.2069,0.3417,5.6037,31.931,32.9924,0.1586,3.9781,5.8403,0.5678,8.603,0.0623,0.1808,0.0832,0.1305,12.965,0.5807,10774.0,1.1186,0.3948,0.528,1.5455,Commercial Services & Supplies,-0.2085779536785718,-0.3864073519982902,-0.3977970993961501,-0.7134324127318378,12.451680139861136,-22.66600957476767,0.0007574025974025,5.429144466013179e-07,0.0027546753246753,1.7360367375941332e-08,0.0010041558441558,4.597812837469333e-07,0.0013512987012987,2.4543477690766327e-06,2015.4858818181824,2.919305567036379e-12,0.0678328571428571,2.945291568825489e-10,1.2424242424242424,0.5018903659106632,33.0
2024-09-30,RVP,0.6868749968707561,0.227,83.4576,0.4884735334571169,8.5738,-0.1716,-0.0642,20.4493,0.122,-0.329,-0.0014,1.6099,0.0063,0.0116,0.0118,-0.0307,-0.0312,-0.1858,-0.4964,0.1342,0.2762,10.613,3.5337,-0.1888,0.6025,2.5557,5.9176,4.5352,-0.0933,-0.1711,-0.1684,-0.1784,0.3456,1.0014,29.7,0.0157,0.0083,0.0155,2.1225,Health Care,0.9647031062296202,0.2568489752791326,0.346984670212813,0.3790390162012024,0.0022885383085186,-0.7487819230316581,-0.0170140259740259,0.0041823483348575,-0.029182987012987,0.0143452175884513,-0.0273033766233766,0.015963269254829,-0.030154935064935,0.034731357597784,-10.043408571428571,0.0366366617227029,-0.0222418181818181,0.0292389586831419,0.7,0.4830458915396479,10.0
2024-09-30,RVP,0.6868749968707561,0.227,83.4576,0.4884735334571169,8.5738,-0.1716,-0.0642,20.4493,0.122,-0.329,-0.0014,1.6099,0.0063,0.0116,0.0118,-0.0307,-0.0312,-0.1858,-0.4964,0.1342,0.2762,10.613,3.5337,-0.1888,0.6025,2.5557,5.9176,4.5352,-0.0933,-0.1711,-0.1684,-0.1784,0.3456,1.0014,29.7,0.0157,0.0083,0.0155,2.1225,Health Care,0.9647031062296202,0.2568489752791326,0.346984670212813,0.3790390162012024,0.0022885383085186,-0.7487819230316581,-0.0170140259740259,0.0041823483348575,-0.029182987012987,0.0143452175884513,-0.0273033766233766,0.015963269254829,-0.030154935064935,0.034731357597784,-10.043408571428571,0.0366366617227029,-0.0222418181818181,0.0292389586831419,0.7,0.4830458915396479,10.0
2024-09-30,RVP,0.6868749968707561,0.227,83.4576,0.4884735334571169,8.5738,-0.1716,-0.0642,20.4493,0.122,-0.329,-0.0014,1.6099,0.0063,0.0116,0.0118,-0.0307,-0.0312,-0.1858,-0.4964,0.1342,0.2762,10.613,3.5337,-0.1888,0.6025,2.5557,5.9176,4.5352,-0.0933,-0.1711,-0.1684,-0.1784,0.3456,1.0014,29.7,0.0157,0.0083,0.0155,2.1225,Health Care,0.9647031062296202,0.2568489752791326,0.346984670212813,0.3790390162012024,0.0022885383085186,-0.7487819230316581,-0.0170140259740259,0.0041823483348575,-0.029182987012987,0.0143452175884513,-0.0273033766233766,0.015963269254829,-0.030154935064935,0.034731357597784,-10.043408571428571,0.0366366617227029,-0.0222418181818181,0.0292389586831419,0.7,0.4830458915396479,10.0
2024-09-30,SCKT,1.293593753129244,0.6479,17.9615,0.3979600619140062,1.4129,-0.1357,-0.1467,9.8053,0.1025,-0.1478,0.49,1.674,0.1436,0.1814,0.2216,0.0486,0.0594,-0.2881,-0.2663,0.0667,0.4865,153.8644,11.4007,-0.2881,0.4768,0.5297,0.6312,12.2144,-0.0484,-0.0726,-0.062,-0.1145,0.5094,0.5101,16.4976,0.2216,0.1436,0.1814,2.8404,Technology,0.0081707435148198,0.1585178124912762,0.2830566280029685,0.522814698983581,0.0001270041327293,0.3605938650847905,-0.0002927272727272,0.9489373825035998,-0.000250909090909,0.9689884986545084,-0.0003693506493506,0.9478090857326558,-0.0034245454545454,0.4970229512229526,-0.5598580519480518,0.262029627875594,-0.003401948051948,0.6023873441853723,1.2666666666666666,0.4577377082170634,15.0
2024-09-30,SCKT,1.293593753129244,0.6479,17.9615,0.3979600619140062,1.4129,-0.1357,-0.1467,9.8053,0.1025,-0.1478,0.49,1.674,0.1436,0.1814,0.2216,0.0486,0.0594,-0.2881,-0.2663,0.0667,0.4865,153.8644,11.4007,-0.2881,0.4768,0.5297,0.6312,12.2144,-0.0484,-0.0726,-0.062,-0.1145,0.5094,0.5101,16.4976,0.2216,0.1436,0.1814,2.8404,Technology,0.0081707435148198,0.1585178124912762,0.2830566280029685,0.522814698983581,0.0001270041327293,0.3605938650847905,-0.0002927272727272,0.9489373825035998,-0.000250909090909,0.9689884986545084,-0.0003693506493506,0.9478090857326558,-0.0034245454545454,0.4970229512229526,-0.5598580519480518,0.262029627875594,-0.003401948051948,0.6023873441853723,1.2666666666666666,0.4577377082170634,15.0
2024-09-30,SCKT,1.293593753129244,0.6479,17.9615,0.3979600619140062,1.4129,-0.1357,-0.1467,9.8053,0.1025,-0.1478,0.49,1.674,0.1436,0.1814,0.2216,0.0486,0.0594,-0.2881,-0.2663,0.0667,0.4865,153.8644,11.4007,-0.2881,0.4768,0.5297,0.6312,12.2144,-0.0484,-0.0726,-0.062,-0.1145,0.5094,0.5101,16.4976,0.2216,0.1436,0.1814,2.8404,Technology,0.0081707435148198,0.1585178124912762,0.2830566280029685,0.522814698983581,0.0001270041327293,0.3605938650847905,-0.0002927272727272,0.9489373825035998,-0.000250909090909,0.9689884986545084,-0.0003693506493506,0.9478090857326558,-0.0034245454545454,0.4970229512229526,-0.5598580519480518,0.262029627875594,-0.003401948051948,0.6023873441853723,1.2666666666666666,0.4577377082170634,15.0
2024-09-30,SCL,73.8137035369873,0.9209,1219.365,0.2041888663830094,1.2729,1.0448,1.0298,2278.8736,0.0207,1.3086,0.1384,6.5549,0.1444,0.1828,0.2859,0.2837,0.4439,0.0432,0.0438,0.5378,1.425,37.9173,22.009,0.039,0.7946,1.4814,0.8616,5.1312,0.0193,0.0379,0.0245,0.0337,23.8556,0.8616,1172.988,0.5647,0.2852,0.3609,2.0209,Chemicals,-0.0999666599192693,-0.0962886820718434,-0.2671454354038201,-0.4248822549090645,0.0014823690977037,0.070744275107701,-0.003318961038961,4.525890945028083e-06,-0.0054512987012987,4.9089488541441626e-05,-0.0048532467532467,6.772468195550254e-06,-0.0059477922077922,2.8753702647376745e-05,13.364613246753242,0.225351050739721,-0.057752987012987,0.0517738627496774,1.1346153846153846,0.3974845491556826,52.0
2024-09-30,SCL,73.8137035369873,0.9209,1219.365,0.2041888663830094,1.2729,1.0448,1.0298,2278.8736,0.0207,1.3086,0.1384,6.5549,0.1444,0.1828,0.2859,0.2837,0.4439,0.0432,0.0438,0.5378,1.425,37.9173,22.009,0.039,0.7946,1.4814,0.8616,5.1312,0.0193,0.0379,0.0245,0.0337,23.8556,0.8616,1172.988,0.5647,0.2852,0.3609,2.0209,Chemicals,-0.0999666599192693,-0.0962886820718434,-0.2671454354038201,-0.4248822549090645,0.0014823690977037,0.070744275107701,-0.003318961038961,4.525890945028083e-06,-0.0054512987012987,4.9089488541441626e-05,-0.0048532467532467,6.772468195550254e-06,-0.0059477922077922,2.8753702647376745e-05,13.364613246753242,0.225351050739721,-0.057752987012987,0.0517738627496774,1.1346153846153846,0.3974845491556826,52.0
2024-09-30,SCL,73.8137035369873,0.9209,1219.365,0.2041888663830094,1.2729,1.0448,1.0298,2278.8736,0.0207,1.3086,0.1384,6.5549,0.1444,0.1828,0.2859,0.2837,0.4439,0.0432,0.0438,0.5378,1.425,37.9173,22.009,0.039,0.7946,1.4814,0.8616,5.1312,0.0193,0.0379,0.0245,0.0337,23.8556,0.8616,1172.988,0.5647,0.2852,0.3609,2.0209,Chemicals,-0.0999666599192693,-0.0962886820718434,-0.2671454354038201,-0.4248822549090645,0.0014823690977037,0.070744275107701,-0.003318961038961,4.525890945028083e-06,-0.0054512987012987,4.9089488541441626e-05,-0.0048532467532467,6.772468195550254e-06,-0.0059477922077922,2.8753702647376745e-05,13.364613246753242,0.225351050739721,-0.057752987012987,0.0517738627496774,1.1346153846153846,0.3974845491556826,52.0
2024-09-30,SEE,35.531218469142914,0.7447,771.2,0.2423253186012932,1.2929,1.2752,0.6277,9433.715,0.0856,4.0305,0.2985,4.5989,0.5901,0.8146,5.6017,0.7818,5.3758,0.0682,0.1385,0.2975,6.8567,13.3533,9.0053,0.0888,0.9797,14.1539,0.6575,11.2596,0.0546,0.6166,0.0752,0.1477,9.2067,0.7015,373.6,5.8763,0.619,0.8546,1.1177,Packaging,1.378787878787879,3.613684647505557,1.379078474822343,1.4259050683829446,0.7761534418018877,0.8339818841764494,-0.0010128571428571,0.0901578475518268,-0.0938009090909091,0.0820972681711355,-0.002462987012987,0.1435059957663483,0.0024637662337662,0.2025743902414748,6.960544805194825,0.8979535847829747,0.0072242857142857,0.4216539672021705,1.0714285714285714,0.4601129847025733,84.0
2024-09-30,SEE,35.531218469142914,0.7447,771.2,0.2423253186012932,1.2929,1.2752,0.6277,9433.715,0.0856,4.0305,0.2985,4.5989,0.5901,0.8146,5.6017,0.7818,5.3758,0.0682,0.1385,0.2975,6.8567,13.3533,9.0053,0.0888,0.9797,14.1539,0.6575,11.2596,0.0546,0.6166,0.0752,0.1477,9.2067,0.7015,373.6,5.8763,0.619,0.8546,1.1177,Packaging,1.378787878787879,3.613684647505557,1.379078474822343,1.4259050683829446,0.7761534418018877,0.8339818841764494,-0.0010128571428571,0.0901578475518268,-0.0938009090909091,0.0820972681711355,-0.002462987012987,0.1435059957663483,0.0024637662337662,0.2025743902414748,6.960544805194825,0.8979535847829747,0.0072242857142857,0.4216539672021705,1.0714285714285714,0.4601129847025733,84.0
2024-09-30,SEE,35.531218469142914,0.7447,771.2,0.2423253186012932,1.2929,1.2752,0.6277,9433.715,0.0856,4.0305,0.2985,4.5989,0.5901,0.8146,5.6017,0.7818,5.3758,0.0682,0.1385,0.2975,6.8567,13.3533,9.0053,0.0888,0.9797,14.1539,0.6575,11.2596,0.0546,0.6166,0.0752,0.1477,9.2067,0.7015,373.6,5.8763,0.619,0.8546,1.1177,Packaging,1.378787878787879,3.613684647505557,1.379078474822343,1.4259050683829446,0.7761534418018877,0.8339818841764494,-0.0010128571428571,0.0901578475518268,-0.0938009090909091,0.0820972681711355,-0.002462987012987,0.1435059957663483,0.0024637662337662,0.2025743902414748,6.960544805194825,0.8979535847829747,0.0072242857142857,0.4216539672021705,1.0714285714285714,0.4601129847025733,84.0
2024-09-30,SHYF,12.858894765377045,1.4958,252.663,0.1298355255189787,1.8156,0.1538,0.0901,553.3831,0.0917,0.3644,0.2041,5.7548,0.1936,0.2793,0.4363,0.3056,0.4775,0.0161,0.0275,0.6631,1.7128,3677.2298,17.5664,0.0158,0.5498,2.2546,1.156,5.7982,-0.0072,-0.0152,-0.0109,-0.0015,5.6008,0.7959,191.939,0.5623,0.2495,0.3599,1.7976,Machinery,0.0176574867977587,0.0277803161838618,0.0258846470887763,0.0038249731516307,0.0763227998189755,0.1403256081346227,-4.740259740259781e-05,0.9829114857676652,0.0004371428571428,0.9181176635910266,5.2597402597402645e-05,0.9882450523630272,-0.0101294805194805,0.0010971016841768,-13.645096493506497,0.3049807442498154,-0.022677922077922,0.0303221491772334,1.0555555555555556,0.4101877231877719,36.0
2024-09-30,SHYF,12.858894765377045,1.4958,252.663,0.1298355255189787,1.8156,0.1538,0.0901,553.3831,0.0917,0.3644,0.2041,5.7548,0.1936,0.2793,0.4363,0.3056,0.4775,0.0161,0.0275,0.6631,1.7128,3677.2298,17.5664,0.0158,0.5498,2.2546,1.156,5.7982,-0.0072,-0.0152,-0.0109,-0.0015,5.6008,0.7959,191.939,0.5623,0.2495,0.3599,1.7976,Machinery,0.0176574867977587,0.0277803161838618,0.0258846470887763,0.0038249731516307,0.0763227998189755,0.1403256081346227,-4.740259740259781e-05,0.9829114857676652,0.0004371428571428,0.9181176635910266,5.2597402597402645e-05,0.9882450523630272,-0.0101294805194805,0.0010971016841768,-13.645096493506497,0.3049807442498154,-0.022677922077922,0.0303221491772334,1.0555555555555556,0.4101877231877719,36.0
2024-09-30,SHYF,12.858894765377045,1.4958,252.663,0.1298355255189787,1.8156,0.1538,0.0901,553.3831,0.0917,0.3644,0.2041,5.7548,0.1936,0.2793,0.4363,0.3056,0.4775,0.0161,0.0275,0.6631,1.7128,3677.2298,17.5664,0.0158,0.5498,2.2546,1.156,5.7982,-0.0072,-0.0152,-0.0109,-0.0015,5.6008,0.7959,191.939,0.5623,0.2495,0.3599,1.7976,Machinery,0.0176574867977587,0.0277803161838618,0.0258846470887763,0.0038249731516307,0.0763227998189755,0.1403256081346227,-4.740259740259781e-05,0.9829114857676652,0.0004371428571428,0.9181176635910266,5.2597402597402645e-05,0.9882450523630272,-0.0101294805194805,0.0010971016841768,-13.645096493506497,0.3049807442498154,-0.022677922077922,0.0303221491772334,1.0555555555555556,0.4101877231877719,36.0
2024-09-30,SLGN,53.214213490486145,0.7554,2053.97,0.159817014939096,1.0927,1.5614,0.9339,9045.466,0.1447,5.7996,0.1681,5.6398,0.3251,0.4297,1.2264,0.5868,1.6746,0.0573,0.0959,0.2737,2.7293,18.9554,4.3874,0.0719,0.9693,3.5796,0.6847,4.6154,0.0386,0.1521,0.0518,0.0959,16.2885,0.8319,1248.647,1.854,0.4915,0.6496,1.3608,Packaging,0.9747474747474748,0.8914068032526681,0.9499503323909224,0.9258246178600162,0.7442104800284888,1.0211569275040058,-0.000251948051948,0.1767017468198086,-0.0043580519480519,0.0007178393465683,-0.000521948051948,0.0602110606582812,-0.0005650649350649,0.0277794824683844,147.33995402597404,1.0780259077546114e-05,0.0178842857142857,0.1259270824585767,1.162790697674419,0.4326129116658193,43.0
2024-09-30,SLGN,53.214213490486145,0.7554,2053.97,0.159817014939096,1.0927,1.5614,0.9339,9045.466,0.1447,5.7996,0.1681,5.6398,0.3251,0.4297,1.2264,0.5868,1.6746,0.0573,0.0959,0.2737,2.7293,18.9554,4.3874,0.0719,0.9693,3.5796,0.6847,4.6154,0.0386,0.1521,0.0518,0.0959,16.2885,0.8319,1248.647,1.854,0.4915,0.6496,1.3608,Packaging,0.9747474747474748,0.8914068032526681,0.9499503323909224,0.9258246178600162,0.7442104800284888,1.0211569275040058,-0.000251948051948,0.1767017468198086,-0.0043580519480519,0.0007178393465683,-0.000521948051948,0.0602110606582812,-0.0005650649350649,0.0277794824683844,147.33995402597404,1.0780259077546114e-05,0.0178842857142857,0.1259270824585767,1.162790697674419,0.4326129116658193,43.0
2024-09-30,SLGN,53.214213490486145,0.7554,2053.97,0.159817014939096,1.0927,1.5614,0.9339,9045.466,0.1447,5.7996,0.1681,5.6398,0.3251,0.4297,1.2264,0.5868,1.6746,0.0573,0.0959,0.2737,2.7293,18.9554,4.3874,0.0719,0.9693,3.5796,0.6847,4.6154,0.0386,0.1521,0.0518,0.0959,16.2885,0.8319,1248.647,1.854,0.4915,0.6496,1.3608,Packaging,0.9747474747474748,0.8914068032526681,0.9499503323909224,0.9258246178600162,0.7442104800284888,1.0211569275040058,-0.000251948051948,0.1767017468198086,-0.0043580519480519,0.0007178393465683,-0.000521948051948,0.0602110606582812,-0.0005650649350649,0.0277794824683844,147.33995402597404,1.0780259077546114e-05,0.0178842857142857,0.1259270824585767,1.162790697674419,0.4326129116658193,43.0
2024-09-30,SLNG,4.938281252980232,0.8871,65.355,0.7497277676950999,1.2371,0.0421,0.0536,84.961,0.0705,0.4316,0.283,297.1839,0.0796,0.0953,0.1088,-0.042,-0.0479,0.0566,0.0444,0.2963,1.3479,22.5014,10.9828,0.0496,1.1897,0.758,1.1318,12.4381,0.0469,0.0616,0.0539,0.0589,0.948,0.717,11.55,0.1417,0.1036,0.1241,3.7237,Energy,-0.0012830757127271,0.4306524832305712,0.7353475010217083,0.61207831863066,0.0012192510840155,0.0313060148606714,0.0078133766233766,2.368766438866343e-07,0.0101525974025974,8.090316847598804e-07,0.0088544155844155,5.984547191478281e-07,0.0078063636363636,1.3381619230848716e-06,0.2592164935064935,0.841404926343685,0.009211948051948,0.0046726601447104,1.0769230769230769,0.4935481167928245,13.0
2024-09-30,SLNG,4.938281252980232,0.8871,65.355,0.7497277676950999,1.2371,0.0421,0.0536,84.961,0.0705,0.4316,0.283,297.1839,0.0796,0.0953,0.1088,-0.042,-0.0479,0.0566,0.0444,0.2963,1.3479,22.5014,10.9828,0.0496,1.1897,0.758,1.1318,12.4381,0.0469,0.0616,0.0539,0.0589,0.948,0.717,11.55,0.1417,0.1036,0.1241,3.7237,Energy,-0.0012830757127271,0.4306524832305712,0.7353475010217083,0.61207831863066,0.0012192510840155,0.0313060148606714,0.0078133766233766,2.368766438866343e-07,0.0101525974025974,8.090316847598804e-07,0.0088544155844155,5.984547191478281e-07,0.0078063636363636,1.3381619230848716e-06,0.2592164935064935,0.841404926343685,0.009211948051948,0.0046726601447104,1.0769230769230769,0.4935481167928245,13.0
2024-09-30,SLNG,4.938281252980232,0.8871,65.355,0.7497277676950999,1.2371,0.0421,0.0536,84.961,0.0705,0.4316,0.283,297.1839,0.0796,0.0953,0.1088,-0.042,-0.0479,0.0566,0.0444,0.2963,1.3479,22.5014,10.9828,0.0496,1.1897,0.758,1.1318,12.4381,0.0469,0.0616,0.0539,0.0589,0.948,0.717,11.55,0.1417,0.1036,0.1241,3.7237,Energy,-0.0012830757127271,0.4306524832305712,0.7353475010217083,0.61207831863066,0.0012192510840155,0.0313060148606714,0.0078133766233766,2.368766438866343e-07,0.0101525974025974,8.090316847598804e-07,0.0088544155844155,5.984547191478281e-07,0.0078063636363636,1.3381619230848716e-06,0.2592164935064935,0.841404926343685,0.009211948051948,0.0046726601447104,1.0769230769230769,0.4935481167928245,13.0
2024-09-30,SMSI,0.924843748100102,0.4027,37.746,0.2354134165366614,1.0016,-0.5499,-0.5383,10.5854,0.1396,-0.8777,0.7158,321.5882,0.0354,0.0427,0.0464,-0.04,-0.04,-1.3703,-1.4,0.0155,0.3204,53.7385,54.5299,-1.3703,0.5002,0.9438,0.7668,3.5308,-0.8496,-1.0128,-1.0128,-1.0251,0.3928,0.2842,12.815,0.0,0.0,0.0,5.476,Technology,0.1434269357477476,2.2113889874816053,4.623866981313009,4.680675527756059,0.0001371084563035,1.4612421990429356,-0.0446698701298701,9.293465846687207e-10,-0.0550632467532467,2.4109718889713784e-10,-0.0538002597402597,9.106769220846277e-10,-0.0513676623376623,3.878505930467388e-09,-8.54631103896104,0.0002730070507296,-0.0862874025974025,0.0098608855525923,1.0,0.4588314677411235,20.0
2024-09-30,SMSI,0.924843748100102,0.4027,37.746,0.2354134165366614,1.0016,-0.5499,-0.5383,10.5854,0.1396,-0.8777,0.7158,321.5882,0.0354,0.0427,0.0464,-0.04,-0.04,-1.3703,-1.4,0.0155,0.3204,53.7385,54.5299,-1.3703,0.5002,0.9438,0.7668,3.5308,-0.8496,-1.0128,-1.0128,-1.0251,0.3928,0.2842,12.815,0.0,0.0,0.0,5.476,Technology,0.1434269357477476,2.2113889874816053,4.623866981313009,4.680675527756059,0.0001371084563035,1.4612421990429356,-0.0446698701298701,9.293465846687207e-10,-0.0550632467532467,2.4109718889713784e-10,-0.0538002597402597,9.106769220846277e-10,-0.0513676623376623,3.878505930467388e-09,-8.54631103896104,0.0002730070507296,-0.0862874025974025,0.0098608855525923,1.0,0.4588314677411235,20.0
2024-09-30,SMSI,0.924843748100102,0.4027,37.746,0.2354134165366614,1.0016,-0.5499,-0.5383,10.5854,0.1396,-0.8777,0.7158,321.5882,0.0354,0.0427,0.0464,-0.04,-0.04,-1.3703,-1.4,0.0155,0.3204,53.7385,54.5299,-1.3703,0.5002,0.9438,0.7668,3.5308,-0.8496,-1.0128,-1.0128,-1.0251,0.3928,0.2842,12.815,0.0,0.0,0.0,5.476,Technology,0.1434269357477476,2.2113889874816053,4.623866981313009,4.680675527756059,0.0001371084563035,1.4612421990429356,-0.0446698701298701,9.293465846687207e-10,-0.0550632467532467,2.4109718889713784e-10,-0.0538002597402597,9.106769220846277e-10,-0.0513676623376623,3.878505930467388e-09,-8.54631103896104,0.0002730070507296,-0.0862874025974025,0.0098608855525923,1.0,0.4588314677411235,20.0
2024-09-30,STRA,93.00988984107973,0.5604,1716.796,0.685309963616009,1.3417,1.5028,1.1479,2078.0126,0.1375,5.8754,0.4683,87.2,0.0,0.0,0.0,-0.1141,-0.1141,0.0907,0.1187,0.466,1.3245,17.9788,15.752,0.1261,1.8774,1.5523,1.2489,11.9213,0.0585,0.0756,0.0736,0.1012,12.657,0.5317,1464.844,0.0,0.0,0.0,4.6471,Diversified Consumer Services,-0.2953147184098438,-0.1492780451684561,-0.1410704873256984,-0.2509978995667372,1.0465812144435194,265.3418940609981,-0.0005942857142857,0.3356741044698115,-0.0005110389610389,0.4922644850238579,-0.0006315584415584,0.4046742244861373,-0.0004367532467532,0.6558136783832808,-26.585710129870144,0.1577364000404442,0.0107253246753246,0.6686994792801104,1.064516129032258,0.2497310381147074,31.0
2024-09-30,STRA,93.00988984107973,0.5604,1716.796,0.685309963616009,1.3417,1.5028,1.1479,2078.0126,0.1375,5.8754,0.4683,87.2,0.0,0.0,0.0,-0.1141,-0.1141,0.0907,0.1187,0.466,1.3245,17.9788,15.752,0.1261,1.8774,1.5523,1.2489,11.9213,0.0585,0.0756,0.0736,0.1012,12.657,0.5317,1464.844,0.0,0.0,0.0,4.6471,Diversified Consumer Services,-0.2953147184098438,-0.1492780451684561,-0.1410704873256984,-0.2509978995667372,1.0465812144435194,265.3418940609981,-0.0005942857142857,0.3356741044698115,-0.0005110389610389,0.4922644850238579,-0.0006315584415584,0.4046742244861373,-0.0004367532467532,0.6558136783832808,-26.585710129870144,0.1577364000404442,0.0107253246753246,0.6686994792801104,1.064516129032258,0.2497310381147074,31.0
2024-09-30,STRA,93.00988984107973,0.5604,1716.796,0.685309963616009,1.3417,1.5028,1.1479,2078.0126,0.1375,5.8754,0.4683,87.2,0.0,0.0,0.0,-0.1141,-0.1141,0.0907,0.1187,0.466,1.3245,17.9788,15.752,0.1261,1.8774,1.5523,1.2489,11.9213,0.0585,0.0756,0.0736,0.1012,12.657,0.5317,1464.844,0.0,0.0,0.0,4.6471,Diversified Consumer Services,-0.2953147184098438,-0.1492780451684561,-0.1410704873256984,-0.2509978995667372,1.0465812144435194,265.3418940609981,-0.0005942857142857,0.3356741044698115,-0.0005110389610389,0.4922644850238579,-0.0006315584415584,0.4046742244861373,-0.0004367532467532,0.6558136783832808,-26.585710129870144,0.1577364000404442,0.0107253246753246,0.6686994792801104,1.064516129032258,0.2497310381147074,31.0
2024-09-30,SUN,51.666941821575165,2.1554,4180.0,0.0653153153153153,1.1627,0.7868,0.0147,14521.5654,0.019,2.0668,0.0737,23.8388,0.514,0.6303,1.7366,0.627,1.7275,0.0003,0.0186,0.56,1.7465,11.7941,16.0452,0.003,0.3165,2.0128,0.6616,27.0557,0.0578,0.2334,0.0757,0.1354,42.2872,0.9263,3627.0,1.7553,0.5195,0.6371,1.4204,Energy,-0.001581274545749,1.6317254802924566,1.0327607760175013,1.4070527053071538,0.2083948441702988,0.5850729808165391,0.0016953246753246,0.0611929728230503,0.0043407792207792,0.533658739984532,0.0024940259740259,0.05838067058523,0.0031885714285714,0.0216190655610617,355.048731038961,1.4958692303846811e-05,0.0844564935064935,0.1238654710639555,1.2093023255813953,0.5555342753182306,86.0
2024-09-30,SUN,51.666941821575165,2.1554,4180.0,0.0653153153153153,1.1627,0.7868,0.0147,14521.5654,0.019,2.0668,0.0737,23.8388,0.514,0.6303,1.7366,0.627,1.7275,0.0003,0.0186,0.56,1.7465,11.7941,16.0452,0.003,0.3165,2.0128,0.6616,27.0557,0.0578,0.2334,0.0757,0.1354,42.2872,0.9263,3627.0,1.7553,0.5195,0.6371,1.4204,Energy,-0.001581274545749,1.6317254802924566,1.0327607760175013,1.4070527053071538,0.2083948441702988,0.5850729808165391,0.0016953246753246,0.0611929728230503,0.0043407792207792,0.533658739984532,0.0024940259740259,0.05838067058523,0.0031885714285714,0.0216190655610617,355.048731038961,1.4958692303846811e-05,0.0844564935064935,0.1238654710639555,1.2093023255813953,0.5555342753182306,86.0
2024-09-30,SUN,51.666941821575165,2.1554,4180.0,0.0653153153153153,1.1627,0.7868,0.0147,14521.5654,0.019,2.0668,0.0737,23.8388,0.514,0.6303,1.7366,0.627,1.7275,0.0003,0.0186,0.56,1.7465,11.7941,16.0452,0.003,0.3165,2.0128,0.6616,27.0557,0.0578,0.2334,0.0757,0.1354,42.2872,0.9263,3627.0,1.7553,0.5195,0.6371,1.4204,Energy,-0.001581274545749,1.6317254802924566,1.0327607760175013,1.4070527053071538,0.2083948441702988,0.5850729808165391,0.0016953246753246,0.0611929728230503,0.0043407792207792,0.533658739984532,0.0024940259740259,0.05838067058523,0.0031885714285714,0.0216190655610617,355.048731038961,1.4958692303846811e-05,0.0844564935064935,0.1238654710639555,1.2093023255813953,0.5555342753182306,86.0
2024-09-30,TEX,52.05866861343384,1.3682,1957.0,0.3534136546184739,2.3906,1.8101,1.3056,3286.5,0.0723,2.9712,0.2021,3.4026,0.165,0.2414,0.3189,0.1068,0.141,0.0726,0.1007,0.0923,1.5383,6.4867,11.3604,0.0817,0.5893,1.6734,1.0261,7.4067,0.1243,0.2584,0.1889,0.2398,17.9822,0.7979,1809.8,0.3209,0.1661,0.2429,2.0729,Machinery,-0.3048368901335289,-0.4722653751256511,-0.44858805826329,-0.6114857078407047,0.4532752836237014,1.651517446583099,0.0084367532467532,7.564467356781493e-11,0.0186435064935064,4.1622937595138416e-08,0.0132090909090909,1.607190997401989e-10,0.0114892207792207,1.1995401171691454e-05,75.55367558441557,0.0009991306912536,0.1197355844155844,1.349621535404432e-06,1.0956521739130434,0.3967834055731352,115.0
2024-09-30,TEX,52.05866861343384,1.3682,1957.0,0.3534136546184739,2.3906,1.8101,1.3056,3286.5,0.0723,2.9712,0.2021,3.4026,0.165,0.2414,0.3189,0.1068,0.141,0.0726,0.1007,0.0923,1.5383,6.4867,11.3604,0.0817,0.5893,1.6734,1.0261,7.4067,0.1243,0.2584,0.1889,0.2398,17.9822,0.7979,1809.8,0.3209,0.1661,0.2429,2.0729,Machinery,-0.3048368901335289,-0.4722653751256511,-0.44858805826329,-0.6114857078407047,0.4532752836237014,1.651517446583099,0.0084367532467532,7.564467356781493e-11,0.0186435064935064,4.1622937595138416e-08,0.0132090909090909,1.607190997401989e-10,0.0114892207792207,1.1995401171691454e-05,75.55367558441557,0.0009991306912536,0.1197355844155844,1.349621535404432e-06,1.0956521739130434,0.3967834055731352,115.0
2024-09-30,TEX,52.05866861343384,1.3682,1957.0,0.3534136546184739,2.3906,1.8101,1.3056,3286.5,0.0723,2.9712,0.2021,3.4026,0.165,0.2414,0.3189,0.1068,0.141,0.0726,0.1007,0.0923,1.5383,6.4867,11.3604,0.0817,0.5893,1.6734,1.0261,7.4067,0.1243,0.2584,0.1889,0.2398,17.9822,0.7979,1809.8,0.3209,0.1661,0.2429,2.0729,Machinery,-0.3048368901335289,-0.4722653751256511,-0.44858805826329,-0.6114857078407047,0.4532752836237014,1.651517446583099,0.0084367532467532,7.564467356781493e-11,0.0186435064935064,4.1622937595138416e-08,0.0132090909090909,1.607190997401989e-10,0.0114892207792207,1.1995401171691454e-05,75.55367558441557,0.0009991306912536,0.1197355844155844,1.349621535404432e-06,1.0956521739130434,0.3967834055731352,115.0
2024-09-30,TNC,87.81230866909027,1.0921,647.2,0.3338208409506398,2.1715,1.6026,1.0894,1930.443,0.0836,5.2063,0.4237,3.7479,0.1715,0.2436,0.3223,0.1377,0.1822,0.0659,0.0969,0.1961,2.8006,16.7673,18.6668,0.0871,1.4281,3.1208,1.2852,5.0556,0.093,0.1755,0.131,0.159,16.5393,0.5763,580.8,0.3232,0.172,0.2443,2.1376,Machinery,-0.2280758711377167,-0.320752992780773,-0.3110907127183218,-0.4054471540728608,0.2662474055513126,1.462196486323449,0.0034406493506493,2.4825613374638288e-08,0.0042707792207792,5.801820936350253e-05,0.004545974025974,3.562568615769983e-08,0.004292987012987,8.149205791863227e-06,23.7081712987013,0.013687565582871,0.0532161038961038,0.0030174974108378,1.2407407407407407,0.4315476835930594,54.0
2024-09-30,TNC,87.81230866909027,1.0921,647.2,0.3338208409506398,2.1715,1.6026,1.0894,1930.443,0.0836,5.2063,0.4237,3.7479,0.1715,0.2436,0.3223,0.1377,0.1822,0.0659,0.0969,0.1961,2.8006,16.7673,18.6668,0.0871,1.4281,3.1208,1.2852,5.0556,0.093,0.1755,0.131,0.159,16.5393,0.5763,580.8,0.3232,0.172,0.2443,2.1376,Machinery,-0.2280758711377167,-0.320752992780773,-0.3110907127183218,-0.4054471540728608,0.2662474055513126,1.462196486323449,0.0034406493506493,2.4825613374638288e-08,0.0042707792207792,5.801820936350253e-05,0.004545974025974,3.562568615769983e-08,0.004292987012987,8.149205791863227e-06,23.7081712987013,0.013687565582871,0.0532161038961038,0.0030174974108378,1.2407407407407407,0.4315476835930594,54.0
2024-09-30,TNC,87.81230866909027,1.0921,647.2,0.3338208409506398,2.1715,1.6026,1.0894,1930.443,0.0836,5.2063,0.4237,3.7479,0.1715,0.2436,0.3223,0.1377,0.1822,0.0659,0.0969,0.1961,2.8006,16.7673,18.6668,0.0871,1.4281,3.1208,1.2852,5.0556,0.093,0.1755,0.131,0.159,16.5393,0.5763,580.8,0.3232,0.172,0.2443,2.1376,Machinery,-0.2280758711377167,-0.320752992780773,-0.3110907127183218,-0.4054471540728608,0.2662474055513126,1.462196486323449,0.0034406493506493,2.4825613374638288e-08,0.0042707792207792,5.801820936350253e-05,0.004545974025974,3.562568615769983e-08,0.004292987012987,8.149205791863227e-06,23.7081712987013,0.013687565582871,0.0532161038961038,0.0030174974108378,1.2407407407407407,0.4315476835930594,54.0
2024-09-30,TNK,46.167863726615906,0.6341,1744.938,4.578467351844341,6.7973,1.5091,1.6918,1535.124,0.1525,12.753,0.3812,13.5395,0.0,0.0,0.0,-0.2653,-0.2653,0.2418,0.2157,0.2433,1.145,4.7317,4.5676,0.2394,1.6769,1.1453,6.2489,7.922,0.2247,0.2547,0.2494,0.2403,6.9978,0.6188,1744.548,0.0,0.0,0.0,11.1855,Energy,-0.006147273190827,1.7806361603705596,3.402517008438109,2.497154838148516,0.0220301267769717,1.1221830647562776,0.0156023376623376,0.0035119011967529,0.0191062337662337,0.0249035918106849,0.0175742857142857,0.0030814505930745,0.0156972727272727,0.0059273491281269,23.48132649350649,0.0314226085683491,0.1688746753246753,0.0448979492939677,1.2033898305084745,0.550224437497042,59.0
2024-09-30,TNK,46.167863726615906,0.6341,1744.938,4.578467351844341,6.7973,1.5091,1.6918,1535.124,0.1525,12.753,0.3812,13.5395,0.0,0.0,0.0,-0.2653,-0.2653,0.2418,0.2157,0.2433,1.145,4.7317,4.5676,0.2394,1.6769,1.1453,6.2489,7.922,0.2247,0.2547,0.2494,0.2403,6.9978,0.6188,1744.548,0.0,0.0,0.0,11.1855,Energy,-0.006147273190827,1.7806361603705596,3.402517008438109,2.497154838148516,0.0220301267769717,1.1221830647562776,0.0156023376623376,0.0035119011967529,0.0191062337662337,0.0249035918106849,0.0175742857142857,0.0030814505930745,0.0156972727272727,0.0059273491281269,23.48132649350649,0.0314226085683491,0.1688746753246753,0.0448979492939677,1.2033898305084745,0.550224437497042,59.0
2024-09-30,TNK,46.167863726615906,0.6341,1744.938,4.578467351844341,6.7973,1.5091,1.6918,1535.124,0.1525,12.753,0.3812,13.5395,0.0,0.0,0.0,-0.2653,-0.2653,0.2418,0.2157,0.2433,1.145,4.7317,4.5676,0.2394,1.6769,1.1453,6.2489,7.922,0.2247,0.2547,0.2494,0.2403,6.9978,0.6188,1744.548,0.0,0.0,0.0,11.1855,Energy,-0.006147273190827,1.7806361603705596,3.402517008438109,2.497154838148516,0.0220301267769717,1.1221830647562776,0.0156023376623376,0.0035119011967529,0.0191062337662337,0.0249035918106849,0.0175742857142857,0.0030814505930745,0.0156972727272727,0.0059273491281269,23.48132649350649,0.0314226085683491,0.1688746753246753,0.0448979492939677,1.2033898305084745,0.550224437497042,59.0
2024-09-30,TNL,50.34622418880463,0.5641,645.0,0.1619365609348914,3.8013,2.6923,1.3818,8535.108,0.1259,5.6188,0.5005,1.6657,0.8295,1.1784,9.2589,1.1417,9.2558,0.0977,0.1903,0.3325,17.1859,7.4872,8.0003,0.1309,0.8232,18.9121,2.5985,22.7917,0.062,1.2175,0.1204,0.0637,14.1453,0.4995,626.0,9.707,0.8326,1.1828,0.886,"Hotels, Restaurants & Leisure",-2.3293172690763058,-33.02254619427022,4.735030970406056,0.7970470470470471,0.0281694288652853,1.8407329915337391,0.002385974025974,0.0207119628329552,0.0480807792207792,2.8336597046323057e-11,0.0024558441558441,1.7672409559999858e-07,-0.0011236363636363,0.319228684422315,-40.32203207792207,0.2370318326620719,0.1072298701298701,0.010731589231802,1.12987012987013,0.4088060069677031,77.0
2024-09-30,TNL,50.34622418880463,0.5641,645.0,0.1619365609348914,3.8013,2.6923,1.3818,8535.108,0.1259,5.6188,0.5005,1.6657,0.8295,1.1784,9.2589,1.1417,9.2558,0.0977,0.1903,0.3325,17.1859,7.4872,8.0003,0.1309,0.8232,18.9121,2.5985,22.7917,0.062,1.2175,0.1204,0.0637,14.1453,0.4995,626.0,9.707,0.8326,1.1828,0.886,"Hotels, Restaurants & Leisure",-2.3293172690763058,-33.02254619427022,4.735030970406056,0.7970470470470471,0.0281694288652853,1.8407329915337391,0.002385974025974,0.0207119628329552,0.0480807792207792,2.8336597046323057e-11,0.0024558441558441,1.7672409559999858e-07,-0.0011236363636363,0.319228684422315,-40.32203207792207,0.2370318326620719,0.1072298701298701,0.010731589231802,1.12987012987013,0.4088060069677031,77.0
2024-09-30,TNL,50.34622418880463,0.5641,645.0,0.1619365609348914,3.8013,2.6923,1.3818,8535.108,0.1259,5.6188,0.5005,1.6657,0.8295,1.1784,9.2589,1.1417,9.2558,0.0977,0.1903,0.3325,17.1859,7.4872,8.0003,0.1309,0.8232,18.9121,2.5985,22.7917,0.062,1.2175,0.1204,0.0637,14.1453,0.4995,626.0,9.707,0.8326,1.1828,0.886,"Hotels, Restaurants & Leisure",-2.3293172690763058,-33.02254619427022,4.735030970406056,0.7970470470470471,0.0281694288652853,1.8407329915337391,0.002385974025974,0.0207119628329552,0.0480807792207792,2.8336597046323057e-11,0.0024558441558441,1.7672409559999858e-07,-0.0011236363636363,0.319228684422315,-40.32203207792207,0.2370318326620719,0.1072298701298701,0.010731589231802,1.12987012987013,0.4088060069677031,77.0
2024-09-30,TRIB,1.3370312452316284,0.6925,6.633,0.1012333357097027,1.6425,-0.0123,-0.0229,103.3825,0.0441,-0.5077,0.3503,1.7803,0.8376,1.2115,8.6989,1.3488,7.637,-0.3141,-0.1688,0.3112,3.3749,34.1593,54.3608,-0.3164,0.2115,281.7421,0.8653,3.2573,-0.2381,-1.6614,-0.2446,-0.1309,0.0729,0.6497,0.442,8.7306,0.9617,1.391,0.7872,Health Care,2.461905783422,2.49403207205582,0.5039931730050716,0.2781177534794697,0.0115698244771425,-0.0536714315459754,-0.0121518181818181,0.0048390098764888,-0.0807606493506493,0.0385223987752566,-0.0128951948051948,0.0024514411364499,-0.0088124675324675,0.0267408758750435,-1.0719268831168831,0.1416422276543117,-0.0040932467532467,0.4895613083654376,1.162162162162162,0.4418090030716839,37.0
2024-09-30,TRIB,1.3370312452316284,0.6925,6.633,0.1012333357097027,1.6425,-0.0123,-0.0229,103.3825,0.0441,-0.5077,0.3503,1.7803,0.8376,1.2115,8.6989,1.3488,7.637,-0.3141,-0.1688,0.3112,3.3749,34.1593,54.3608,-0.3164,0.2115,281.7421,0.8653,3.2573,-0.2381,-1.6614,-0.2446,-0.1309,0.0729,0.6497,0.442,8.7306,0.9617,1.391,0.7872,Health Care,2.461905783422,2.49403207205582,0.5039931730050716,0.2781177534794697,0.0115698244771425,-0.0536714315459754,-0.0121518181818181,0.0048390098764888,-0.0807606493506493,0.0385223987752566,-0.0128951948051948,0.0024514411364499,-0.0088124675324675,0.0267408758750435,-1.0719268831168831,0.1416422276543117,-0.0040932467532467,0.4895613083654376,1.162162162162162,0.4418090030716839,37.0
2024-09-30,TRIB,1.3370312452316284,0.6925,6.633,0.1012333357097027,1.6425,-0.0123,-0.0229,103.3825,0.0441,-0.5077,0.3503,1.7803,0.8376,1.2115,8.6989,1.3488,7.637,-0.3141,-0.1688,0.3112,3.3749,34.1593,54.3608,-0.3164,0.2115,281.7421,0.8653,3.2573,-0.2381,-1.6614,-0.2446,-0.1309,0.0729,0.6497,0.442,8.7306,0.9617,1.391,0.7872,Health Care,2.461905783422,2.49403207205582,0.5039931730050716,0.2781177534794697,0.0115698244771425,-0.0536714315459754,-0.0121518181818181,0.0048390098764888,-0.0807606493506493,0.0385223987752566,-0.0128951948051948,0.0024514411364499,-0.0088124675324675,0.0267408758750435,-1.0719268831168831,0.1416422276543117,-0.0040932467532467,0.4895613083654376,1.162162162162162,0.4418090030716839,37.0
2024-09-30,VAC,85.93122136592865,0.4971,2419.0,0.2373493975903614,1.5482,3.5154,1.9952,7664.971,0.0437,1.9744,0.4736,3.46,0.5224,0.6604,2.1033,0.6605,2.1038,0.0644,0.1134,0.8843,1.0649,12.5657,19.6639,0.0904,0.5329,1.598,0.6217,20.9264,0.0211,0.0858,0.0269,0.0606,30.9976,0.5264,1612.0,2.1852,0.5427,0.686,1.3304,"Hotels, Restaurants & Leisure",-0.7927192641533879,-2.327174097304628,1.0579097433880642,0.7582582582582582,0.0252976125596741,2.4034887488161454,0.0022244155844155,0.0028802961180884,0.0086077922077922,0.0008724502301026,0.0028412987012987,0.0028523735993726,0.0036281818181818,0.0018858232838687,-4.006057662337662,0.9368167971197578,0.1850666233766233,0.0022610458459419,1.056338028169014,0.4101332168127805,71.0
2024-09-30,VAC,85.93122136592865,0.4971,2419.0,0.2373493975903614,1.5482,3.5154,1.9952,7664.971,0.0437,1.9744,0.4736,3.46,0.5224,0.6604,2.1033,0.6605,2.1038,0.0644,0.1134,0.8843,1.0649,12.5657,19.6639,0.0904,0.5329,1.598,0.6217,20.9264,0.0211,0.0858,0.0269,0.0606,30.9976,0.5264,1612.0,2.1852,0.5427,0.686,1.3304,"Hotels, Restaurants & Leisure",-0.7927192641533879,-2.327174097304628,1.0579097433880642,0.7582582582582582,0.0252976125596741,2.4034887488161454,0.0022244155844155,0.0028802961180884,0.0086077922077922,0.0008724502301026,0.0028412987012987,0.0028523735993726,0.0036281818181818,0.0018858232838687,-4.006057662337662,0.9368167971197578,0.1850666233766233,0.0022610458459419,1.056338028169014,0.4101332168127805,71.0
2024-09-30,VAC,85.93122136592865,0.4971,2419.0,0.2373493975903614,1.5482,3.5154,1.9952,7664.971,0.0437,1.9744,0.4736,3.46,0.5224,0.6604,2.1033,0.6605,2.1038,0.0644,0.1134,0.8843,1.0649,12.5657,19.6639,0.0904,0.5329,1.598,0.6217,20.9264,0.0211,0.0858,0.0269,0.0606,30.9976,0.5264,1612.0,2.1852,0.5427,0.686,1.3304,"Hotels, Restaurants & Leisure",-0.7927192641533879,-2.327174097304628,1.0579097433880642,0.7582582582582582,0.0252976125596741,2.4034887488161454,0.0022244155844155,0.0028802961180884,0.0086077922077922,0.0008724502301026,0.0028412987012987,0.0028523735993726,0.0036281818181818,0.0018858232838687,-4.006057662337662,0.9368167971197578,0.1850666233766233,0.0022610458459419,1.056338028169014,0.4101332168127805,71.0
2024-09-30,VERU,0.7415625005960464,0.2435,32.3167,2.099456773146545,2.9679,-0.056,-0.0582,97.5296,0.0446,-0.1492,0.4037,2.0353,0.1465,0.2098,0.2739,-0.3564,-0.4654,-1.2815,-1.2327,1.7299,3.4833,92.1098,152.6065,-1.2135,6.6662,3.4833,2.4332,3.9886,-0.545,-0.9068,-0.7354,-0.7181,0.0454,0.5963,32.3167,0.3056,0.1635,0.2341,2.15,Consumer products,0.2557293034652494,-4.3564992207731335,3.96525467194466,4.137479886733324,0.0118972272736211,-0.0690813262997852,-0.0480318181818181,0.0009430588124179,-0.1036142857142857,0.0027337675252548,-0.0799379220779221,0.0016491561516171,-0.0880496103896104,0.0008959378373561,-11.507100779220778,0.2257850892266859,-0.0099510389610389,0.1295918935995398,1.0909090909090908,0.2942449431682498,22.0
2024-09-30,VERU,0.7415625005960464,0.2435,32.3167,2.099456773146545,2.9679,-0.056,-0.0582,97.5296,0.0446,-0.1492,0.4037,2.0353,0.1465,0.2098,0.2739,-0.3564,-0.4654,-1.2815,-1.2327,1.7299,3.4833,92.1098,152.6065,-1.2135,6.6662,3.4833,2.4332,3.9886,-0.545,-0.9068,-0.7354,-0.7181,0.0454,0.5963,32.3167,0.3056,0.1635,0.2341,2.15,Consumer products,0.2557293034652494,-4.3564992207731335,3.96525467194466,4.137479886733324,0.0118972272736211,-0.0690813262997852,-0.0480318181818181,0.0009430588124179,-0.1036142857142857,0.0027337675252548,-0.0799379220779221,0.0016491561516171,-0.0880496103896104,0.0008959378373561,-11.507100779220778,0.2257850892266859,-0.0099510389610389,0.1295918935995398,1.0909090909090908,0.2942449431682498,22.0
2024-09-30,VERU,0.7415625005960464,0.2435,32.3167,2.099456773146545,2.9679,-0.056,-0.0582,97.5296,0.0446,-0.1492,0.4037,2.0353,0.1465,0.2098,0.2739,-0.3564,-0.4654,-1.2815,-1.2327,1.7299,3.4833,92.1098,152.6065,-1.2135,6.6662,3.4833,2.4332,3.9886,-0.545,-0.9068,-0.7354,-0.7181,0.0454,0.5963,32.3167,0.3056,0.1635,0.2341,2.15,Consumer products,0.2557293034652494,-4.3564992207731335,3.96525467194466,4.137479886733324,0.0118972272736211,-0.0690813262997852,-0.0480318181818181,0.0009430588124179,-0.1036142857142857,0.0027337675252548,-0.0799379220779221,0.0016491561516171,-0.0880496103896104,0.0008959378373561,-11.507100779220778,0.2257850892266859,-0.0099510389610389,0.1295918935995398,1.0909090909090908,0.2942449431682498,22.0
2024-09-30,VHI,29.629680961370468,0.7825,1022.5,0.6245781218979551,2.7913,3.7789,2.0175,1240.8973,0.0073,1.3368,0.218,3.037,0.1889,0.3223,0.515,0.1816,0.2902,0.1078,0.2018,0.1021,0.9234,10.5971,10.2742,0.2247,0.4546,5.9931,1.645,6.268,0.0336,0.0926,0.0592,0.1089,18.7228,0.782,200.9,0.5978,0.2193,0.3742,1.5794,Chemicals,-0.1740352214138575,-0.2352594184657706,-0.6455106030982103,-1.3729874646764726,0.0008071829042839,0.2558724552110371,-0.0005424675324675,0.4291459707880247,-0.003315974025974,0.1651286028151898,-0.0011010389610389,0.415148886040748,-0.0035414285714285,0.1815355665547266,-1.5854544155844148,0.8239406328358205,-0.0106032467532467,0.8275407612836607,1.4222222222222225,0.4994946941609585,45.0
2024-09-30,VHI,29.629680961370468,0.7825,1022.5,0.6245781218979551,2.7913,3.7789,2.0175,1240.8973,0.0073,1.3368,0.218,3.037,0.1889,0.3223,0.515,0.1816,0.2902,0.1078,0.2018,0.1021,0.9234,10.5971,10.2742,0.2247,0.4546,5.9931,1.645,6.268,0.0336,0.0926,0.0592,0.1089,18.7228,0.782,200.9,0.5978,0.2193,0.3742,1.5794,Chemicals,-0.1740352214138575,-0.2352594184657706,-0.6455106030982103,-1.3729874646764726,0.0008071829042839,0.2558724552110371,-0.0005424675324675,0.4291459707880247,-0.003315974025974,0.1651286028151898,-0.0011010389610389,0.415148886040748,-0.0035414285714285,0.1815355665547266,-1.5854544155844148,0.8239406328358205,-0.0106032467532467,0.8275407612836607,1.4222222222222225,0.4994946941609585,45.0
2024-09-30,VHI,29.629680961370468,0.7825,1022.5,0.6245781218979551,2.7913,3.7789,2.0175,1240.8973,0.0073,1.3368,0.218,3.037,0.1889,0.3223,0.515,0.1816,0.2902,0.1078,0.2018,0.1021,0.9234,10.5971,10.2742,0.2247,0.4546,5.9931,1.645,6.268,0.0336,0.0926,0.0592,0.1089,18.7228,0.782,200.9,0.5978,0.2193,0.3742,1.5794,Chemicals,-0.1740352214138575,-0.2352594184657706,-0.6455106030982103,-1.3729874646764726,0.0008071829042839,0.2558724552110371,-0.0005424675324675,0.4291459707880247,-0.003315974025974,0.1651286028151898,-0.0011010389610389,0.415148886040748,-0.0035414285714285,0.1815355665547266,-1.5854544155844148,0.8239406328358205,-0.0106032467532467,0.8275407612836607,1.4222222222222225,0.4994946941609585,45.0
2024-09-30,VMC,268.7125356197357,0.519,7869.0,0.5596176204624725,2.8587,2.5346,1.5609,35991.49,0.2486,6.0848,0.2821,8.9695,0.232,0.2967,0.4231,0.2602,0.371,0.1036,0.1682,0.2843,4.2028,39.1058,41.1443,0.1472,4.4702,5.1508,2.022,6.7199,0.0593,0.1107,0.0758,0.1196,15.0669,0.7179,6420.7,0.4261,0.2336,0.2988,2.2138,Construction,1.4641975308641977,1.4850266324718882,1.723188018186681,1.7644710578842313,4.0640850381921805,1.9703372162872057,2.857142857142741e-06,0.991957197396439,0.0001471428571428,0.7439713300046558,0.0001048051948051,0.7601807605640138,0.0006567532467532,0.1505416934182764,863.8114831168832,1.6512354433083704e-07,0.0522070129870129,0.041353245825432,1.0612244897959184,0.4747000485089735,49.0
2024-09-30,VMC,268.7125356197357,0.519,7869.0,0.5596176204624725,2.8587,2.5346,1.5609,35991.49,0.2486,6.0848,0.2821,8.9695,0.232,0.2967,0.4231,0.2602,0.371,0.1036,0.1682,0.2843,4.2028,39.1058,41.1443,0.1472,4.4702,5.1508,2.022,6.7199,0.0593,0.1107,0.0758,0.1196,15.0669,0.7179,6420.7,0.4261,0.2336,0.2988,2.2138,Construction,1.4641975308641977,1.4850266324718882,1.723188018186681,1.7644710578842313,4.0640850381921805,1.9703372162872057,2.857142857142741e-06,0.991957197396439,0.0001471428571428,0.7439713300046558,0.0001048051948051,0.7601807605640138,0.0006567532467532,0.1505416934182764,863.8114831168832,1.6512354433083704e-07,0.0522070129870129,0.041353245825432,1.0612244897959184,0.4747000485089735,49.0
2024-09-30,VTRS,12.225726813077928,0.3252,19792.4,0.2500798679516532,1.5052,0.2411,0.079,27720.172,0.1976,1.586,0.4281,2.2315,0.3196,0.4025,0.7227,0.3901,0.7004,0.0253,0.0771,1.3704,0.7001,237.5217,7.32,0.0241,0.9208,7.6409,0.812,4.9441,-0.0191,-0.0443,-0.0238,-0.0016,3.125,0.5719,1813.5,0.7954,0.3517,0.443,1.7929,Pharmaceuticals,0.032540214551844,0.0531927042136675,0.0426728120999502,0.002979616712941,0.6845485346830513,1.614446990384716,0.0009238961038961,0.3055076267803567,0.0023841558441558,0.2983528104986654,0.0011592207792207,0.3059799490715796,-0.0002380519480519,0.7593629373482255,179.80539870129866,0.5266697804668208,-0.010390909090909,0.4839525851386319,1.1145833333333333,0.4783698561764167,96.0
2024-09-30,VTRS,12.225726813077928,0.3252,19792.4,0.2500798679516532,1.5052,0.2411,0.079,27720.172,0.1976,1.586,0.4281,2.2315,0.3196,0.4025,0.7227,0.3901,0.7004,0.0253,0.0771,1.3704,0.7001,237.5217,7.32,0.0241,0.9208,7.6409,0.812,4.9441,-0.0191,-0.0443,-0.0238,-0.0016,3.125,0.5719,1813.5,0.7954,0.3517,0.443,1.7929,Pharmaceuticals,0.032540214551844,0.0531927042136675,0.0426728120999502,0.002979616712941,0.6845485346830513,1.614446990384716,0.0009238961038961,0.3055076267803567,0.0023841558441558,0.2983528104986654,0.0011592207792207,0.3059799490715796,-0.0002380519480519,0.7593629373482255,179.80539870129866,0.5266697804668208,-0.010390909090909,0.4839525851386319,1.1145833333333333,0.4783698561764167,96.0
2024-09-30,VTRS,12.225726813077928,0.3252,19792.4,0.2500798679516532,1.5052,0.2411,0.079,27720.172,0.1976,1.586,0.4281,2.2315,0.3196,0.4025,0.7227,0.3901,0.7004,0.0253,0.0771,1.3704,0.7001,237.5217,7.32,0.0241,0.9208,7.6409,0.812,4.9441,-0.0191,-0.0443,-0.0238,-0.0016,3.125,0.5719,1813.5,0.7954,0.3517,0.443,1.7929,Pharmaceuticals,0.032540214551844,0.0531927042136675,0.0426728120999502,0.002979616712941,0.6845485346830513,1.614446990384716,0.0009238961038961,0.3055076267803567,0.0023841558441558,0.2983528104986654,0.0011592207792207,0.3059799490715796,-0.0002380519480519,0.7593629373482255,179.80539870129866,0.5266697804668208,-0.010390909090909,0.4839525851386319,1.1145833333333333,0.4783698561764167,96.0
2024-09-30,WHR,109.498473405838,1.0152,3042.0,0.1816049589545987,0.9352,4.8007,1.9746,12142.0,0.0318,7.8545,0.161,6.3696,0.3719,0.6147,2.098,0.6026,2.0569,0.0273,0.0664,0.3619,1.9346,10.3204,3.7508,0.0448,0.3351,3.856,0.457,10.0775,0.0324,0.2064,0.0553,0.0682,72.337,0.839,2209.0,2.4132,0.4278,0.707,1.2155,Consumer products,-0.0152029897839891,0.9915984110802544,-0.2981759360328253,-0.3929482360050309,1.48115170734124,5.922120056560336,-0.0049884415584415,0.027672241002099,-0.0299468831168831,0.0228621646452073,-0.0101625974025974,0.0180460843418895,-0.0110923376623376,0.0079824614467908,-52.24150519480522,0.4392280779966602,-0.4280458441558442,0.1504556665671211,1.156862745098039,0.5048781642974012,51.0
2024-09-30,WHR,109.498473405838,1.0152,3042.0,0.1816049589545987,0.9352,4.8007,1.9746,12142.0,0.0318,7.8545,0.161,6.3696,0.3719,0.6147,2.098,0.6026,2.0569,0.0273,0.0664,0.3619,1.9346,10.3204,3.7508,0.0448,0.3351,3.856,0.457,10.0775,0.0324,0.2064,0.0553,0.0682,72.337,0.839,2209.0,2.4132,0.4278,0.707,1.2155,Consumer products,-0.0152029897839891,0.9915984110802544,-0.2981759360328253,-0.3929482360050309,1.48115170734124,5.922120056560336,-0.0049884415584415,0.027672241002099,-0.0299468831168831,0.0228621646452073,-0.0101625974025974,0.0180460843418895,-0.0110923376623376,0.0079824614467908,-52.24150519480522,0.4392280779966602,-0.4280458441558442,0.1504556665671211,1.156862745098039,0.5048781642974012,51.0
2024-09-30,WLFC,194.21256303787231,0.188,580.814,0.039458174062945,0.7969,5.0241,3.513,2963.1658,0.3383,-32.928,0.8956,0.6736,0.654,0.7741,3.427,0.7719,3.417,0.1648,0.2357,0.1335,1.6847,9.9336,4.0185,0.2357,1.8438,1.795,0.292,12.7315,0.0349,0.1855,0.041,0.0597,21.3184,0.1044,545.131,3.427,0.654,0.7741,1.2358,Trading Companies & Distributors,0.4582558266768792,1.203069827772573,0.3913769787606395,0.3878862258157667,0.2088656272679517,2.2485286841326633,5.376623376623381e-05,0.921636264026122,0.0006011688311688,0.8355369345187207,5.571428571428578e-05,0.9300864197628772,0.0002492207792207,0.7685548775041733,42.92752181818184,5.932249802919616e-06,0.1947198701298701,0.0394457273329859,1.1304347826086956,0.3443502215750909,23.0
2024-09-30,WLFC,194.21256303787231,0.188,580.814,0.039458174062945,0.7969,5.0241,3.513,2963.1658,0.3383,-32.928,0.8956,0.6736,0.654,0.7741,3.427,0.7719,3.417,0.1648,0.2357,0.1335,1.6847,9.9336,4.0185,0.2357,1.8438,1.795,0.292,12.7315,0.0349,0.1855,0.041,0.0597,21.3184,0.1044,545.131,3.427,0.654,0.7741,1.2358,Trading Companies & Distributors,0.4582558266768792,1.203069827772573,0.3913769787606395,0.3878862258157667,0.2088656272679517,2.2485286841326633,5.376623376623381e-05,0.921636264026122,0.0006011688311688,0.8355369345187207,5.571428571428578e-05,0.9300864197628772,0.0002492207792207,0.7685548775041733,42.92752181818184,5.932249802919616e-06,0.1947198701298701,0.0394457273329859,1.1304347826086956,0.3443502215750909,23.0
2024-09-30,WLFC,194.21256303787231,0.188,580.814,0.039458174062945,0.7969,5.0241,3.513,2963.1658,0.3383,-32.928,0.8956,0.6736,0.654,0.7741,3.427,0.7719,3.417,0.1648,0.2357,0.1335,1.6847,9.9336,4.0185,0.2357,1.8438,1.795,0.292,12.7315,0.0349,0.1855,0.041,0.0597,21.3184,0.1044,545.131,3.427,0.654,0.7741,1.2358,Trading Companies & Distributors,0.4582558266768792,1.203069827772573,0.3913769787606395,0.3878862258157667,0.2088656272679517,2.2485286841326633,5.376623376623381e-05,0.921636264026122,0.0006011688311688,0.8355369345187207,5.571428571428578e-05,0.9300864197628772,0.0002492207792207,0.7685548775041733,42.92752181818184,5.932249802919616e-06,0.1947198701298701,0.0394457273329859,1.1304347826086956,0.3443502215750909,23.0
2024-09-30,WNC,18.44229444861412,1.5361,200.52,0.2412204560794381,1.8848,-9.8793,-7.5325,1146.7603,0.0577,1.9477,0.1207,5.9372,0.2728,0.6644,1.9797,0.5274,1.5716,-0.7115,-0.9332,0.078,4.1474,6.5999,6.544,-0.9445,0.3912,6.7523,1.0956,9.4524,-0.1681,-0.504,-0.2711,-0.3479,10.5868,0.8793,123.163,1.9797,0.2728,0.6644,1.1598,Machinery,0.4122532681532277,0.9211367997806816,0.6437915436483743,0.8871387729682282,0.1581616005570974,-9.013776205750183,0.0002472727272727,0.9810005217674214,-0.0056681818181818,0.8522198600173339,-0.0007363636363636,0.9639682939103144,-0.0041145454545454,0.8466223036128254,21.531647272727263,0.2682158877955342,-0.4657327272727273,0.1545698848456841,1.0535714285714286,0.519427757060782,56.0
2024-09-30,WNC,18.44229444861412,1.5361,200.52,0.2412204560794381,1.8848,-9.8793,-7.5325,1146.7603,0.0577,1.9477,0.1207,5.9372,0.2728,0.6644,1.9797,0.5274,1.5716,-0.7115,-0.9332,0.078,4.1474,6.5999,6.544,-0.9445,0.3912,6.7523,1.0956,9.4524,-0.1681,-0.504,-0.2711,-0.3479,10.5868,0.8793,123.163,1.9797,0.2728,0.6644,1.1598,Machinery,0.4122532681532277,0.9211367997806816,0.6437915436483743,0.8871387729682282,0.1581616005570974,-9.013776205750183,0.0002472727272727,0.9810005217674214,-0.0056681818181818,0.8522198600173339,-0.0007363636363636,0.9639682939103144,-0.0041145454545454,0.8466223036128254,21.531647272727263,0.2682158877955342,-0.4657327272727273,0.1545698848456841,1.0535714285714286,0.519427757060782,56.0
2024-09-30,WNC,18.44229444861412,1.5361,200.52,0.2412204560794381,1.8848,-9.8793,-7.5325,1146.7603,0.0577,1.9477,0.1207,5.9372,0.2728,0.6644,1.9797,0.5274,1.5716,-0.7115,-0.9332,0.078,4.1474,6.5999,6.544,-0.9445,0.3912,6.7523,1.0956,9.4524,-0.1681,-0.504,-0.2711,-0.3479,10.5868,0.8793,123.163,1.9797,0.2728,0.6644,1.1598,Machinery,0.4122532681532277,0.9211367997806816,0.6437915436483743,0.8871387729682282,0.1581616005570974,-9.013776205750183,0.0002472727272727,0.9810005217674214,-0.0056681818181818,0.8522198600173339,-0.0007363636363636,0.9639682939103144,-0.0041145454545454,0.8466223036128254,21.531647272727263,0.2682158877955342,-0.4657327272727273,0.1545698848456841,1.0535714285714286,0.519427757060782,56.0
2024-09-30,WSO,503.20146131515503,1.7572,2696.375,0.3154415854274076,3.3574,6.6428,4.54,22316.591,0.1032,16.3634,0.2621,3.481,0.0,0.0,0.0,-0.1028,-0.1034,0.0792,0.1159,0.7874,8.3799,43.2868,34.1948,0.119,3.0258,9.0941,1.6463,7.8862,0.1228,0.2075,0.206,0.2972,57.3384,0.7379,2484.618,0.0058,0.0034,0.0057,2.4806,Trading Companies & Distributors,1.612430244009191,1.345751963680911,1.966430673772969,1.930984695350852,1.573036776307733,2.9729755265533044,0.0025003896103896,0.0072362507902748,0.0047053246753246,0.0202130045525125,0.0048332467532467,0.0064355098055837,0.0063199999999999,0.0131651671230222,710.4223961038961,8.423802958803434e-09,0.1775311688311688,0.0208710254565485,1.2238805970149254,0.5726307055344223,67.0
2024-09-30,WSO,503.20146131515503,1.7572,2696.375,0.3154415854274076,3.3574,6.6428,4.54,22316.591,0.1032,16.3634,0.2621,3.481,0.0,0.0,0.0,-0.1028,-0.1034,0.0792,0.1159,0.7874,8.3799,43.2868,34.1948,0.119,3.0258,9.0941,1.6463,7.8862,0.1228,0.2075,0.206,0.2972,57.3384,0.7379,2484.618,0.0058,0.0034,0.0057,2.4806,Trading Companies & Distributors,1.612430244009191,1.345751963680911,1.966430673772969,1.930984695350852,1.573036776307733,2.9729755265533044,0.0025003896103896,0.0072362507902748,0.0047053246753246,0.0202130045525125,0.0048332467532467,0.0064355098055837,0.0063199999999999,0.0131651671230222,710.4223961038961,8.423802958803434e-09,0.1775311688311688,0.0208710254565485,1.2238805970149254,0.5726307055344223,67.0
2024-09-30,WSO,503.20146131515503,1.7572,2696.375,0.3154415854274076,3.3574,6.6428,4.54,22316.591,0.1032,16.3634,0.2621,3.481,0.0,0.0,0.0,-0.1028,-0.1034,0.0792,0.1159,0.7874,8.3799,43.2868,34.1948,0.119,3.0258,9.0941,1.6463,7.8862,0.1228,0.2075,0.206,0.2972,57.3384,0.7379,2484.618,0.0058,0.0034,0.0057,2.4806,Trading Companies & Distributors,1.612430244009191,1.345751963680911,1.966430673772969,1.930984695350852,1.573036776307733,2.9729755265533044,0.0025003896103896,0.0072362507902748,0.0047053246753246,0.0202130045525125,0.0048332467532467,0.0064355098055837,0.0063199999999999,0.0131651671230222,710.4223961038961,8.423802958803434e-09,0.1775311688311688,0.0208710254565485,1.2238805970149254,0.5726307055344223,67.0
2024-09-30,WTTR,12.616416528820992,1.1414,796.495,0.0491372455649345,1.782,0.2389,0.1539,1393.9295,0.0449,0.8295,0.1682,30.9233,0.0594,0.0913,0.1004,0.079,0.087,0.0425,0.066,0.4769,1.6631,22.1223,13.1988,0.065,0.8963,1.9813,1.3914,4.5154,0.0462,0.0767,0.0711,0.0696,3.6192,0.8318,668.565,0.1007,0.0596,0.0915,2.4478,Energy,-0.0012639253289551,0.5362182705159872,0.9700038464312328,0.7232708145448885,0.0200038847696738,0.1776486211452353,0.0139585714285714,0.001084993060112,0.0210738961038961,0.0008362513933907,0.0208041558441558,0.0009369088385675,0.0222570129870129,0.0021719787877324,43.249129090909086,0.0001031477818611,0.0502545454545454,0.0281950818338628,1.0517241379310345,0.2915424072011003,58.0
2024-09-30,WTTR,12.616416528820992,1.1414,796.495,0.0491372455649345,1.782,0.2389,0.1539,1393.9295,0.0449,0.8295,0.1682,30.9233,0.0594,0.0913,0.1004,0.079,0.087,0.0425,0.066,0.4769,1.6631,22.1223,13.1988,0.065,0.8963,1.9813,1.3914,4.5154,0.0462,0.0767,0.0711,0.0696,3.6192,0.8318,668.565,0.1007,0.0596,0.0915,2.4478,Energy,-0.0012639253289551,0.5362182705159872,0.9700038464312328,0.7232708145448885,0.0200038847696738,0.1776486211452353,0.0139585714285714,0.001084993060112,0.0210738961038961,0.0008362513933907,0.0208041558441558,0.0009369088385675,0.0222570129870129,0.0021719787877324,43.249129090909086,0.0001031477818611,0.0502545454545454,0.0281950818338628,1.0517241379310345,0.2915424072011003,58.0
2024-09-30,WTTR,12.616416528820992,1.1414,796.495,0.0491372455649345,1.782,0.2389,0.1539,1393.9295,0.0449,0.8295,0.1682,30.9233,0.0594,0.0913,0.1004,0.079,0.087,0.0425,0.066,0.4769,1.6631,22.1223,13.1988,0.065,0.8963,1.9813,1.3914,4.5154,0.0462,0.0767,0.0711,0.0696,3.6192,0.8318,668.565,0.1007,0.0596,0.0915,2.4478,Energy,-0.0012639253289551,0.5362182705159872,0.9700038464312328,0.7232708145448885,0.0200038847696738,0.1776486211452353,0.0139585714285714,0.001084993060112,0.0210738961038961,0.0008362513933907,0.0208041558441558,0.0009369088385675,0.0222570129870129,0.0021719787877324,43.249129090909086,0.0001031477818611,0.0502545454545454,0.0281950818338628,1.0517241379310345,0.2915424072011003,58.0
2024-09-30,ZBH,107.06269657611848,0.3525,12374.7,0.1593257357264861,1.362,1.3768,1.2266,27865.973,0.1795,4.9073,0.7047,0.9136,0.2181,0.2517,0.3829,0.3124,0.4753,0.1365,0.1532,0.1829,1.7765,20.2919,22.4444,0.1262,2.8944,2.8516,0.5742,5.3827,0.0503,0.0863,0.0585,0.0676,8.9862,0.2953,7709.4,0.5213,0.297,0.3427,2.3241,Health Care,-0.5200918139694523,-0.1295503598281072,-0.1205380237972064,-0.1436268917892448,3.118558909823179,6.0077095083332575,0.0016668831168831,0.0083753357163391,0.002584935064935,0.0294653005274774,0.0019397402597402,0.0094212440195783,0.0029351948051948,5.4806930142671046e-05,-392.2266363636364,0.0099371116691601,0.0629251948051948,0.0713625840377087,0.9655172413793104,0.5608739183890605,58.0
2024-09-30,ZBH,107.06269657611848,0.3525,12374.7,0.1593257357264861,1.362,1.3768,1.2266,27865.973,0.1795,4.9073,0.7047,0.9136,0.2181,0.2517,0.3829,0.3124,0.4753,0.1365,0.1532,0.1829,1.7765,20.2919,22.4444,0.1262,2.8944,2.8516,0.5742,5.3827,0.0503,0.0863,0.0585,0.0676,8.9862,0.2953,7709.4,0.5213,0.297,0.3427,2.3241,Health Care,-0.5200918139694523,-0.1295503598281072,-0.1205380237972064,-0.1436268917892448,3.118558909823179,6.0077095083332575,0.0016668831168831,0.0083753357163391,0.002584935064935,0.0294653005274774,0.0019397402597402,0.0094212440195783,0.0029351948051948,5.4806930142671046e-05,-392.2266363636364,0.0099371116691601,0.0629251948051948,0.0713625840377087,0.9655172413793104,0.5608739183890605,58.0
2024-09-30,ZWS,38.08533293008804,0.5795,1586.5,0.6729942693409743,2.7045,0.4057,0.2514,6411.967,0.2117,1.5897,0.462,3.0233,0.1751,0.2275,0.2986,0.1478,0.1939,0.1061,0.1712,0.4001,3.8476,44.3302,22.6084,0.1473,3.9316,9.002,1.7067,6.5194,0.0514,0.0861,0.0657,0.1085,2.3695,0.538,678.1,0.3124,0.1832,0.238,2.4187,Building,-0.147759531424054,-0.0723102538207486,-0.079618027363395,-0.1424146168587404,0.97955062099519,0.3216943467590702,0.000498901098901,0.7358726939927804,-0.003004945054945,0.3895485403851614,0.0004362637362637,0.822220398087864,0.0054351648351648,0.0022569553614969,-3.8988890109889938,0.9672209881883386,0.018354945054945,0.1303443604650882,1.0217391304347827,0.3326079062855714,46.0
2024-09-30,ZWS,38.08533293008804,0.5795,1586.5,0.6729942693409743,2.7045,0.4057,0.2514,6411.967,0.2117,1.5897,0.462,3.0233,0.1751,0.2275,0.2986,0.1478,0.1939,0.1061,0.1712,0.4001,3.8476,44.3302,22.6084,0.1473,3.9316,9.002,1.7067,6.5194,0.0514,0.0861,0.0657,0.1085,2.3695,0.538,678.1,0.3124,0.1832,0.238,2.4187,Building,-0.147759531424054,-0.0723102538207486,-0.079618027363395,-0.1424146168587404,0.97955062099519,0.3216943467590702,0.000498901098901,0.7358726939927804,-0.003004945054945,0.3895485403851614,0.0004362637362637,0.822220398087864,0.0054351648351648,0.0022569553614969,-3.8988890109889938,0.9672209881883386,0.018354945054945,0.1303443604650882,1.0217391304347827,0.3326079062855714,46.0
2024-09-30,ZWS,38.08533293008804,0.5795,1586.5,0.6729942693409743,2.7045,0.4057,0.2514,6411.967,0.2117,1.5897,0.462,3.0233,0.1751,0.2275,0.2986,0.1478,0.1939,0.1061,0.1712,0.4001,3.8476,44.3302,22.6084,0.1473,3.9316,9.002,1.7067,6.5194,0.0514,0.0861,0.0657,0.1085,2.3695,0.538,678.1,0.3124,0.1832,0.238,2.4187,Building,-0.147759531424054,-0.0723102538207486,-0.079618027363395,-0.1424146168587404,0.97955062099519,0.3216943467590702,0.000498901098901,0.7358726939927804,-0.003004945054945,0.3895485403851614,0.0004362637362637,0.822220398087864,0.0054351648351648,0.0022569553614969,-3.8988890109889938,0.9672209881883386,0.018354945054945,0.1303443604650882,1.0217391304347827,0.3326079062855714,46.0
2024-12-31,AAL,17.484799957275392,0.8543,160.0,0.0335181556676533,0.5484,1.567,0.8153,41125.793,0.0333,-1.2367,0.6663,7.8452,0.4121,0.9609,135.1562,1.1197,155.7562,0.0432,0.083,0.1056,75.0563,13.5388,3.9547,0.0582,0.2113,13.4054,0.4053,26.8904,0.0133,2.6562,0.0167,0.0318,18.8755,0.3337,1734.0,157.7063,0.4933,1.1501,0.9395,Airlines,-0.5528956422018348,-14.68464999237456,-0.0674813287258945,-0.1264170859093339,0.7958810281940447,2.9924272356117476,0.0047893506493506,0.0063228031743766,0.0695135064935065,0.0168400778961396,0.0079941558441558,0.0644462795085009,0.0085916883116883,0.0301394167100649,11.27924935064932,0.960304725887801,0.2786389610389611,0.0026853834146226,1.1630434782608696,0.6739034633244823,184.0
2024-12-31,AAL,17.484799957275392,0.8543,160.0,0.0335181556676533,0.5484,1.567,0.8153,41125.793,0.0333,-1.2367,0.6663,7.8452,0.4121,0.9609,135.1562,1.1197,155.7562,0.0432,0.083,0.1056,75.0563,13.5388,3.9547,0.0582,0.2113,13.4054,0.4053,26.8904,0.0133,2.6562,0.0167,0.0318,18.8755,0.3337,1734.0,157.7063,0.4933,1.1501,0.9395,Airlines,-0.5528956422018348,-14.68464999237456,-0.0674813287258945,-0.1264170859093339,0.7958810281940447,2.9924272356117476,0.0047893506493506,0.0063228031743766,0.0695135064935065,0.0168400778961396,0.0079941558441558,0.0644462795085009,0.0085916883116883,0.0301394167100649,11.27924935064932,0.960304725887801,0.2786389610389611,0.0026853834146226,1.1630434782608696,0.6739034633244823,184.0
2024-12-31,AAL,17.484799957275392,0.8543,160.0,0.0335181556676533,0.5484,1.567,0.8153,41125.793,0.0333,-1.2367,0.6663,7.8452,0.4121,0.9609,135.1562,1.1197,155.7562,0.0432,0.083,0.1056,75.0563,13.5388,3.9547,0.0582,0.2113,13.4054,0.4053,26.8904,0.0133,2.6562,0.0167,0.0318,18.8755,0.3337,1734.0,157.7063,0.4933,1.1501,0.9395,Airlines,-0.5528956422018348,-14.68464999237456,-0.0674813287258945,-0.1264170859093339,0.7958810281940447,2.9924272356117476,0.0047893506493506,0.0063228031743766,0.0695135064935065,0.0168400778961396,0.0079941558441558,0.0644462795085009,0.0085916883116883,0.0301394167100649,11.27924935064932,0.960304725887801,0.2786389610389611,0.0026853834146226,1.1630434782608696,0.6739034633244823,184.0
2024-12-31,ALV,96.81480010986328,1.2811,2275.0,0.0908340214698596,0.9587,4.4968,3.0955,8895.1704,0.1074,6.1776,0.2106,8.7553,0.195,0.3638,0.669,0.3774,0.6941,0.0929,0.1349,0.338,3.2159,11.2904,14.6911,0.1227,0.7041,8.1291,0.6592,4.9587,0.0799,0.279,0.1477,0.2232,33.3248,0.7894,900.0,0.8391,0.2446,0.4563,1.4115,Auto Components,-0.9071423656505884,-1.3511490710574978,-4.076016056196688,-80.94065934065941,0.0127578629846247,0.968554091283794,0.001565974025974,0.0087387987833577,0.0050533766233766,0.0146374538075613,0.0035845454545454,0.0010459750620188,0.0040671428571428,0.0047295954134125,101.18845584415584,0.030228427917217,0.0917007792207792,0.0575511502831016,1.15625,0.5297094536282677,96.0
2024-12-31,ALV,96.81480010986328,1.2811,2275.0,0.0908340214698596,0.9587,4.4968,3.0955,8895.1704,0.1074,6.1776,0.2106,8.7553,0.195,0.3638,0.669,0.3774,0.6941,0.0929,0.1349,0.338,3.2159,11.2904,14.6911,0.1227,0.7041,8.1291,0.6592,4.9587,0.0799,0.279,0.1477,0.2232,33.3248,0.7894,900.0,0.8391,0.2446,0.4563,1.4115,Auto Components,-0.9071423656505884,-1.3511490710574978,-4.076016056196688,-80.94065934065941,0.0127578629846247,0.968554091283794,0.001565974025974,0.0087387987833577,0.0050533766233766,0.0146374538075613,0.0035845454545454,0.0010459750620188,0.0040671428571428,0.0047295954134125,101.18845584415584,0.030228427917217,0.0917007792207792,0.0575511502831016,1.15625,0.5297094536282677,96.0
2024-12-31,ALV,96.81480010986328,1.2811,2275.0,0.0908340214698596,0.9587,4.4968,3.0955,8895.1704,0.1074,6.1776,0.2106,8.7553,0.195,0.3638,0.669,0.3774,0.6941,0.0929,0.1349,0.338,3.2159,11.2904,14.6911,0.1227,0.7041,8.1291,0.6592,4.9587,0.0799,0.279,0.1477,0.2232,33.3248,0.7894,900.0,0.8391,0.2446,0.4563,1.4115,Auto Components,-0.9071423656505884,-1.3511490710574978,-4.076016056196688,-80.94065934065941,0.0127578629846247,0.968554091283794,0.001565974025974,0.0087387987833577,0.0050533766233766,0.0146374538075613,0.0035845454545454,0.0010459750620188,0.0040671428571428,0.0047295954134125,101.18845584415584,0.030228427917217,0.0917007792207792,0.0575511502831016,1.15625,0.5297094536282677,96.0
2024-12-31,ATGE,99.48079986572266,0.6139,1438.91,0.5043712976591064,1.0586,2.7049,1.9754,3862.0058,0.189,6.2707,0.5831,4957.0,0.2387,0.3111,0.4517,0.2183,0.3169,0.1694,0.232,0.7917,2.3671,16.3547,10.8205,0.2059,2.0182,5.1002,0.8904,12.0275,0.0758,0.1509,0.1027,0.15,11.6593,0.4169,667.826,0.4517,0.2387,0.3111,2.1206,Diversified Consumer Services,-0.3826471052216438,-0.2979637171417993,-0.1968469979395275,-0.3720324598321203,1.945080949149161,477.590690208673,0.0033655844155844,0.0749433409763745,0.0068218181818181,0.0892850786630754,0.0045258441558441,0.0726177181822245,0.0016453246753246,0.1601545456950489,68.70307844155846,0.0020393928314503,0.071475974025974,0.0007591598036281,1.425,0.5686982693124599,80.0
2024-12-31,ATGE,99.48079986572266,0.6139,1438.91,0.5043712976591064,1.0586,2.7049,1.9754,3862.0058,0.189,6.2707,0.5831,4957.0,0.2387,0.3111,0.4517,0.2183,0.3169,0.1694,0.232,0.7917,2.3671,16.3547,10.8205,0.2059,2.0182,5.1002,0.8904,12.0275,0.0758,0.1509,0.1027,0.15,11.6593,0.4169,667.826,0.4517,0.2387,0.3111,2.1206,Diversified Consumer Services,-0.3826471052216438,-0.2979637171417993,-0.1968469979395275,-0.3720324598321203,1.945080949149161,477.590690208673,0.0033655844155844,0.0749433409763745,0.0068218181818181,0.0892850786630754,0.0045258441558441,0.0726177181822245,0.0016453246753246,0.1601545456950489,68.70307844155846,0.0020393928314503,0.071475974025974,0.0007591598036281,1.425,0.5686982693124599,80.0
2024-12-31,ATGE,99.48079986572266,0.6139,1438.91,0.5043712976591064,1.0586,2.7049,1.9754,3862.0058,0.189,6.2707,0.5831,4957.0,0.2387,0.3111,0.4517,0.2183,0.3169,0.1694,0.232,0.7917,2.3671,16.3547,10.8205,0.2059,2.0182,5.1002,0.8904,12.0275,0.0758,0.1509,0.1027,0.15,11.6593,0.4169,667.826,0.4517,0.2387,0.3111,2.1206,Diversified Consumer Services,-0.3826471052216438,-0.2979637171417993,-0.1968469979395275,-0.3720324598321203,1.945080949149161,477.590690208673,0.0033655844155844,0.0749433409763745,0.0068218181818181,0.0892850786630754,0.0045258441558441,0.0726177181822245,0.0016453246753246,0.1601545456950489,68.70307844155846,0.0020393928314503,0.071475974025974,0.0007591598036281,1.425,0.5686982693124599,80.0
2024-12-31,AUDC,10.569199905395507,0.7293,191.814,0.7555364078294196,2.0947,0.1356,0.2239,232.9604,0.1917,0.3664,0.6615,2.2279,0.0,0.0,0.0,-0.1259,-0.1259,0.1101,0.0666,1.2946,1.5208,19.0523,13.0565,0.0358,1.2045,1.9796,1.69,4.5207,0.0461,0.0816,0.0816,0.0916,2.0342,0.3385,187.091,0.0,0.0,0.0,2.3312,Communications,-0.1635853944146765,-0.1682231430515183,-0.2153162127039204,-0.229512098870605,0.0072155877711343,-0.0030569995143969,-0.000655974025974,0.5504723214204748,-0.0017068831168831,0.3329759600681977,-0.0015881818181818,0.3695508924666996,0.0042158441558441,0.2263863973749091,-36.344647922077925,7.750420666944408e-06,0.0053385714285714,0.5770136529487222,1.2777777777777777,0.6691131580686884,18.0
2024-12-31,AUDC,10.569199905395507,0.7293,191.814,0.7555364078294196,2.0947,0.1356,0.2239,232.9604,0.1917,0.3664,0.6615,2.2279,0.0,0.0,0.0,-0.1259,-0.1259,0.1101,0.0666,1.2946,1.5208,19.0523,13.0565,0.0358,1.2045,1.9796,1.69,4.5207,0.0461,0.0816,0.0816,0.0916,2.0342,0.3385,187.091,0.0,0.0,0.0,2.3312,Communications,-0.1635853944146765,-0.1682231430515183,-0.2153162127039204,-0.229512098870605,0.0072155877711343,-0.0030569995143969,-0.000655974025974,0.5504723214204748,-0.0017068831168831,0.3329759600681977,-0.0015881818181818,0.3695508924666996,0.0042158441558441,0.2263863973749091,-36.344647922077925,7.750420666944408e-06,0.0053385714285714,0.5770136529487222,1.2777777777777777,0.6691131580686884,18.0
2024-12-31,AUDC,10.569199905395507,0.7293,191.814,0.7555364078294196,2.0947,0.1356,0.2239,232.9604,0.1917,0.3664,0.6615,2.2279,0.0,0.0,0.0,-0.1259,-0.1259,0.1101,0.0666,1.2946,1.5208,19.0523,13.0565,0.0358,1.2045,1.9796,1.69,4.5207,0.0461,0.0816,0.0816,0.0916,2.0342,0.3385,187.091,0.0,0.0,0.0,2.3312,Communications,-0.1635853944146765,-0.1682231430515183,-0.2153162127039204,-0.229512098870605,0.0072155877711343,-0.0030569995143969,-0.000655974025974,0.5504723214204748,-0.0017068831168831,0.3329759600681977,-0.0015881818181818,0.3695508924666996,0.0042158441558441,0.2263863973749091,-36.344647922077925,7.750420666944408e-06,0.0053385714285714,0.5770136529487222,1.2777777777777777,0.6691131580686884,18.0
2024-12-31,AVTR,21.85080009460449,0.5383,5956.7,0.1304607721046077,1.0693,0.9301,0.7345,18134.433,0.0864,1.0165,0.3337,5.7762,0.267,0.3231,0.543,0.3789,0.6369,0.2967,0.3757,0.1029,2.4075,20.1554,20.7233,0.3464,2.114,5.523,0.7049,6.2101,0.0565,0.1277,0.0683,0.103,2.4756,0.6663,2596.5,0.6809,0.3348,0.4051,1.9673,Life Sciences Tools & Services,-1.2955414012738853,-2.9588723691832404,-1.228724201689071,-1.6814801378559767,1.7571551597591115,2.6333314982737335,0.0011145454545454,0.0462177949126402,0.0011416883116883,0.5116520475703019,0.0012314285714285,0.0772691733303392,0.0004484415584415,0.5253582909545935,120.97077012987016,0.5125183618004576,0.0082032467532467,0.2429398696767738,1.0987654320987654,0.4063538566202165,81.0
2024-12-31,AVTR,21.85080009460449,0.5383,5956.7,0.1304607721046077,1.0693,0.9301,0.7345,18134.433,0.0864,1.0165,0.3337,5.7762,0.267,0.3231,0.543,0.3789,0.6369,0.2967,0.3757,0.1029,2.4075,20.1554,20.7233,0.3464,2.114,5.523,0.7049,6.2101,0.0565,0.1277,0.0683,0.103,2.4756,0.6663,2596.5,0.6809,0.3348,0.4051,1.9673,Life Sciences Tools & Services,-1.2955414012738853,-2.9588723691832404,-1.228724201689071,-1.6814801378559767,1.7571551597591115,2.6333314982737335,0.0011145454545454,0.0462177949126402,0.0011416883116883,0.5116520475703019,0.0012314285714285,0.0772691733303392,0.0004484415584415,0.5253582909545935,120.97077012987016,0.5125183618004576,0.0082032467532467,0.2429398696767738,1.0987654320987654,0.4063538566202165,81.0
2024-12-31,AVTR,21.85080009460449,0.5383,5956.7,0.1304607721046077,1.0693,0.9301,0.7345,18134.433,0.0864,1.0165,0.3337,5.7762,0.267,0.3231,0.543,0.3789,0.6369,0.2967,0.3757,0.1029,2.4075,20.1554,20.7233,0.3464,2.114,5.523,0.7049,6.2101,0.0565,0.1277,0.0683,0.103,2.4756,0.6663,2596.5,0.6809,0.3348,0.4051,1.9673,Life Sciences Tools & Services,-1.2955414012738853,-2.9588723691832404,-1.228724201689071,-1.6814801378559767,1.7571551597591115,2.6333314982737335,0.0011145454545454,0.0462177949126402,0.0011416883116883,0.5116520475703019,0.0012314285714285,0.0772691733303392,0.0004484415584415,0.5253582909545935,120.97077012987016,0.5125183618004576,0.0082032467532467,0.2429398696767738,1.0987654320987654,0.4063538566202165,81.0
2024-12-31,BDX,238.3716003417969,0.3724,25205.0,0.0927713987473903,1.1298,1.56,1.0434,83841.06,0.1138,10.2251,0.4325,3.1488,0.319,0.3967,0.6919,0.4105,0.716,0.0586,0.0877,0.6447,2.6104,37.6396,22.4094,0.0592,3.1877,4.4709,0.4525,8.4159,0.0315,0.0681,0.0391,0.0546,17.7968,0.5675,14716.0,0.7442,0.3431,0.4267,1.8556,Health Care,-0.3257036210743091,-0.1022291947195144,-0.0805647304353978,-0.1160063356759285,9.382887318236463,6.807108391196892,0.000347922077922,0.1295399916036361,0.0003420779220779,0.4871333250501449,0.000387922077922,0.1991975067421136,0.0012444155844155,4.4414580862111886e-06,2.823441558441392,0.983384670992724,0.0390718181818181,0.2788998344439695,1.335820895522388,0.5744435666707546,134.0
2024-12-31,BDX,238.3716003417969,0.3724,25205.0,0.0927713987473903,1.1298,1.56,1.0434,83841.06,0.1138,10.2251,0.4325,3.1488,0.319,0.3967,0.6919,0.4105,0.716,0.0586,0.0877,0.6447,2.6104,37.6396,22.4094,0.0592,3.1877,4.4709,0.4525,8.4159,0.0315,0.0681,0.0391,0.0546,17.7968,0.5675,14716.0,0.7442,0.3431,0.4267,1.8556,Health Care,-0.3257036210743091,-0.1022291947195144,-0.0805647304353978,-0.1160063356759285,9.382887318236463,6.807108391196892,0.000347922077922,0.1295399916036361,0.0003420779220779,0.4871333250501449,0.000387922077922,0.1991975067421136,0.0012444155844155,4.4414580862111886e-06,2.823441558441392,0.983384670992724,0.0390718181818181,0.2788998344439695,1.335820895522388,0.5744435666707546,134.0
2024-12-31,BDX,238.3716003417969,0.3724,25205.0,0.0927713987473903,1.1298,1.56,1.0434,83841.06,0.1138,10.2251,0.4325,3.1488,0.319,0.3967,0.6919,0.4105,0.716,0.0586,0.0877,0.6447,2.6104,37.6396,22.4094,0.0592,3.1877,4.4709,0.4525,8.4159,0.0315,0.0681,0.0391,0.0546,17.7968,0.5675,14716.0,0.7442,0.3431,0.4267,1.8556,Health Care,-0.3257036210743091,-0.1022291947195144,-0.0805647304353978,-0.1160063356759285,9.382887318236463,6.807108391196892,0.000347922077922,0.1295399916036361,0.0003420779220779,0.4871333250501449,0.000387922077922,0.1991975067421136,0.0012444155844155,4.4414580862111886e-06,2.823441558441392,0.983384670992724,0.0390718181818181,0.2788998344439695,1.335820895522388,0.5744435666707546,134.0
2024-12-31,BG,77.26000030517578,2.1155,10945.0,0.4453261600537996,2.1463,4.3841,4.3623,13306.418,0.0416,3.9257,0.0798,7.3132,0.1885,0.2732,0.4289,0.1703,0.2674,0.0445,0.0447,0.3325,0.9483,9.1288,4.5226,0.0521,0.1954,1.0205,1.2733,22.4084,0.0453,0.1092,0.0708,0.098,98.1304,0.9202,10171.0,0.5699,0.2505,0.363,1.7844,Food Products,-0.4855572351243644,-0.610082083458679,-0.4624931954273272,-0.8403878713252271,0.1921660116820173,-0.3630469482979653,0.0043345454545454,0.0182901964732413,0.010535974025974,0.1059161094332489,0.0070550649350649,0.0274963608643966,0.0081827272727272,0.0064816758453699,202.65753376623377,0.0448075319883055,0.0854755844155844,0.2058543075186946,1.028169014084507,0.4772489911959852,71.0
2024-12-31,BG,77.26000030517578,2.1155,10945.0,0.4453261600537996,2.1463,4.3841,4.3623,13306.418,0.0416,3.9257,0.0798,7.3132,0.1885,0.2732,0.4289,0.1703,0.2674,0.0445,0.0447,0.3325,0.9483,9.1288,4.5226,0.0521,0.1954,1.0205,1.2733,22.4084,0.0453,0.1092,0.0708,0.098,98.1304,0.9202,10171.0,0.5699,0.2505,0.363,1.7844,Food Products,-0.4855572351243644,-0.610082083458679,-0.4624931954273272,-0.8403878713252271,0.1921660116820173,-0.3630469482979653,0.0043345454545454,0.0182901964732413,0.010535974025974,0.1059161094332489,0.0070550649350649,0.0274963608643966,0.0081827272727272,0.0064816758453699,202.65753376623377,0.0448075319883055,0.0854755844155844,0.2058543075186946,1.028169014084507,0.4772489911959852,71.0
2024-12-31,BG,77.26000030517578,2.1155,10945.0,0.4453261600537996,2.1463,4.3841,4.3623,13306.418,0.0416,3.9257,0.0798,7.3132,0.1885,0.2732,0.4289,0.1703,0.2674,0.0445,0.0447,0.3325,0.9483,9.1288,4.5226,0.0521,0.1954,1.0205,1.2733,22.4084,0.0453,0.1092,0.0708,0.098,98.1304,0.9202,10171.0,0.5699,0.2505,0.363,1.7844,Food Products,-0.4855572351243644,-0.610082083458679,-0.4624931954273272,-0.8403878713252271,0.1921660116820173,-0.3630469482979653,0.0043345454545454,0.0182901964732413,0.010535974025974,0.1059161094332489,0.0070550649350649,0.0274963608643966,0.0081827272727272,0.0064816758453699,202.65753376623377,0.0448075319883055,0.0854755844155844,0.2058543075186946,1.028169014084507,0.4772489911959852,71.0
2024-12-31,CHRW,103.03240020751952,3.2381,1722.051,0.0626960838712063,1.2773,1.503,1.2209,13444.848,0.0606,3.5911,0.1636,1145.0,0.174,0.2974,0.5353,0.3974,0.7154,0.0357,0.0439,0.633,7.0921,26.2255,25.4285,0.0403,0.689,8.0447,1.2334,6.8756,0.0851,0.2956,0.1465,0.2104,34.2188,0.8364,1609.079,0.8,0.26,0.4444,1.4816,Logistics & Transportation,-2.852969348659004,-1.920371229698376,-3.582532751091703,-8.920654149000606,2.778422620361754,3.745223988039205,-0.0025124675324675,0.0186829080895561,-0.002428961038961,0.5477816207355269,-0.0036090909090909,0.0593810354224767,-0.0033168831168831,0.1230157073164209,-5.301913636363665,0.9328285974604582,-0.0061702597402597,0.8085173428617316,1.2689655172413794,0.6152593447503922,145.0
2024-12-31,CHRW,103.03240020751952,3.2381,1722.051,0.0626960838712063,1.2773,1.503,1.2209,13444.848,0.0606,3.5911,0.1636,1145.0,0.174,0.2974,0.5353,0.3974,0.7154,0.0357,0.0439,0.633,7.0921,26.2255,25.4285,0.0403,0.689,8.0447,1.2334,6.8756,0.0851,0.2956,0.1465,0.2104,34.2188,0.8364,1609.079,0.8,0.26,0.4444,1.4816,Logistics & Transportation,-2.852969348659004,-1.920371229698376,-3.582532751091703,-8.920654149000606,2.778422620361754,3.745223988039205,-0.0025124675324675,0.0186829080895561,-0.002428961038961,0.5477816207355269,-0.0036090909090909,0.0593810354224767,-0.0033168831168831,0.1230157073164209,-5.301913636363665,0.9328285974604582,-0.0061702597402597,0.8085173428617316,1.2689655172413794,0.6152593447503922,145.0
2024-12-31,CHRW,103.03240020751952,3.2381,1722.051,0.0626960838712063,1.2773,1.503,1.2209,13444.848,0.0606,3.5911,0.1636,1145.0,0.174,0.2974,0.5353,0.3974,0.7154,0.0357,0.0439,0.633,7.0921,26.2255,25.4285,0.0403,0.689,8.0447,1.2334,6.8756,0.0851,0.2956,0.1465,0.2104,34.2188,0.8364,1609.079,0.8,0.26,0.4444,1.4816,Logistics & Transportation,-2.852969348659004,-1.920371229698376,-3.582532751091703,-8.920654149000606,2.778422620361754,3.745223988039205,-0.0025124675324675,0.0186829080895561,-0.002428961038961,0.5477816207355269,-0.0036090909090909,0.0593810354224767,-0.0033168831168831,0.1230157073164209,-5.301913636363665,0.9328285974604582,-0.0061702597402597,0.8085173428617316,1.2689655172413794,0.6152593447503922,145.0
2024-12-31,CL,87.85021270751953,1.2206,212.0,0.2149441066875858,1.0428,1.298,0.9015,81127.47,0.2195,4.3402,0.6032,4.0495,0.4954,0.974,37.4953,0.8397,32.3255,0.1495,0.2152,0.619,350.3513,25.7005,20.946,0.2011,3.6952,212.5239,0.6531,12.9385,0.1755,11.56,0.3327,0.4913,6.0315,0.3968,293.0,37.4953,0.4954,0.974,1.0134,Consumer products,-0.0823495279966078,55.53719782988247,-1.7939083891161114,-2.830725342364688,9.896400156710197,1.6012064560200212,-0.001515974025974,0.1598289911631359,0.184864025974026,0.022983883636835,-0.0021201298701298,0.4775224640475055,-0.0044201298701298,0.3410969699091041,633.5755012987014,0.0080417209658875,0.0080242857142857,0.4364804352983072,1.1785714285714286,0.5925831867263541,168.0
2024-12-31,CL,87.85021270751953,1.2206,212.0,0.2149441066875858,1.0428,1.298,0.9015,81127.47,0.2195,4.3402,0.6032,4.0495,0.4954,0.974,37.4953,0.8397,32.3255,0.1495,0.2152,0.619,350.3513,25.7005,20.946,0.2011,3.6952,212.5239,0.6531,12.9385,0.1755,11.56,0.3327,0.4913,6.0315,0.3968,293.0,37.4953,0.4954,0.974,1.0134,Consumer products,-0.0823495279966078,55.53719782988247,-1.7939083891161114,-2.830725342364688,9.896400156710197,1.6012064560200212,-0.001515974025974,0.1598289911631359,0.184864025974026,0.022983883636835,-0.0021201298701298,0.4775224640475055,-0.0044201298701298,0.3410969699091041,633.5755012987014,0.0080417209658875,0.0080242857142857,0.4364804352983072,1.1785714285714286,0.5925831867263541,168.0
2024-12-31,CL,87.85021270751953,1.2206,212.0,0.2149441066875858,1.0428,1.298,0.9015,81127.47,0.2195,4.3402,0.6032,4.0495,0.4954,0.974,37.4953,0.8397,32.3255,0.1495,0.2152,0.619,350.3513,25.7005,20.946,0.2011,3.6952,212.5239,0.6531,12.9385,0.1755,11.56,0.3327,0.4913,6.0315,0.3968,293.0,37.4953,0.4954,0.974,1.0134,Consumer products,-0.0823495279966078,55.53719782988247,-1.7939083891161114,-2.830725342364688,9.896400156710197,1.6012064560200212,-0.001515974025974,0.1598289911631359,0.184864025974026,0.022983883636835,-0.0021201298701298,0.4775224640475055,-0.0044201298701298,0.3410969699091041,633.5755012987014,0.0080417209658875,0.0080242857142857,0.4364804352983072,1.1785714285714286,0.5925831867263541,168.0
2024-12-31,CMI,360.5935986328125,1.0763,10271.0,0.1487448816094,1.3132,5.289,3.0202,53181.06,0.0451,2.4581,0.2535,4.476,0.1517,0.2761,0.4658,0.3109,0.5246,0.0495,0.0867,0.2038,4.6532,12.1118,31.0866,0.0784,1.4015,6.0345,0.6627,6.3363,0.1245,0.4026,0.2315,0.2982,61.0332,0.7465,7920.0,0.6873,0.2238,0.4073,1.4829,Machinery,-0.3053273758779111,-0.7358128483962351,-0.5497519083533702,-0.7604046625441957,7.334751271842106,4.82563160873875,-0.0013344155844155,0.0741000158793936,-0.0006361038961038,0.7714160682844355,-0.0028342857142857,0.0451651107430971,-0.001465974025974,0.2960500534571241,1014.9145935064936,1.935349872261572e-06,0.1710533766233766,0.2664259048184053,1.373134328358209,0.5438880052651929,134.0
2024-12-31,CMI,360.5935986328125,1.0763,10271.0,0.1487448816094,1.3132,5.289,3.0202,53181.06,0.0451,2.4581,0.2535,4.476,0.1517,0.2761,0.4658,0.3109,0.5246,0.0495,0.0867,0.2038,4.6532,12.1118,31.0866,0.0784,1.4015,6.0345,0.6627,6.3363,0.1245,0.4026,0.2315,0.2982,61.0332,0.7465,7920.0,0.6873,0.2238,0.4073,1.4829,Machinery,-0.3053273758779111,-0.7358128483962351,-0.5497519083533702,-0.7604046625441957,7.334751271842106,4.82563160873875,-0.0013344155844155,0.0741000158793936,-0.0006361038961038,0.7714160682844355,-0.0028342857142857,0.0451651107430971,-0.001465974025974,0.2960500534571241,1014.9145935064936,1.935349872261572e-06,0.1710533766233766,0.2664259048184053,1.373134328358209,0.5438880052651929,134.0
2024-12-31,CMI,360.5935986328125,1.0763,10271.0,0.1487448816094,1.3132,5.289,3.0202,53181.06,0.0451,2.4581,0.2535,4.476,0.1517,0.2761,0.4658,0.3109,0.5246,0.0495,0.0867,0.2038,4.6532,12.1118,31.0866,0.0784,1.4015,6.0345,0.6627,6.3363,0.1245,0.4026,0.2315,0.2982,61.0332,0.7465,7920.0,0.6873,0.2238,0.4073,1.4829,Machinery,-0.3053273758779111,-0.7358128483962351,-0.5497519083533702,-0.7604046625441957,7.334751271842106,4.82563160873875,-0.0013344155844155,0.0741000158793936,-0.0006361038961038,0.7714160682844355,-0.0028342857142857,0.0451651107430971,-0.001465974025974,0.2960500534571241,1014.9145935064936,1.935349872261572e-06,0.1710533766233766,0.2664259048184053,1.373134328358209,0.5438880052651929,134.0
2024-12-31,CRS,195.1977001953125,0.8822,1716.9,0.3751446424438787,3.7961,2.3452,1.6588,8991.871,0.057,5.1248,0.2622,2.7166,0.2089,0.2881,0.4047,0.2209,0.3103,0.1242,0.1757,0.1503,4.927,31.4701,33.0953,0.1553,2.9393,4.9628,1.9169,5.3604,0.0824,0.1652,0.1158,0.1571,13.3511,0.7378,1704.5,0.4047,0.2089,0.2881,2.0665,Metals & Mining,-0.3275916810000911,-0.2685520824278604,-0.3127024102643921,-0.4735909964453041,2.280056874655293,5.704620910415357,0.0044523376623376,0.0133012260414625,0.0095361038961038,0.0138664083771054,0.0063684415584415,0.0152892809931347,0.0085342857142857,0.0101502274893081,265.3485290909091,2.9658122062910973e-05,0.1566014285714285,0.0005670748081701,1.3788819875776397,0.5694745316833975,161.0
2024-12-31,CRS,195.1977001953125,0.8822,1716.9,0.3751446424438787,3.7961,2.3452,1.6588,8991.871,0.057,5.1248,0.2622,2.7166,0.2089,0.2881,0.4047,0.2209,0.3103,0.1242,0.1757,0.1503,4.927,31.4701,33.0953,0.1553,2.9393,4.9628,1.9169,5.3604,0.0824,0.1652,0.1158,0.1571,13.3511,0.7378,1704.5,0.4047,0.2089,0.2881,2.0665,Metals & Mining,-0.3275916810000911,-0.2685520824278604,-0.3127024102643921,-0.4735909964453041,2.280056874655293,5.704620910415357,0.0044523376623376,0.0133012260414625,0.0095361038961038,0.0138664083771054,0.0063684415584415,0.0152892809931347,0.0085342857142857,0.0101502274893081,265.3485290909091,2.9658122062910973e-05,0.1566014285714285,0.0005670748081701,1.3788819875776397,0.5694745316833975,161.0
2024-12-31,CRS,195.1977001953125,0.8822,1716.9,0.3751446424438787,3.7961,2.3452,1.6588,8991.871,0.057,5.1248,0.2622,2.7166,0.2089,0.2881,0.4047,0.2209,0.3103,0.1242,0.1757,0.1503,4.927,31.4701,33.0953,0.1553,2.9393,4.9628,1.9169,5.3604,0.0824,0.1652,0.1158,0.1571,13.3511,0.7378,1704.5,0.4047,0.2089,0.2881,2.0665,Metals & Mining,-0.3275916810000911,-0.2685520824278604,-0.3127024102643921,-0.4735909964453041,2.280056874655293,5.704620910415357,0.0044523376623376,0.0133012260414625,0.0095361038961038,0.0138664083771054,0.0063684415584415,0.0152892809931347,0.0085342857142857,0.0101502274893081,265.3485290909091,2.9658122062910973e-05,0.1566014285714285,0.0005670748081701,1.3788819875776397,0.5694745316833975,161.0
2024-12-31,CSWI,356.0336853027344,0.715,1044.023,1.5867126897524402,4.1826,1.7541,1.5972,5718.9696,0.0436,8.7481,0.4137,2.6743,0.0,0.0,0.0,-0.2047,-0.2047,0.1392,0.1528,0.1013,5.6826,44.4902,40.4013,0.1615,6.9097,8.6135,2.4391,7.8288,0.111,0.1597,0.1473,0.1994,11.4775,0.5863,688.767,0.0,0.0,0.0,4.4099,Building,-0.3190915950986381,-0.1341225033121203,-0.1785043444540045,-0.2617278765127451,0.8736820110166839,1.3908899523048683,-8.090909090909116e-05,0.919748105354994,0.0018101298701298,0.0301482908363097,0.0004140259740259,0.6653839709426299,0.0004868831168831,0.7509379936679135,192.3214868831169,1.432930582685385e-07,0.1112922077922077,3.8617734801683014e-05,1.2058823529411764,0.5918339122415548,34.0
2024-12-31,CSWI,356.0336853027344,0.715,1044.023,1.5867126897524402,4.1826,1.7541,1.5972,5718.9696,0.0436,8.7481,0.4137,2.6743,0.0,0.0,0.0,-0.2047,-0.2047,0.1392,0.1528,0.1013,5.6826,44.4902,40.4013,0.1615,6.9097,8.6135,2.4391,7.8288,0.111,0.1597,0.1473,0.1994,11.4775,0.5863,688.767,0.0,0.0,0.0,4.4099,Building,-0.3190915950986381,-0.1341225033121203,-0.1785043444540045,-0.2617278765127451,0.8736820110166839,1.3908899523048683,-8.090909090909116e-05,0.919748105354994,0.0018101298701298,0.0301482908363097,0.0004140259740259,0.6653839709426299,0.0004868831168831,0.7509379936679135,192.3214868831169,1.432930582685385e-07,0.1112922077922077,3.8617734801683014e-05,1.2058823529411764,0.5918339122415548,34.0
2024-12-31,CSWI,356.0336853027344,0.715,1044.023,1.5867126897524402,4.1826,1.7541,1.5972,5718.9696,0.0436,8.7481,0.4137,2.6743,0.0,0.0,0.0,-0.2047,-0.2047,0.1392,0.1528,0.1013,5.6826,44.4902,40.4013,0.1615,6.9097,8.6135,2.4391,7.8288,0.111,0.1597,0.1473,0.1994,11.4775,0.5863,688.767,0.0,0.0,0.0,4.4099,Building,-0.3190915950986381,-0.1341225033121203,-0.1785043444540045,-0.2617278765127451,0.8736820110166839,1.3908899523048683,-8.090909090909116e-05,0.919748105354994,0.0018101298701298,0.0301482908363097,0.0004140259740259,0.6653839709426299,0.0004868831168831,0.7509379936679135,192.3214868831169,1.432930582685385e-07,0.1112922077922077,3.8617734801683014e-05,1.2058823529411764,0.5918339122415548,34.0
2024-12-31,CTVA,61.758399658203125,0.403,23789.0,0.2990564221066821,1.4536,0.1877,-0.0597,38745.21,1.0035,2.2579,0.3725,1.5455,0.0478,0.0737,0.0821,-0.0152,-0.0169,-0.0103,0.0324,0.1515,1.6456,43.1623,9.0432,0.0221,2.3154,2.6251,0.9306,3.995,0.0216,0.0368,0.0312,0.0593,5.7879,0.6275,14913.0,0.1136,0.0662,0.102,2.3964,Chemicals,-0.1118797851946227,-0.0934940237531356,-0.340201534065273,-0.7476414752554162,0.0252031099873387,0.0127093227772927,0.0009723376623376,0.1214493843265845,0.0016546753246753,0.1170730674185539,0.0013685714285714,0.1680452117263093,0.0028971428571428,3.457228488088916e-07,1190.8157324675326,3.831028222954091e-06,0.017895974025974,0.5884228162013319,1.1,0.5647896438251606,80.0
2024-12-31,CTVA,61.758399658203125,0.403,23789.0,0.2990564221066821,1.4536,0.1877,-0.0597,38745.21,1.0035,2.2579,0.3725,1.5455,0.0478,0.0737,0.0821,-0.0152,-0.0169,-0.0103,0.0324,0.1515,1.6456,43.1623,9.0432,0.0221,2.3154,2.6251,0.9306,3.995,0.0216,0.0368,0.0312,0.0593,5.7879,0.6275,14913.0,0.1136,0.0662,0.102,2.3964,Chemicals,-0.1118797851946227,-0.0934940237531356,-0.340201534065273,-0.7476414752554162,0.0252031099873387,0.0127093227772927,0.0009723376623376,0.1214493843265845,0.0016546753246753,0.1170730674185539,0.0013685714285714,0.1680452117263093,0.0028971428571428,3.457228488088916e-07,1190.8157324675326,3.831028222954091e-06,0.017895974025974,0.5884228162013319,1.1,0.5647896438251606,80.0
2024-12-31,CTVA,61.758399658203125,0.403,23789.0,0.2990564221066821,1.4536,0.1877,-0.0597,38745.21,1.0035,2.2579,0.3725,1.5455,0.0478,0.0737,0.0821,-0.0152,-0.0169,-0.0103,0.0324,0.1515,1.6456,43.1623,9.0432,0.0221,2.3154,2.6251,0.9306,3.995,0.0216,0.0368,0.0312,0.0593,5.7879,0.6275,14913.0,0.1136,0.0662,0.102,2.3964,Chemicals,-0.1118797851946227,-0.0934940237531356,-0.340201534065273,-0.7476414752554162,0.0252031099873387,0.0127093227772927,0.0009723376623376,0.1214493843265845,0.0016546753246753,0.1170730674185539,0.0013685714285714,0.1680452117263093,0.0028971428571428,3.457228488088916e-07,1190.8157324675326,3.831028222954091e-06,0.017895974025974,0.5884228162013319,1.1,0.5647896438251606,80.0
2024-12-31,CUZ,30.189999923706058,0.1072,4846.678,0.0189773557718379,0.6595,0.3088,0.0862,8224.812,0.3269,-5.1155,0.6741,28.5833,0.3517,0.3898,0.6387,0.3888,0.6372,0.0605,0.2169,4.2516,1.0598,111.7553,40.0315,0.0702,5.9953,1.0984,0.6479,75.8193,0.0058,0.0101,0.0063,0.0236,1.4239,0.3259,4676.363,0.6387,0.3517,0.3898,2.2253,Real Estate,-0.2384113030944712,-0.2197209284495812,-0.1824060610698706,-1.8081544484946668,0.7362577368621352,0.5905863299545472,-0.0016238961038961,0.0006935954104455,-0.0024597402597402,0.0010379923008274,-0.0017422077922077,0.0006862283173899,0.0002783116883116,0.0085749310042593,-39.08767935064936,0.2643604623090499,0.0014344155844155,0.2656765587178487,1.2028985507246377,0.6319835753852249,69.0
2024-12-31,CUZ,30.189999923706058,0.1072,4846.678,0.0189773557718379,0.6595,0.3088,0.0862,8224.812,0.3269,-5.1155,0.6741,28.5833,0.3517,0.3898,0.6387,0.3888,0.6372,0.0605,0.2169,4.2516,1.0598,111.7553,40.0315,0.0702,5.9953,1.0984,0.6479,75.8193,0.0058,0.0101,0.0063,0.0236,1.4239,0.3259,4676.363,0.6387,0.3517,0.3898,2.2253,Real Estate,-0.2384113030944712,-0.2197209284495812,-0.1824060610698706,-1.8081544484946668,0.7362577368621352,0.5905863299545472,-0.0016238961038961,0.0006935954104455,-0.0024597402597402,0.0010379923008274,-0.0017422077922077,0.0006862283173899,0.0002783116883116,0.0085749310042593,-39.08767935064936,0.2643604623090499,0.0014344155844155,0.2656765587178487,1.2028985507246377,0.6319835753852249,69.0
2024-12-31,CUZ,30.189999923706058,0.1072,4846.678,0.0189773557718379,0.6595,0.3088,0.0862,8224.812,0.3269,-5.1155,0.6741,28.5833,0.3517,0.3898,0.6387,0.3888,0.6372,0.0605,0.2169,4.2516,1.0598,111.7553,40.0315,0.0702,5.9953,1.0984,0.6479,75.8193,0.0058,0.0101,0.0063,0.0236,1.4239,0.3259,4676.363,0.6387,0.3517,0.3898,2.2253,Real Estate,-0.2384113030944712,-0.2197209284495812,-0.1824060610698706,-1.8081544484946668,0.7362577368621352,0.5905863299545472,-0.0016238961038961,0.0006935954104455,-0.0024597402597402,0.0010379923008274,-0.0017422077922077,0.0006862283173899,0.0002783116883116,0.0085749310042593,-39.08767935064936,0.2643604623090499,0.0014344155844155,0.2656765587178487,1.2028985507246377,0.6319835753852249,69.0
2024-12-31,CVLG,27.681600036621095,1.1563,431.552,0.1808257040987228,1.1033,0.3087,0.2409,932.6517,0.0843,-4.3441,0.6836,69.7569,0.1906,0.2736,0.446,0.3365,0.5485,0.0242,0.0311,0.1386,1.6127,20.0001,28.6847,0.03,0.6349,2.0526,0.9637,7.7996,0.043,0.1011,0.0619,0.0742,9.9402,0.3164,339.054,0.6301,0.2693,0.3865,1.7465,Road & Rail,58.55319148936171,1.337191039100604,-6.477436232831915,5.304736371760499,0.0539178132048093,0.193700562823243,0.0055051948051948,0.0124077665467191,0.0121158441558441,0.0072830628523078,0.0085205194805194,0.0183905156599747,0.0081312987012987,0.0289703266552153,23.4254774025974,4.671486115416482e-05,0.0403864935064935,0.2782619166942804,1.1071428571428572,0.4973474613934381,28.0
2024-12-31,CVLG,27.681600036621095,1.1563,431.552,0.1808257040987228,1.1033,0.3087,0.2409,932.6517,0.0843,-4.3441,0.6836,69.7569,0.1906,0.2736,0.446,0.3365,0.5485,0.0242,0.0311,0.1386,1.6127,20.0001,28.6847,0.03,0.6349,2.0526,0.9637,7.7996,0.043,0.1011,0.0619,0.0742,9.9402,0.3164,339.054,0.6301,0.2693,0.3865,1.7465,Road & Rail,58.55319148936171,1.337191039100604,-6.477436232831915,5.304736371760499,0.0539178132048093,0.193700562823243,0.0055051948051948,0.0124077665467191,0.0121158441558441,0.0072830628523078,0.0085205194805194,0.0183905156599747,0.0081312987012987,0.0289703266552153,23.4254774025974,4.671486115416482e-05,0.0403864935064935,0.2782619166942804,1.1071428571428572,0.4973474613934381,28.0
2024-12-31,CVLG,27.681600036621095,1.1563,431.552,0.1808257040987228,1.1033,0.3087,0.2409,932.6517,0.0843,-4.3441,0.6836,69.7569,0.1906,0.2736,0.446,0.3365,0.5485,0.0242,0.0311,0.1386,1.6127,20.0001,28.6847,0.03,0.6349,2.0526,0.9637,7.7996,0.043,0.1011,0.0619,0.0742,9.9402,0.3164,339.054,0.6301,0.2693,0.3865,1.7465,Road & Rail,58.55319148936171,1.337191039100604,-6.477436232831915,5.304736371760499,0.0539178132048093,0.193700562823243,0.0055051948051948,0.0124077665467191,0.0121158441558441,0.0072830628523078,0.0085205194805194,0.0183905156599747,0.0081312987012987,0.0289703266552153,23.4254774025974,4.671486115416482e-05,0.0403864935064935,0.2782619166942804,1.1071428571428572,0.4973474613934381,28.0
2024-12-31,DAL,65.9059991455078,0.8197,15267.0,0.1152416356877323,0.3701,2.6288,1.2929,52164.516,0.0377,4.474,0.5212,22.3487,0.1862,0.4456,0.9183,0.4172,0.8597,0.0542,0.1102,0.0926,2.5571,11.2929,13.2742,0.0772,0.6333,4.2014,0.2363,19.4026,0.046,0.2636,0.1118,0.1926,23.8635,0.4788,9292.0,1.0607,0.2151,0.5147,1.2544,Airlines,-1.9122706422018347,-1.4572975446088148,-0.4517612306320365,-0.765658199564079,1.0095063365544028,5.0200974581851705,0.0069283116883116,0.0104863308118012,0.0916544155844155,0.0483729459131684,0.0159610389610389,0.0102970659966312,0.0176253246753246,0.0136748596082522,364.7109649350651,0.1055828043911618,0.3236216883116882,0.0071194805767142,1.181818181818182,0.5521730751269069,66.0
2024-12-31,ETN,336.2316015625,0.6398,18488.0,0.0706376479572355,1.502,3.053,2.452,139752.03,0.1773,8.1807,0.3893,3.8602,0.2209,0.3067,0.4586,0.311,0.465,0.1556,0.1938,0.391,7.0941,34.56,40.515,0.187,5.2719,9.4834,0.8527,5.4713,0.0976,0.1994,0.1335,0.1653,15.7576,0.6107,13830.0,0.495,0.2385,0.3311,1.9294,Electrical Equipment,-0.3632324481546372,-0.4319143553255863,-0.3663275050215681,-0.4965314159344363,21.76736138240114,32.6300495983701,0.0023718181818181,3.878027923188608e-07,0.0046085714285714,8.568163644305427e-08,0.0032662337662337,2.002576969895647e-07,0.0035364935064935,1.243872408466984e-06,4761.703820779221,6.625328578378203e-09,0.100082987012987,1.7648851818344365e-06,1.2651515151515151,0.5777007398358142,132.0
2024-12-31,ETN,336.2316015625,0.6398,18488.0,0.0706376479572355,1.502,3.053,2.452,139752.03,0.1773,8.1807,0.3893,3.8602,0.2209,0.3067,0.4586,0.311,0.465,0.1556,0.1938,0.391,7.0941,34.56,40.515,0.187,5.2719,9.4834,0.8527,5.4713,0.0976,0.1994,0.1335,0.1653,15.7576,0.6107,13830.0,0.495,0.2385,0.3311,1.9294,Electrical Equipment,-0.3632324481546372,-0.4319143553255863,-0.3663275050215681,-0.4965314159344363,21.76736138240114,32.6300495983701,0.0023718181818181,3.878027923188608e-07,0.0046085714285714,8.568163644305427e-08,0.0032662337662337,2.002576969895647e-07,0.0035364935064935,1.243872408466984e-06,4761.703820779221,6.625328578378203e-09,0.100082987012987,1.7648851818344365e-06,1.2651515151515151,0.5777007398358142,132.0
2024-12-31,ETN,336.2316015625,0.6398,18488.0,0.0706376479572355,1.502,3.053,2.452,139752.03,0.1773,8.1807,0.3893,3.8602,0.2209,0.3067,0.4586,0.311,0.465,0.1556,0.1938,0.391,7.0941,34.56,40.515,0.187,5.2719,9.4834,0.8527,5.4713,0.0976,0.1994,0.1335,0.1653,15.7576,0.6107,13830.0,0.495,0.2385,0.3311,1.9294,Electrical Equipment,-0.3632324481546372,-0.4319143553255863,-0.3663275050215681,-0.4965314159344363,21.76736138240114,32.6300495983701,0.0023718181818181,3.878027923188608e-07,0.0046085714285714,8.568163644305427e-08,0.0032662337662337,2.002576969895647e-07,0.0035364935064935,1.243872408466984e-06,4761.703820779221,6.625328578378203e-09,0.100082987012987,1.7648851818344365e-06,1.2651515151515151,0.5777007398358142,132.0
2024-12-31,EXP,251.9480010986328,0.746,1496.139,0.1392391493695311,2.7625,4.5912,3.5578,9247.747,0.1299,11.0729,0.3186,4.3488,0.3258,0.397,0.6629,0.3886,0.6487,0.2143,0.2765,0.0717,5.5324,17.4611,22.3866,0.2765,3.6511,8.2054,0.9616,12.0793,0.156,0.3394,0.1924,0.2484,16.6037,0.6814,1008.751,0.6696,0.3291,0.401,1.9668,Construction,3.851851851851851,4.55300848293549,4.373896763840599,3.664670658682635,1.044236574248152,3.569088703313271,0.00783,5.858114279646964e-06,0.01696,1.5781800683686677e-05,0.0097332467532467,3.487615905622757e-06,0.0076815584415584,4.801253355267732e-10,259.82126805194815,1.51785090241011e-06,0.1717876623376623,4.312367589814584e-06,1.0746268656716418,0.4373970124955441,67.0
2024-12-31,EXP,251.9480010986328,0.746,1496.139,0.1392391493695311,2.7625,4.5912,3.5578,9247.747,0.1299,11.0729,0.3186,4.3488,0.3258,0.397,0.6629,0.3886,0.6487,0.2143,0.2765,0.0717,5.5324,17.4611,22.3866,0.2765,3.6511,8.2054,0.9616,12.0793,0.156,0.3394,0.1924,0.2484,16.6037,0.6814,1008.751,0.6696,0.3291,0.401,1.9668,Construction,3.851851851851851,4.55300848293549,4.373896763840599,3.664670658682635,1.044236574248152,3.569088703313271,0.00783,5.858114279646964e-06,0.01696,1.5781800683686677e-05,0.0097332467532467,3.487615905622757e-06,0.0076815584415584,4.801253355267732e-10,259.82126805194815,1.51785090241011e-06,0.1717876623376623,4.312367589814584e-06,1.0746268656716418,0.4373970124955441,67.0
2024-12-31,EXP,251.9480010986328,0.746,1496.139,0.1392391493695311,2.7625,4.5912,3.5578,9247.747,0.1299,11.0729,0.3186,4.3488,0.3258,0.397,0.6629,0.3886,0.6487,0.2143,0.2765,0.0717,5.5324,17.4611,22.3866,0.2765,3.6511,8.2054,0.9616,12.0793,0.156,0.3394,0.1924,0.2484,16.6037,0.6814,1008.751,0.6696,0.3291,0.401,1.9668,Construction,3.851851851851851,4.55300848293549,4.373896763840599,3.664670658682635,1.044236574248152,3.569088703313271,0.00783,5.858114279646964e-06,0.01696,1.5781800683686677e-05,0.0097332467532467,3.487615905622757e-06,0.0076815584415584,4.801253355267732e-10,259.82126805194815,1.51785090241011e-06,0.1717876623376623,4.312367589814584e-06,1.0746268656716418,0.4373970124955441,67.0
2024-12-31,FCFS,110.16639923095704,0.7772,2054.164,0.5158896182720298,4.1359,3.0247,1.8554,6190.5943,0.2104,10.5406,0.4907,5.4401,0.3863,0.4571,0.8419,0.4108,0.7566,0.0945,0.1541,0.2541,2.257,17.9137,9.8287,0.1239,1.3683,2.54,3.0708,46.6586,0.0594,0.1282,0.0701,0.1209,19.6272,0.5093,1825.306,0.8419,0.3863,0.4571,1.8478,Financial Services,-5.868670678193237,2.1759498139749613,-2.661324613266381,-2.372661978153524,0.0109091352395122,0.0375571726241104,4.337662337662352e-05,0.8889238322465653,0.0013290909090909,0.0474055914647369,-0.0001566233766233,0.6650277146239174,0.0003845454545454,0.4907908413695707,193.3783787012987,7.661190024125443e-10,0.0827720779220779,6.709792876770102e-05,1.125,0.4484272031464406,24.0
2024-12-31,FCFS,110.16639923095704,0.7772,2054.164,0.5158896182720298,4.1359,3.0247,1.8554,6190.5943,0.2104,10.5406,0.4907,5.4401,0.3863,0.4571,0.8419,0.4108,0.7566,0.0945,0.1541,0.2541,2.257,17.9137,9.8287,0.1239,1.3683,2.54,3.0708,46.6586,0.0594,0.1282,0.0701,0.1209,19.6272,0.5093,1825.306,0.8419,0.3863,0.4571,1.8478,Financial Services,-5.868670678193237,2.1759498139749613,-2.661324613266381,-2.372661978153524,0.0109091352395122,0.0375571726241104,4.337662337662352e-05,0.8889238322465653,0.0013290909090909,0.0474055914647369,-0.0001566233766233,0.6650277146239174,0.0003845454545454,0.4907908413695707,193.3783787012987,7.661190024125443e-10,0.0827720779220779,6.709792876770102e-05,1.125,0.4484272031464406,24.0
2024-12-31,FCFS,110.16639923095704,0.7772,2054.164,0.5158896182720298,4.1359,3.0247,1.8554,6190.5943,0.2104,10.5406,0.4907,5.4401,0.3863,0.4571,0.8419,0.4108,0.7566,0.0945,0.1541,0.2541,2.257,17.9137,9.8287,0.1239,1.3683,2.54,3.0708,46.6586,0.0594,0.1282,0.0701,0.1209,19.6272,0.5093,1825.306,0.8419,0.3863,0.4571,1.8478,Financial Services,-5.868670678193237,2.1759498139749613,-2.661324613266381,-2.372661978153524,0.0109091352395122,0.0375571726241104,4.337662337662352e-05,0.8889238322465653,0.0013290909090909,0.0474055914647369,-0.0001566233766233,0.6650277146239174,0.0003845454545454,0.4907908413695707,193.3783787012987,7.661190024125443e-10,0.0827720779220779,6.709792876770102e-05,1.125,0.4484272031464406,24.0
2024-12-31,FR,51.920800018310544,0.1254,2632.407,0.2228069428880787,1.9759,0.5537,0.5166,9536.4164,0.175,0.1339,0.7274,12.7501,0.4182,0.4524,0.8262,0.4426,0.8083,0.3897,0.4176,0.6054,2.8144,23.0726,94.7881,0.4078,9.9077,2.6794,0.9794,108.3201,0.0593,0.1187,0.0641,0.0547,1.3258,0.2726,2435.1,0.8262,0.4182,0.4524,2.025,Real Estate,-2.437550047155542,-2.58226477296686,-1.8559092880283663,-4.190934251383825,0.8536681879706128,1.0589626000512715,-0.0002763636363636,0.4318783781434596,-0.0005192207792207,0.4504651334964024,-0.0002661038961038,0.5035726380457993,0.0001424675324675,0.0203890085445873,154.78246038961038,6.442104900357336e-05,0.0119775324675324,2.568886613125692e-12,1.2580645161290325,0.5100782283612216,62.0
2024-12-31,FR,51.920800018310544,0.1254,2632.407,0.2228069428880787,1.9759,0.5537,0.5166,9536.4164,0.175,0.1339,0.7274,12.7501,0.4182,0.4524,0.8262,0.4426,0.8083,0.3897,0.4176,0.6054,2.8144,23.0726,94.7881,0.4078,9.9077,2.6794,0.9794,108.3201,0.0593,0.1187,0.0641,0.0547,1.3258,0.2726,2435.1,0.8262,0.4182,0.4524,2.025,Real Estate,-2.437550047155542,-2.58226477296686,-1.8559092880283663,-4.190934251383825,0.8536681879706128,1.0589626000512715,-0.0002763636363636,0.4318783781434596,-0.0005192207792207,0.4504651334964024,-0.0002661038961038,0.5035726380457993,0.0001424675324675,0.0203890085445873,154.78246038961038,6.442104900357336e-05,0.0119775324675324,2.568886613125692e-12,1.2580645161290325,0.5100782283612216,62.0
2024-12-31,FR,51.920800018310544,0.1254,2632.407,0.2228069428880787,1.9759,0.5537,0.5166,9536.4164,0.175,0.1339,0.7274,12.7501,0.4182,0.4524,0.8262,0.4426,0.8083,0.3897,0.4176,0.6054,2.8144,23.0726,94.7881,0.4078,9.9077,2.6794,0.9794,108.3201,0.0593,0.1187,0.0641,0.0547,1.3258,0.2726,2435.1,0.8262,0.4182,0.4524,2.025,Real Estate,-2.437550047155542,-2.58226477296686,-1.8559092880283663,-4.190934251383825,0.8536681879706128,1.0589626000512715,-0.0002763636363636,0.4318783781434596,-0.0005192207792207,0.4504651334964024,-0.0002661038961038,0.5035726380457993,0.0001424675324675,0.0203890085445873,154.78246038961038,6.442104900357336e-05,0.0119775324675324,2.568886613125692e-12,1.2580645161290325,0.5100782283612216,62.0
2024-12-31,FTV,78.74679901123046,0.3598,10188.6,0.3633398856325947,1.1581,0.8825,0.6,28915.195,0.2871,4.0536,0.6031,4.6238,0.1958,0.2397,0.3269,0.2083,0.284,0.1289,0.1895,0.1335,2.554,31.2417,18.502,0.1695,4.1756,3.7995,0.7857,6.1879,0.0481,0.0799,0.0584,0.0829,4.656,0.3969,6848.6,0.3639,0.2179,0.2668,2.4923,Machinery,-0.1179618215239158,-0.1460294252033263,-0.1386847146774808,-0.2113935161801268,3.987994284089345,0.8051843249597176,-0.0006177922077922,0.5097615416760217,-0.0028488311688311,0.0988360545510457,-0.0009150649350649,0.4332843635086769,0.003514935064935,2.5048071268197005e-08,167.4164805194806,0.1150619692410245,0.0439606493506493,6.335926000894271e-05,1.184782608695652,0.5120385422067442,92.0
2024-12-31,FTV,78.74679901123046,0.3598,10188.6,0.3633398856325947,1.1581,0.8825,0.6,28915.195,0.2871,4.0536,0.6031,4.6238,0.1958,0.2397,0.3269,0.2083,0.284,0.1289,0.1895,0.1335,2.554,31.2417,18.502,0.1695,4.1756,3.7995,0.7857,6.1879,0.0481,0.0799,0.0584,0.0829,4.656,0.3969,6848.6,0.3639,0.2179,0.2668,2.4923,Machinery,-0.1179618215239158,-0.1460294252033263,-0.1386847146774808,-0.2113935161801268,3.987994284089345,0.8051843249597176,-0.0006177922077922,0.5097615416760217,-0.0028488311688311,0.0988360545510457,-0.0009150649350649,0.4332843635086769,0.003514935064935,2.5048071268197005e-08,167.4164805194806,0.1150619692410245,0.0439606493506493,6.335926000894271e-05,1.184782608695652,0.5120385422067442,92.0
2024-12-31,FTV,78.74679901123046,0.3598,10188.6,0.3633398856325947,1.1581,0.8825,0.6,28915.195,0.2871,4.0536,0.6031,4.6238,0.1958,0.2397,0.3269,0.2083,0.284,0.1289,0.1895,0.1335,2.554,31.2417,18.502,0.1695,4.1756,3.7995,0.7857,6.1879,0.0481,0.0799,0.0584,0.0829,4.656,0.3969,6848.6,0.3639,0.2179,0.2668,2.4923,Machinery,-0.1179618215239158,-0.1460294252033263,-0.1386847146774808,-0.2113935161801268,3.987994284089345,0.8051843249597176,-0.0006177922077922,0.5097615416760217,-0.0028488311688311,0.0988360545510457,-0.0009150649350649,0.4332843635086769,0.003514935064935,2.5048071268197005e-08,167.4164805194806,0.1150619692410245,0.0439606493506493,6.335926000894271e-05,1.184782608695652,0.5120385422067442,92.0
2024-12-31,GE,188.5580010986328,0.3412,19341.0,0.3959932542451733,1.0943,1.6645,1.7551,186169.81,0.0953,3.4256,0.3538,2.8002,0.14,0.4463,0.8911,0.1464,0.2923,0.1757,0.1666,0.1538,9.3333,27.5344,49.0799,0.2121,3.9415,11.9674,0.8104,3.8346,0.0488,0.3026,0.1579,0.1183,9.9917,0.6462,15084.0,0.9965,0.1565,0.4991,1.1863,Aerospace & Defense,-0.098420417746422,-0.4145655511841554,-0.3051563759147909,-0.204160778363171,5.935472011203039,2.601180795779013,0.0033803896103896,0.0010358197128749,0.0207706493506493,0.0005961274599185,0.0104723376623376,0.0004958004501715,-8.701298701298823e-06,0.997177456297098,2847.9790857142857,0.0229391664628133,-0.0546745454545454,0.6097708797726433,1.2661290322580645,0.7447253104960008,124.0
2024-12-31,GE,188.5580010986328,0.3412,19341.0,0.3959932542451733,1.0943,1.6645,1.7551,186169.81,0.0953,3.4256,0.3538,2.8002,0.14,0.4463,0.8911,0.1464,0.2923,0.1757,0.1666,0.1538,9.3333,27.5344,49.0799,0.2121,3.9415,11.9674,0.8104,3.8346,0.0488,0.3026,0.1579,0.1183,9.9917,0.6462,15084.0,0.9965,0.1565,0.4991,1.1863,Aerospace & Defense,-0.098420417746422,-0.4145655511841554,-0.3051563759147909,-0.204160778363171,5.935472011203039,2.601180795779013,0.0033803896103896,0.0010358197128749,0.0207706493506493,0.0005961274599185,0.0104723376623376,0.0004958004501715,-8.701298701298823e-06,0.997177456297098,2847.9790857142857,0.0229391664628133,-0.0546745454545454,0.6097708797726433,1.2661290322580645,0.7447253104960008,124.0
2024-12-31,HII,193.88600036621096,1.0096,4666.0,0.2778335005015045,1.0792,2.8133,3.1458,9766.2725,0.0922,0.6645,0.1069,51.1929,0.2224,0.3431,0.5787,0.3014,0.5084,0.0409,0.0366,0.3745,1.5847,13.4441,18.3937,0.0436,0.641,1.9038,0.9796,5.926,0.0481,0.1281,0.0784,0.0762,76.8286,0.8931,3884.0,0.6865,0.2638,0.407,1.6242,Aerospace & Defense,-0.0970086494590758,-0.175498503326802,-0.1515152620121571,-0.1315050829355336,0.3113686213545146,4.39645655317819,-0.0014674025974025,0.0007166523515099,-0.0130027272727272,5.258465739058969e-08,-0.00533,7.296167754841443e-06,-0.0073716883116883,6.900745175521511e-06,174.57728974025972,0.0009741525444539,-0.0261903896103896,0.6591698261876617,1.086666666666667,0.5548645964178482,150.0
2024-12-31,HII,193.88600036621096,1.0096,4666.0,0.2778335005015045,1.0792,2.8133,3.1458,9766.2725,0.0922,0.6645,0.1069,51.1929,0.2224,0.3431,0.5787,0.3014,0.5084,0.0409,0.0366,0.3745,1.5847,13.4441,18.3937,0.0436,0.641,1.9038,0.9796,5.926,0.0481,0.1281,0.0784,0.0762,76.8286,0.8931,3884.0,0.6865,0.2638,0.407,1.6242,Aerospace & Defense,-0.0970086494590758,-0.175498503326802,-0.1515152620121571,-0.1315050829355336,0.3113686213545146,4.39645655317819,-0.0014674025974025,0.0007166523515099,-0.0130027272727272,5.258465739058969e-08,-0.00533,7.296167754841443e-06,-0.0073716883116883,6.900745175521511e-06,174.57728974025972,0.0009741525444539,-0.0261903896103896,0.6591698261876617,1.086666666666667,0.5548645964178482,150.0
2024-12-31,HII,193.88600036621096,1.0096,4666.0,0.2778335005015045,1.0792,2.8133,3.1458,9766.2725,0.0922,0.6645,0.1069,51.1929,0.2224,0.3431,0.5787,0.3014,0.5084,0.0409,0.0366,0.3745,1.5847,13.4441,18.3937,0.0436,0.641,1.9038,0.9796,5.926,0.0481,0.1281,0.0784,0.0762,76.8286,0.8931,3884.0,0.6865,0.2638,0.407,1.6242,Aerospace & Defense,-0.0970086494590758,-0.175498503326802,-0.1515152620121571,-0.1315050829355336,0.3113686213545146,4.39645655317819,-0.0014674025974025,0.0007166523515099,-0.0130027272727272,5.258465739058969e-08,-0.00533,7.296167754841443e-06,-0.0073716883116883,6.900745175521511e-06,174.57728974025972,0.0009741525444539,-0.0261903896103896,0.6591698261876617,1.086666666666667,0.5548645964178482,150.0
2024-12-31,HSY,154.67239929199218,0.8895,4714.654,0.1859643541981857,0.9567,4.6153,3.9147,38640.182,0.1899,8.1727,0.5397,4.6769,0.2464,0.325,0.6767,0.4453,0.9272,0.2759,0.3252,0.5932,7.2686,18.3247,23.4591,0.2504,3.1333,12.0631,0.3897,13.4691,0.1764,0.5215,0.2324,0.2948,14.1903,0.4603,2840.788,1.0822,0.3941,0.5197,1.5727,Food Products,-1.8907791672392469,-2.913533026773819,-1.5181273816004357,-2.5280239231293566,0.5580261844778419,-0.3821926006431421,0.0013692207792207,0.0024245883092456,-0.0114412987012987,3.3153409273966464e-09,0.0018041558441558,0.0037970148931321,0.0018164935064935,0.0110872573568931,697.8403753246753,0.0077666958252082,0.0646242857142857,0.0568944657917048,1.0909090909090908,0.6380989692001063,143.0
2024-12-31,HSY,154.67239929199218,0.8895,4714.654,0.1859643541981857,0.9567,4.6153,3.9147,38640.182,0.1899,8.1727,0.5397,4.6769,0.2464,0.325,0.6767,0.4453,0.9272,0.2759,0.3252,0.5932,7.2686,18.3247,23.4591,0.2504,3.1333,12.0631,0.3897,13.4691,0.1764,0.5215,0.2324,0.2948,14.1903,0.4603,2840.788,1.0822,0.3941,0.5197,1.5727,Food Products,-1.8907791672392469,-2.913533026773819,-1.5181273816004357,-2.5280239231293566,0.5580261844778419,-0.3821926006431421,0.0013692207792207,0.0024245883092456,-0.0114412987012987,3.3153409273966464e-09,0.0018041558441558,0.0037970148931321,0.0018164935064935,0.0110872573568931,697.8403753246753,0.0077666958252082,0.0646242857142857,0.0568944657917048,1.0909090909090908,0.6380989692001063,143.0
2024-12-31,HSY,154.67239929199218,0.8895,4714.654,0.1859643541981857,0.9567,4.6153,3.9147,38640.182,0.1899,8.1727,0.5397,4.6769,0.2464,0.325,0.6767,0.4453,0.9272,0.2759,0.3252,0.5932,7.2686,18.3247,23.4591,0.2504,3.1333,12.0631,0.3897,13.4691,0.1764,0.5215,0.2324,0.2948,14.1903,0.4603,2840.788,1.0822,0.3941,0.5197,1.5727,Food Products,-1.8907791672392469,-2.913533026773819,-1.5181273816004357,-2.5280239231293566,0.5580261844778419,-0.3821926006431421,0.0013692207792207,0.0024245883092456,-0.0114412987012987,3.3153409273966464e-09,0.0018041558441558,0.0037970148931321,0.0018164935064935,0.0110872573568931,697.8403753246753,0.0077666958252082,0.0646242857142857,0.0568944657917048,1.0909090909090908,0.6380989692001063,143.0
2024-12-31,IBM,232.79199829101563,0.4627,27307.0,0.4208255385915153,1.0404,3.5081,3.0932,244290.75,0.2532,13.323,0.5947,22.2049,0.3637,0.6063,1.8268,0.4986,1.5024,0.1661,0.1883,0.7245,7.4437,33.7369,16.5001,0.1883,3.2391,12.2103,0.9255,8.6928,0.0444,0.2433,0.0738,0.071,18.6258,0.4053,16647.0,2.0131,0.4008,0.6681,1.2485,Technology,-0.0074954754557438,-0.5312311815306818,-0.336928695913211,-0.3241907740422204,3.1642004668438912,-9.322029020662889,-0.0001936363636363,0.7598759917270006,-0.0077015584415584,0.0791609425746713,-0.0008214285714285,0.4447333529387157,0.0021220779220779,0.0796333599523241,3328.4188571428563,0.0001010761495289,0.0723877922077922,0.3051901633094871,1.148936170212766,0.6871703989348433,94.0
2024-12-31,LUV,32.162800064086916,0.7843,10350.0,0.6116813294232649,0.9184,0.4306,0.4072,19353.166,0.0023,-2.6978,0.7465,9.6727,0.1502,0.2973,0.4898,-0.0475,-0.0783,0.0377,0.0398,0.6616,1.9481,43.4551,1260.1979,0.0475,0.7336,1.7558,0.8012,32.0513,0.0132,0.0448,0.0257,0.0177,10.8128,0.2535,10111.0,0.6472,0.1985,0.3929,1.4423,Airlines,-0.5487385321100917,-0.2476742412688729,-0.1038485118715862,-0.0703642270627424,0.3745293775828233,0.8222968523640194,0.0005602597402597,0.7230264822047119,0.0034277922077922,0.5042962693229032,0.0006218181818181,0.8334585245717929,-0.0007884415584415,0.8342369228130062,-504.02130259740255,0.0061190736418866,0.0382070129870129,0.3556793689959794,1.3057851239669422,0.6562897633237366,121.0
2024-12-31,LUV,32.162800064086916,0.7843,10350.0,0.6116813294232649,0.9184,0.4306,0.4072,19353.166,0.0023,-2.6978,0.7465,9.6727,0.1502,0.2973,0.4898,-0.0475,-0.0783,0.0377,0.0398,0.6616,1.9481,43.4551,1260.1979,0.0475,0.7336,1.7558,0.8012,32.0513,0.0132,0.0448,0.0257,0.0177,10.8128,0.2535,10111.0,0.6472,0.1985,0.3929,1.4423,Airlines,-0.5487385321100917,-0.2476742412688729,-0.1038485118715862,-0.0703642270627424,0.3745293775828233,0.8222968523640194,0.0005602597402597,0.7230264822047119,0.0034277922077922,0.5042962693229032,0.0006218181818181,0.8334585245717929,-0.0007884415584415,0.8342369228130062,-504.02130259740255,0.0061190736418866,0.0382070129870129,0.3556793689959794,1.3057851239669422,0.6562897633237366,121.0
2024-12-31,MAT,18.61400016784668,0.8597,2264.1,1.0548757315497457,2.3766,0.4706,0.4185,6919.737,0.0349,2.0424,0.5083,4.9215,0.3567,0.5076,1.031,0.2058,0.418,0.0855,0.0961,0.6417,2.6382,11.0257,6.6347,0.0882,1.1104,3.3407,1.8174,5.1601,0.0866,0.2527,0.121,0.1551,4.8942,0.4917,1938.24,1.031,0.3567,0.5076,1.529,Leisure Products,-0.4444301889213202,-0.2297535495261921,-0.5946228718176342,-0.9565122247199952,2.2361145377236777,-0.0037479577087452,0.003808961038961,0.1149737670640779,0.0176336363636363,0.3227395337489137,0.0052974025974025,0.1542004654808856,0.0047190909090909,0.0336734066907696,41.23738051948048,0.3792167490639456,0.019821948051948,0.3079491108653741,1.1474358974358974,0.5424494884109062,156.0
2024-12-31,MAT,18.61400016784668,0.8597,2264.1,1.0548757315497457,2.3766,0.4706,0.4185,6919.737,0.0349,2.0424,0.5083,4.9215,0.3567,0.5076,1.031,0.2058,0.418,0.0855,0.0961,0.6417,2.6382,11.0257,6.6347,0.0882,1.1104,3.3407,1.8174,5.1601,0.0866,0.2527,0.121,0.1551,4.8942,0.4917,1938.24,1.031,0.3567,0.5076,1.529,Leisure Products,-0.4444301889213202,-0.2297535495261921,-0.5946228718176342,-0.9565122247199952,2.2361145377236777,-0.0037479577087452,0.003808961038961,0.1149737670640779,0.0176336363636363,0.3227395337489137,0.0052974025974025,0.1542004654808856,0.0047190909090909,0.0336734066907696,41.23738051948048,0.3792167490639456,0.019821948051948,0.3079491108653741,1.1474358974358974,0.5424494884109062,156.0
2024-12-31,MAT,18.61400016784668,0.8597,2264.1,1.0548757315497457,2.3766,0.4706,0.4185,6919.737,0.0349,2.0424,0.5083,4.9215,0.3567,0.5076,1.031,0.2058,0.418,0.0855,0.0961,0.6417,2.6382,11.0257,6.6347,0.0882,1.1104,3.3407,1.8174,5.1601,0.0866,0.2527,0.121,0.1551,4.8942,0.4917,1938.24,1.031,0.3567,0.5076,1.529,Leisure Products,-0.4444301889213202,-0.2297535495261921,-0.5946228718176342,-0.9565122247199952,2.2361145377236777,-0.0037479577087452,0.003808961038961,0.1149737670640779,0.0176336363636363,0.3227395337489137,0.0052974025974025,0.1542004654808856,0.0047190909090909,0.0336734066907696,41.23738051948048,0.3792167490639456,0.019821948051948,0.3079491108653741,1.1474358974358974,0.5424494884109062,156.0
2024-12-31,NHTC,4.899999942779541,0.6714,35.305,1.0846438044713909,2.5503,-0.0367,0.0153,45.6258,0.0063,-0.3106,0.7417,2.6014,0.0,0.0,0.0,-0.6486,-0.6486,0.0162,-0.0388,16.1066,1.9409,92.9902,87.7729,-0.0023,1.2381,10.0137,2.3758,1495.4,0.0118,0.0196,0.0196,-0.0292,0.9443,0.2583,0.6,0.0,0.0,0.0,2.5359,Consumer products,-0.0055368913410824,0.094163415005683,-0.1056826102394823,0.1682417667352918,0.0055657001786204,-0.0452729406286092,0.0014872727272727,0.0240404562858948,0.0023981818181818,0.0235273080598674,0.0023981818181818,0.0235273080598674,0.0002025974025974,0.8879469021171359,3.9665723376623374,1.0653093152553682e-05,0.0014924675324675,0.6337134502405493,1.1428571428571428,0.5345224838248488,14.0
2024-12-31,NHTC,4.899999942779541,0.6714,35.305,1.0846438044713909,2.5503,-0.0367,0.0153,45.6258,0.0063,-0.3106,0.7417,2.6014,0.0,0.0,0.0,-0.6486,-0.6486,0.0162,-0.0388,16.1066,1.9409,92.9902,87.7729,-0.0023,1.2381,10.0137,2.3758,1495.4,0.0118,0.0196,0.0196,-0.0292,0.9443,0.2583,0.6,0.0,0.0,0.0,2.5359,Consumer products,-0.0055368913410824,0.094163415005683,-0.1056826102394823,0.1682417667352918,0.0055657001786204,-0.0452729406286092,0.0014872727272727,0.0240404562858948,0.0023981818181818,0.0235273080598674,0.0023981818181818,0.0235273080598674,0.0002025974025974,0.8879469021171359,3.9665723376623374,1.0653093152553682e-05,0.0014924675324675,0.6337134502405493,1.1428571428571428,0.5345224838248488,14.0
2024-12-31,NOC,478.85280151367186,0.8498,15290.0,0.3081115515288788,1.0103,7.4691,8.6694,80294.37,0.1649,18.0818,0.1808,25.4844,0.2977,0.4655,0.9609,0.3777,0.7797,0.1183,0.1019,0.2841,4.4718,16.3808,19.0084,0.1451,1.6663,4.5473,0.8295,5.7281,0.0864,0.2851,0.1349,0.1413,73.2922,0.8192,15036.0,1.0644,0.3297,0.5156,1.4488,Aerospace & Defense,-0.1742525428953046,-0.3905903458116415,-0.2607067454775509,-0.2438539136324266,2.559947747662099,11.672261629169736,-0.000172987012987,0.8980232539729907,-0.0066027272727272,0.1417083669304414,-0.0011681818181818,0.6095447927811044,-0.0051102597402597,0.0014680442619585,1240.1412636363632,5.5726420682918366e-05,-0.0793674025974025,0.5019351415546309,1.19375,0.5773162263068939,160.0
2024-12-31,NOC,478.85280151367186,0.8498,15290.0,0.3081115515288788,1.0103,7.4691,8.6694,80294.37,0.1649,18.0818,0.1808,25.4844,0.2977,0.4655,0.9609,0.3777,0.7797,0.1183,0.1019,0.2841,4.4718,16.3808,19.0084,0.1451,1.6663,4.5473,0.8295,5.7281,0.0864,0.2851,0.1349,0.1413,73.2922,0.8192,15036.0,1.0644,0.3297,0.5156,1.4488,Aerospace & Defense,-0.1742525428953046,-0.3905903458116415,-0.2607067454775509,-0.2438539136324266,2.559947747662099,11.672261629169736,-0.000172987012987,0.8980232539729907,-0.0066027272727272,0.1417083669304414,-0.0011681818181818,0.6095447927811044,-0.0051102597402597,0.0014680442619585,1240.1412636363632,5.5726420682918366e-05,-0.0793674025974025,0.5019351415546309,1.19375,0.5773162263068939,160.0
2024-12-31,NOC,478.85280151367186,0.8498,15290.0,0.3081115515288788,1.0103,7.4691,8.6694,80294.37,0.1649,18.0818,0.1808,25.4844,0.2977,0.4655,0.9609,0.3777,0.7797,0.1183,0.1019,0.2841,4.4718,16.3808,19.0084,0.1451,1.6663,4.5473,0.8295,5.7281,0.0864,0.2851,0.1349,0.1413,73.2922,0.8192,15036.0,1.0644,0.3297,0.5156,1.4488,Aerospace & Defense,-0.1742525428953046,-0.3905903458116415,-0.2607067454775509,-0.2438539136324266,2.559947747662099,11.672261629169736,-0.000172987012987,0.8980232539729907,-0.0066027272727272,0.1417083669304414,-0.0011681818181818,0.6095447927811044,-0.0051102597402597,0.0014680442619585,1240.1412636363632,5.5726420682918366e-05,-0.0793674025974025,0.5019351415546309,1.19375,0.5773162263068939,160.0
2024-12-31,NSSC,33.54800033569336,0.9154,174.227,3.827015630013293,7.5506,0.3038,0.2846,1220.9915,0.288,1.3591,0.5704,2.1598,0.0,0.0,0.0,-0.4792,-0.4792,0.2438,0.2602,0.3222,7.4873,26.9622,26.3676,0.2816,6.9933,7.6383,5.6766,7.3139,0.2374,0.2765,0.2765,0.2942,1.1674,0.4296,170.782,0.0,0.0,0.0,7.1225,Electrical Equipment,-0.883518270408923,-0.5989183512914976,-0.7587232594641466,-0.8837237904894808,0.190178011906804,3.2469731634408245,0.0081802597402597,4.067907660459501e-05,0.0088068831168831,0.0001092105376511,0.0089674025974025,9.121816259392542e-05,0.0089594805194805,7.283990419068803e-05,59.74194259740261,8.024978064201069e-08,0.0166694805194805,3.93925051072843e-06,1.263157894736842,0.554305532214948,38.0
2024-12-31,NSSC,33.54800033569336,0.9154,174.227,3.827015630013293,7.5506,0.3038,0.2846,1220.9915,0.288,1.3591,0.5704,2.1598,0.0,0.0,0.0,-0.4792,-0.4792,0.2438,0.2602,0.3222,7.4873,26.9622,26.3676,0.2816,6.9933,7.6383,5.6766,7.3139,0.2374,0.2765,0.2765,0.2942,1.1674,0.4296,170.782,0.0,0.0,0.0,7.1225,Electrical Equipment,-0.883518270408923,-0.5989183512914976,-0.7587232594641466,-0.8837237904894808,0.190178011906804,3.2469731634408245,0.0081802597402597,4.067907660459501e-05,0.0088068831168831,0.0001092105376511,0.0089674025974025,9.121816259392542e-05,0.0089594805194805,7.283990419068803e-05,59.74194259740261,8.024978064201069e-08,0.0166694805194805,3.93925051072843e-06,1.263157894736842,0.554305532214948,38.0
2024-12-31,NSSC,33.54800033569336,0.9154,174.227,3.827015630013293,7.5506,0.3038,0.2846,1220.9915,0.288,1.3591,0.5704,2.1598,0.0,0.0,0.0,-0.4792,-0.4792,0.2438,0.2602,0.3222,7.4873,26.9622,26.3676,0.2816,6.9933,7.6383,5.6766,7.3139,0.2374,0.2765,0.2765,0.2942,1.1674,0.4296,170.782,0.0,0.0,0.0,7.1225,Electrical Equipment,-0.883518270408923,-0.5989183512914976,-0.7587232594641466,-0.8837237904894808,0.190178011906804,3.2469731634408245,0.0081802597402597,4.067907660459501e-05,0.0088068831168831,0.0001092105376511,0.0089674025974025,9.121816259392542e-05,0.0089594805194805,7.283990419068803e-05,59.74194259740261,8.024978064201069e-08,0.0166694805194805,3.93925051072843e-06,1.263157894736842,0.554305532214948,38.0
2024-12-31,PAHC,21.543600158691405,1.0502,246.802,0.2875627009646302,3.1989,0.6271,0.0782,1536.6317,0.0117,0.3784,0.3347,2.1071,0.5732,0.7369,2.9857,0.6861,2.7798,0.0103,0.0826,1.0064,3.4464,44.0325,22.4251,0.0156,0.769,4.1109,1.3673,6.4604,0.0183,0.0749,0.0239,0.1009,7.5958,0.6653,206.908,3.0516,0.5859,0.7532,1.2376,Pharmaceuticals,-0.0311772736282066,-0.0899352944831535,-0.0428521096297819,-0.1879020789598429,0.0379470581417217,4.199169256201806,-0.0024628571428571,4.1962736796879146e-05,-0.0094432467532467,1.7251505912853363e-05,-0.0033592207792207,3.203977389433083e-05,-0.0022899999999999,4.4718874932518655e-05,-10.06859792207792,0.1531773337509239,-0.0019340259740259,0.6906076516432043,1.4927536231884058,0.5320102941782984,69.0
2024-12-31,PAHC,21.543600158691405,1.0502,246.802,0.2875627009646302,3.1989,0.6271,0.0782,1536.6317,0.0117,0.3784,0.3347,2.1071,0.5732,0.7369,2.9857,0.6861,2.7798,0.0103,0.0826,1.0064,3.4464,44.0325,22.4251,0.0156,0.769,4.1109,1.3673,6.4604,0.0183,0.0749,0.0239,0.1009,7.5958,0.6653,206.908,3.0516,0.5859,0.7532,1.2376,Pharmaceuticals,-0.0311772736282066,-0.0899352944831535,-0.0428521096297819,-0.1879020789598429,0.0379470581417217,4.199169256201806,-0.0024628571428571,4.1962736796879146e-05,-0.0094432467532467,1.7251505912853363e-05,-0.0033592207792207,3.203977389433083e-05,-0.0022899999999999,4.4718874932518655e-05,-10.06859792207792,0.1531773337509239,-0.0019340259740259,0.6906076516432043,1.4927536231884058,0.5320102941782984,69.0
2024-12-31,PAHC,21.543600158691405,1.0502,246.802,0.2875627009646302,3.1989,0.6271,0.0782,1536.6317,0.0117,0.3784,0.3347,2.1071,0.5732,0.7369,2.9857,0.6861,2.7798,0.0103,0.0826,1.0064,3.4464,44.0325,22.4251,0.0156,0.769,4.1109,1.3673,6.4604,0.0183,0.0749,0.0239,0.1009,7.5958,0.6653,206.908,3.0516,0.5859,0.7532,1.2376,Pharmaceuticals,-0.0311772736282066,-0.0899352944831535,-0.0428521096297819,-0.1879020789598429,0.0379470581417217,4.199169256201806,-0.0024628571428571,4.1962736796879146e-05,-0.0094432467532467,1.7251505912853363e-05,-0.0033592207792207,3.203977389433083e-05,-0.0022899999999999,4.4718874932518655e-05,-10.06859792207792,0.1531773337509239,-0.0019340259740259,0.6906076516432043,1.4927536231884058,0.5320102941782984,69.0
2024-12-31,PATK,91.41519989013672,1.2202,1128.366,0.0949083042291758,2.3263,1.1494,0.4226,4075.8173,0.0913,7.4751,0.2213,5.4246,0.4342,0.5362,1.1625,0.525,1.1383,0.0172,0.0468,0.3162,2.4739,20.1692,11.1143,0.0244,0.7513,10.9772,0.5989,21.7263,0.0454,0.1254,0.0563,0.1049,24.563,0.7787,290.54,1.168,0.4363,0.5387,1.5962,Auto Components,-0.5154476020092205,-0.6072906577441226,-1.553687907676869,-38.04065934065937,0.0058457248512926,0.2475662854744691,-0.0005971428571428,0.5552586973508655,-0.0030231168831168,0.4383685287967952,-0.0009453246753246,0.4796748233350583,-0.0015062337662337,0.382424149078565,111.48179142857144,4.29706442017522e-07,0.0278487012987012,0.4562676912936521,1.181818181818182,0.4933119128468756,66.0
2024-12-31,PATK,91.41519989013672,1.2202,1128.366,0.0949083042291758,2.3263,1.1494,0.4226,4075.8173,0.0913,7.4751,0.2213,5.4246,0.4342,0.5362,1.1625,0.525,1.1383,0.0172,0.0468,0.3162,2.4739,20.1692,11.1143,0.0244,0.7513,10.9772,0.5989,21.7263,0.0454,0.1254,0.0563,0.1049,24.563,0.7787,290.54,1.168,0.4363,0.5387,1.5962,Auto Components,-0.5154476020092205,-0.6072906577441226,-1.553687907676869,-38.04065934065937,0.0058457248512926,0.2475662854744691,-0.0005971428571428,0.5552586973508655,-0.0030231168831168,0.4383685287967952,-0.0009453246753246,0.4796748233350583,-0.0015062337662337,0.382424149078565,111.48179142857144,4.29706442017522e-07,0.0278487012987012,0.4562676912936521,1.181818181818182,0.4933119128468756,66.0
2024-12-31,PATK,91.41519989013672,1.2202,1128.366,0.0949083042291758,2.3263,1.1494,0.4226,4075.8173,0.0913,7.4751,0.2213,5.4246,0.4342,0.5362,1.1625,0.525,1.1383,0.0172,0.0468,0.3162,2.4739,20.1692,11.1143,0.0244,0.7513,10.9772,0.5989,21.7263,0.0454,0.1254,0.0563,0.1049,24.563,0.7787,290.54,1.168,0.4363,0.5387,1.5962,Auto Components,-0.5154476020092205,-0.6072906577441226,-1.553687907676869,-38.04065934065937,0.0058457248512926,0.2475662854744691,-0.0005971428571428,0.5552586973508655,-0.0030231168831168,0.4383685287967952,-0.0009453246753246,0.4796748233350583,-0.0015062337662337,0.382424149078565,111.48179142857144,4.29706442017522e-07,0.0278487012987012,0.4562676912936521,1.181818181818182,0.4933119128468756,66.0
2024-12-31,PECO,36.38412155151367,0.1337,2319.922,0.0298181951469833,0.0298,0.3738,0.15,6697.258,0.5095,2.0067,0.7055,204.0,0.418,0.4763,0.9093,0.4752,0.9072,0.1048,0.2613,2.4801,1.9796,73.2647,18.7924,0.1166,6.9438,2.0619,0.0298,210.4706,0.0127,0.0274,0.0144,0.038,1.4308,0.2945,2242.551,0.9093,0.418,0.4763,1.8509,Real Estate,-0.5220385429827215,-0.5960745979721312,-0.4169281395882757,-2.9114351289320908,0.5995161978488786,0.7149001623607828,0.0011032467532467,8.002217552926812e-09,0.0024954545454545,1.0117803114624135e-07,0.0012614285714285,1.0369965588303646e-08,0.0016436363636363,6.104617104536317e-10,184.14718948051947,2.463631689816722e-05,0.009951948051948,0.0004924479983398,1.2,0.4842341981115022,30.0
2024-12-31,PECO,36.38412155151367,0.1337,2319.922,0.0298181951469833,0.0298,0.3738,0.15,6697.258,0.5095,2.0067,0.7055,204.0,0.418,0.4763,0.9093,0.4752,0.9072,0.1048,0.2613,2.4801,1.9796,73.2647,18.7924,0.1166,6.9438,2.0619,0.0298,210.4706,0.0127,0.0274,0.0144,0.038,1.4308,0.2945,2242.551,0.9093,0.418,0.4763,1.8509,Real Estate,-0.5220385429827215,-0.5960745979721312,-0.4169281395882757,-2.9114351289320908,0.5995161978488786,0.7149001623607828,0.0011032467532467,8.002217552926812e-09,0.0024954545454545,1.0117803114624135e-07,0.0012614285714285,1.0369965588303646e-08,0.0016436363636363,6.104617104536317e-10,184.14718948051947,2.463631689816722e-05,0.009951948051948,0.0004924479983398,1.2,0.4842341981115022,30.0
2024-12-31,PECO,36.38412155151367,0.1337,2319.922,0.0298181951469833,0.0298,0.3738,0.15,6697.258,0.5095,2.0067,0.7055,204.0,0.418,0.4763,0.9093,0.4752,0.9072,0.1048,0.2613,2.4801,1.9796,73.2647,18.7924,0.1166,6.9438,2.0619,0.0298,210.4706,0.0127,0.0274,0.0144,0.038,1.4308,0.2945,2242.551,0.9093,0.418,0.4763,1.8509,Real Estate,-0.5220385429827215,-0.5960745979721312,-0.4169281395882757,-2.9114351289320908,0.5995161978488786,0.7149001623607828,0.0011032467532467,8.002217552926812e-09,0.0024954545454545,1.0117803114624135e-07,0.0012614285714285,1.0369965588303646e-08,0.0016436363636363,6.104617104536317e-10,184.14718948051947,2.463631689816722e-05,0.009951948051948,0.0004924479983398,1.2,0.4842341981115022,30.0
2024-12-31,PINC,21.508800048828125,0.3574,1717.891,0.1171775297584518,0.8304,-0.9795,-1.0132,2766.7642,0.3725,4.0196,0.7126,5.8504,0.1968,0.2441,0.36,0.2879,0.4245,-0.3996,-0.3863,0.3699,1.186,13.4364,5.5292,-0.2656,1.7248,1.3881,0.7261,2.6245,-0.0014,-0.0025,-0.0018,-0.0204,2.5354,0.2874,1467.806,0.4745,0.2594,0.3218,2.206,Health Care,0.0144757164921915,0.0037529072951363,0.0037088622706832,0.043343026516281,0.3096363133377686,-4.274078634088049,-0.0019362337662337,0.0079765160889612,-0.0031467532467532,0.0066622343422341,-0.003111948051948,0.0007217586760366,-0.0086777922077922,2.1530437949543904e-08,-102.90092207792208,0.0001175345032469,-0.0575245454545454,0.0014865887934758,1.297872340425532,0.548313367123347,47.0
2024-12-31,PINC,21.508800048828125,0.3574,1717.891,0.1171775297584518,0.8304,-0.9795,-1.0132,2766.7642,0.3725,4.0196,0.7126,5.8504,0.1968,0.2441,0.36,0.2879,0.4245,-0.3996,-0.3863,0.3699,1.186,13.4364,5.5292,-0.2656,1.7248,1.3881,0.7261,2.6245,-0.0014,-0.0025,-0.0018,-0.0204,2.5354,0.2874,1467.806,0.4745,0.2594,0.3218,2.206,Health Care,0.0144757164921915,0.0037529072951363,0.0037088622706832,0.043343026516281,0.3096363133377686,-4.274078634088049,-0.0019362337662337,0.0079765160889612,-0.0031467532467532,0.0066622343422341,-0.003111948051948,0.0007217586760366,-0.0086777922077922,2.1530437949543904e-08,-102.90092207792208,0.0001175345032469,-0.0575245454545454,0.0014865887934758,1.297872340425532,0.548313367123347,47.0
2024-12-31,PINC,21.508800048828125,0.3574,1717.891,0.1171775297584518,0.8304,-0.9795,-1.0132,2766.7642,0.3725,4.0196,0.7126,5.8504,0.1968,0.2441,0.36,0.2879,0.4245,-0.3996,-0.3863,0.3699,1.186,13.4364,5.5292,-0.2656,1.7248,1.3881,0.7261,2.6245,-0.0014,-0.0025,-0.0018,-0.0204,2.5354,0.2874,1467.806,0.4745,0.2594,0.3218,2.206,Health Care,0.0144757164921915,0.0037529072951363,0.0037088622706832,0.043343026516281,0.3096363133377686,-4.274078634088049,-0.0019362337662337,0.0079765160889612,-0.0031467532467532,0.0066622343422341,-0.003111948051948,0.0007217586760366,-0.0086777922077922,2.1530437949543904e-08,-102.90092207792208,0.0001175345032469,-0.0575245454545454,0.0014865887934758,1.297872340425532,0.548313367123347,47.0
2024-12-31,PKG,226.74120178222657,0.927,4263.6,0.6148114493412086,2.9454,3.3765,2.4704,21151.865,0.0826,6.5657,0.2189,6.3005,0.2826,0.3667,0.5802,0.2677,0.4237,0.103,0.1408,0.5801,4.5374,25.1153,32.8112,0.1359,2.4117,4.7622,1.8062,7.2304,0.0877,0.1883,0.1122,0.154,23.9788,0.7811,4062.3,0.5824,0.2836,0.368,1.9495,Packaging,2.2146464646464645,1.1035627945593516,2.0576144265301446,1.4867256637168142,1.7402574510973554,2.208233870704032,0.000752987012987,0.309607351598641,0.0002474025974025,0.8759630675557748,0.0008837662337662,0.3568152769161101,0.0002114285714285,0.8580353624956548,358.4621435064936,5.679632183871677e-06,0.0545203896103896,0.0397169814494247,1.2650602409638554,0.5861061534876073,83.0
2024-12-31,PKG,226.74120178222657,0.927,4263.6,0.6148114493412086,2.9454,3.3765,2.4704,21151.865,0.0826,6.5657,0.2189,6.3005,0.2826,0.3667,0.5802,0.2677,0.4237,0.103,0.1408,0.5801,4.5374,25.1153,32.8112,0.1359,2.4117,4.7622,1.8062,7.2304,0.0877,0.1883,0.1122,0.154,23.9788,0.7811,4062.3,0.5824,0.2836,0.368,1.9495,Packaging,2.2146464646464645,1.1035627945593516,2.0576144265301446,1.4867256637168142,1.7402574510973554,2.208233870704032,0.000752987012987,0.309607351598641,0.0002474025974025,0.8759630675557748,0.0008837662337662,0.3568152769161101,0.0002114285714285,0.8580353624956548,358.4621435064936,5.679632183871677e-06,0.0545203896103896,0.0397169814494247,1.2650602409638554,0.5861061534876073,83.0
2024-12-31,PKG,226.74120178222657,0.927,4263.6,0.6148114493412086,2.9454,3.3765,2.4704,21151.865,0.0826,6.5657,0.2189,6.3005,0.2826,0.3667,0.5802,0.2677,0.4237,0.103,0.1408,0.5801,4.5374,25.1153,32.8112,0.1359,2.4117,4.7622,1.8062,7.2304,0.0877,0.1883,0.1122,0.154,23.9788,0.7811,4062.3,0.5824,0.2836,0.368,1.9495,Packaging,2.2146464646464645,1.1035627945593516,2.0576144265301446,1.4867256637168142,1.7402574510973554,2.208233870704032,0.000752987012987,0.309607351598641,0.0002474025974025,0.8759630675557748,0.0008837662337662,0.3568152769161101,0.0002114285714285,0.8580353624956548,358.4621435064936,5.679632183871677e-06,0.0545203896103896,0.0397169814494247,1.2650602409638554,0.5861061534876073,83.0
2024-12-31,SIRI,22.497408828735352,0.4498,11074.0,0.0593189307945807,0.4207,1.5161,0.8416,17946.807,0.2349,3.2364,0.5242,555.1429,0.3746,0.4806,0.9309,0.4762,0.9223,0.1312,0.2363,0.3941,0.6984,8.9515,7.6346,0.1801,0.889,8.7388,0.3145,13.1405,-0.1073,-0.2436,-0.1241,-0.1108,6.4164,0.4758,885.0,0.9369,0.377,0.4837,1.6733,Media,0.863662653389757,1.0181548839362475,0.8716321041986175,0.7809778729478943,0.1076932728782351,7.75829815838718,-0.0025255844155844,0.3593804694953303,-0.0469112987012987,0.0198661657678031,-0.0197427272727272,0.0207057973235728,-0.0065910389610389,0.0384403952930861,-792.4917033766235,5.969989615787516e-06,-0.0738446753246753,0.3607603975477106,1.195121951219512,0.6722625025314883,205.0
2024-12-31,SIRI,22.497408828735352,0.4498,11074.0,0.0593189307945807,0.4207,1.5161,0.8416,17946.807,0.2349,3.2364,0.5242,555.1429,0.3746,0.4806,0.9309,0.4762,0.9223,0.1312,0.2363,0.3941,0.6984,8.9515,7.6346,0.1801,0.889,8.7388,0.3145,13.1405,-0.1073,-0.2436,-0.1241,-0.1108,6.4164,0.4758,885.0,0.9369,0.377,0.4837,1.6733,Media,0.863662653389757,1.0181548839362475,0.8716321041986175,0.7809778729478943,0.1076932728782351,7.75829815838718,-0.0025255844155844,0.3593804694953303,-0.0469112987012987,0.0198661657678031,-0.0197427272727272,0.0207057973235728,-0.0065910389610389,0.0384403952930861,-792.4917033766235,5.969989615787516e-06,-0.0738446753246753,0.3607603975477106,1.195121951219512,0.6722625025314883,205.0
2024-12-31,SIRI,22.497408828735352,0.4498,11074.0,0.0593189307945807,0.4207,1.5161,0.8416,17946.807,0.2349,3.2364,0.5242,555.1429,0.3746,0.4806,0.9309,0.4762,0.9223,0.1312,0.2363,0.3941,0.6984,8.9515,7.6346,0.1801,0.889,8.7388,0.3145,13.1405,-0.1073,-0.2436,-0.1241,-0.1108,6.4164,0.4758,885.0,0.9369,0.377,0.4837,1.6733,Media,0.863662653389757,1.0181548839362475,0.8716321041986175,0.7809778729478943,0.1076932728782351,7.75829815838718,-0.0025255844155844,0.3593804694953303,-0.0469112987012987,0.0198661657678031,-0.0197427272727272,0.0207057973235728,-0.0065910389610389,0.0384403952930861,-792.4917033766235,5.969989615787516e-06,-0.0738446753246753,0.3607603975477106,1.195121951219512,0.6722625025314883,205.0
2024-12-31,SLGN,52.93559997558594,0.7411,1989.2,0.5374918354016982,1.6477,0.8677,0.4203,8872.5616,0.613,4.2989,0.1694,5.1827,0.4819,0.6753,2.0796,0.541,1.6659,0.032,0.066,0.297,2.7944,20.1099,4.9744,0.0344,0.9494,4.0844,1.0415,9.8091,0.035,0.1404,0.0468,0.087,13.1519,0.8306,1372.516,2.0796,0.4819,0.6753,1.3016,Packaging,0.8838383838383839,0.8228370491563088,0.8582562848628411,0.839903459372486,0.7299848705880202,0.567476537719499,-0.000445974025974,0.0186796540788896,-0.0053888311688311,3.86083426606257e-05,-0.0008011688311688,0.004516610309095,-0.0008836363636363,0.0016845032872851,132.79701974025977,3.671357696447629e-05,0.0116985714285714,0.3418340283781375,0.925,0.4167948520770725,40.0
2024-12-31,SLGN,52.93559997558594,0.7411,1989.2,0.5374918354016982,1.6477,0.8677,0.4203,8872.5616,0.613,4.2989,0.1694,5.1827,0.4819,0.6753,2.0796,0.541,1.6659,0.032,0.066,0.297,2.7944,20.1099,4.9744,0.0344,0.9494,4.0844,1.0415,9.8091,0.035,0.1404,0.0468,0.087,13.1519,0.8306,1372.516,2.0796,0.4819,0.6753,1.3016,Packaging,0.8838383838383839,0.8228370491563088,0.8582562848628411,0.839903459372486,0.7299848705880202,0.567476537719499,-0.000445974025974,0.0186796540788896,-0.0053888311688311,3.86083426606257e-05,-0.0008011688311688,0.004516610309095,-0.0008836363636363,0.0016845032872851,132.79701974025977,3.671357696447629e-05,0.0116985714285714,0.3418340283781375,0.925,0.4167948520770725,40.0
2024-12-31,SLGN,52.93559997558594,0.7411,1989.2,0.5374918354016982,1.6477,0.8677,0.4203,8872.5616,0.613,4.2989,0.1694,5.1827,0.4819,0.6753,2.0796,0.541,1.6659,0.032,0.066,0.297,2.7944,20.1099,4.9744,0.0344,0.9494,4.0844,1.0415,9.8091,0.035,0.1404,0.0468,0.087,13.1519,0.8306,1372.516,2.0796,0.4819,0.6753,1.3016,Packaging,0.8838383838383839,0.8228370491563088,0.8582562848628411,0.839903459372486,0.7299848705880202,0.567476537719499,-0.000445974025974,0.0186796540788896,-0.0053888311688311,3.86083426606257e-05,-0.0008011688311688,0.004516610309095,-0.0008836363636363,0.0016845032872851,132.79701974025977,3.671357696447629e-05,0.0116985714285714,0.3418340283781375,0.925,0.4167948520770725,40.0
2024-12-31,TEX,46.82080032348633,1.2028,1832.0,0.3616029822926375,2.1622,0.7946,-0.03,5283.496,0.1031,2.8636,0.1587,3.3994,0.4503,0.5842,1.4083,0.4973,1.1987,-0.0016,0.0427,0.0978,1.6853,9.2109,11.9717,-0.0016,0.6022,1.5494,2.1622,7.7694,0.0786,0.1826,0.1122,0.1763,18.6057,0.8413,1943.0,1.4105,0.451,0.5851,1.47,Machinery,-0.1927608975421993,-0.3337293246824454,-0.2664456333358451,-0.449561844421669,0.7287017033088976,0.7249852290232199,0.0074405194805194,1.6502401472023826e-07,0.0157858441558441,9.88697389882891e-06,0.0115024675324675,4.882546389781918e-07,0.0115511688311688,9.8600559269232e-06,94.24504142857144,0.0003366134360614,0.1094488311688311,5.206341380027333e-05,1.12,0.4638266218482237,75.0
2024-12-31,TEX,46.82080032348633,1.2028,1832.0,0.3616029822926375,2.1622,0.7946,-0.03,5283.496,0.1031,2.8636,0.1587,3.3994,0.4503,0.5842,1.4083,0.4973,1.1987,-0.0016,0.0427,0.0978,1.6853,9.2109,11.9717,-0.0016,0.6022,1.5494,2.1622,7.7694,0.0786,0.1826,0.1122,0.1763,18.6057,0.8413,1943.0,1.4105,0.451,0.5851,1.47,Machinery,-0.1927608975421993,-0.3337293246824454,-0.2664456333358451,-0.449561844421669,0.7287017033088976,0.7249852290232199,0.0074405194805194,1.6502401472023826e-07,0.0157858441558441,9.88697389882891e-06,0.0115024675324675,4.882546389781918e-07,0.0115511688311688,9.8600559269232e-06,94.24504142857144,0.0003366134360614,0.1094488311688311,5.206341380027333e-05,1.12,0.4638266218482237,75.0
2024-12-31,TEX,46.82080032348633,1.2028,1832.0,0.3616029822926375,2.1622,0.7946,-0.03,5283.496,0.1031,2.8636,0.1587,3.3994,0.4503,0.5842,1.4083,0.4973,1.1987,-0.0016,0.0427,0.0978,1.6853,9.2109,11.9717,-0.0016,0.6022,1.5494,2.1622,7.7694,0.0786,0.1826,0.1122,0.1763,18.6057,0.8413,1943.0,1.4105,0.451,0.5851,1.47,Machinery,-0.1927608975421993,-0.3337293246824454,-0.2664456333358451,-0.449561844421669,0.7287017033088976,0.7249852290232199,0.0074405194805194,1.6502401472023826e-07,0.0157858441558441,9.88697389882891e-06,0.0115024675324675,4.882546389781918e-07,0.0115511688311688,9.8600559269232e-06,94.24504142857144,0.0003366134360614,0.1094488311688311,5.206341380027333e-05,1.12,0.4638266218482237,75.0
2024-12-31,TMUS,223.81079956054688,0.3906,61741.0,0.2681173788044017,0.9123,3.9565,2.5718,335000.22,0.1144,8.7211,0.5983,17.944,0.3743,0.5333,1.2611,0.5401,1.277,0.1363,0.2097,0.291,4.1489,22.5905,25.6616,0.1755,3.1469,4.9129,0.789,17.0026,0.0544,0.1809,0.077,0.1223,18.8699,0.4017,827.446,1.3647,0.405,0.5771,1.422,Telecommunication,-0.0045541119318386,-0.304604239136238,-0.1284523867649691,-0.2188647126863228,8.249151869848253,3.516423844217892,0.0010340259740259,0.0455720627698917,0.0037363636363636,0.0286990217779479,0.0013968831168831,0.0638087791388006,0.0018987012987012,0.0594218007137826,7555.736,2.6117771381341713e-06,0.143264025974026,1.974359415446574e-05,1.2335766423357664,0.6446929698180064,137.0
2024-12-31,TMUS,223.81079956054688,0.3906,61741.0,0.2681173788044017,0.9123,3.9565,2.5718,335000.22,0.1144,8.7211,0.5983,17.944,0.3743,0.5333,1.2611,0.5401,1.277,0.1363,0.2097,0.291,4.1489,22.5905,25.6616,0.1755,3.1469,4.9129,0.789,17.0026,0.0544,0.1809,0.077,0.1223,18.8699,0.4017,827.446,1.3647,0.405,0.5771,1.422,Telecommunication,-0.0045541119318386,-0.304604239136238,-0.1284523867649691,-0.2188647126863228,8.249151869848253,3.516423844217892,0.0010340259740259,0.0455720627698917,0.0037363636363636,0.0286990217779479,0.0013968831168831,0.0638087791388006,0.0018987012987012,0.0594218007137826,7555.736,2.6117771381341713e-06,0.143264025974026,1.974359415446574e-05,1.2335766423357664,0.6446929698180064,137.0
2024-12-31,WHR,118.8163998413086,0.9744,2683.0,0.1741089717328963,0.7154,-2.4549,-7.0578,11663.3936,0.2348,7.0,0.1622,6.5511,0.2919,0.5111,1.7734,0.5748,1.9944,-0.0945,-0.0329,0.3492,2.3527,10.5089,4.1474,-0.0527,0.3801,3.0613,0.354,11.6711,-0.0189,-0.1152,-0.032,0.0142,74.657,0.8378,2378.0,2.4696,0.4065,0.7118,1.197,Consumer products,0.0088684107073269,-0.5534502759517699,0.1725430371256855,-0.081816201631546,1.4227685178745584,-3.0283526416668334,-0.0051157142857142,0.0240924780684906,-0.0292620779220779,0.0259137560119638,-0.0103541558441558,0.0160734493407889,-0.0115228571428571,0.0058944165892878,-57.15584675324678,0.4005401191471605,-0.4145066233766233,0.1623523108896246,1.203883495145631,0.5306160552209596,103.0
2024-12-31,WHR,118.8163998413086,0.9744,2683.0,0.1741089717328963,0.7154,-2.4549,-7.0578,11663.3936,0.2348,7.0,0.1622,6.5511,0.2919,0.5111,1.7734,0.5748,1.9944,-0.0945,-0.0329,0.3492,2.3527,10.5089,4.1474,-0.0527,0.3801,3.0613,0.354,11.6711,-0.0189,-0.1152,-0.032,0.0142,74.657,0.8378,2378.0,2.4696,0.4065,0.7118,1.197,Consumer products,0.0088684107073269,-0.5534502759517699,0.1725430371256855,-0.081816201631546,1.4227685178745584,-3.0283526416668334,-0.0051157142857142,0.0240924780684906,-0.0292620779220779,0.0259137560119638,-0.0103541558441558,0.0160734493407889,-0.0115228571428571,0.0058944165892878,-57.15584675324678,0.4005401191471605,-0.4145066233766233,0.1623523108896246,1.203883495145631,0.5306160552209596,103.0
2024-12-31,WHR,118.8163998413086,0.9744,2683.0,0.1741089717328963,0.7154,-2.4549,-7.0578,11663.3936,0.2348,7.0,0.1622,6.5511,0.2919,0.5111,1.7734,0.5748,1.9944,-0.0945,-0.0329,0.3492,2.3527,10.5089,4.1474,-0.0527,0.3801,3.0613,0.354,11.6711,-0.0189,-0.1152,-0.032,0.0142,74.657,0.8378,2378.0,2.4696,0.4065,0.7118,1.197,Consumer products,0.0088684107073269,-0.5534502759517699,0.1725430371256855,-0.081816201631546,1.4227685178745584,-3.0283526416668334,-0.0051157142857142,0.0240924780684906,-0.0292620779220779,0.0259137560119638,-0.0103541558441558,0.0160734493407889,-0.0115228571428571,0.0058944165892878,-57.15584675324678,0.4005401191471605,-0.4145066233766233,0.1623523108896246,1.203883495145631,0.5306160552209596,103.0
2024-12-31,WNC,15.913045997619628,1.3943,188.83,0.3744508104497598,1.9276,0.0827,-0.0238,1024.0207,0.1296,0.8893,0.1031,6.3886,0.2814,0.6777,2.1032,0.4807,1.4916,-0.0025,0.0086,0.0999,3.9314,6.2271,9.1863,-0.0048,0.3813,6.49,0.8412,11.909,-0.2035,-0.7647,-0.3697,-0.4635,9.6166,0.8969,114.385,2.1032,0.2814,0.6777,1.1544,Machinery,0.4990692449088747,1.3976057753815223,0.8779407365798745,1.1819167038539058,0.1412333099738449,0.0754546670528823,-0.0106213286713286,0.3350493506435502,-0.0426248251748251,0.2198306144083371,-0.0193262237762237,0.2822729635443328,-0.0277863636363636,0.2345613574222777,5.880386363636361,0.7461263336464115,-0.3604748251748251,0.1904341427836062,1.0227272727272727,0.5901768108593474,44.0
2024-12-31,WNC,15.913045997619628,1.3943,188.83,0.3744508104497598,1.9276,0.0827,-0.0238,1024.0207,0.1296,0.8893,0.1031,6.3886,0.2814,0.6777,2.1032,0.4807,1.4916,-0.0025,0.0086,0.0999,3.9314,6.2271,9.1863,-0.0048,0.3813,6.49,0.8412,11.909,-0.2035,-0.7647,-0.3697,-0.4635,9.6166,0.8969,114.385,2.1032,0.2814,0.6777,1.1544,Machinery,0.4990692449088747,1.3976057753815223,0.8779407365798745,1.1819167038539058,0.1412333099738449,0.0754546670528823,-0.0106213286713286,0.3350493506435502,-0.0426248251748251,0.2198306144083371,-0.0193262237762237,0.2822729635443328,-0.0277863636363636,0.2345613574222777,5.880386363636361,0.7461263336464115,-0.3604748251748251,0.1904341427836062,1.0227272727272727,0.5901768108593474,44.0
2024-12-31,WNC,15.913045997619628,1.3943,188.83,0.3744508104497598,1.9276,0.0827,-0.0238,1024.0207,0.1296,0.8893,0.1031,6.3886,0.2814,0.6777,2.1032,0.4807,1.4916,-0.0025,0.0086,0.0999,3.9314,6.2271,9.1863,-0.0048,0.3813,6.49,0.8412,11.909,-0.2035,-0.7647,-0.3697,-0.4635,9.6166,0.8969,114.385,2.1032,0.2814,0.6777,1.1544,Machinery,0.4990692449088747,1.3976057753815223,0.8779407365798745,1.1819167038539058,0.1412333099738449,0.0754546670528823,-0.0106213286713286,0.3350493506435502,-0.0426248251748251,0.2198306144083371,-0.0193262237762237,0.2822729635443328,-0.0277863636363636,0.2345613574222777,5.880386363636361,0.7461263336464115,-0.3604748251748251,0.1904341427836062,1.0227272727272727,0.5901768108593474,44.0
2024-12-31,XPO,137.27280029296875,1.0425,1601.0,0.1732394366197183,1.0599,1.2417,0.625,18407.107,0.012,0.1624,0.5976,177.236,0.4311,0.6666,2.0768,0.6297,1.9619,0.039,0.0776,0.0108,9.5354,39.4473,84.8117,0.0526,1.8915,12.3114,1.0599,8.2779,0.05,0.2549,0.0788,0.1345,16.0083,0.4029,1240.0,2.1156,0.4392,0.679,1.262,Road & Rail,68.08510638297875,3.3714144002645297,-8.245912361020272,9.615728328865057,1.0641389029440873,0.7791318071189535,0.0013894805194805,0.1570145820808875,0.00715,0.2155301993954572,0.00212,0.2409717088224558,0.0053351948051948,1.0231844677318952e-05,67.1312890909091,0.6562948418659951,0.0666596103896104,0.0560734137182538,1.206896551724138,0.5024676737049267,116.0
2024-12-31,XPO,137.27280029296875,1.0425,1601.0,0.1732394366197183,1.0599,1.2417,0.625,18407.107,0.012,0.1624,0.5976,177.236,0.4311,0.6666,2.0768,0.6297,1.9619,0.039,0.0776,0.0108,9.5354,39.4473,84.8117,0.0526,1.8915,12.3114,1.0599,8.2779,0.05,0.2549,0.0788,0.1345,16.0083,0.4029,1240.0,2.1156,0.4392,0.679,1.262,Road & Rail,68.08510638297875,3.3714144002645297,-8.245912361020272,9.615728328865057,1.0641389029440873,0.7791318071189535,0.0013894805194805,0.1570145820808875,0.00715,0.2155301993954572,0.00212,0.2409717088224558,0.0053351948051948,1.0231844677318952e-05,67.1312890909091,0.6562948418659951,0.0666596103896104,0.0560734137182538,1.206896551724138,0.5024676737049267,116.0
2024-12-31,XPO,137.27280029296875,1.0425,1601.0,0.1732394366197183,1.0599,1.2417,0.625,18407.107,0.012,0.1624,0.5976,177.236,0.4311,0.6666,2.0768,0.6297,1.9619,0.039,0.0776,0.0108,9.5354,39.4473,84.8117,0.0526,1.8915,12.3114,1.0599,8.2779,0.05,0.2549,0.0788,0.1345,16.0083,0.4029,1240.0,2.1156,0.4392,0.679,1.262,Road & Rail,68.08510638297875,3.3714144002645297,-8.245912361020272,9.615728328865057,1.0641389029440873,0.7791318071189535,0.0013894805194805,0.1570145820808875,0.00715,0.2155301993954572,0.00212,0.2409717088224558,0.0053351948051948,1.0231844677318952e-05,67.1312890909091,0.6562948418659951,0.0666596103896104,0.0560734137182538,1.206896551724138,0.5024676737049267,116.0
2024-12-31,ZBH,107.2956005859375,0.3569,12476.2,0.2144110326818719,1.906,1.946,1.1976,26707.256,0.1826,4.5325,0.71,0.9485,0.25,0.2859,0.4281,0.304,0.4552,0.1183,0.1923,0.2169,1.6855,23.2715,23.3051,0.1428,2.7385,2.6693,0.994,5.2537,0.042,0.072,0.0485,0.0691,10.1211,0.29,7877.8,0.4973,0.2904,0.3321,2.4035,Health Care,-0.4342714947657455,-0.1080837300999272,-0.0999332334045215,-0.146813879033089,2.9888836523213653,8.491431364916123,0.0015622077922077,0.0118324864040429,0.0023214285714285,0.0448324730226191,0.0018007792207792,0.013889931713497,0.0028097402597402,8.190006064383032e-05,-433.1438129870131,0.005254741782199,0.0798725974025974,0.0218438068411419,1.275229357798165,0.5421418365907499,109.0
2024-12-31,ZBH,107.2956005859375,0.3569,12476.2,0.2144110326818719,1.906,1.946,1.1976,26707.256,0.1826,4.5325,0.71,0.9485,0.25,0.2859,0.4281,0.304,0.4552,0.1183,0.1923,0.2169,1.6855,23.2715,23.3051,0.1428,2.7385,2.6693,0.994,5.2537,0.042,0.072,0.0485,0.0691,10.1211,0.29,7877.8,0.4973,0.2904,0.3321,2.4035,Health Care,-0.4342714947657455,-0.1080837300999272,-0.0999332334045215,-0.146813879033089,2.9888836523213653,8.491431364916123,0.0015622077922077,0.0118324864040429,0.0023214285714285,0.0448324730226191,0.0018007792207792,0.013889931713497,0.0028097402597402,8.190006064383032e-05,-433.1438129870131,0.005254741782199,0.0798725974025974,0.0218438068411419,1.275229357798165,0.5421418365907499,109.0
2024-12-31,ZBH,107.2956005859375,0.3569,12476.2,0.2144110326818719,1.906,1.946,1.1976,26707.256,0.1826,4.5325,0.71,0.9485,0.25,0.2859,0.4281,0.304,0.4552,0.1183,0.1923,0.2169,1.6855,23.2715,23.3051,0.1428,2.7385,2.6693,0.994,5.2537,0.042,0.072,0.0485,0.0691,10.1211,0.29,7877.8,0.4973,0.2904,0.3321,2.4035,Health Care,-0.4342714947657455,-0.1080837300999272,-0.0999332334045215,-0.146813879033089,2.9888836523213653,8.491431364916123,0.0015622077922077,0.0118324864040429,0.0023214285714285,0.0448324730226191,0.0018007792207792,0.013889931713497,0.0028097402597402,8.190006064383032e-05,-433.1438129870131,0.005254741782199,0.0798725974025974,0.0218438068411419,1.275229357798165,0.5421418365907499,109.0
2024-12-31,ZWS,38.10360015869141,0.5857,1586.8,0.7990314769975787,2.914,0.2852,0.2106,6627.928,0.147,1.5953,0.4349,3.1243,0.1868,0.2376,0.3118,0.1429,0.1875,0.0982,0.133,0.3533,3.9894,39.5152,23.299,0.1128,4.0411,9.1058,1.814,7.597,0.0599,0.1004,0.0766,0.117,2.1445,0.5651,695.2,0.3123,0.1871,0.238,2.4946,Building,-0.1721944733910668,-0.0843199707735559,-0.0928271064845671,-0.1535715223269367,1.0125427951066197,0.2261454959223239,0.0010782417582417,0.4158007366698533,-0.0016764835164835,0.5832401625315906,0.0011795604395604,0.4958026171548471,0.0056136263736263,0.0004714882068736,34.8726435164835,0.6800489350801641,0.0157745054945054,0.1309027370191945,1.2272727272727273,0.4239151057857213,44.0
2024-12-31,ZWS,38.10360015869141,0.5857,1586.8,0.7990314769975787,2.914,0.2852,0.2106,6627.928,0.147,1.5953,0.4349,3.1243,0.1868,0.2376,0.3118,0.1429,0.1875,0.0982,0.133,0.3533,3.9894,39.5152,23.299,0.1128,4.0411,9.1058,1.814,7.597,0.0599,0.1004,0.0766,0.117,2.1445,0.5651,695.2,0.3123,0.1871,0.238,2.4946,Building,-0.1721944733910668,-0.0843199707735559,-0.0928271064845671,-0.1535715223269367,1.0125427951066197,0.2261454959223239,0.0010782417582417,0.4158007366698533,-0.0016764835164835,0.5832401625315906,0.0011795604395604,0.4958026171548471,0.0056136263736263,0.0004714882068736,34.8726435164835,0.6800489350801641,0.0157745054945054,0.1309027370191945,1.2272727272727273,0.4239151057857213,44.0
2024-12-31,ZWS,38.10360015869141,0.5857,1586.8,0.7990314769975787,2.914,0.2852,0.2106,6627.928,0.147,1.5953,0.4349,3.1243,0.1868,0.2376,0.3118,0.1429,0.1875,0.0982,0.133,0.3533,3.9894,39.5152,23.299,0.1128,4.0411,9.1058,1.814,7.597,0.0599,0.1004,0.0766,0.117,2.1445,0.5651,695.2,0.3123,0.1871,0.238,2.4946,Building,-0.1721944733910668,-0.0843199707735559,-0.0928271064845671,-0.1535715223269367,1.0125427951066197,0.2261454959223239,0.0010782417582417,0.4158007366698533,-0.0016764835164835,0.5832401625315906,0.0011795604395604,0.4958026171548471,0.0056136263736263,0.0004714882068736,34.8726435164835,0.6800489350801641,0.0157745054945054,0.1309027370191945,1.2272727272727273,0.4239151057857213,44.0
