date,symbol,reportedCurrency,cik,fillingDate,acceptedDate,calendarYear,period,revenue,costOfRevenue,grossProfit,grossProfitRatio,researchAndDevelopmentExpenses,generalAndAdministrativeExpenses,sellingAndMarketingExpenses,sellingGeneralAndAdministrativeExpenses,otherExpenses,operatingExpenses,costAndExpenses,interestIncome,interestExpense,depreciationAndAmortization,ebitda,ebitdaratio,operatingIncome,operatingIncomeRatio,totalOtherIncomeExpensesNet,incomeBeforeTax,incomeBeforeTaxRatio,incomeTaxExpense,netIncome,netIncomeRatio,eps,epsdiluted,weightedAverageShsOut,weightedAverageShsOutDil,link,finalLink
2024-12-31,CC,USD,0001627223,2025-02-18,2025-02-18 06:14:44,2024,FY,5782000000.0,4631000000.0,1151000000.0,0.1990660671,109000000.0,0.0,0.0,585000000.0,0,694000000.0,5325000000.0,0.0,264000000.0,301000000.0,692000000.0,0.119681771,457000000.0,0.079038395,-330000000.0,127000000.0,0.0219647181,41000000.0,86000000.0,0.0148737461,0.58,0.57,149494462.0,150013636.0,https://www.sec.gov/Archives/edgar/data/1627223/000095017025021787/0000950170-25-021787-index.htm,https://www.sec.gov/Archives/edgar/data/1627223/000095017025021787/cc-20241231.htm
2023-12-31,CC,USD,0001627223,2024-03-27,2024-03-27 16:08:25,2023,FY,6027000000.0,4721000000.0,1306000000.0,0.217,108000000.0,0.0,0.0,1290000000.0,0,1398000000.0,6114000000.0,0.0,208000000.0,307000000.0,197000000.0,0.0326862452,-92000000.0,-0.0152646424,-226000000.0,-318000000.0,-0.0527625684,-81000000.0,-238000000.0,-0.0394889663,-1.6,-1.6,148912397.0,148912397.0,https://www.sec.gov/Archives/edgar/data/1627223/000095017024037171/0000950170-24-037171-index.htm,https://www.sec.gov/Archives/edgar/data/1627223/000095017024037171/cc-20231231.htm
2022-12-31,CC,USD,0001627223,2023-02-10,2023-02-10 16:06:58,2022,FY,6794000000.0,5178000000.0,1616000000.0,0.2378569326,118000000.0,0.0,0.0,710000000.0,70000000,828000000.0,6006000000.0,163000000.0,163000000.0,291000000.0,1204000000.0,0.1772151899,913000000.0,0.1343832794,-45000000.0,741000000.0,0.1090668237,163000000.0,578000000.0,0.0850750662,3.72,3.65,155359361.0,158303007.0,https://www.sec.gov/Archives/edgar/data/1627223/000095017023002467/0000950170-23-002467-index.htm,https://www.sec.gov/Archives/edgar/data/1627223/000095017023002467/cc-20221231.htm
2021-12-31,CC,USD,0001627223,2022-02-11,2022-02-11 16:20:04,2021,FY,6345000000.0,4964000000.0,1381000000.0,0.218,107000000.0,0.0,0.0,592000000.0,163000000,699000000.0,5663000000.0,185000000.0,185000000.0,317000000.0,1205000000.0,0.1899133176,888000000.0,0.1399527187,-6000000.0,676000000.0,0.1065405831,68000000.0,608000000.0,0.0958234831,3.69,3.6,164943575.0,168698439.0,https://www.sec.gov/Archives/edgar/data/1627223/000156459022004791/0001564590-22-004791-index.htm,https://www.sec.gov/Archives/edgar/data/1627223/000156459022004791/cc-10k_20211231.htm
2020-12-31,CC,USD,0001627223,2021-02-12,2021-02-12 16:33:01,2020,FY,4969000000.0,3902000000.0,1067000000.0,0.2147313343,93000000.0,0.0,0.0,527000000.0,39000000,620000000.0,4522000000.0,210000000.0,210000000.0,320000000.0,767000000.0,0.1668343731,509000000.0,0.1024350976,-268000000.0,179000000.0,0.0360233447,-40000000.0,219000000.0,0.0440732542,1.33,1.32,164681827.0,166346529.0,https://www.sec.gov/Archives/edgar/data/1627223/000156459021005805/0001564590-21-005805-index.htm,https://www.sec.gov/Archives/edgar/data/1627223/000156459021005805/cc-10k_20201231.htm
2024-12-31,EFX,USD,0000033185,2025-02-20,2025-02-20 16:25:43,2024,FY,5681100000.0,2518700000.0,3162400000.0,1.0,0.0,0.0,0.0,1450500000.0,669800000,2120300000.0,4639000000.0,0.0,229100000.0,680600000.0,1720200000.0,0.3027934731,1042100000.0,0.1834327859,-231600000.0,810500000.0,0.142666033,203200000.0,604100000.0,0.1063350407,4.88,4.84,123800000.0,124900000.0,https://www.sec.gov/Archives/edgar/data/33185/000003318525000025/0000033185-25-000025-index.htm,https://www.sec.gov/Archives/edgar/data/33185/000003318525000025/efx-20241231.htm
2023-12-31,EFX,USD,0000033185,2024-02-22,2024-02-22 16:20:17,2023,FY,5265200000.0,2335100000.0,2930100000.0,0.557,0.0,1285800000.0,67000000.0,1385700000.0,610800000,1996500000.0,4331600000.0,0.0,241400000.0,619800000.0,1579100000.0,0.2999126339,933600000.0,0.1773152017,-215700000.0,717900000.0,0.1363480969,166200000.0,545300000.0,0.1035668161,4.44,4.4,122900000.0,123900000.0,https://www.sec.gov/Archives/edgar/data/33185/000003318524000017/0000033185-24-000017-index.htm,https://www.sec.gov/Archives/edgar/data/33185/000003318524000017/efx-20231231.htm
2022-12-31,EFX,USD,0000033185,2023-02-23,2023-02-23 16:36:35,2022,FY,5122200000.0,2177200000.0,2945000000.0,0.5749482644,0.0,1258800000.0,70100000.0,1328900000.0,560100000,1889000000.0,4066200000.0,183000000.0,183000000.0,560100000.0,1672800000.0,0.3282378665,1056000000.0,0.206161415,-126300000.0,929700000.0,0.1815040412,229500000.0,696200000.0,0.1359181602,5.69,5.65,122400000.0,123300000.0,https://www.sec.gov/Archives/edgar/data/33185/000003318523000012/0000033185-23-000012-index.htm,https://www.sec.gov/Archives/edgar/data/33185/000003318523000012/efx-20221231.htm
2021-12-31,EFX,USD,0000033185,2022-02-24,2022-02-24 16:55:14,2021,FY,4923900000.0,1980900000.0,2943000000.0,0.598,0.0,1254400000.0,70200000.0,1324600000.0,480400000,1805000000.0,3785900000.0,145600000.0,145600000.0,480400000.0,1575200000.0,0.3217774528,1138000000.0,0.23111761,-188800000.0,949200000.0,0.1927740206,200700000.0,744200000.0,0.1511403562,6.11,6.02,121900000.0,123600000.0,https://www.sec.gov/Archives/edgar/data/33185/000003318522000014/0000033185-22-000014-index.htm,https://www.sec.gov/Archives/edgar/data/33185/000003318522000014/efx-20211231.htm
2020-12-31,EFX,USD,0000033185,2021-02-25,2021-02-25 16:41:22,2020,FY,4127500000.0,1737400000.0,2390100000.0,0.579067232,0.0,1263500000.0,59000000.0,1322500000.0,391000000,1713500000.0,3450900000.0,141600000.0,141600000.0,391000000.0,1217800000.0,0.2970563295,676600000.0,0.163924894,8600000.0,685200000.0,0.1660084797,159000000.0,520100000.0,0.1260084797,4.28,4.24,121500000.0,122800000.0,https://www.sec.gov/Archives/edgar/data/33185/000003318521000025/0000033185-21-000025-index.htm,https://www.sec.gov/Archives/edgar/data/33185/000003318521000025/efx-20201231.htm
2024-01-31,PPIH,USD,0000914122,2024-05-30,2024-05-30 14:17:36,2023,FY,150668000.0,109210000.0,41458000.0,0.2751612818,500000.0,22591000.0,5508000.0,28099000.0,0,28099000.0,137309000.0,163000.0,2429000.0,3830000.0,15987000.0,0.1061074681,13359000.0,0.0886651446,-3468000.0,9891000.0,0.0656476491,-3320000.0,10471000.0,0.0694971726,1.31,1.3,7977000.0,8073000.0,https://www.sec.gov/Archives/edgar/data/914122/000143774924018710/0001437749-24-018710-index.htm,https://www.sec.gov/Archives/edgar/data/914122/000143774924018710/ppih20240131_10ka.htm
2023-01-31,PPIH,USD,0000914122,2023-04-27,2023-04-27 16:17:01,2022,FY,142569000.0,104268000.0,38301000.0,0.2686488648,700000.0,21994000.0,5163000.0,27157000.0,533000,27157000.0,131425000.0,124000.0,2119000.0,3933000.0,14790000.0,0.0819042008,8031000.0,0.0563306189,-1586000.0,9558000.0,0.0670412221,3613000.0,5945000.0,0.0416991071,0.75,0.73,7976000.0,8116000.0,https://www.sec.gov/Archives/edgar/data/914122/000143774923011368/0001437749-23-011368-index.htm,https://www.sec.gov/Archives/edgar/data/914122/000143774923011368/ppih20230131_10k.htm
2022-01-31,PPIH,USD,0000914122,2022-04-19,2022-04-19 16:17:16,2021,FY,138552000.0,106022000.0,32530000.0,0.235,400000.0,19893000.0,4526000.0,24419000.0,1044000,24419000.0,130441000.0,90000.0,828000.0,4569000.0,12435000.0,0.0660762746,4831000.0,0.0348677753,216000.0,8327000.0,0.060100179,2265000.0,6062000.0,0.0437525261,0.75,0.72,8132999.0,8418000.0,https://www.sec.gov/Archives/edgar/data/914122/000143774922009216/0001437749-22-009216-index.htm,https://www.sec.gov/Archives/edgar/data/914122/000143774922009216/ppih20220131_10k.htm
2021-01-31,PPIH,USD,0000914122,2021-04-15,2021-04-15 16:26:12,2020,FY,84694000.0,73515000.0,11179000.0,0.1319928212,300000.0,17222000.0,5334000.0,22556000.0,3983000,22556000.0,96071000.0,268000.0,381000.0,4953000.0,-2173000.0,-0.0873025244,-11377000.0,-0.1343306492,3602000.0,-7775000.0,-0.0918010721,-133000.0,-7642000.0,-0.0902307129,-0.94,-0.94,8125999.0,8125999.0,https://www.sec.gov/Archives/edgar/data/914122/000143774921009033/0001437749-21-009033-index.htm,https://www.sec.gov/Archives/edgar/data/914122/000143774921009033/ppih20210131_10k.htm
2020-01-31,PPIH,USD,0000914122,2020-04-21,2020-04-21 09:11:55,2019,FY,127663000.0,98617000.0,29046000.0,0.2275208949,300000.0,17875000.0,5231000.0,23106000.0,1059000,23106000.0,121723000.0,201000.0,905000.0,4437000.0,5940000.0,0.0465287515,1503000.0,0.0117731841,-905000.0,5035000.0,0.039439775,1459000.0,3576000.0,0.0280112484,0.45,0.43,7989000.0,8284000.0,https://www.sec.gov/Archives/edgar/data/914122/000143774920008088/0001437749-20-008088-index.htm,https://www.sec.gov/Archives/edgar/data/914122/000143774920008088/ppih20191226_10k.htm
2024-07-31,MHN,USD,0001038186,2024-07-31,2024-07-30 20:00:00,2024,FY,25867139.0,0.0,25867139.0,1.0,0.0,3545839.0,24421.0,3570260.0,0,3570260.0,3570260.0,25388763.0,10802848.0,-22296879.0,0.0,0.0,22296879.0,0.8619770049,-8947363.0,13349516.0,0.5160801123,0.0,13349516.0,0.5160801123,0.44,0.44,30241637.0,30241637.0,,
2023-07-31,MHN,USD,0001038186,2023-07-31,2023-07-30 20:00:00,2023,FY,-2137067.0,3334615.0,-5471682.0,2.56,0.8817641187665151,334186.0,24360.0,334186.0,12769226,-12769226.0,-9434611.0,25130839.0,9132762.0,-21880223.0,0.0,-3.4147455368,7297540.0,-3.4147455368,-23764612.0,-1884389.0,0.8817641188,21880223.0,-1884389.0,0.8817641188,-0.0617,-0.0617,30535000.0,30535000.0,,
2022-07-31,MHN,USD,0001038186,2022-07-31,2022-07-30 20:00:00,2022,FY,19172403.0,3853163.0,15319240.0,0.7990255577,-3.619444930149262,4001390.0,24317.0,-3.619444930149262,31132023,91063516.0,15319240.0,3015968.0,3316928.0,-20660380.0,-66076532.0,4.4464398125,20660380.0,1.0776103548,-90053777.0,-69393397.0,-3.6194418091,-66076530.0,-66076530.0,-3.446439656,0.95,35278446.0,-69393460.0,-1.873,,
2021-08-31,MHN,USD,0001038186,2021-08-31,2021-08-31 00:00:00,2021,FY,29340240.0,4291874.0,25048366.0,0.854,1.0967883583799478,442269.0,24338.0,442269.0,-253320,188949.0,188949.0,26712668.0,2637139.0,-22256002.0,0.0,0.9935600731,29151291.0,0.9935600731,6895289.0,29151291.0,0.9935600731,19569713.0,29151291.0,0.9935600731,0.94,0.94,31132023.0,31132023.0,,
2020-08-31,MHN,USD,0001038186,2020-08-31,2020-08-31 00:00:00,2020,FY,5369070.0,0.0,5369070.0,1.0,0.0,397452.0,24427.0,397452.0,-262100,135352.0,135352.0,28362932.0,5327821.0,-24020826.0,-13459287.0,0.9747904199,5233718.0,0.9747904199,-18787108.0,5233718.0,0.9747904199,5233718.0,5233718.0,0.9747904199,0.17,0.17,30786576.0,30786576.0,,
2024-12-31,IMCR,USD,0001671927,2025-02-26,2025-02-26 07:00:54,2024,FY,310202000.0,2731000.0,307471000.0,0.9911960593,222151000.0,0.0,0.0,155781000.0,0,377932000.0,380663000.0,25618000.0,18844000.0,0.0,-70461000.0,-0.2271455374,-70461000.0,-0.2271455374,17524000.0,-52937000.0,-0.1706533162,-1850000.0,-51087000.0,-0.1646894604,-1.02,-1.02,49991064.0,49991064.0,https://www.sec.gov/Archives/edgar/data/1671927/000167192725000006/0001671927-25-000006-index.htm,https://www.sec.gov/Archives/edgar/data/1671927/000167192725000006/imcr-20241231.htm
2023-12-31,IMCR,USD,0001671927,2024-02-28,2024-02-28 07:33:51,2023,FY,249428000.0,1037000.0,248391000.0,0.996,163545000.0,0.0,0.0,144495000.0,0,308040000.0,309077000.0,17986000.0,5154000.0,4090000.0,-51646000.0,-0.2070577481,-59649000.0,-0.2391431595,-1241000.0,-60890000.0,-0.2441185432,-5603000.0,-55287000.0,-0.221655147,-1.13,-1.13,48888975.0,48888975.0,https://www.sec.gov/Archives/edgar/data/1671927/000114036124009921/0001140361-24-009921-index.htm,https://www.sec.gov/Archives/edgar/data/1671927/000114036124009921/ef20015345_10k.htm
2022-12-31,IMCR,GBP,0001671927,2023-03-01,2023-03-01 09:13:51,2022,FY,143737000.0,454000.0,143283000.0,0.9968414535,89170000.0,0.0,0.0,93723000.0,-3000,182890000.0,183344000.0,3154000.0,7692000.0,5335000.0,-38354882.0,-0.253609022,-39607000.0,-0.275551876,5787765.0,-44145000.0,-0.3071234268,-2921000.0,-41224000.0,-0.286801589,-0.9,-0.9,45714923.0,45714923.0,https://www.sec.gov/Archives/edgar/data/1671927/000114036123009313/0001140361-23-009313-index.htm,https://www.sec.gov/Archives/edgar/data/1671927/000114036123009313/brhc10048769_20f.htm
2021-12-31,IMCR,GBP,0001671927,2022-03-03,2022-03-03 07:09:56,2021,FY,26520000.0,73226000.0,-46706000.0,-1.761,73226000.0,88399000.0,0.0,88399000.0,57000,161682000.0,161682000.0,47000.0,5813000.0,7591000.0,-166715000.0,-5.0948340875,-135162000.0,-5.0966063348,33659000.0,-140928000.0,-5.3140271493,-9405000.0,-131523000.0,-4.9593891403,-3.1,-3.0,42488579.0,43862850.0,https://www.sec.gov/Archives/edgar/data/1671927/000114036122007578/0001140361-22-007578-index.htm,https://www.sec.gov/Archives/edgar/data/1671927/000114036122007578/brhc10034614_20f.htm
2020-12-31,IMCR,GBP,0001671927,2021-03-25,2021-03-25 07:01:19,2020,FY,30114000.0,74809000.0,-44695000.0,-1.4841933984,74809000.0,45740000.0,0.0,45740000.0,-1146000,119403000.0,119403000.0,706000.0,3109000.0,8976000.0,-102586641.590689,-2.5053795577,-86193000.0,-2.8622235505,-1167000.0,-87360000.0,-2.9009762901,-13267000.0,-74093000.0,-2.4604170818,-2.33,-2.33,31782885.0,31782885.0,https://www.sec.gov/Archives/edgar/data/1671927/000114036121009904/0001140361-21-009904-index.htm,https://www.sec.gov/Archives/edgar/data/1671927/000114036121009904/brhc10022122_20f.htm
2024-12-31,CORZ,USD,0001839341,2025-02-27,2025-02-26 19:42:47,2024,FY,510672000.0,389602000.0,121070000.0,0.2370797694,11830000.0,110448000.0,9969000.0,120417000.0,8019000,140266000.0,529868000.0,0.0,37070000.0,120121000.0,-1156955000.0,-2.2655540151,-19196000.0,-0.0375896857,-1294950000.0,-1314146000.0,-2.5733660745,859000.0,-1315005000.0,-2.5750481718,-5.14,-5.14,255832000.0,255832000.0,https://www.sec.gov/Archives/edgar/data/1839341/000162828025008302/0001628280-25-008302-index.htm,https://www.sec.gov/Archives/edgar/data/1839341/000162828025008302/core-20241231.htm
2023-12-31,CORZ,USD,0001839341,2024-03-13,2024-03-12 17:48:18,2023,FY,502400000.0,378941000.0,123459000.0,0.246,7184000.0,93908000.0,7019000.0,100927000.0,6387000,114498000.0,493439000.0,0.0,86238000.0,96445000.0,-63121000.0,-0.1256389331,8961000.0,0.0178363854,-254765000.0,-245804000.0,-0.4892595541,683000.0,-246487000.0,-0.4906190287,-0.65,-0.65,379863000.0,379863000.0,https://www.sec.gov/Archives/edgar/data/1839341/000162828024010682/0001628280-24-010682-index.htm,https://www.sec.gov/Archives/edgar/data/1839341/000162828024010682/core-20231231.htm
2022-12-31,CORZ,USD,0001839341,2023-04-04,2023-04-03 21:36:30,2022,FY,640313000.0,631913000.0,8400000.0,0.0131185842,26962000.0,213280000.0,12731000.0,226011000.0,-192085000,252973000.0,884886000.0,0.0,96826000.0,226093000.0,-1840490000.0,-0.0288608852,-244573000.0,-0.3819585109,-53856000.0,-2163409000.0,-3.3786741797,-17091000.0,-2146318000.0,-3.351982546,-6.3,-6.3,340647000.0,340647000.0,https://www.sec.gov/Archives/edgar/data/1839341/000162828023010454/0001628280-23-010454-index.htm,https://www.sec.gov/Archives/edgar/data/1839341/000162828023010454/core-20221231.htm
2021-12-31,CORZ,USD,0001839341,2022-03-30,2022-03-30 09:12:19,2021,FY,544483000.0,305621000.0,238862000.0,0.439,7674000.0,60486000.0,4062000.0,64548000.0,-16049000,72222000.0,377843000.0,0.0,44354000.0,33362000.0,167610000.0,0.3673245997,166640000.0,0.3060517959,-68419000.0,63075000.0,0.1158438372,15763000.0,47312000.0,0.0868934384,0.23,0.2,207263000.0,233305000.0,https://www.sec.gov/Archives/edgar/data/1839341/000119312522088850/0001193125-22-088850-index.htm,https://www.sec.gov/Archives/edgar/data/1839341/000119312522088850/d268076d10k.htm
2020-12-31,CORZ,USD,0001839341,2020-12-31,2020-12-30 19:00:00,2020,FY,60320000.0,50928000.0,9392000.0,0.1557029178,5271000.0,14554000.0,1771000.0,10400.0,-110000,10400.0,10400.0,0.0,4436000.0,9403000.0,-10400.0,-0.0001724138,-10400.0,-0.0001724138,-5879000.0,-10400.0,-0.0001724138,-4969000.0,-10400.0,-0.0001724138,-0.0002,-0.0002,43125000.0,43125000.0,,
2024-04-30,BKGFY,GBP,0001447137,2024-04-30,2024-04-28 20:00:00,2024,FY,2464300000.0,1819800000.0,644500000.0,0.2615347157,0.0,0.0,0.0,164800000.0,0,164800000.0,1984600000.0,12000000.0,0.0,4800000.0,591300000.0,0.2399464351,479700000.0,0.1946597411,77600000.0,557300000.0,0.2261494136,159700000.0,397600000.0,0.1613439922,3.71,3.71,107140932.0,107100000.0,,
2023-04-30,BKGFY,GBP,0001447137,2023-04-30,2023-04-29 20:00:00,2023,FY,2550200000.0,1853400000.0,696800000.0,0.273,0.0,0.0,0.0,174800000.0,0,174800000.0,2028200000.0,23100000.0,33700000.0,5600000.0,527600000.0,0.2068857345,522000000.0,0.2046898282,-10600000.0,507700000.0,0.1990824249,138300000.0,465700000.0,0.1826131284,4.27,4.23,109100000.0,110200000.0,,
2022-04-30,BKGFY,GBP,0001447137,2022-04-30,2022-04-29 20:00:00,2022,FY,2348000000.0,1683200000.0,664800000.0,0.2831345826,0.0,0.0,0.0,156800000.0,0,156800000.0,1840000000.0,2500000.0,15000000.0,5600000.0,513600000.0,0.2187393526,508000000.0,0.2163543441,-12500000.0,495400000.0,0.210988075,69100000.0,482400000.0,0.205451448,4.18,4.11,115500000.0,117300000.0,,
2021-04-30,BKGFY,GBP,0001447137,2021-04-30,2021-04-29 20:00:00,2021,FY,2202200000.0,1566900000.0,635300000.0,0.288,0.0,0.0,0.0,133000000.0,0,133000000.0,1699900000.0,3000000.0,9600000.0,5900000.0,508200000.0,0.2307692308,502300000.0,0.2280900917,-6600000.0,495700000.0,0.2250930887,95400000.0,422700000.0,0.1919444192,3.67,3.6,115068103.0,117376853.0,,
2020-04-30,BKGFY,GBP,0001447137,2020-04-30,2020-04-29 20:00:00,2020,FY,1920400000.0,1283000000.0,637400000.0,0.3319100187,0.0,0.0,0.0,167500000.0,0,167500000.0,1450500000.0,12400000.0,11700000.0,4700000.0,474600000.0,0.2471360133,469900000.0,0.2446886065,700000.0,470400000.0,0.244948969,93600000.0,410100000.0,0.2135492606,3.52,3.4,116545703.0,120793803.0,,
2023-12-31,DLOC,USD,0001407878,2024-03-29,2024-03-29 16:26:09,2023,FY,25846.0,0.0,25846.0,1.0,0.0,3958233.0,0.0,3958233.0,2000,3960233.0,3960233.0,0.0,985562.0,2000.0,-3932387.0,-152.1468312311,-3934387.0,-152.2242126441,-788807.0,-4723194.0,-182.7437127602,0.0,-4723194.0,-182.7437127602,-0.01,-0.0067,472366636.0,708657045.0,https://www.sec.gov/Archives/edgar/data/1407878/000149315224011984/0001493152-24-011984-index.htm,https://www.sec.gov/Archives/edgar/data/1407878/000149315224011984/form10-k.htm
2022-12-31,DLOC,USD,0001407878,2023-03-20,2023-03-20 06:39:55,2022,FY,23068.0,2000.0,21068.0,0.9132998093,0.0,3656684.0,0.0,3656684.0,2000,3658684.0,3658684.0,509633.0,509633.0,2000.0,-3633616.0,-157.5176001387,-3635616.0,-157.6043003295,4604630.0,969014.0,42.0068493151,-4604630.0,5573644.0,241.6179989596,0.0129,0.0129,433143911.0,433143911.0,https://www.sec.gov/Archives/edgar/data/1407878/000147793223001568/0001477932-23-001568-index.htm,https://www.sec.gov/Archives/edgar/data/1407878/000147793223001568/dloc_10k.htm
2021-12-31,DLOC,USD,0001407878,2022-03-28,2022-03-28 15:21:47,2021,FY,24029.0,2000.0,22029.0,0.917,0.0,2625881.0,0.0,2625881.0,2000,2627881.0,2627881.0,919095.0,919095.0,2000.0,-12199432.0,-108.279662075,-4699941.0,-195.5945316076,-8420586.0,-13120527.0,-546.0288401515,919095.0,-14039622.0,-584.2782471181,-0.0717,-0.0717,195725543.0,195725543.0,https://www.sec.gov/Archives/edgar/data/1407878/000147793222001669/0001477932-22-001669-index.htm,https://www.sec.gov/Archives/edgar/data/1407878/000147793222001669/dloc_10k.htm
2020-12-31,DLOC,USD,0001407878,2021-03-29,2021-03-29 13:06:52,2020,FY,0.0,595.0,-595.0,0.0,0.0,460826.0,0.0,460826.0,595,461421.0,461421.0,626685.0,626685.0,595.0,-460826.0,0.0,-461421.0,0.0,-2285774.0,-2747195.0,0.0,626685.0,-3373880.0,0.0,-0.0531,-0.0531,63539624.0,63539624.0,https://www.sec.gov/Archives/edgar/data/1407878/000147793221001746/0001477932-21-001746-index.htm,https://www.sec.gov/Archives/edgar/data/1407878/000147793221001746/dloc_10k.htm
2019-12-31,DLOC,USD,0001407878,2020-04-14,2020-04-14 12:20:32,2019,FY,0.0,522.0,-522.0,0.0,0.0,397949.0,0.0,397949.0,522,398471.0,398471.0,974713.0,974713.0,522.0,-754800.0,0.0,-755322.0,0.0,3966440.0,3211118.0,0.0,1244406.0,1966712.0,0.0,4.8,0.012,409997.0,164554219.0,https://www.sec.gov/Archives/edgar/data/1407878/000147793220001921/0001477932-20-001921-index.htm,https://www.sec.gov/Archives/edgar/data/1407878/000147793220001921/dloc_10k.htm
2024-12-31,AWK,USD,0001410636,2025-02-19,2025-02-19 16:27:57,2024,FY,4684000000.0,1858000000.0,2826000000.0,0.6033304868,0.0,0.0,0.0,1858000000.0,1108000000,2966000000.0,4824000000.0,94000000.0,523000000.0,788000000.0,2670000000.0,0.5700256191,1718000000.0,0.3667805295,-359000000.0,1359000000.0,0.2901366354,308000000.0,1051000000.0,0.2243808711,5.39,5.39,195000000.0,195000000.0,https://www.sec.gov/Archives/edgar/data/1410636/000141063625000022/0001410636-25-000022-index.htm,https://www.sec.gov/Archives/edgar/data/1410636/000141063625000022/awk-20241231.htm
2023-12-31,AWK,USD,0001410636,2024-02-14,2024-02-14 16:28:14,2023,FY,4234000000.0,1720000000.0,2514000000.0,0.594,0.0,0.0,0.0,32000000.0,978000000,1010000000.0,2730000000.0,73000000.0,460000000.0,704000000.0,2360000000.0,0.5573925366,1504000000.0,0.3552196504,-308000000.0,1196000000.0,0.2824752008,252000000.0,944000000.0,0.2229570146,4.89,4.89,193000000.0,193000000.0,https://www.sec.gov/Archives/edgar/data/1410636/000141063624000050/0001410636-24-000050-index.htm,https://www.sec.gov/Archives/edgar/data/1410636/000141063624000050/awk-20231231.htm
2022-12-31,AWK,USD,0001410636,2023-02-15,2023-02-15 16:31:32,2022,FY,3792000000.0,1589000000.0,2203000000.0,0.5809599156,0.0,0.0,0.0,77000000.0,930000000,930000000.0,2519000000.0,52000000.0,433000000.0,649000000.0,1999000000.0,0.546149789,1273000000.0,0.3357067511,-265000000.0,1008000000.0,0.2658227848,188000000.0,820000000.0,0.2162447257,4.51,4.51,182000000.0,182000000.0,https://www.sec.gov/Archives/edgar/data/1410636/000141063623000020/0001410636-23-000020-index.htm,https://www.sec.gov/Archives/edgar/data/1410636/000141063623000020/awk-20221231.htm
2021-12-31,AWK,USD,0001410636,2022-02-16,2022-02-16 16:32:28,2021,FY,3930000000.0,1777000000.0,2153000000.0,0.548,0.0,0.0,0.0,78000000.0,957000000,957000000.0,2734000000.0,4000000.0,403000000.0,636000000.0,1910000000.0,0.4916030534,1196000000.0,0.3043256997,444000000.0,1640000000.0,0.417302799,377000000.0,1263000000.0,0.3213740458,6.94,6.94,182000000.0,182000000.0,https://www.sec.gov/Archives/edgar/data/1410636/000141063622000048/0001410636-22-000048-index.htm,https://www.sec.gov/Archives/edgar/data/1410636/000141063622000048/awk-20211231.htm
2020-12-31,AWK,USD,0001410636,2021-02-24,2021-02-24 16:32:18,2020,FY,3777000000.0,1622000000.0,2155000000.0,0.5705586444,0.0,0.0,0.0,49000000.0,907000000,907000000.0,2529000000.0,2000000.0,408000000.0,604000000.0,1901000000.0,0.4903362457,1248000000.0,0.330420969,-324000000.0,924000000.0,0.2446386021,215000000.0,709000000.0,0.1877151178,3.92,3.9,181000000.0,182000000.0,https://www.sec.gov/Archives/edgar/data/1410636/000141063621000101/0001410636-21-000101-index.htm,https://www.sec.gov/Archives/edgar/data/1410636/000141063621000101/awk-20201231.htm
2024-03-31,SMPNY,JPY,0001669414,2024-03-31,2024-03-29 20:00:00,2024,FY,4613830000000.0,0.0,4613830000000.0,1.0,0.0,0.0,0.0,658750000000.0,4165770000000,4824520000000.0,4824520000000.0,0.0,13750000000.0,94124000000.0,-24224000000.0,-0.0052503018,-210690000000.0,-0.0456648815,690271000000.0,479581000000.0,0.1039442285,61514000000.0,416054000000.0,0.0901754074,419.69,419.69,991336462.0,991331000.0,,
2023-03-31,SMPNY,JPY,0001669414,2023-03-31,2023-03-30 20:00:00,2023,FY,4493349000000.0,0.0,4493349000000.0,1.0,0.0,0.0,0.0,598472000000.0,-1343760000000,4453081000000.0,4369935000000.0,241475000000.0,15966000000.0,81868000000.0,121633000000.0,0.0270695644,39765000000.0,0.0088497466,-3865646000000.0,123409000000.0,0.0274648152,30477000000.0,91156000000.0,0.0202868729,90.21,90.18,1010455010.0,1010839010.0,,
2022-03-31,SMPNY,JPY,0001669414,2022-03-31,2022-03-30 20:00:00,2022,FY,4130111000000.0,0.0,4130111000000.0,1.0,0.0,0.0,0.0,570387000000.0,-1218494000000,3830774000000.0,3812471000000.0,215785000000.0,14960000000.0,80468000000.0,315864000000.0,0.0764783319,235396000000.0,0.0569950783,317632000000.0,317632000000.0,0.0769064076,91022000000.0,224842000000.0,0.0544396991,214.75,214.62,1046998046.0,1047625047.0,,
2021-03-31,SMPNY,JPY,0001669414,2021-03-31,2021-03-30 20:00:00,2021,FY,3795192000000.0,0.0,3795192000000.0,1.0,0.0,0.0,0.0,537431000000.0,-1106348000000,3628835000000.0,3600250000000.0,198288000000.0,13734000000.0,68703000000.0,194529000000.0,0.0512566953,125826000000.0,0.0331540539,194937000000.0,194937000000.0,0.0513641998,52047000000.0,142482000000.0,0.0375427646,132.47,132.39,1075594075.0,1076236076.0,,
2020-03-31,SMPNY,JPY,0001669414,2020-03-31,2020-03-30 20:00:00,2020,FY,3714124000000.0,0.0,3714124000000.0,1.0,0.0,0.0,0.0,539172000000.0,-1106427000000,3562599000000.0,3536923000000.0,204135000000.0,14166000000.0,65362000000.0,176519000000.0,0.0475264154,111157000000.0,0.0299281876,177191000000.0,177191000000.0,0.0477073463,54004000000.0,122515000000.0,0.0329862439,111.37,111.3,1100026100.0,1100767100.0,,
2024-12-31,FROG,USD,0001800667,2025-02-14,2025-02-14 16:43:43,2024,FY,428488000.0,98300000.0,330188000.0,0.7705886746,160864000.0,70021000.0,190401000.0,260422000.0,0,421286000.0,519586000.0,25278000.0,0.0,0.0,-91098000.0,-0.2126033868,-91098000.0,-0.2126033868,25278000.0,-65820000.0,-0.1536099027,3416000.0,-69236000.0,-0.1615821213,-0.63,-0.63,109691100.0,109691100.0,https://www.sec.gov/Archives/edgar/data/1800667/000095017025021340/0000950170-25-021340-index.htm,https://www.sec.gov/Archives/edgar/data/1800667/000095017025021340/frog-20241231.htm
2023-12-31,FROG,USD,0001800667,2024-02-15,2024-02-15 16:08:38,2023,FY,349886000.0,77043000.0,272843000.0,0.78,134584000.0,63132000.0,150675000.0,213807000.0,0,348411000.0,425434000.0,21032000.0,0.0,15303000.0,-60245000.0,-0.1721846544,-75548000.0,-0.2159217574,21032000.0,-54516000.0,-0.1558107498,6740000.0,-61256000.0,-0.175074167,-0.59,-0.59,103318000.0,103317759.0,https://www.sec.gov/Archives/edgar/data/1800667/000095017024015873/0000950170-24-015873-index.htm,https://www.sec.gov/Archives/edgar/data/1800667/000095017024015873/frog-20231231.htm
2022-12-31,FROG,USD,0001800667,2023-02-09,2023-02-09 16:07:23,2022,FY,280040000.0,62287000.0,217753000.0,0.7775782031,121225000.0,55556000.0,130812000.0,186368000.0,0,307593000.0,369880000.0,5094000.0,0.0,22012000.0,-75185000.0,-0.2684795029,-89840000.0,-0.3208113127,5094000.0,-84746000.0,-0.3026210541,5438000.0,-90184000.0,-0.3220397086,-0.91,-0.91,99243894.0,99243894.0,https://www.sec.gov/Archives/edgar/data/1800667/000095017023002329/0000950170-23-002329-index.htm,https://www.sec.gov/Archives/edgar/data/1800667/000095017023002329/frog-20221231.htm
2021-12-31,FROG,USD,0001800667,2022-02-11,2022-02-11 16:03:46,2021,FY,206683000.0,41823000.0,164860000.0,0.798,79604000.0,56663000.0,96962000.0,153625000.0,0,233229000.0,275052000.0,744000.0,0.0,14854000.0,-59623000.0,-0.2884755882,-68369000.0,-0.3307915987,744000.0,-67625000.0,-0.3271918832,-3422000.0,-64203000.0,-0.3106351272,-0.68,-0.68,94783082.0,94783082.0,https://www.sec.gov/Archives/edgar/data/1800667/000095017022001123/0000950170-22-001123-index.htm,https://www.sec.gov/Archives/edgar/data/1800667/000095017022001123/frog-20211231.htm
2020-12-31,FROG,USD,0001800667,2021-02-12,2021-02-12 16:07:26,2020,FY,150827000.0,28451000.0,122376000.0,0.8113666651,41113000.0,34519000.0,60936000.0,95455000.0,0,136568000.0,165019000.0,2045000.0,0.0,3660000.0,-10532000.0,-0.0698283464,-14192000.0,-0.0940945587,2045000.0,-12147000.0,-0.0805359783,-2742000.0,-9405000.0,-0.0623562094,-0.2,-0.2,46488225.0,46488225.0,https://www.sec.gov/Archives/edgar/data/1800667/000119312521041470/0001193125-21-041470-index.htm,https://www.sec.gov/Archives/edgar/data/1800667/000119312521041470/d98623d10k.htm
2024-12-31,CERS,USD,0001020214,2025-02-26,2025-02-26 17:03:43,2024,FY,180270000.0,80748000.0,99522000.0,0.5520718922,58907000.0,0.0,0.0,75891000.0,-21051000,113747000.0,194495000.0,0.0,8877000.0,1855000.0,-10024000.0,-0.0556054807,-14225000.0,-0.0789094137,-6531000.0,-20756000.0,-0.1151384035,205000.0,-20918000.0,-0.1160370555,-0.11,-0.11,184563000.0,184563000.0,https://www.sec.gov/Archives/edgar/data/1020214/000095017025027906/0000950170-25-027906-index.htm,https://www.sec.gov/Archives/edgar/data/1020214/000095017025027906/cers-20241231.htm
2023-12-31,CERS,USD,0001020214,2024-03-05,2024-03-05 16:58:55,2023,FY,156367000.0,69967000.0,86400000.0,0.553,67639000.0,0.0,0.0,75516000.0,0,115336000.0,185303000.0,0.0,8386000.0,2599000.0,-26536000.0,-0.1697033261,-30053000.0,-0.1921952842,-7269000.0,-37322000.0,-0.2386820749,325000.0,-37489000.0,-0.2397500751,-0.21,-0.21,180270000.0,180270000.0,https://www.sec.gov/Archives/edgar/data/1020214/000095017024026195/0000950170-24-026195-index.htm,https://www.sec.gov/Archives/edgar/data/1020214/000095017024026195/cers-20231231.htm
2022-12-31,CERS,USD,0001020214,2023-03-01,2023-03-01 16:24:26,2022,FY,162048000.0,74954000.0,87094000.0,0.5374580371,64107000.0,0.0,0.0,83335000.0,-26267000,121175000.0,196129000.0,5831000.0,5831000.0,4559000.0,-34081000.0,-0.2103142279,-34081000.0,-0.2103142279,-8256000.0,-42337000.0,-0.2612620952,488000.0,-42825000.0,-0.2642735486,-0.24,-0.24,176545000.0,176545000.0,https://www.sec.gov/Archives/edgar/data/1020214/000095017023005558/0000950170-23-005558-index.htm,https://www.sec.gov/Archives/edgar/data/1020214/000095017023005558/cers-20221231.htm
2021-12-31,CERS,USD,0001020214,2022-02-22,2022-02-22 17:14:46,2021,FY,130859000.0,63475000.0,67384000.0,0.515,63691000.0,0.0,0.0,81288000.0,-28659000,116320000.0,179795000.0,4923000.0,4923000.0,4570000.0,-45986000.0,-0.3739597582,-48936000.0,-0.3739597582,-5121000.0,-54057000.0,-0.4130934823,319000.0,-54376000.0,-0.4155312206,-0.32,-0.32,171279000.0,171279000.0,https://www.sec.gov/Archives/edgar/data/1020214/000095017022001641/0000950170-22-001641-index.htm,https://www.sec.gov/Archives/edgar/data/1020214/000095017022001641/cers-20211231.htm
2020-12-31,CERS,USD,0001020214,2021-02-25,2021-02-25 17:20:41,2020,FY,91920000.0,41157000.0,50763000.0,0.5522519582,64410000.0,0.0,0.0,67015000.0,-22329000,109096000.0,150253000.0,3746000.0,3746000.0,4455000.0,-51372000.0,-0.6346061793,-58333000.0,-0.6346061793,-1240000.0,-59573000.0,-0.6480961706,284000.0,-59857000.0,-0.6511858138,-0.37,-0.37,163949000.0,163949000.0,https://www.sec.gov/Archives/edgar/data/1020214/000156459021008958/0001564590-21-008958-index.htm,https://www.sec.gov/Archives/edgar/data/1020214/000156459021008958/cers-10k_20201231.htm
2024-12-31,PLBC,USD,0001168455,2025-03-19,2025-03-19 12:15:34,2024,FY,62229000.0,0.0,62229000.0,1.0,0.0,23222000.0,1030000.0,24252000.0,37977000,62229000.0,62229000.0,84325000.0,10634000.0,1496000.0,0.0,0.0,-51131000.0,-0.8216587122,90132000.0,39001000.0,0.6267335165,10382000.0,28619000.0,0.4598981182,4.85,4.8,5895000.0,5968000.0,https://www.sec.gov/Archives/edgar/data/1168455/000143774925008351/0001437749-25-008351-index.htm,https://www.sec.gov/Archives/edgar/data/1168455/000143774925008351/plbc20241231_10k.htm
2023-12-31,PLBC,USD,0001168455,2024-03-20,2024-03-20 11:31:04,2023,FY,80093000.0,0.0,80093000.0,1.0,0.0,21820000.0,941000.0,22761000.0,57332000,80093000.0,80093000.0,74592000.0,4798000.0,1667000.0,0.0,0.0,0.0,0.0,40211000.0,40211000.0,0.5020538624,10435000.0,29776000.0,0.3717678199,5.08,5.02,5863000.0,5934000.0,https://www.sec.gov/Archives/edgar/data/1168455/000143774924008616/0001437749-24-008616-index.htm,https://www.sec.gov/Archives/edgar/data/1168455/000143774924008616/plbc20231231_10k.htm
2022-12-31,PLBC,USD,0001168455,2023-03-16,2023-03-16 09:01:19,2022,FY,69285000.0,0.0,69285000.0,1.0,0.0,18585000.0,673000.0,19258000.0,-50010000,-30752000.0,-30752000.0,59758000.0,1249000.0,1631000.0,37568000.0,0.5602511366,38533000.0,0.5561521253,0.0,35669000.0,0.5148156167,9225000.0,26444000.0,0.3816699141,4.53,4.47,5840000.0,5912000.0,https://www.sec.gov/Archives/edgar/data/1168455/000143774923006797/0001437749-23-006797-index.htm,https://www.sec.gov/Archives/edgar/data/1168455/000143774923006797/plbc20221231b_10k.htm
2021-12-31,PLBC,USD,0001168455,2022-03-17,2022-03-17 12:00:59,2021,FY,55650000.0,0.0,55650000.0,1.0,0.0,15454000.0,431000.0,15885000.0,-43048000,-27163000.0,-27163000.0,48070000.0,1136000.0,1428000.0,29915000.0,0.5419586703,28487000.0,0.5118957772,0.0,28487000.0,0.5118957772,7478000.0,21009000.0,0.3775202156,3.82,3.76,5502000.0,5583000.0,https://www.sec.gov/Archives/edgar/data/1168455/000143774922006531/0001437749-22-006531-index.htm,https://www.sec.gov/Archives/edgar/data/1168455/000143774922006531/plbc20211231_10k.htm
2020-12-31,PLBC,USD,0001168455,2021-03-03,2021-03-03 09:52:17,2020,FY,46859000.0,0.0,46859000.0,1.0,0.0,15408000.0,519000.0,15927000.0,-42834000,-26907000.0,-26907000.0,39624000.0,1228000.0,1287000.0,21376000.0,0.4561770418,19952000.0,0.4257880023,0.0,19952000.0,0.4257880023,5477000.0,14475000.0,0.3089054397,2.8,2.77,5177000.0,5230000.0,https://www.sec.gov/Archives/edgar/data/1168455/000143774921004784/0001437749-21-004784-index.htm,https://www.sec.gov/Archives/edgar/data/1168455/000143774921004784/plbc20201231_10k.htm
2025-02-01,DDT,USD,0000028917,2025-02-25,2025-02-25 16:50:43,2024,FY,6482600000.0,0.0,6482600000.0,1.0,0.0,0.0,0.0,1731200000.0,0,1731200000.0,1731200000.0,0.0,-13700000.0,177900000.0,893900000.0,0.1378922037,4751400000.0,0.7329466572,-4021700000.0,729700000.0,0.1125628606,136200000.0,593500000.0,0.091552772,36.86,36.86,16100000.0,16100000.0,https://www.sec.gov/Archives/edgar/data/28917/000002891725000002/0000028917-25-000002-index.htm,https://www.sec.gov/Archives/edgar/data/28917/000002891725000002/dds-20250225xex99d1.htm
2024-02-03,DDT,USD,0000028917,2024-03-29,2024-03-29 15:25:10,2023,FY,6752053000.0,0.0,6752053000.0,1.0,0.0,0.0,0.0,1717415000.0,0,1717415000.0,1717415000.0,0.0,-4600000.0,190030000.0,1091590000.0,0.1616678661,912017000.0,0.1350725476,4600000.0,916617000.0,0.1357538218,177770000.0,738847000.0,0.1094255332,45.05,45.05,16399999.0,16399999.0,https://www.sec.gov/Archives/edgar/data/28917/000002891724000011/0000028917-24-000011-index.htm,https://www.sec.gov/Archives/edgar/data/28917/000002891724000011/dds-20240203x10k.htm
2023-01-28,DDT,USD,0000028917,2023-03-27,2023-03-27 17:16:24,2022,FY,6871081000.0,3983598000.0,2887483000.0,0.4202370777,0.0,0.0,0.0,1674317000.0,0,1674317000.0,5657915000.0,0.0,30527000.0,-73172000.0,1139994000.0,0.1659118849,1213166000.0,0.1765611554,-103699000.0,1109467000.0,0.1614690614,217830000.0,891637000.0,0.1297666262,35.15,35.15,25364000.0,25364000.0,https://www.sec.gov/Archives/edgar/data/28917/000002891723000007/0000028917-23-000007-index.htm,https://www.sec.gov/Archives/edgar/data/28917/000002891723000007/dds-20230128x10k.htm
2022-01-29,DDT,USD,0000028917,2022-03-29,2022-03-29 16:59:33,2021,FY,6492993000.0,3747665000.0,2745328000.0,0.423,0.0,0.0,0.0,1536554000.0,0,1536554000.0,5284219000.0,0.0,43092000.0,6415674000.0,1131455000.0,0.17425785,-5284219000.0,-0.8138340824,6372582000.0,1088363000.0,0.1676211571,225890000.0,862473000.0,0.132831346,34.0,34.0,25364000.0,25364000.0,https://www.sec.gov/Archives/edgar/data/28917/000002891722000009/0000028917-22-000009-index.htm,https://www.sec.gov/Archives/edgar/data/28917/000002891722000009/dds-20220129.htm
2021-01-30,DDT,USD,0000028917,2021-03-29,2021-03-29 17:14:08,2020,FY,4300895000.0,3069063000.0,1231832000.0,0.2864129443,0.0,0.0,0.0,1211483000.0,1211483000,1211483000.0,4280546000.0,0.0,-49108000.0,216315000.0,109082000.0,0.003209332,-202512000.0,-0.0470860135,49108000.0,-153404000.0,-0.0356679249,-81750000.0,-71654000.0,-0.0166602533,-2.83,-2.83,25364000.0,25364000.0,https://www.sec.gov/Archives/edgar/data/28917/000002891721000066/0000028917-21-000066-index.htm,https://www.sec.gov/Archives/edgar/data/28917/000002891721000066/dds-20210130.htm
2024-12-31,CQP,USD,0001383650,2025-02-20,2025-02-19 17:41:19,2024,FY,8704000000.0,4254000000.0,4450000000.0,0.5112591912,0.0,10000000.0,0.0,10000000.0,1160000000,1170000000.0,5424000000.0,33000000.0,800000000.0,680000000.0,3990000000.0,0.4584099265,3280000000.0,0.3768382353,-770000000.0,2510000000.0,0.2883731618,0.0,2510000000.0,0.2883731618,5.19,5.19,484000000.0,484000000.0,https://www.sec.gov/Archives/edgar/data/1383650/000138365025000007/0001383650-25-000007-index.htm,https://www.sec.gov/Archives/edgar/data/1383650/000138365025000007/cqp-20241231.htm
2023-12-31,CQP,USD,0001383650,2024-02-22,2024-02-21 17:39:40,2023,FY,9664000000.0,3415000000.0,6249000000.0,0.647,0.0,99000000.0,0.0,99000000.0,1114000000,1213000000.0,4628000000.0,46000000.0,823000000.0,672000000.0,5749000000.0,0.594888245,5036000000.0,0.5211092715,-782000000.0,4254000000.0,0.4401903974,0.0,4254000000.0,0.4401903974,6.95,6.95,484000000.0,484000000.0,https://www.sec.gov/Archives/edgar/data/1383650/000138365024000013/0001383650-24-000013-index.htm,https://www.sec.gov/Archives/edgar/data/1383650/000138365024000013/cqp-20231231.htm
2022-12-31,CQP,USD,0001383650,2023-02-23,2023-02-22 19:28:52,2022,FY,17206000000.0,12734000000.0,4472000000.0,0.259909334,0.0,97000000.0,0.0,97000000.0,995000000,1092000000.0,13826000000.0,21000000.0,870000000.0,634000000.0,4002000000.0,0.1976636057,3380000000.0,0.1964431012,-882000000.0,2498000000.0,0.1451819133,882000000.0,1583000000.0,0.0920027897,3.27,3.27,484000000.0,484000000.0,https://www.sec.gov/Archives/edgar/data/1383650/000138365023000008/0001383650-23-000008-index.htm,https://www.sec.gov/Archives/edgar/data/1383650/000138365023000008/cqp-20221231.htm
2021-12-31,CQP,USD,0001383650,2022-02-24,2022-02-23 21:37:13,2021,FY,9434000000.0,5948000000.0,3486000000.0,0.37,2000000.0,96000000.0,0.0,96000000.0,823000000,919000000.0,6867000000.0,1000000.0,831000000.0,557000000.0,3129000000.0,0.3316726733,2557000000.0,0.2710409158,-927000000.0,1630000000.0,0.1727793089,836000000.0,794000000.0,0.0841636633,1.64,1.64,484000000.0,484000000.0,https://www.sec.gov/Archives/edgar/data/1383650/000138365022000005/0001383650-22-000005-index.htm,https://www.sec.gov/Archives/edgar/data/1383650/000138365022000005/cqp-20211231.htm
2020-12-31,CQP,USD,0001383650,2021-02-24,2021-02-23 19:35:47,2020,FY,6167000000.0,3133000000.0,3034000000.0,0.4919734068,0.0,110000000.0,0.0,110000000.0,794000000,904000000.0,4037000000.0,909000000.0,909000000.0,551000000.0,2643000000.0,0.3470082698,1589000000.0,0.257661748,-942000000.0,1183000000.0,0.1918274688,368000000.0,815000000.0,0.1321550186,2.04,2.04,399300000.0,399300000.0,https://www.sec.gov/Archives/edgar/data/1383650/000138365021000005/0001383650-21-000005-index.htm,https://www.sec.gov/Archives/edgar/data/1383650/000138365021000005/cqp-20201231.htm
2024-12-31,MLYS,USD,0001933414,2025-02-12,2025-02-12 09:22:29,2024,FY,0.0,0.0,0.0,0.0,168581000.0,23822000.0,0.0,23822000.0,0,192403000.0,0.0,0.0,0.0,0.0,-192403000.0,0.0,-192403000.0,0.0,14593000.0,-177810000.0,0.0,0.0,-177810000.0,0.0,-3.66,-3.66,48539795.0,48539795.0,https://www.sec.gov/Archives/edgar/data/1933414/000193341425000009/0001933414-25-000009-index.htm,https://www.sec.gov/Archives/edgar/data/1933414/000193341425000009/mlys-20241231.htm
2023-12-31,MLYS,USD,0001933414,2024-03-21,2024-03-21 07:14:48,2023,FY,0.0,0.0,0.0,0.0,70361000.0,14296000.0,0.0,14296000.0,0,84657000.0,84657000.0,12756000.0,0.0,0.0,-84657000.0,0.0,-84657000.0,0.0,12759000.0,-71898000.0,0.0,0.0,-71898000.0,0.0,-1.99,-1.99,36188000.0,36188254.0,https://www.sec.gov/Archives/edgar/data/1933414/000162828024012358/0001628280-24-012358-index.htm,https://www.sec.gov/Archives/edgar/data/1933414/000162828024012358/mlys-20231231.htm
2022-12-31,MLYS,USD,0001933414,2023-03-15,2023-03-15 17:17:07,2022,FY,0.0,0.0,0.0,0.0,26250000.0,5229000.0,0.0,5229000.0,4000,31479000.0,31479000.0,1676000.0,1676000.0,228485.0,-31479000.0,0.0,-31479000.0,0.0,1680000.0,-29799000.0,0.0,-1904485.0,-29799000.0,0.0,-0.73,-0.73,40856653.0,40856653.0,https://www.sec.gov/Archives/edgar/data/1933414/000193341423000012/0001933414-23-000012-index.htm,https://www.sec.gov/Archives/edgar/data/1933414/000193341423000012/mlys2022123110k.htm
2021-12-31,MLYS,USD,0001933414,2021-12-31,2021-12-31 00:00:00,2021,FY,0.0,0.0,0.0,0.0,16308000.0,2417000.0,0.0,2417000.0,1000,18725000.0,18725000.0,0.0,27000.0,18725000.0,0.0,0.0,-18725000.0,0.0,-683000.0,-19408000.0,0.0,27000.0,-19408000.0,0.0,-0.5,-0.5,39056653.0,39056653.0,,
2020-12-31,MLYS,USD,0001933414,2020-12-31,2020-12-31 00:00:00,2020,FY,0.0,0.0,0.0,0.0,2411000.0,532000.0,0.0,532000.0,-1000,2943000.0,2943000.0,0.0,115000.0,2943000.0,0.0,0.0,-2943000.0,0.0,-483000.0,-3426000.0,0.0,115000.0,-3426000.0,0.0,-0.0877,-0.0877,39056653.0,39056653.0,,
2023-12-31,GPAK,USD,0000000000,2024-07-03,2024-07-03 16:18:20,2023,FY,733.0,0.0,733.0,1.0,0.0,2032324.0,0.0,2032324.0,0,2032324.0,2032324.0,0.0,0.0,0.0,-2031591.0,-2771.6111869031,-2031591.0,-2771.6111869031,0.0,-2031591.0,-2771.6111869031,19520.0,-2050808.0,-2797.8281036835,-0.0802,-0.0802,25579319.0,25579319.0,https://www.sec.gov/Archives/edgar/data/1948884/000116169724000295/0001161697-24-000295-index.htm,https://www.sec.gov/Archives/edgar/data/1948884/000116169724000295/form_10-k.htm
2022-12-31,GPAK,USD,0000000000,2022-12-31,2022-12-30 19:00:00,2022,FY,0.0,0.0,0.0,0.0,0.0,311632.0,0.0,311632.0,0,311632.0,311632.0,0.0,0.0,311632.0,0.0,0.0,-311632.0,0.0,0.0,-311632.0,0.0,-311632.0,-311632.0,0.0,-0.0122,-0.0122,25579319.0,25579319.0,,
2024-12-31,PRME,USD,0001894562,2025-02-28,2025-02-28 08:13:01,2024,FY,2983000.0,0.0,2983000.0,1.0,155289000.0,50161000.0,0.0,50161000.0,0,205450000.0,205450000.0,3522000.0,0.0,0.0,-202467000.0,-67.8736171639,-202467000.0,-67.8736171639,6585000.0,-195882000.0,-65.666107945,0.0,-195882000.0,-65.666107945,-1.65,-1.65,118600381.0,118600381.0,https://www.sec.gov/Archives/edgar/data/1894562/000162828025008884/0001628280-25-008884-index.htm,https://www.sec.gov/Archives/edgar/data/1894562/000162828025008884/prme-20241231.htm
2023-12-31,PRME,USD,0001894562,2024-03-01,2024-03-01 08:04:30,2023,FY,0.0,147905000.0,-147905000.0,0.0,147905000.0,43387000.0,-4653000.0,38734000.0,0,186639000.0,191292000.0,0.0,0.0,4653000.0,-193759000.0,0.0,-191292000.0,0.0,-7120000.0,-198412000.0,0.0,-279000.0,-198133000.0,0.0,-2.18,-2.18,90969327.0,90969327.0,https://www.sec.gov/Archives/edgar/data/1894562/000162828024008116/0001628280-24-008116-index.htm,https://www.sec.gov/Archives/edgar/data/1894562/000162828024008116/prme-20231231.htm
2022-12-31,PRME,USD,0001894562,2023-03-09,2023-03-09 15:02:21,2022,FY,0.0,0.0,0.0,-1.305950096,86725000.0,29819000.0,0.0,29819000.0,1903000,116544000.0,116544000.0,0.0,12129000.0,12014000.0,-110755000.0,-20.8092130518,-116544000.0,-22.3692898273,-6225000.0,-122769000.0,-23.5641074856,-948000.0,-121821000.0,-23.3821497121,-1.25,-1.25,97209213.0,97209213.0,https://www.sec.gov/Archives/edgar/data/1894562/000162828023007266/0001628280-23-007266-index.htm,https://www.sec.gov/Archives/edgar/data/1894562/000162828023007266/prme-20221231.htm
2021-12-31,PRME,USD,0001894562,2021-12-31,2021-12-31 00:00:00,2021,FY,0.0,0.0,0.0,0.0,70550000.0,13924000.0,0.0,13924000.0,-80988000,84474000.0,84474000.0,0.0,0.0,4861000.0,-160992000.0,0.0,-84474000.0,0.0,-81379000.0,-165853000.0,0.0,-486000.0,-165367000.0,0.0,-2.55,-2.55,64900000.0,64900000.0,,
2020-12-31,PRME,USD,0001894562,2020-12-31,2020-12-31 00:00:00,2020,FY,5210000.0,0.0,0.0,0.0,2980000.0,3162000.0,0.0,3162000.0,-11478000,6142000.0,6142000.0,0.0,0.0,43000.0,-889000.0,-2.2564299424,-932000.0,-0.1788867562,-611000.0,-1543000.0,-0.2961612284,1867000.0,-3410000.0,-0.6545105566,-0.0704,-0.0704,71795514.0,71795514.0,,
2024-12-31,DLR-PJ,USD,0001297996,2025-02-25,2025-02-24 21:40:43,2024,FY,5554968000.0,0.0,5554968000.0,1.0,0.0,480023000.0,0.0,480023000.0,4603081000,5083104000.0,5083104000.0,0.0,452836000.0,1771797000.0,1866691000.0,0.3360399196,471864000.0,0.0849445037,75866000.0,547730000.0,0.0986018281,-54760000.0,602490000.0,0.1084596707,1.86,1.82,323336000.0,331547000.0,https://www.sec.gov/Archives/edgar/data/1297996/000155837025001424/0001558370-25-001424-index.htm,https://www.sec.gov/Archives/edgar/data/1297996/000155837025001424/dlr-20241231x10k.htm
2023-12-31,DLR-PJ,USD,0001297996,2024-02-23,2024-02-23 07:24:51,2023,FY,5477061000.0,2598071000.0,2878990000.0,0.526,0.0,449056000.0,0.0,449056000.0,1905473000,2354529000.0,4922809000.0,0.0,437741000.0,1694859000.0,3158491000.0,0.5766762503,524461000.0,0.0957559173,501430000.0,1025891000.0,0.1873068421,75579000.0,948838000.0,0.1732385307,3.1,3.0,298603000.0,309065000.0,https://www.sec.gov/Archives/edgar/data/1297996/000155837024001575/0001558370-24-001575-index.htm,https://www.sec.gov/Archives/edgar/data/1297996/000155837024001575/dlr-20231231x10k.htm
2022-12-31,DLR-PJ,USD,0001297996,2023-02-27,2023-02-24 21:24:08,2022,FY,4691834000.0,2001447000.0,2690387000.0,0.5734190511,0.08778550136258018,414783000.0,0.0,414783000.0,1590371000,2005154000.0,4006601000.0,0.0,299132000.0,4030100000.0,2239667000.0,0.4813870226,589969000.0,0.1257437923,-178093000.0,411878000.0,0.0877861408,31551000.0,377684000.0,0.0804981591,1.18,1.11,286334000.0,297919000.0,https://www.sec.gov/Archives/edgar/data/1297996/000155837023002087/0001558370-23-002087-index.htm,https://www.sec.gov/Archives/edgar/data/1297996/000155837023002087/dlr-20221231x10k.htm
2021-12-31,DLR-PJ,USD,0001297996,2022-02-25,2022-02-25 17:19:45,2021,FY,4427883000.0,1760895000.0,2666988000.0,0.602,0.41107938287425005,410737000.0,0.0,410737000.0,1489182000,1899919000.0,3660814000.0,0.0,293846000.0,3668156000.0,2246358000.0,0.5230452114,694009000.0,0.1567360746,1126202000.0,1820211000.0,0.41107929,72799000.0,1709259000.0,0.3860217174,5.95,5.94,282474927.0,283221968.0,https://www.sec.gov/Archives/edgar/data/1297996/000155837022002195/0001558370-22-002195-index.htm,https://www.sec.gov/Archives/edgar/data/1297996/000155837022002195/dlr-20211231x10k.htm
2020-12-31,DLR-PJ,USD,0001297996,2021-03-01,2021-03-01 17:05:19,2020,FY,3903609000.0,1500861000.0,2402748000.0,0.6155196384,0.1026683256442948,358181000.0,0.0,358181000.0,1367453000,1725634000.0,3226495000.0,20222000.0,333021000.0,3232939000.0,2037049000.0,0.5139054654,557530000.0,0.1428242429,-156749000.0,400782000.0,0.1026696065,38047000.0,356398000.0,0.0912996153,1.37,1.36,260098978.0,262522508.0,https://www.sec.gov/Archives/edgar/data/1297996/000155837021002191/0001558370-21-002191-index.htm,https://www.sec.gov/Archives/edgar/data/1297996/000155837021002191/dlr-20201231x10k.htm
2023-12-31,CABA,USD,0001759138,2024-03-21,2024-03-21 07:24:40,2023,FY,0.0,1426000.0,-1426000.0,0.0,55424000.0,19236000.0,0.0,19236000.0,0,74660000.0,74660000.0,6985000.0,0.0,1426000.0,-73234000.0,0.0,-74660000.0,0.0,6985000.0,-67675000.0,0.0,0.0,-67675000.0,0.0,-1.65,-1.65,40945950.0,40945950.0,https://www.sec.gov/Archives/edgar/data/1759138/000095017024034422/0000950170-24-034422-index.htm,https://www.sec.gov/Archives/edgar/data/1759138/000095017024034422/caba-20231231.htm
2022-12-31,CABA,USD,0001759138,2023-03-16,2023-03-16 07:24:55,2022,FY,0.0,3684000.0,-3684000.0,0.0,39300000.0,14839000.0,0.0,14839000.0,0,54139000.0,54139000.0,1164000.0,0.0,3684000.0,-52961000.0,0.0,-54139000.0,0.0,1164000.0,-52975000.0,0.0,-1164000.0,-51811000.0,0.0,-1.77,-1.77,29342909.0,29342909.0,https://www.sec.gov/Archives/edgar/data/1759138/000095017023008298/0000950170-23-008298-index.htm,https://www.sec.gov/Archives/edgar/data/1759138/000095017023008298/caba-20221231.htm
2021-12-31,CABA,USD,0001759138,2022-03-17,2022-03-17 08:24:46,2021,FY,0.0,733000.0,-733000.0,0.0,32494000.0,13819000.0,0.0,13819000.0,0,46313000.0,46313000.0,24000.0,0.0,733000.0,-45580000.0,0.0,-46313000.0,0.0,24000.0,-46289000.0,0.0,-757000.0,-45532000.0,0.0,-1.77,-1.77,25737320.0,25737320.0,https://www.sec.gov/Archives/edgar/data/1759138/000156459022010726/0001564590-22-010726-index.htm,https://www.sec.gov/Archives/edgar/data/1759138/000156459022010726/caba-10k_20211231.htm
2020-12-31,CABA,USD,0001759138,2021-03-16,2021-03-16 08:15:40,2020,FY,0.0,354000.0,-354000.0,0.0,21376000.0,12457000.0,0.0,12457000.0,0,33833000.0,33833000.0,494000.0,0.0,354000.0,-33479000.0,0.0,-33833000.0,0.0,494000.0,-33339000.0,0.0,-848000.0,-32491000.0,0.0,-1.4,-1.4,23145227.0,23145227.0,https://www.sec.gov/Archives/edgar/data/1759138/000156459021013329/0001564590-21-013329-index.htm,https://www.sec.gov/Archives/edgar/data/1759138/000156459021013329/caba-10k_20201231.htm
2019-12-31,CABA,USD,0001759138,2020-03-30,2020-03-30 10:37:17,2019,FY,0.0,104000.0,-104000.0,0.0,11671000.0,7012000.0,0.0,7012000.0,0,18683000.0,18683000.0,1740000.0,0.0,104000.0,-18683000.0,0.0,-18683000.0,0.0,1740000.0,-16943000.0,0.0,-1844000.0,-15099000.0,0.0,-0.63,-0.63,24034022.0,24034022.0,https://www.sec.gov/Archives/edgar/data/1759138/000156459020013929/0001564590-20-013929-index.htm,https://www.sec.gov/Archives/edgar/data/1759138/000156459020013929/caba-10k_20191231.htm
2024-09-29,SBUX,USD,0000829224,2024-11-20,2024-11-20 16:08:06,2024,FY,36176200000.0,26467100000.0,9709100000.0,0.268,0.0,2523300000.0,0.0,2523300000.0,1777000000,4300300000.0,30767400000.0,122800000.0,562000000.0,1592400000.0,7124000000.0,0.1852046373,5408800000.0,0.149512663,-439200000.0,4969600000.0,0.1373720844,1207300000.0,3760900000.0,0.103960615,3.31,3.31,1137300048.0,1137300000.0,https://www.sec.gov/Archives/edgar/data/829224/000082922424000057/0000829224-24-000057-index.htm,https://www.sec.gov/Archives/edgar/data/829224/000082922424000057/sbux-20240929.htm
2023-10-01,SBUX,USD,0000829224,2023-11-17,2023-11-17 17:31:27,2023,FY,35975600000.0,26129400000.0,9846200000.0,0.274,0.0,2441300000.0,0.0,2441300000.0,1534100000,3975400000.0,30104800000.0,81200000.0,550100000.0,1450300000.0,7402300000.0,0.2038270383,5870800000.0,0.1631883832,-468900000.0,5401900000.0,0.1501545492,1277200000.0,4124500000.0,0.1146471497,3.6,3.58,1146800000.0,1151300000.0,https://www.sec.gov/Archives/edgar/data/829224/000082922423000058/0000829224-23-000058-index.htm,https://www.sec.gov/Archives/edgar/data/829224/000082922423000058/sbux-20231001.htm
2022-10-02,SBUX,USD,0000829224,2022-11-18,2022-11-18 16:35:30,2022,FY,32250300000.0,23879200000.0,8371100000.0,0.2595665777,0.0,2032000000.0,0.0,2032000000.0,1721300000,3753300000.0,27632500000.0,97000000.0,482900000.0,1529400000.0,6244200000.0,0.1950431469,4617800000.0,0.1431862649,-385900000.0,4231900000.0,0.1312204848,948500000.0,3281600000.0,0.1017540922,2.85,2.83,1153300000.0,1158500000.0,https://www.sec.gov/Archives/edgar/data/829224/000082922422000058/0000829224-22-000058-index.htm,https://www.sec.gov/Archives/edgar/data/829224/000082922422000058/sbux-20221002.htm
2021-10-03,SBUX,USD,0000829224,2021-11-19,2021-11-19 16:46:02,2021,FY,29060600000.0,20669600000.0,8391000000.0,0.289,0.0,1932600000.0,0.0,1932600000.0,1586300000,3518900000.0,24188500000.0,90100000.0,469800000.0,1524100000.0,7350800000.0,0.2290627172,4872100000.0,0.1676531111,484800000.0,5356900000.0,0.184335492,1156600000.0,4199300000.0,0.14450149,3.57,3.54,1177600000.0,1185500000.0,https://www.sec.gov/Archives/edgar/data/829224/000082922421000086/0000829224-21-000086-index.htm,https://www.sec.gov/Archives/edgar/data/829224/000082922421000086/sbux-20211003.htm
2020-09-27,SBUX,USD,0000829224,2020-11-12,2020-11-12 16:59:07,2020,FY,23518000000.0,18458900000.0,5059100000.0,0.2151160813,0.0,1679600000.0,0.0,1679600000.0,1817800000,3497400000.0,21956300000.0,39700000.0,437000000.0,1503200000.0,3104600000.0,0.1438600221,1561700000.0,0.0664044562,-397300000.0,1164400000.0,0.0495110128,239700000.0,928300000.0,0.0394718939,0.79,0.79,1172800000.0,1181800000.0,https://www.sec.gov/Archives/edgar/data/829224/000082922420000078/0000829224-20-000078-index.htm,https://www.sec.gov/Archives/edgar/data/829224/000082922420000078/sbux-20200927.htm
2024-12-31,TIXT,USD,0001825155,2025-02-13,2025-02-13 07:00:55,2024,FY,2658000000.0,504000000.0,2154000000.0,0.8103837472,0.0,1733000000.0,0.0,1733000000.0,369000000,2102000000.0,2606000000.0,-3000000.0,135000000.0,324000000.0,437000000.0,0.1644093303,52000000.0,0.0195635816,-74000000.0,-22000000.0,-0.0082768999,39000000.0,-61000000.0,-0.0229495862,-0.22,-0.21,275000000.0,297000000.0,https://www.sec.gov/Archives/edgar/data/1825155/000162828025005299/0001628280-25-005299-index.htm,https://www.sec.gov/Archives/edgar/data/1825155/000162828025005299/tixt-20241231.htm
2023-12-31,TIXT,USD,0001825155,2024-02-09,2024-02-09 07:01:14,2023,FY,2708000000.0,461000000.0,2247000000.0,0.83,0.0,1685000000.0,0.0,1685000000.0,379000000,2064000000.0,2525000000.0,0.0,144000000.0,329941776.0,523426151.0,0.1932888298,183000000.0,0.067577548,-124000000.0,59000000.0,0.0217872969,5000000.0,54000000.0,0.0199409158,0.2,0.19,274000000.0,286000000.0,https://www.sec.gov/Archives/edgar/data/1825155/000162828024003978/0001628280-24-003978-index.htm,https://www.sec.gov/Archives/edgar/data/1825155/000162828024003978/tixt-20231231.htm
2022-12-31,TIXT,USD,0001825155,2023-02-09,2023-02-09 07:00:58,2022,FY,2468000000.0,468000000.0,2000000000.0,0.8103727715,0.0,1418000000.0,0.0,1418000000.0,258000000,1676000000.0,2144000000.0,41000000.0,41000000.0,247777348.0,527247144.0,0.2358184765,284000000.0,0.1150729335,-34000000.0,250000000.0,0.1012965964,67000000.0,183000000.0,0.0741491086,0.66,0.65,266000000.0,270000000.0,https://www.sec.gov/Archives/edgar/data/1825155/000162828023002855/0001628280-23-002855-index.htm,https://www.sec.gov/Archives/edgar/data/1825155/000162828023002855/tixt-20221231.htm
2021-12-31,TIXT,USD,0001825155,2022-02-10,2022-02-10 16:06:29,2021,FY,2194000000.0,432000000.0,1762000000.0,0.803,0.0,1297000000.0,0.0,1297000000.0,257000000,1554000000.0,1986000000.0,44000000.0,44000000.0,254738660.0,439102046.0,0.2119416591,185000000.0,0.0843208751,-43000000.0,142000000.0,0.064721969,64000000.0,78000000.0,0.0355515041,0.29,0.29,264000000.0,267000000.0,https://www.sec.gov/Archives/edgar/data/1825155/000162828022002202/0001628280-22-002202-index.htm,https://www.sec.gov/Archives/edgar/data/1825155/000162828022002202/tixt-20211231.htm
2020-12-31,TIXT,USD,0001825155,2021-02-23,2021-02-23 07:10:04,2020,FY,1581600000.0,299000000.0,1282600000.0,0.8109509358,0.0,979500000.0,0.0,979500000.0,108700000,1088200000.0,1387200000.0,46000000.0,45400000.0,191614451.0,396915648.0,0.238113303,194400000.0,0.1229135053,-43900000.0,150500000.0,0.0951568032,47600000.0,103000000.0,0.0651239251,0.48,0.48,224000000.0,226000000.0,https://www.sec.gov/Archives/edgar/data/1825155/000110465921026450/0001104659-21-026450-index.htm,https://www.sec.gov/Archives/edgar/data/1825155/000110465921026450/tm216141d1_20f.htm
2023-09-30,XSNX,USD,0001039466,2024-04-24,2024-04-24 12:03:56,2023,FY,0.0,0.0,0.0,0.0,154362.0,0.0,0.0,2312399.0,0,2466761.0,2466761.0,0.0,1223390.0,2466761.0,-1034797.0,0.0,-2466760.0,0.0,-2258186.0,-4724946.0,0.0,0.0,-4769187.0,0.0,-0.23,-0.23,20735000.0,20828078.0,https://www.sec.gov/Archives/edgar/data/1039466/000118518524000423/0001185185-24-000423-index.htm,https://www.sec.gov/Archives/edgar/data/1039466/000118518524000423/novaccess20230930_10ka.htm
2022-09-30,XSNX,USD,0001039466,2023-01-10,2023-01-10 16:43:26,2022,FY,0.0,0.0,0.0,0.0,186115.0,0.0,0.0,1181534.0,-961000,1367649.0,1367649.0,1694.4550000000002,1694455.0,1367649.0,0.0,0.0,-1367649.0,0.0,-348310.0,-1715959.0,0.0,-2307146.534932,591187.0,0.0,0.0358,0.0358,16525642.0,16525642.0,https://www.sec.gov/Archives/edgar/data/1039466/000118518523000020/0001185185-23-000020-index.htm,https://www.sec.gov/Archives/edgar/data/1039466/000118518523000020/novaccess20220930_10k.htm
2021-09-30,XSNX,USD,0001039466,2022-01-13,2022-01-13 16:23:37,2021,FY,0.0,0.0,0.0,0.0,146085.0,0.0,0.0,2698940.0,16224,2698940.0,2698940.0,377.87100000000004,377871.0,2698940.0,0.0,0.0,-2698940.0,0.0,186465.0,-2512475.0,0.0,377871.0,-2890346.0,0.0,-0.26,-0.26,11259782.0,11259782.0,https://www.sec.gov/Archives/edgar/data/1039466/000118518522000056/0001185185-22-000056-index.htm,https://www.sec.gov/Archives/edgar/data/1039466/000118518522000056/novaccess20210930_10k.htm
2020-09-30,XSNX,USD,0001039466,2021-03-30,2021-03-29 19:38:50,2020,FY,0.0,0.0,0.0,0.0,0.0,0.0,0.0,828892.0,-5088524,828892.0,828892.0,30.536,30536.0,580.0,-6960930.0,0.0,-828892.0,0.0,-6162575.0,-6991467.0,0.0,-190716.0,-6800751.0,0.0,-4.24,-4.24,1603492.0,1603492.0,https://www.sec.gov/Archives/edgar/data/1039466/000118518521000410/0001185185-21-000410-index.htm,https://www.sec.gov/Archives/edgar/data/1039466/000118518521000410/novaccess20200930_10k.htm
2019-09-30,XSNX,USD,0001039466,2019-12-20,2019-12-20 16:31:35,2019,FY,1608723.0,856165.0,752558.0,0.4677983718,0.0,0.0,0.0,544698.0,580,545278.0,1401443.0,71.98100000000001,71981.0,580.0,-544118.0,0.1292080737,207280.0,0.1288475393,2136702.0,2343982.0,1.4570451221,71981.0,2343982.0,1.4570451221,1503.05,468.75,1559.483,5000.474,https://www.sec.gov/Archives/edgar/data/1039466/000118518519001754/0001185185-19-001754-index.htm,https://www.sec.gov/Archives/edgar/data/1039466/000118518519001754/xsunx20190930_10k.htm
2023-12-31,JZ,CNY,0001852440,2024-04-09,2024-04-09 16:01:36,2023,FY,440536632.0,424345616.0,16191016.0,0.037,11761358.0,22186942.0,7590244.0,29777186.0,357416047,398954591.0,823300207.0,0.0,0.0,57783602.0,33396298.0,0.0758082202,-382763575.0,-0.8688575415,161579.0,-382601996.0,-0.8684907638,211267.0,-373500737.0,-0.8478312809,-3.08,-3.08,121110006.0,121110000.0,https://www.sec.gov/Archives/edgar/data/1852440/000121390024031584/0001213900-24-031584-index.htm,https://www.sec.gov/Archives/edgar/data/1852440/000121390024031584/ea0202512-20f_jianzhie.htm
2022-12-31,JZ,CNY,0001852440,2023-09-28,2023-09-28 16:02:01,2022,FY,505724311.0,511265334.0,-5541023.0,-0.0109566079,15568768.0,179249830.0,7087625.0,186337455.0,-286522,200250146.0,711515480.0,1485409.0,0.0,108743750.0,-97650477.0,-0.1930903357,-207447246.0,-0.4101982869,-115854.0,-207563100.0,-0.4104273722,-10980054.0,-199161807.0,-0.3938149752,-1.68,-1.68,118512972.0,118512972.0,https://www.sec.gov/Archives/edgar/data/1852440/000121390023080459/0001213900-23-080459-index.htm,https://www.sec.gov/Archives/edgar/data/1852440/000121390023080459/f20f2022_jianzhi.htm
2021-12-31,JZ,CNY,0001852440,2021-12-31,2021-12-31 00:00:00,2021,FY,473247283.0,369052134.0,104195149.0,0.22,26355055.0,19476375.0,7576963.0,27053338.0,-6753388,46655005.0,415707139.0,323169.0,0.0,54393830.0,111933974.0,0.2353193373,50786756.0,0.107315473,6417656.0,57204412.0,0.1208763664,4273788.0,48258269.0,0.1019726277,0.43,0.43,111110022.0,111109998.0,,
2020-12-31,JZ,CNY,0001852440,2020-12-31,2020-12-31 00:00:00,2020,FY,404931954.0,275790112.0,129141842.0,0.3189223294,15584738.0,26054063.0,5031526.0,31085589.0,-4482816,42187511.0,317977623.0,461423.0,0.0,36310836.0,123265167.0,0.3034024329,82471515.0,0.2036675895,4924625.0,87396140.0,0.2158292008,485749.0,82323899.0,0.2033030443,0.74,0.74,111109992.0,111109998.0,,
2019-12-31,JZ,CNY,0001852440,2019-12-31,2019-12-31 00:00:00,2019,FY,358762157.0,227810849.0,130951308.0,0.3650086985,16901480.0,30052811.0,7552736.0,37605547.0,-7363035,47143992.0,274954841.0,826267.0,0.0,23262324.0,107069640.0,0.2962034705,76444281.0,0.2130778832,8101418.0,84545699.0,0.2356594678,986318.0,79989630.0,0.2229600543,0.72,0.72,111109998.0,111109998.0,,
2024-10-31,CGO,USD,0001285650,2024-10-31,2024-10-31 00:00:00,2024,FY,36144636.0,0.0,36144636.0,1.0,0.0,217067.0,0.0,217067.0,35927569,36144636.0,36144636.0,2559786.0,2803950.0,0.0,0.0,0.0,-77110070.0,-2.1333751985,112861155.0,35751085.0,0.989111773,0.0,35751085.0,0.989111773,0.0,0.0,0.0,0.0,,
2023-10-31,CGO,USD,0001285650,2023-10-31,2023-10-30 20:00:00,2023,FY,5283436.0,0.0,5283436.0,1.0,0.0,349218.0,0.0,349218.0,4934218,5283436.0,5283436.0,1726703.0,2011391.0,167895.0,11784330.0,2.2304292131,4802522.0,0.9089770369,0.0,4802522.0,0.9089770369,0.0,4802522.0,0.9089770369,0.49,0.49,9801065.0,9801065.0,,
2022-10-31,CGO,USD,0001285650,2022-10-31,2022-10-31 00:00:00,2022,FY,-47894755.0,1975751.0,-49870506.0,1.0412519283,-9.490333231099585,335648.0,0.0,335648.0,226726,562374.0,562374.0,1378590.0,1226102.0,228485.0,-47231027.0,0.9861419481,-47231027.0,0.9861419481,-1226102.0,-48457129.0,1.0117418703,-47149600.0,-48457129.0,1.0117418703,-5.08,-5.08,9538804.0,9538804.0,,
2021-10-31,CGO,USD,0001285650,2021-10-31,2021-10-31 00:00:00,2021,FY,45402794.0,2133715.0,43269079.0,0.953,3.055905268124971,302448.0,0.0,302448.0,162492,464940.0,464940.0,1284099.0,823193.0,236558.0,44937854.0,0.989759661,44937854.0,0.989759661,0.0,44937854.0,0.989759661,45814050.0,44937854.0,0.989759661,4.99,4.99,9005581.0,9005581.0,,
2020-10-31,CGO,USD,0001285650,2020-10-31,2020-10-31 00:00:00,2020,FY,14209829.0,1599440.0,12610389.0,0.8874412915,1.1210844582704587,254332.0,0.0,254332.0,121289,375621.0,375621.0,2198381.0,1007190.0,206297.0,13834208.0,0.973566114,13834208.0,0.973566114,0.0,13834208.0,0.973566114,14786620.0,13834208.0,0.973566114,1.55,1.55,8912295.0,8912295.0,,
2024-12-31,IGIC,USD,0001794338,2024-12-31,2024-12-31 00:00:00,2024,FY,539000000.0,0.0,539000000.0,1.0,0.0,90400000.0,1500000.0,91900000.0,0,91900000.0,91900000.0,0.0,0.0,0.0,0.0,0.0,447100000.0,0.8294990724,-314700000.0,132400000.0,0.2456400742,2800000.0,135200000.0,0.2508348794,2.94,2.98,45371182.0,44700000.0,,
2023-12-31,IGIC,USD,0001794338,2024-04-08,2024-04-08 16:05:52,2023,FY,471960000.0,360000.0,471600000.0,0.9992372235,0.0,78927000.0,0.0,78927000.0,398157000,477084000.0,477084000.0,40738000.0,0.0,2546000.0,0.0,0.0,123008000.0,0.260632257,3040000.0,126048000.0,0.2670734808,7854000.0,118194000.0,0.25043224,2.58,2.55,42943535.0,43468876.0,https://www.sec.gov/Archives/edgar/data/1794338/000121390024031166/0001213900-24-031166-index.htm,https://www.sec.gov/Archives/edgar/data/1794338/000121390024031166/ea0202289-20f_internat.htm
2022-12-31,IGIC,USD,0001794338,2023-04-06,2023-04-06 06:22:11,2022,FY,386600000.0,0.0,386600000.0,1.0,0.0,67500000.0,2977000.0,67500000.0,-370070000,-302570000.0,298900000.0,21096000.0,132000.0,3082000.0,90941000.0,0.2268494568,84030000.0,0.2173564408,-235176000.0,87700000.0,0.2268494568,2200000.0,89234000.0,0.2308173823,1.74,1.74,45546272.0,45546272.0,https://www.sec.gov/Archives/edgar/data/1794338/000121390023027735/0001213900-23-027735-index.htm,https://www.sec.gov/Archives/edgar/data/1794338/000121390023027735/f20f2022_international.htm
2021-12-31,IGIC,USD,0001794338,2022-04-01,2022-04-01 09:45:51,2021,FY,357100000.0,0.0,357100000.0,1.0,0.0,58900000.0,1358000.0,58900000.0,-372507000,-313607000.0,311600000.0,14832000.0,358000.0,3563000.0,47056000.0,0.1317726127,43493000.0,0.1217950154,46672000.0,45500000.0,0.1274152898,1900000.0,46814000.0,0.1310949314,0.89,0.89,45470961.0,45470961.0,https://www.sec.gov/Archives/edgar/data/1794338/000121390022017213/0001213900-22-017213-index.htm,https://www.sec.gov/Archives/edgar/data/1794338/000121390022017213/f20f2021_international.htm
2020-12-31,IGIC,USD,0001794338,2021-04-02,2021-04-01 20:16:15,2020,FY,296000000.0,0.0,296000000.0,1.0,0.0,50300000.0,1349000.0,50300000.0,-313162000,-262862000.0,262300000.0,12859000.0,203000.0,2612000.0,30014999.0,0.120777027,33138000.0,0.1119527027,31452001.0,33700000.0,0.1138513514,2100000.0,27251000.0,0.0920641892,0.59,0.59,43047915.0,43047915.0,https://www.sec.gov/Archives/edgar/data/1794338/000121390021019770/0001213900-21-019770-index.htm,https://www.sec.gov/Archives/edgar/data/1794338/000121390021019770/f20f2020_international.htm
2024-12-31,LXFR,USD,0001096056,2025-02-25,2025-02-25 16:35:32,2024,FY,391900000.0,306200000.0,85700000.0,0.2186782342,4400000.0,0.0,0.0,48100000.0,3100000,55600000.0,361800000.0,0.0,5200000.0,13400000.0,45100000.0,0.1150803776,30100000.0,0.0768053075,-3600000.0,26500000.0,0.0676192906,8200000.0,18400000.0,0.0469507527,0.69,0.68,26808401.0,26932411.0,https://www.sec.gov/Archives/edgar/data/1096056/000109605625000015/0001096056-25-000015-index.htm,https://www.sec.gov/Archives/edgar/data/1096056/000109605625000015/lxfr-20241231.htm
2023-12-31,LXFR,USD,0001096056,2024-02-27,2024-02-27 16:46:13,2023,FY,405000000.0,328400000.0,76600000.0,0.189,4600000.0,48700000.0,0.0,48700000.0,19100000,72400000.0,400800000.0,0.0,6300000.0,12700000.0,9300000.0,0.022962963,4200000.0,0.0103703704,-13900000.0,-9700000.0,-0.0239506173,-7100000.0,-1900000.0,-0.004691358,-0.0706,-0.0703,26897556.0,27020959.0,https://www.sec.gov/Archives/edgar/data/1096056/000109605624000011/0001096056-24-000011-index.htm,https://www.sec.gov/Archives/edgar/data/1096056/000109605624000011/lxfr-20231231.htm
2022-12-31,LXFR,USD,0001096056,2023-03-01,2023-03-01 07:56:37,2022,FY,423400000.0,328400000.0,95000000.0,0.2243741143,4900000.0,43100000.0,43100000.0,43100000.0,100000,48000000.0,376400000.0,3900000.0,3900000.0,13600000.0,60700000.0,0.1433632499,44800000.0,0.1058101086,-3800000.0,41000000.0,0.0968351441,9000000.0,26900000.0,0.0635333018,0.99,0.98,27304847.0,27541202.0,https://www.sec.gov/Archives/edgar/data/1096056/000109605623000009/0001096056-23-000009-index.htm,https://www.sec.gov/Archives/edgar/data/1096056/000109605623000009/lxfr-20221231.htm
2021-12-31,LXFR,USD,0001096056,2022-02-24,2022-02-24 16:54:57,2021,FY,374100000.0,278100000.0,96000000.0,0.257,3900000.0,47300000.0,47300000.0,47300000.0,900000,52100000.0,330200000.0,3100000.0,3100000.0,15600000.0,62900000.0,0.1651964715,36200000.0,0.0967655707,-800000.0,35400000.0,0.0946271051,5400000.0,29900000.0,0.0799251537,0.84,0.83,27698691.0,28032506.0,https://www.sec.gov/Archives/edgar/data/1096056/000109605622000015/0001096056-22-000015-index.htm,https://www.sec.gov/Archives/edgar/data/1096056/000109605622000015/lxfr-20211231.htm
2020-12-31,LXFR,USD,0001096056,2021-03-02,2021-03-02 16:43:15,2020,FY,324800000.0,243900000.0,80900000.0,0.2490763547,3300000.0,39800000.0,0.0,39800000.0,400000,43500000.0,287400000.0,5000000.0,5000000.0,13300000.0,55000000.0,0.1693349754,41700000.0,0.1283866995,-700000.0,27800000.0,0.085591133,6900000.0,20000000.0,0.0615763547,0.73,0.72,27557219.0,27971382.0,https://www.sec.gov/Archives/edgar/data/1096056/000109605621000010/0001096056-21-000010-index.htm,https://www.sec.gov/Archives/edgar/data/1096056/000109605621000010/lxfr-20201231.htm
2024-09-30,ESE,USD,0000866706,2024-11-29,2024-11-29 13:44:55,2024,FY,1026759000.0,622741000.0,404018000.0,0.3934886375,0.0,0.0,0.0,224015000.0,180003000,404018000.0,896870000.0,0.0,15247000.0,55409000.0,200545000.0,0.195318473,129889000.0,0.1265038826,0.0,129889000.0,0.1265038826,28008000.0,101881000.0,0.0992258164,3.96,3.94,25752712.0,25872000.0,https://www.sec.gov/Archives/edgar/data/866706/000141057824002064/0001410578-24-002064-index.htm,https://www.sec.gov/Archives/edgar/data/866706/000141057824002064/ese-20240930x10k.htm
2023-09-30,ESE,USD,0000866706,2023-11-29,2023-11-29 14:58:06,2023,FY,956033000.0,580377000.0,375656000.0,0.393,13000000.0,0.0,0.0,217110000.0,0,230110000.0,810487000.0,0.0,8769000.0,50523000.0,178239000.0,0.1864360331,145546000.0,0.1522395147,-26599000.0,118947000.0,0.1244172534,26402000.0,92545000.0,0.0968010518,3.59,3.58,25786285.0,25879000.0,https://www.sec.gov/Archives/edgar/data/866706/000141057823002596/0001410578-23-002596-index.htm,https://www.sec.gov/Archives/edgar/data/866706/000141057823002596/ese-20230930x10k.htm
2022-09-30,ESE,USD,0000866706,2022-11-29,2022-11-29 15:14:06,2022,FY,857502000.0,525457000.0,332045000.0,0.3872235867,12300000.0,0.0,0.0,195127000.0,25936000,221063000.0,746520000.0,4851000.0,4851000.0,48343000.0,159629000.0,0.186155834,111286000.0,0.1297792891,-18183000.0,106435000.0,0.1241221595,24115000.0,82320000.0,0.0959997761,3.17,3.16,25933000.0,26067000.0,https://www.sec.gov/Archives/edgar/data/866706/000141057822003540/0001410578-22-003540-index.htm,https://www.sec.gov/Archives/edgar/data/866706/000141057822003540/ese-20220930x10k.htm
2021-09-30,ESE,USD,0000866706,2021-11-29,2021-11-29 16:53:54,2021,FY,715440000.0,445045000.0,270395000.0,0.378,15400000.0,167534000.0,0.0,167534000.0,20829000,188363000.0,633408000.0,2255000.0,2255000.0,42049000.0,124975000.0,0.1746827127,82926000.0,0.1159090909,-6790000.0,80671000.0,0.1127571844,17175000.0,63496000.0,0.0887509784,2.44,2.42,26046000.0,26225000.0,https://www.sec.gov/Archives/edgar/data/866706/000141057821000447/0001410578-21-000447-index.htm,https://www.sec.gov/Archives/edgar/data/866706/000141057821000447/ese-20210930x10k.htm
2020-09-30,ESE,USD,0000866706,2020-11-30,2020-11-30 16:09:37,2020,FY,732915000.0,457418000.0,275497000.0,0.3758921567,13300000.0,159490000.0,0.0,159490000.0,21812000,181302000.0,638720000.0,6730000.0,6730000.0,41338000.0,132196000.0,0.1752058561,87073000.0,0.1188036812,-54452000.0,39743000.0,0.0542259334,14278000.0,25465000.0,0.0347448203,0.98,0.97,26010000.0,26135000.0,https://www.sec.gov/Archives/edgar/data/866706/000110465920130486/0001104659-20-130486-index.htm,https://www.sec.gov/Archives/edgar/data/866706/000110465920130486/ese-20200930x10k.htm
2024-09-30,SR,USD,0001126956,2024-11-20,2024-11-20 10:43:44,2024,FY,2593000000.0,507400000.0,2085600000.0,0.8043193212,0.0,0.0,0.0,0.0,2104699999,2104699999.0,2612100000.0,0.0,201100000.0,278400000.0,789100000.0,0.3043193212,488300000.0,0.1883146934,-178700000.0,309600000.0,0.1193983803,58700000.0,250900000.0,0.0967605091,4.2,4.19,56100000.0,56300000.0,https://www.sec.gov/Archives/edgar/data/1126956/000143774924035823/0001437749-24-035823-index.htm,https://www.sec.gov/Archives/edgar/data/3146/000143774924035823/spre20240930_10k.htm
2023-09-30,SR,USD,0001126956,2023-11-16,2023-11-16 12:29:39,2023,FY,2666300000.0,1778400000.0,887900000.0,0.333,0.0,0.0,0.0,0.0,469300000,469300000.0,2247700000.0,0.0,185700000.0,254800000.0,694400000.0,0.2604358099,418600000.0,0.156996587,-162300000.0,256300000.0,0.0961257173,38800000.0,217500000.0,0.0815737164,3.86,3.85,52500000.0,52600000.0,https://www.sec.gov/Archives/edgar/data/1126956/000143774923032284/0001437749-23-032284-index.htm,https://www.sec.gov/Archives/edgar/data/3146/000143774923032284/spre20230930_10k.htm
2022-09-30,SR,USD,0001126956,2022-11-16,2022-11-16 13:24:49,2022,FY,2198500000.0,1373500000.0,825000000.0,0.3752558563,0.0,0.0,0.0,14400000.0,416800000,416800000.0,1790300000.0,119800000.0,119800000.0,237300000.0,636800000.0,0.2896520355,408200000.0,0.1856720491,-128500000.0,279700000.0,0.1272231067,58900000.0,220800000.0,0.1004321128,3.96,3.95,52000000.0,52100000.0,https://www.sec.gov/Archives/edgar/data/1126956/000143774922027522/0001437749-22-027522-index.htm,https://www.sec.gov/Archives/edgar/data/3146/000143774922027522/spre20220930_10k.htm
2021-09-30,SR,USD,0001126956,2021-11-22,2021-11-22 12:17:34,2021,FY,2235500000.0,1412100000.0,823400000.0,0.368,0.0,0.0,0.0,9800000.0,373200000,373200000.0,1785300000.0,106600000.0,106600000.0,213100000.0,659900000.0,0.2951912324,450200000.0,0.2013867144,-110000000.0,340200000.0,0.1521807202,68500000.0,271700000.0,0.1215388056,4.97,4.96,51600000.0,51700000.0,https://www.sec.gov/Archives/edgar/data/1126956/000156459021057844/0001564590-21-057844-index.htm,https://www.sec.gov/Archives/edgar/data/3146/000156459021057844/sr-10k_20210930.htm
2020-09-30,SR,USD,0001126956,2020-11-18,2020-11-18 11:58:31,2020,FY,1855400000.0,1154700000.0,700700000.0,0.3776544141,0.0,0.0,0.0,13400000.0,345700000,345700000.0,1500400000.0,105500000.0,105500000.0,197300000.0,403800000.0,0.2977255578,355100000.0,0.1913873019,-105400000.0,101000000.0,0.0544357012,12400000.0,88600000.0,0.0477525062,1.44,1.44,51200000.0,51300000.0,https://www.sec.gov/Archives/edgar/data/1126956/000156459020054448/0001564590-20-054448-index.htm,https://www.sec.gov/Archives/edgar/data/3146/000156459020054448/sr-10k_20200930.htm
2023-12-31,RSMXF,CAD,0001858994,2023-12-31,2023-12-30 19:00:00,2023,FY,0.0,280000.0,-280000.0,0.0,0.0,1345947.0,822939.0,2749589.0,0,2906092.0,3186092.0,0.0,0.0,15385.0,-3029589.0,0.0,-3044974.0,0.0,-141118.0,-3186092.0,0.0,0.0,-3186092.0,0.0,-0.0379,-0.0379,84167000.0,84167239.0,,
2022-12-31,RSMXF,CAD,0001858994,2022-12-31,2022-12-31 00:00:00,2022,FY,0.0,163.30700000000002,-163.30700000000002,0.0,0.0,2257206.0,431320.0,2688526.0,0,2973542.0,2973542.0,0.0,7000.0,197.0,-2973542.0,0.0,-2973542.0,0.0,-299682.0,-3151712.0,0.0,6999.80299999984,-3151712.0,0.0,-0.0534,-0.0534,58992452.0,58992452.0,,
2021-12-31,RSMXF,CAD,0001858994,2021-12-31,2021-12-31 00:00:00,2021,FY,0.0,0.0,0.0,0.0,0.0,771506.0,0.0,771506.0,0,771506.0,771506.0,0.0,8750.0,303125.0,-771506.0,0.0,-771506.0,0.0,-51641.0,-1107074.0,0.0,8446.875,-1107074.0,0.0,-0.0923,-0.0923,12000000.0,12000000.0,,
2020-12-31,RSMXF,CAD,0001858994,2020-12-31,2020-12-31 00:00:00,2020,FY,0.0,0.0,0.0,0.0,0.0,785417.0,0.0,785417.0,0,785417.0,785417.0,0.0,0.0,772310.0,10658.0,0.0,-785417.0,0.0,10658.0,-761652.0,0.0,-772.3100000000559,-761652.0,0.0,-0.0635,-0.0635,12000000.0,12000000.0,,
2019-12-31,RSMXF,CAD,0001858994,2019-12-31,2019-12-29 19:00:00,2019,FY,0.0,0.0,0.0,0.0,0.0,213950.0,1760193.0,1760407.0,0,1760407.0,1760407.0,0.0,0.0,1760407.0,-6018.0,0.0,-1760410.0,0.0,-6015.0,-1766425.0,0.0,-1760.40699999989,-1766425.0,0.0,-0.15,-0.15,12000000.0,12000000.0,,
2024-12-31,ALE,USD,0000066756,2025-02-13,2025-02-12 19:11:23,2024,FY,1529800000.0,361400000.0,1168400000.0,0.7637599686,0.0,0.0,0.0,0.0,1369700000,1369700000.0,1731100000.0,4000000.0,81700000.0,278200000.0,486300000.0,0.3178846908,160100000.0,0.1046542032,23900000.0,184000000.0,0.1202771604,4700000.0,179300000.0,0.1172048634,3.11,3.1,57700000.0,57800000.0,https://www.sec.gov/Archives/edgar/data/66756/000006675625000013/0000066756-25-000013-index.htm,https://www.sec.gov/Archives/edgar/data/66756/000006675625000013/ale-20241231.htm
2023-12-31,ALE,USD,0000066756,2024-02-20,2024-02-20 06:05:44,2023,FY,1879800000.0,1389900000.0,489900000.0,0.261,0.0,0.0,0.0,8900000.0,300100000,309000000.0,1698900000.0,10300000.0,80800000.0,251800000.0,539400000.0,0.2869454197,180900000.0,0.0962336419,25900000.0,206800000.0,0.1100117034,27900000.0,247100000.0,0.1314501543,4.31,4.3,57300000.0,57400000.0,https://www.sec.gov/Archives/edgar/data/66756/000006675624000007/0000066756-24-000007-index.htm,https://www.sec.gov/Archives/edgar/data/66756/000006675624000007/ale-20231231.htm
2022-12-31,ALE,USD,0000066756,2023-02-16,2023-02-15 18:08:58,2022,FY,1570700000.0,1123900000.0,446800000.0,0.2844591583,0.0,0.0,0.0,9800000.0,312600000,312600000.0,1436500000.0,75200000.0,75200000.0,242200000.0,417500000.0,0.2692430127,134200000.0,0.0854396129,-34100000.0,100100000.0,0.0637295473,-31200000.0,131300000.0,0.0835933023,2.35,2.34,55900000.0,56000000.0,https://www.sec.gov/Archives/edgar/data/66756/000006675623000005/0000066756-23-000005-index.htm,https://www.sec.gov/Archives/edgar/data/66756/000006675623000005/ale-20221231.htm
2021-12-31,ALE,USD,0000066756,2022-02-16,2022-02-15 17:41:34,2021,FY,1419200000.0,965700000.0,453500000.0,0.32,0.0,0.0,0.0,6100000.0,302200000,302200000.0,1267900000.0,2300000.0,69100000.0,231700000.0,411700000.0,0.2950958286,151300000.0,0.1066093574,-40400000.0,110900000.0,0.0781426156,-26900000.0,169200000.0,0.119222097,3.23,3.22,52400000.0,52500000.0,https://www.sec.gov/Archives/edgar/data/66756/000006675622000014/0000066756-22-000014-index.htm,https://www.sec.gov/Archives/edgar/data/66756/000006675622000014/ale-20211231.htm
2020-12-31,ALE,USD,0000066756,2021-02-17,2021-02-16 18:14:10,2020,FY,1169100000.0,744300000.0,424800000.0,0.363356428,0.0,0.0,0.0,8600000.0,273900000,273900000.0,1018200000.0,1600000.0,65600000.0,217800000.0,405500000.0,0.3536908733,150900000.0,0.1290736464,-28800000.0,122100000.0,0.1044393123,-39500000.0,174200000.0,0.149003507,3.36,3.36,51900000.0,51900000.0,https://www.sec.gov/Archives/edgar/data/66756/000006675621000025/0000066756-21-000025-index.htm,https://www.sec.gov/Archives/edgar/data/66756/000006675621000025/ale-20201231.htm
2024-06-30,IMTH,USD,0001331612,2024-10-16,2024-10-15 18:35:52,2024,FY,1824925.0,1030912.0,794013.0,0.435093497,0.0,6099001.0,-66000.0,6033001.0,0,6099001.0,6099001.0,0.0,199075.0,-3399741.0,-7673817.0,-4.2050040413,-4274076.0,-2.3420557009,-3664821.0,-7938897.0,-4.3502593257,0.0,-7938897.0,-4.3502593257,-0.33,-0.33,23865173.0,23865173.0,https://www.sec.gov/Archives/edgar/data/1331612/000147793224006452/0001477932-24-006452-index.htm,https://www.sec.gov/Archives/edgar/data/1331612/000147793224006452/imth_10k.htm
2023-06-30,IMTH,USD,0001331612,2023-10-13,2023-10-13 15:25:28,2023,FY,1724843.0,56729.0,1668114.0,0.967,0.0,2349088.0,0.0,2349088.0,173121,5349088.0,5349088.0,221801.0,221801.0,56729.0,-3369418.0,-1.9681118803,-3624245.0,-2.1012028341,-23702.0,-3647947.0,-2.1149443746,394922.0,-3647947.0,-2.1149443746,-0.17,-0.17,21157327.0,21157327.0,https://www.sec.gov/Archives/edgar/data/1331612/000147793223007626/0001477932-23-007626-index.htm,https://www.sec.gov/Archives/edgar/data/1331612/000147793223007626/imth_10k.htm
2022-06-30,IMTH,USD,0001331612,2022-10-13,2022-10-13 15:34:14,2022,FY,1297613.0,70025.0,1227588.0,0.9460355283,0.0,19555706.0,0.0,19555706.0,180820,19555706.0,19555706.0,191472.0,191472.0,70025.0,-17796857.0,-13.8780237251,-18258093.0,-14.0705225672,199739.0,-18058354.0,-13.9165945471,-210391.0,-17847963.0,-13.7544576079,-1.07,-1.07,16603755.0,16603755.0,https://www.sec.gov/Archives/edgar/data/1331612/000147793222007620/0001477932-22-007620-index.htm,https://www.sec.gov/Archives/edgar/data/1331612/000147793222007620/imth_10k.htm
2021-06-30,IMTH,USD,0001331612,2021-10-13,2021-10-13 17:28:55,2021,FY,349143.0,9638.0,339505.0,0.972,0.0,1058018.0,0.0,1058018.0,131740,1058018.0,1058018.0,172286.0,172286.0,9638.0,-3083028.0,-1.6253999078,-708875.0,-2.0303285473,-2556082.0,-3264957.0,-9.3513460101,304026.0,-3568983.0,-10.2221238862,-1.69,-1.69,2117130.0,2117130.0,https://www.sec.gov/Archives/edgar/data/1331612/000147793221007237/0001477932-21-007237-index.htm,https://www.sec.gov/Archives/edgar/data/1331612/000147793221007237/frhv_10k.htm
2020-06-30,IMTH,USD,0001331612,2020-06-30,2020-06-30 00:00:00,2020,FY,0.0,144000.0,-144000.0,0.0,0.0,378371.0,0.0,378371.0,0,378371.0,378371.0,208348.0,208348.0,378371.0,0.0,0.0,-378371.0,0.0,-111324.0,-489695.0,0.0,208348.0,-698043.0,0.0,-2.39,-2.39,292210.0,292210.0,,
2023-07-31,QZMRF,CAD,0000811522,2023-11-28,2023-11-28 14:25:25,2023,FY,0.0,9895.0,-9895.0,0.0,0.0,134097.0,761307.0,895404.0,0,895404.0,895404.0,12410.0,1107.0,9895.0,-895404.0,0.0,-895404.0,0.0,-15060.0,-910464.0,0.0,-37.0,-910427.0,0.0,-0.0211,-0.0211,43217000.0,43216196.0,https://www.sec.gov/Archives/edgar/data/811522/000165495423014842/0001654954-23-014842-index.htm,https://www.sec.gov/Archives/edgar/data/811522/000165495423014842/qzm_20f.htm
2022-07-31,QZMRF,CAD,0000811522,2022-11-28,2022-11-28 17:10:47,2022,FY,0.0,9895.0,-9895.0,0.0,0.0,621709.0,0.0,621709.0,514132,1135841.0,1145736.0,3365.0,2695.0,9895.0,-1098158.0,0.0,-992371.0,0.0,149305.0,-993066.0,0.0,2779.0,-995845.0,0.0,-0.0268,-0.0268,37163954.0,37163954.0,https://www.sec.gov/Archives/edgar/data/811522/000165495422015798/0001654954-22-015798-index.htm,https://www.sec.gov/Archives/edgar/data/811522/000165495422015798/qzm_20f.htm
2021-07-31,QZMRF,CAD,0000811522,2021-11-29,2021-11-29 13:21:18,2021,FY,0.0,2474.0,-2474.0,0.0,0.0,164717.0,0.0,164717.0,90907,255624.0,258098.0,1376.0,1456.0,2474.0,-226295.0,0.0,-256722.0,0.0,146328.0,-79967.0,0.0,36452.0,-116419.0,0.0,-0.0043,-0.0043,26873243.0,26873243.0,https://www.sec.gov/Archives/edgar/data/811522/000165495421012651/0001654954-21-012651-index.htm,https://www.sec.gov/Archives/edgar/data/811522/000165495421012651/qzm_20f.htm
2020-07-31,QZMRF,CAD,0000811522,2020-11-24,2020-11-24 12:20:39,2020,FY,0.0,23.275000000000002,-23.275000000000002,0.0,0.0,226167.0,0.0,226167.0,23275,249442.0,249442.0,1091.0,6291.0,180065.0,0.0,0.0,-248351.0,0.0,2704828.0,2524763.0,0.0,6291.0,2524763.0,0.0,0.16,0.13,15959818.0,19165047.0,https://www.sec.gov/Archives/edgar/data/811522/000165495420012873/0001654954-20-012873-index.htm,https://www.sec.gov/Archives/edgar/data/811522/000165495420012873/qzm_20f.htm
2019-07-31,QZMRF,CAD,0000811522,2019-11-01,2019-11-01 16:49:12,2019,FY,0.0,0.0,0.0,0.0,0.0,149170.0,0.0,149170.0,0,149170.0,149170.0,1846.0,6236.0,115736.0,0.0,0.0,-147324.0,0.0,-37979.0,-153715.0,0.0,6236.0,-159951.0,0.0,-0.0159,-0.0159,10041421.0,10041421.0,https://www.sec.gov/Archives/edgar/data/811522/000149315219016343/0001493152-19-016343-index.htm,https://www.sec.gov/Archives/edgar/data/811522/000149315219016343/form20-f.htm
2024-12-31,SUNS,USD,0002012706,2025-03-06,2025-03-06 07:30:27,2024,FY,10628450.0,815301.0,9813149.0,0.9232906962,0.0,2904548.0,0.0,2904548.0,6908601,9813149.0,10628450.0,10844718.0,-216268.0,6652153.0,6868421.0,0.6462297889,216268.0,0.0203480282,6652153.0,6868421.0,0.6462297889,0.0,6868421.0,0.6462297889,1.01,1.01,6800841.0,6835797.0,https://www.sec.gov/Archives/edgar/data/2012706/000201270625000004/0002012706-25-000004-index.htm,https://www.sec.gov/Archives/edgar/data/2012706/000201270625000004/suns-20241231.htm
2023-12-31,SUNS,USD,0001508171,2023-12-31,2023-12-29 19:00:00,2023,FY,734226.0,489484.0,244742.0,0.333,0.0,30360.0,0.0,30360.0,0,30360.0,30360.0,0.0,0.0,-469244.0,234622.0,0.3195501113,703866.0,0.9586503338,-469244.0,234622.0,0.3195501113,0.0,234622.0,0.3195501113,0.0115,0.0115,20458247.0,20457697.0,,
2024-12-31,OC,USD,0001370946,2025-02-24,2025-02-24 06:03:31,2024,FY,10975000000.0,7721000000.0,3254000000.0,0.296,0.0,0.0,0.0,0.0,2127000000,2127000000.0,9848000000.0,0.0,212000000.0,0.0,1127000000.0,0.1026879271,1127000000.0,0.1026879271,-211000000.0,916000000.0,0.0834624146,275000000.0,647000000.0,0.058952164,7.44,7.36,87000000.0,87900000.0,https://www.sec.gov/Archives/edgar/data/1370946/000137094625000077/0001370946-25-000077-index.htm,https://www.sec.gov/Archives/edgar/data/1370946/000137094625000077/oc-20241231.htm
2023-12-31,OC,USD,0001370946,2024-02-14,2024-02-14 06:06:49,2023,FY,9677000000.0,6994000000.0,2683000000.0,0.277,123000000.0,839000000.0,-8000000.0,831000000.0,-83000000,871000000.0,7865000000.0,0.0,76000000.0,499000000.0,2166000000.0,0.2238296993,1812000000.0,0.1872481141,-221000000.0,1591000000.0,0.1644104578,401000000.0,1196000000.0,0.1235920223,13.27,13.14,90100000.0,91000000.0,https://www.sec.gov/Archives/edgar/data/1370946/000137094624000046/0001370946-24-000046-index.htm,https://www.sec.gov/Archives/edgar/data/1370946/000137094624000046/oc-20231231.htm
2022-12-31,OC,USD,0001370946,2023-02-15,2023-02-15 06:08:42,2022,FY,9761000000.0,7145000000.0,2616000000.0,0.2680053273,106000000.0,678000000.0,125000000.0,803000000.0,123000000,1032000000.0,8177000000.0,108000000.0,109000000.0,476000000.0,2200000000.0,0.2309189632,1714000000.0,0.1755967626,-100000000.0,1614000000.0,0.1653519107,373000000.0,1241000000.0,0.1271386128,12.85,12.7,96600000.0,97700000.0,https://www.sec.gov/Archives/edgar/data/1370946/000137094623000010/0001370946-23-000010-index.htm,https://www.sec.gov/Archives/edgar/data/1370946/000137094623000010/oc-20221231.htm
2021-12-31,OC,USD,0001370946,2022-02-16,2022-02-16 06:16:53,2021,FY,8498000000.0,6281000000.0,2217000000.0,0.261,91000000.0,647000000.0,110000000.0,757000000.0,-69000000,779000000.0,7060000000.0,121000000.0,126000000.0,465000000.0,1909000000.0,0.2294657566,1438000000.0,0.1692162862,-125000000.0,1313000000.0,0.1545069428,319000000.0,995000000.0,0.1170863733,9.61,9.54,103500000.0,104300000.0,https://www.sec.gov/Archives/edgar/data/1370946/000137094622000010/0001370946-22-000010-index.htm,https://www.sec.gov/Archives/edgar/data/1370946/000137094622000010/oc-20211231.htm
2020-12-31,OC,USD,0001370946,2021-02-17,2021-02-17 06:10:33,2020,FY,7055000000.0,5445000000.0,1610000000.0,0.2282069454,82000000.0,566000000.0,98000000.0,664000000.0,58000000,804000000.0,6249000000.0,124000000.0,132000000.0,457000000.0,341000000.0,0.1861091425,820000000.0,0.1162296244,-118000000.0,-256000000.0,-0.0362863218,129000000.0,-385000000.0,-0.0545712261,-3.55,-3.55,108600000.0,108600000.0,https://www.sec.gov/Archives/edgar/data/1370946/000137094621000011/0001370946-21-000011-index.htm,https://www.sec.gov/Archives/edgar/data/1370946/000137094621000011/oc-20201231.htm
2024-12-31,PCG-PC,USD,0001004980,2025-02-13,2025-02-12 21:41:44,2024,FY,24419000000.0,15261000000.0,9158000000.0,0.3750358328,0.0,0.0,0.0,-167000000.0,4866000000,4699000000.0,19960000000.0,604000000.0,3051000000.0,4189000000.0,9552000000.0,0.3911708096,4459000000.0,0.1826037102,-2055000000.0,2404000000.0,0.0984479299,-94000000.0,2512000000.0,0.1028707154,1.19,1.19,2141000000.0,2147000000.0,https://www.sec.gov/Archives/edgar/data/1004980/000100498025000010/0001004980-25-000010-index.htm,https://www.sec.gov/Archives/edgar/data/75488/000100498025000010/pcg-20241231.htm
2023-12-31,PCG-PC,USD,0001004980,2024-02-22,2024-02-21 21:28:44,2023,FY,24428000000.0,16121000000.0,8307000000.0,0.34,0.0,0.0,0.0,146000000.0,5490000000,5636000000.0,21757000000.0,606000000.0,2850000000.0,3738000000.0,7186000000.0,0.2941706239,2671000000.0,0.109341739,-1972000000.0,699000000.0,0.0286147044,-1557000000.0,2256000000.0,0.0923530375,1.09,1.05,2064000000.0,2138000000.0,https://www.sec.gov/Archives/edgar/data/1004980/000100498024000014/0001004980-24-000014-index.htm,https://www.sec.gov/Archives/edgar/data/75488/000100498024000014/pcg-20231231.htm
2022-12-31,PCG-PC,USD,0001004980,2023-02-23,2023-02-22 22:00:15,2022,FY,21680000000.0,14665000000.0,7015000000.0,0.3235701107,0.0,0.0,0.0,609000000.0,4941000000,4941000000.0,19606000000.0,162000000.0,1917000000.0,4333000000.0,7071000000.0,0.2991697417,2630000000.0,0.1213099631,-1361000000.0,476000000.0,0.0219557196,-1338000000.0,1814000000.0,0.0836715867,0.91,0.84,1987000000.0,2132000000.0,https://www.sec.gov/Archives/edgar/data/1004980/000100498023000029/0001004980-23-000029-index.htm,https://www.sec.gov/Archives/edgar/data/75488/000100498023000029/pcg-20221231.htm
2021-12-31,PCG-PC,USD,0001004980,2022-02-10,2022-02-10 08:07:20,2021,FY,20642000000.0,14581000000.0,6061000000.0,0.294,0.0,0.0,0.0,506000000.0,3920000000,3920000000.0,18501000000.0,20000000.0,1601000000.0,3920000000.0,6567000000.0,0.291686852,2618000000.0,0.1268287957,-1135000000.0,748000000.0,0.0362367988,836000000.0,-88000000.0,-0.0042631528,-0.0443,-0.0443,1985000000.0,1985000000.0,https://www.sec.gov/Archives/edgar/data/1004980/000100498022000009/0001004980-22-000009-index.htm,https://www.sec.gov/Archives/edgar/data/75488/000100498022000009/pcg-20211231.htm
2020-12-31,PCG-PC,USD,0001004980,2021-02-25,2021-02-25 08:28:21,2020,FY,18469000000.0,12582000000.0,5887000000.0,0.3187503384,0.0,0.0,0.0,416000000.0,3881000000,3881000000.0,16463000000.0,39000000.0,1260000000.0,3881000000.0,4199000000.0,0.3246521198,2528000000.0,0.1368780118,-2697000000.0,-942000000.0,-0.0510043857,362000000.0,-1304000000.0,-0.0706047972,-1.04,-1.04,1257000000.0,1257000000.0,https://www.sec.gov/Archives/edgar/data/1004980/000100498021000007/0001004980-21-000007-index.htm,https://www.sec.gov/Archives/edgar/data/75488/000100498021000007/pcg-20201231.htm
2023-12-31,TRLC,USD,0001550453,2024-03-29,2024-03-29 16:53:01,2023,FY,15849714.0,5539005.0,10310709.0,0.6505296562,0.0,7304167.0,0.0,7304167.0,0,7046667.0,12843172.0,2371.0,2097564.0,-494379.0,2512163.0,0.1584989483,3006542.0,0.1896906152,-2591943.0,414599.0,0.0261581376,0.0,414599.0,0.0261581376,0.0087,0.0087,47653286.0,47759797.0,https://www.sec.gov/Archives/edgar/data/1550453/000143774924010102/0001437749-24-010102-index.htm,https://www.sec.gov/Archives/edgar/data/1550453/000143774924010102/trlc20240328_10k.htm
2022-12-31,TRLC,USD,0001550453,2023-09-29,2023-09-29 17:14:25,2022,FY,22890476.0,9641534.0,13248942.0,0.5787971382,0.0,11629063.0,0.0,11629063.0,0,46484608.0,56126142.0,3481.0,221778.0,34855545.0,0.0,-1.4517909108,15940307.0,0.6963728933,-218297.0,-33453963.0,-1.4614795691,14538725.0,-33453963.0,-1.4614795691,-0.0007,-0.0007,47653286000.0,47653286000.0,https://www.sec.gov/Archives/edgar/data/1550453/000143774923027196/0001437749-23-027196-index.htm,https://www.sec.gov/Archives/edgar/data/1550453/000143774923027196/trlc20221231_10k.htm
2021-12-31,TRLC,USD,0001550453,2022-03-30,2022-03-30 13:57:12,2021,FY,32406229.0,10386218.0,22020011.0,0.679,0.0,4809593.0,0.0,4809593.0,0,4809593.0,15195811.0,41937.0,195056.0,13643894000.0,3596907.0,0.5323777413,21261074.0,0.6560798543,-13808567.0,3401851.0,0.1049752194,195056.0,3401851.0,0.1049752194,0.0004,0.0004,47102346000.0,47102346000.0,https://www.sec.gov/Archives/edgar/data/1550453/000156459022012512/0001564590-22-012512-index.htm,https://www.sec.gov/Archives/edgar/data/1550453/000156459022012512/trilinc-10k_20211231.htm
2020-12-31,TRLC,USD,0001550453,2021-03-31,2021-03-31 16:22:21,2020,FY,42240413.0,12654954.0,29585459.0,0.7004064804,0.0,5514567.0,0.0,5514567.0,0,5514567.0,18169521.0,96445.0,254682.0,15037022.0,24167337.0,0.5721378008,40922272.0,0.9687943155,-15178052.0,8892840.0,0.2105291916,-14782340.0,8892840.0,0.2105291916,0.0002,0.0002,47102346000.0,47102346000.0,https://www.sec.gov/Archives/edgar/data/1550453/000156459021017096/0001564590-21-017096-index.htm,https://www.sec.gov/Archives/edgar/data/1550453/000156459021017096/trilinc-10k_20201231.htm
2019-12-31,TRLC,USD,0001550453,2020-03-30,2020-03-30 16:33:28,2019,FY,43525130.0,0.0,43525130.0,1.0,0.0,18809573.0,0.0,18809573.0,0,23621193.0,23621193.0,43428233.0,1660095.0,4809906.0,19903936.0,-0.1486891825,24715557.0,0.567845679,-6374819.0,18243841.0,0.4191564965,-6471716.0,18243841.0,0.4191564965,0.41,0.41,44707626.0,44707581.0,https://www.sec.gov/Archives/edgar/data/1550453/000156459020014219/0001564590-20-014219-index.htm,https://www.sec.gov/Archives/edgar/data/1550453/000156459020014219/trilinc-10k_20191231.htm
2024-12-31,PHIN,USD,0001968915,2025-02-13,2025-02-13 10:58:20,2024,FY,3403000000.0,2647000000.0,756000000.0,0.2221569204,0.0,0.0,0.0,442000000.0,55000000,497000000.0,3144000000.0,16000000.0,99000000.0,160000000.0,446000000.0,0.1310608287,259000000.0,0.0761093153,-72000000.0,187000000.0,0.0549515134,108000000.0,79000000.0,0.0232148105,1.8,1.76,44000000.0,44800000.0,https://www.sec.gov/Archives/edgar/data/1968915/000196891525000006/0001968915-25-000006-index.htm,https://www.sec.gov/Archives/edgar/data/1968915/000196891525000006/phin-20241231.htm
2023-12-31,PHIN,USD,0001968915,2024-02-28,2024-02-28 15:10:19,2023,FY,3500000000.0,2776000000.0,724000000.0,0.207,-2000000.0,415000000.0,0.0,415000000.0,70000000,483000000.0,3259000000.0,13000000.0,56000000.0,171000000.0,433000000.0,0.1237142857,241000000.0,0.0688571429,-35000000.0,206000000.0,0.0588571429,104000000.0,102000000.0,0.0291428571,2.17,2.17,46900000.0,47000000.0,https://www.sec.gov/Archives/edgar/data/1968915/000196891524000007/0001968915-24-000007-index.htm,https://www.sec.gov/Archives/edgar/data/1968915/000196891524000007/phin-20231231.htm
2022-12-31,PHIN,USD,0001968915,2022-12-31,2022-12-30 19:00:00,2022,FY,3445000000.0,2719000000.0,726000000.0,0.2107402032,104000000.0,375000000.0,37000000.0,412000000.0,32000000,428000000.0,3147000000.0,14000000.0,72000000.0,170000000.0,545000000.0,0.1483309144,287000000.0,0.0833091437,29000000.0,258000000.0,0.0748911466,71000000.0,187000000.0,0.0542815675,3.98,3.98,47013661.0,47013661.0,,
2021-12-31,PHIN,USD,0001968915,2021-12-31,2021-12-30 19:00:00,2021,FY,3227000000.0,2551000000.0,676000000.0,0.209,132000000.0,421000000.0,39000000.0,460000000.0,39000000,426000000.0,2977000000.0,5000000.0,39000000.0,204000000.0,424000000.0,0.1564920979,174000000.0,0.0539200496,12000000.0,186000000.0,0.0576386737,33000000.0,152000000.0,0.047102572,3.23,3.23,47013661.0,47013661.0,,
2020-12-31,PHIN,USD,0001968915,2020-12-31,2020-12-30 19:00:00,2020,FY,1034000000.0,859000000.0,175000000.0,0.169245648,46000000.0,0.0,0.0,147000000.0,3000000,139000000.0,998000000.0,1000000.0,17000000.0,62000000.0,-26000000.0,0.0996131528,-93000000.0,-0.0899419729,-12000000.0,-105000000.0,-0.1015473888,19000000.0,-124000000.0,-0.1199226306,-2.64,-2.64,47013661.0,47013661.0,,
2024-05-31,CBIH,USD,0000000000,2024-05-31,2024-05-30 20:00:00,2023,FY,248841.0,45599.0,203242.0,0.8167544737,0.0,649317.0,0.0,649317.0,40065,689382.0,734981.0,-1.0,165205.0,-11750.0,-497140.0,-1.9978219023,-486140.0,-1.9536169683,-165206.0,-651346.0,-2.6175188172,0.0,-651345.0,-2.6175147986,-0.0001,-0.0001,10317612225.0,10317612225.0,,
2023-05-31,CBIH,USD,0000000000,2023-05-31,2023-05-29 20:00:00,2022,FY,316825.0,93450.0,223375.0,0.7050422157,0.0,1154394.0,52352.0,1206746.0,0,1206746.0,1300196.0,0.0,90973.0,36378.0,-941606.0,-3.1038270339,-983370.0,-3.1038270339,-49208.0,-1032578.0,-3.25914306,-36378.0,-1032578.0,-3.25914306,-0.0001,-0.0001,10019877829.0,10019877829.0,,
2022-05-31,CBIH,USD,0000000000,2022-05-31,2022-05-29 20:00:00,2021,FY,214980.0,46763.0,168217.0,0.782,0.0,0.0,0.0,1056275.0,0,1056275.0,1103038.0,0.0,51036.0,0.0,-834135.0,-4.1308958973,-888060.0,-4.1308958973,2887.0,-885171.0,-4.1174574379,0.0,-885171.0,-4.1174574379,-0.0001,-0.0001,8090501599.0,8090501599.0,,
2021-05-31,CBIH,USD,0000000000,2021-05-31,2021-05-29 20:00:00,2020,FY,761737.0,3644.0000000006,758092.0,0.9952161967,0.0,0.0,0.0,873057.0,0,873057.0,876701.0,0.0,44344.0,3644.0000000006,-111320.0,-0.1461396781,-114960.0,-0.1509182303,-44344.0,-159308.0,-0.2091377995,-4.000000000582077,-159308.0,-0.2091377995,0.0,0.0,8246111316.0,8246111316.0,,
2020-05-31,CBIH,USD,0000000000,2020-05-31,2020-05-29 20:00:00,2019,FY,580220.0,0.0,580220.0,1.0,0.0,0.0,0.0,809026.0,0,809026.0,809026.0,0.0,7657.0000000077,0.0,-218806.0,-0.3943504188,-228810.0,-0.3943504188,2343.0,-226463.0,-0.3903054014,0.0,-226463.0,-0.3903054014,0.0,0.0,7581531642.0,7581531642.0,,
2024-09-28,MOG-A,USD,0000067887,2024-11-27,2024-11-27 08:57:47,2024,FY,3609160000.0,2612241000.0,996919000.0,0.2762191202,112773000.0,0.0,0.0,494887000.0,0,607660000.0,3219901000.0,0.0,62112000.0,93106000.0,423031000.0,0.1172103758,389259000.0,0.1078530738,-121446000.0,267813000.0,0.0742036928,60593000.0,207220000.0,0.0574150218,6.48,6.4,31954689.0,32359338.0,https://www.sec.gov/Archives/edgar/data/67887/000006788724000166/0000067887-24-000166-index.htm,https://www.sec.gov/Archives/edgar/data/67887/000006788724000166/mog-20240928.htm
2023-09-30,MOG-A,USD,0000067887,2023-11-14,2023-11-14 12:42:26,2023,FY,3319122000.0,2427590000.0,891532000.0,0.269,106551000.0,0.0,0.0,469836000.0,-22020000,576387000.0,3003977000.0,63578000.0,63578000.0,90233000.0,402467000.0,0.1154998219,315145000.0,0.0949483026,-96182000.0,216052000.0,0.065093118,45054000.0,170998000.0,0.0515190463,5.37,5.34,31831687.0,32044226.0,https://www.sec.gov/Archives/edgar/data/67887/000006788723000115/0000067887-23-000115-index.htm,https://www.sec.gov/Archives/edgar/data/67887/000006788723000115/mog-20230930.htm
2022-10-01,MOG-A,USD,0000067887,2022-11-14,2022-11-14 17:25:13,2022,FY,3035783000.0,2214982000.0,820801000.0,0.2703753859,109527000.0,0.0,0.0,448531000.0,-1174000,558058000.0,2773040000.0,36757000.0,36757000.0,88389000.0,349958000.0,0.115277673,261569000.0,0.0861619556,-59764000.0,202979000.0,0.0668621571,47802000.0,155177000.0,0.0511159724,4.85,4.83,31977482.0,32117028.0,https://www.sec.gov/Archives/edgar/data/67887/000006788722000089/0000067887-22-000089-index.htm,https://www.sec.gov/Archives/edgar/data/67887/000006788722000089/mog-20221001.htm
2021-10-02,MOG-A,USD,0000067887,2021-11-15,2021-11-15 17:05:27,2021,FY,2851993000.0,2076270000.0,775723000.0,0.272,125528000.0,0.0,0.0,412028000.0,999000,537556000.0,2613826000.0,33892000.0,33892000.0,90159000.0,329325000.0,0.1154718823,239166000.0,0.0838592521,-34393000.0,203774000.0,0.0714496845,46554000.0,157220000.0,0.0551263625,4.9,4.87,32112589.0,32297956.0,https://www.sec.gov/Archives/edgar/data/67887/000006788721000065/0000067887-21-000065-index.htm,https://www.sec.gov/Archives/edgar/data/67887/000006788721000065/mog-20211002.htm
2020-10-03,MOG-A,USD,0000067887,2020-11-17,2020-11-17 16:29:51,2020,FY,2884554000.0,2140858000.0,743696000.0,0.2578200997,110865000.0,0.0,0.0,397947000.0,-142031000,508812000.0,2649670000.0,38897000.0,38897000.0,86972000.0,179825000.0,0.0623406599,92853000.0,0.032189725,-229467000.0,5417000.0,0.0018779333,-3788000.0,9205000.0,0.0031911346,0.28,0.28,33257684.0,33437801.0,https://www.sec.gov/Archives/edgar/data/67887/000006788720000054/0000067887-20-000054-index.htm,https://www.sec.gov/Archives/edgar/data/67887/000006788720000054/a10-kdocumentxfy20xq4.htm
2023-12-31,TMCWW,USD,0001798562,2024-03-25,2024-03-25 17:28:03,2023,FY,72029000.0,72389000.0,-360000.0,-0.0049979869,0.0,22540000.0,49849.0,72029000.0,0,-72389.0,72389000.0,1297000.0,0.0,-991000.0,-73380000.0,-1.0187563343,-72389000.0,-1.0049979869,-1351000.0,-73740000.0,-1.0237543212,41000.0,-73781000.0,-1.0243235364,-0.0003,-0.0003,288643700.0,288643700.0,https://www.sec.gov/Archives/edgar/data/1798562/000110465924038505/0001104659-24-038505-index.htm,https://www.sec.gov/Archives/edgar/data/1798562/000110465924038505/tmc-20231231x10k.htm
2022-12-31,TMCWW,USD,0001798562,2023-03-27,2023-03-27 16:06:11,2022,FY,0.0,174117000.0,-174117000.0,0.0,0.0,29518000.0,0.0,29518000.0,144599000,174117000.0,174117000.0,1111000.0,1111.0,418000.0,-173699000.0,0.0,-174117000.0,0.0,3230000.0,-170887000.0,0.0,77000.0,-170964000.0,0.0,-0.71,-0.71,239867019.0,239867019.0,https://www.sec.gov/Archives/edgar/data/1798562/000110465923037110/0001104659-23-037110-index.htm,https://www.sec.gov/Archives/edgar/data/1798562/000110465923037110/tmc-20221231x10k.htm
2021-12-31,TMCWW,USD,0001798562,2022-03-25,2022-03-25 15:15:51,2021,FY,0.0,149589000.0,-149589000.0,0.0,0.0,56583000.0,0.0,56583000.0,93006000,149589000.0,149589000.0,1002.9999999999999,1003000.0,452000.0,-139844000.0,0.0,-149589000.0,0.0,64873000.0,-141299000.0,0.0,-8290000.0,-133009000.0,0.0,-0.65,-0.65,204926931.0,204926931.0,https://www.sec.gov/Archives/edgar/data/1798562/000110465922038029/0001104659-22-038029-index.htm,https://www.sec.gov/Archives/edgar/data/1798562/000110465922038029/tmc-20211231x10k.htm
2020-12-31,TMCWW,USD,0001798562,2021-03-30,2021-03-30 17:09:30,2020,FY,0.0,562000.0,-562000.0,0.0,0.0,7723000.0,0.0,7723000.0,48881000,56604000.0,56604000.0,53000.0,0.0,562000.0,-56069000.0,0.0,-56604000.0,0.0,-27000.0,-56631000.0,0.0,27000.0,-56658000.0,0.0,-0.32,-0.32,178570876.0,178570876.0,https://www.sec.gov/Archives/edgar/data/1798562/000121390021018753/0001213900-21-018753-index.htm,https://www.sec.gov/Archives/edgar/data/1798562/000121390021018753/f10k2020_sustainable.htm
2019-12-31,TMCWW,USD,0001798562,2019-12-31,2019-12-30 19:00:00,2019,FY,0.0,0.0,0.0,0.0,0.0,1802604.0,7236.396,9039.0,0,9039.0,9039.0,300.303,0.0,339441.0,-41735593.0,0.0,-9040.0,0.0,-43063331.0,-9039.0,0.0,-339.4409999999989,-9039.0,0.0,-0.0001,-0.0001,131308000.0,131308000.0,,
2024-09-29,LEE,USD,0000058361,2024-12-13,2024-12-13 14:57:06,2024,FY,611380000.0,0.0,611380000.0,1.0,0.0,234581000.0,275701000.0,510282000.0,101124000,611406000.0,606834000.0,0.0,41232000.0,27616000.0,37665000.0,0.0616065295,4546000.0,0.0074356374,-35729000.0,-31183000.0,-0.0510042854,-7610000.0,-23573000.0,-0.0385570349,-3.97,-3.97,5944000.0,5944000.0,https://www.sec.gov/Archives/edgar/data/58361/000162828024051167/0001628280-24-051167-index.htm,https://www.sec.gov/Archives/edgar/data/58361/000162828024051167/lee-20240929.htm
2023-09-24,LEE,USD,0000058361,2023-12-08,2023-12-08 12:05:54,2023,FY,691138000.0,25346000.0,665792000.0,0.963,0.0,266907000.0,0.0,266907000.0,361716000,628623000.0,653969000.0,0.0,41471000.0,30621000.0,69010000.0,0.0998498129,37169000.0,0.0537794189,-40251000.0,-3082000.0,-0.004459312,-349000.0,-5267000.0,-0.0076207646,-0.9,-0.9,5852222.0,5867000.0,https://www.sec.gov/Archives/edgar/data/58361/000162828023041119/0001628280-23-041119-index.htm,https://www.sec.gov/Archives/edgar/data/58361/000162828023041119/lee-20230924.htm
2022-09-25,LEE,USD,0000058361,2023-02-27,2023-02-27 16:43:47,2022,FY,780969000.0,30101000.0,750868000.0,0.9614568568,0.0,317789000.0,0.0,317789000.0,381449000,699238000.0,729339000.0,41770000.0,41770000.0,36544000.0,105554000.0,0.1415139397,73974000.0,0.0947207892,-24056000.0,795000.0,0.0010179661,-104000.0,899000.0,0.001151134,0.16,0.16,5778000.0,5778000.0,https://www.sec.gov/Archives/edgar/data/58361/000162828023005263/0001628280-23-005263-index.htm,https://www.sec.gov/Archives/edgar/data/58361/000162828023005263/lee-20220925.htm
2021-09-26,LEE,USD,0000058361,2021-12-10,2021-12-10 16:32:34,2021,FY,794649000.0,29775000.0,764874000.0,0.963,0.0,330896000.0,0.0,330896000.0,368438000,699334000.0,729109000.0,44773000.0,44773000.0,42841000.0,97752000.0,0.1399699742,56556000.0,0.0711710453,-24509000.0,32047000.0,0.0403284972,7215000.0,22745000.0,0.0286227001,3.98,3.9,5717000.0,5826000.0,https://www.sec.gov/Archives/edgar/data/58361/000143774921028322/0001437749-21-028322-index.htm,https://www.sec.gov/Archives/edgar/data/58361/000143774921028322/lee20210810_10k.htm
2020-09-27,LEE,USD,0000058361,2020-12-11,2020-12-11 15:54:05,2020,FY,618004000.0,24243000.0,593761000.0,0.9607720986,0.0,243023000.0,0.0,243023000.0,295515000,538538000.0,562781000.0,59709000.0,47743000.0,36133000.0,95156000.0,0.1538291014,50278000.0,0.0813554605,-47435000.0,2843000.0,0.0046002938,4104000.0,-1261000.0,-0.0020404399,-0.22,-0.22,5656900.0,5656900.0,https://www.sec.gov/Archives/edgar/data/58361/000143774920025193/0001437749-20-025193-index.htm,https://www.sec.gov/Archives/edgar/data/58361/000143774920025193/lee20200929_10k.htm
2023-12-31,PHGE,USD,0001739174,2024-04-04,2024-04-04 06:30:39,2023,FY,-357000.0,871000.0,-1228000.0,3.4397759104,19035000.0,8650000.0,-871000.0,7779000.0,0,26814000.0,27685000.0,0.0,2404000.0,871000.0,-22815000.0,63.9075630252,-27685000.0,77.5490196078,1539000.0,-26146000.0,73.2380952381,23000.0,-26169000.0,73.3025210084,-5.1,-5.1,5133032.0,5133032.0,https://www.sec.gov/Archives/edgar/data/1739174/000121390024030053/0001213900-24-030053-index.htm,https://www.sec.gov/Archives/edgar/data/1739174/000121390024030053/ea0202988-10k_biomx.htm
2022-12-31,PHGE,USD,0001739174,2023-03-29,2023-03-29 16:39:24,2022,FY,-134000.0,2520000.0,-2654000.0,19.8059701493,16244000.0,9456000.0,0.0,9456000.0,1519000,27219000.0,27219000.0,902000.0,2069000.0,2520000.0,-23650000.0,184.0597014925,-27219000.0,203.1268656716,390000.0,-28252000.0,210.8358208955,65000.0,-28317000.0,211.3208955224,-9.49,-9.49,2985400.0,2985400.0,https://www.sec.gov/Archives/edgar/data/1739174/000121390023024122/0001213900-23-024122-index.htm,https://www.sec.gov/Archives/edgar/data/1739174/000121390023024122/f10k2022_biomxinc.htm
2021-12-31,PHGE,USD,0001739174,2022-03-30,2022-03-30 16:02:21,2021,FY,0.0,2565000.0,-2565000.0,0.0,22676000.0,11267000.0,0.0,11267000.0,1519000,35462000.0,35462000.0,2000.0,699000.0,2565000.0,-32888000.0,0.0,35462000.0,0.0,-697000.0,-36159000.0,0.0,67000.0,-36226000.0,0.0,-13.93,-13.93,2600794.0,2600794.0,https://www.sec.gov/Archives/edgar/data/1739174/000121390022016136/0001213900-22-016136-index.htm,https://www.sec.gov/Archives/edgar/data/1739174/000121390022016136/f10k2021_biomxinc.htm
2020-12-31,PHGE,USD,0001739174,2021-03-31,2021-03-31 16:18:08,2020,FY,0.0,2180000.0,-2180000.0,0.0,20935000.0,9323000.0,0.0,9323000.0,0,30258000.0,30258000.0,641000.0,7000.0,2180000.0,-27899000.0,0.0,-30258000.0,0.0,850000.0,-30086000.0,0.0,-172000.0,-29914000.0,0.0,-12.97,-12.97,2306221.0,2306221.0,https://www.sec.gov/Archives/edgar/data/1739174/000121390021019233/0001213900-21-019233-index.htm,https://www.sec.gov/Archives/edgar/data/1739174/000121390021019233/f10k2020_biomxinc.htm
2019-12-31,PHGE,USD,0001739174,2020-03-26,2020-03-26 06:04:26,2019,FY,0.0,404521.0,-404521.0,0.0,13489000.0,8718000.0,0.0,8718000.0,0,22207000.0,22207000.0,921000.0,64000.0,318000.0,-20181000.0,0.0,-22207000.0,0.0,2110000.0,-20563000.0,0.0,-1644000.0,-18919000.0,0.0,-8.36,-8.36,2263020.0,2263020.0,https://www.sec.gov/Archives/edgar/data/1739174/000121390020007405/0001213900-20-007405-index.htm,https://www.sec.gov/Archives/edgar/data/1739174/000121390020007405/f10k2019_biomxinc.htm
2023-12-31,TRTN-PD,USD,0001660734,2024-02-29,2024-02-29 10:19:13,2023,FY,1543792000.0,66514000.0,1477278000.0,0.957,0.0,0.0,0.0,0.0,101552000,101552000.0,168066000.0,0.0,240838000.0,575551000.0,1344942000.0,0.8711937878,768733000.0,0.4979511489,-240180000.0,528553000.0,0.3423731954,54464000.0,474089000.0,0.3070938313,5.83,5.83,81383024.0,81383024.0,https://www.sec.gov/Archives/edgar/data/1660734/000166073424000012/0001660734-24-000012-index.htm,https://www.sec.gov/Archives/edgar/data/1660734/000166073424000012/trtn-20231231.htm
2022-12-31,TRTN-PD,USD,0001660734,2023-02-14,2023-02-14 14:20:32,2022,FY,1943225000.0,1035179000.0,908046000.0,0.4672881421,0.0,93011000.0,0.0,93011000.0,-3102000,89909000.0,1125088000.0,0.0,226091000.0,646122000.0,1465849000.0,0.7543382779,819727000.0,0.4218384387,-226499000.0,817729000.0,0.420810251,70807000.0,746922000.0,0.3843723707,11.25,11.19,61778000.0,62100000.0,https://www.sec.gov/Archives/edgar/data/1660734/000166073423000033/0001660734-23-000033-index.htm,https://www.sec.gov/Archives/edgar/data/1660734/000166073423000033/trtn-20221231.htm
2021-12-31,TRTN-PD,USD,0001660734,2022-02-15,2022-02-15 15:45:43,2021,FY,1783909000.0,983994000.0,799915000.0,0.448,0.0,89319000.0,0.0,89319000.0,-2475000,86844000.0,1070838000.0,0.0,222024000.0,555723000.0,1490818000.0,0.8357029422,935095000.0,0.5241831282,-354498000.0,580597000.0,0.3254633504,50357000.0,530240000.0,0.2972348926,7.26,7.22,66728000.0,67068000.0,https://www.sec.gov/Archives/edgar/data/1660734/000166073422000038/0001660734-22-000038-index.htm,https://www.sec.gov/Archives/edgar/data/1660734/000166073422000038/trtn-20211231.htm
2020-12-31,TRTN-PD,USD,0001660734,2021-02-16,2021-02-16 11:54:51,2020,FY,1431460000.0,959778000.0,471682000.0,0.3295111285,0.0,80532000.0,0.0,80532000.0,2768000,83300000.0,1043078000.0,0.0,252979000.0,566006000.0,979184000.0,0.6840456597,413178000.0,0.288640968,-273342000.0,368019000.0,0.257093457,38240000.0,329779000.0,0.2303794727,4.18,4.16,69051000.0,69345000.0,https://www.sec.gov/Archives/edgar/data/1660734/000166073421000041/0001660734-21-000041-index.htm,https://www.sec.gov/Archives/edgar/data/1660734/000166073421000041/trtn-20201231.htm
2019-12-31,TRTN-PD,USD,0001660734,2020-02-14,2020-02-14 13:13:15,2019,FY,1458303000.0,1000860000.0,457443000.0,0.3136817246,0.0,75867000.0,0.0,75867000.0,590000,76457000.0,1077317000.0,0.0,316170000.0,578057000.0,962456000.0,0.6599835562,384399000.0,0.2635933685,-316326000.0,380830000.0,0.2611460033,27551000.0,352687000.0,0.2418475447,4.57,4.54,74190000.0,74700000.0,https://www.sec.gov/Archives/edgar/data/1660734/000166073420000015/0001660734-20-000015-index.htm,https://www.sec.gov/Archives/edgar/data/1660734/000166073420000015/triton10-kx20191231.htm
2023-12-31,SBC,USD,0001930313,2023-12-31,2023-12-31 00:00:00,2023,FY,193542423.0,56238385.0,137304038.0,0.7094260569,0.0,66234942.0,0.0,66234942.0,409030,66643972.0,122882357.0,86748.0,45292.0,12246942.0,85871569.0,0.4436834451,70660066.0,0.3650882577,2919269.0,73579335.0,0.3801716123,35018729.0,39370036.0,0.2034181209,0.39,0.39,100743253.0,100743253.0,,
2022-12-31,SBC,USD,0001930313,2022-12-31,2022-12-31 00:00:00,2022,FY,174160618.0,59327724.0,114832894.0,0.6593505198,0.0,93484580.0,0.0,93484580.0,1230775,94715355.0,154043079.0,472382.0,31441.0,5932053.0,29640261.0,0.1701892273,20117539.0,0.1155114126,3559228.0,23676767.0,0.1359478812,18124349.0,6315002.0,0.036259644,0.0627,0.0627,100743253.0,100743253.0,,
2023-12-31,BZZUY,EUR,0001437774,2023-12-31,2023-12-29 19:00:00,2023,FY,4320182000.0,2443390000.0,1876792000.0,0.4344242905,0.0,0.0,0.0,613884000.0,278118000,892002000.0,3335392000.0,0.0,0.0,225398000.0,1204629000.0,0.2788375582,984790000.0,0.2279510447,156079000.0,1140869000.0,0.2640789207,174056000.0,966545000.0,0.2237278429,5.22,5.22,185131873.0,185131838.0,,
2022-12-31,BZZUY,EUR,0001437774,2022-12-31,2022-12-31 00:00:00,2022,FY,3995519000.0,1631551000.0,2363968000.0,0.5916548013,0.0,31806000.0,0.0,31806000.0,1720396000,1752202000.0,3383753000.0,45229000.0,43736000.0,259252000.0,892284000.0,0.2860597084,754057000.0,0.1887256699,94520000.0,589296000.0,0.1474892248,130517000.0,458786000.0,0.1148251329,2.46,2.46,186377503.0,186377503.0,,
2021-12-31,BZZUY,EUR,0001437774,2021-12-31,2021-12-31 00:00:00,2021,FY,3445551000.0,1354486000.0,2091065000.0,0.607,0.0,30807000.0,0.0,30807000.0,1526198000,1557005000.0,2911491000.0,15034000.0,41803000.0,243993000.0,926103000.0,0.2592403944,545596000.0,0.1583479681,89656000.0,635252000.0,0.18436877,92952000.0,541903000.0,0.1572761512,2.82,2.82,192131838.0,192131838.0,,
2020-12-31,BZZUY,EUR,0001437774,2020-12-31,2020-12-31 00:00:00,2020,FY,3222411000.0,1171797000.0,2050614000.0,0.6363601663,0.0,34787000.0,0.0,34787000.0,1499630000,1534417000.0,2706214000.0,18573000.0,52423000.0,253241000.0,1009593000.0,0.3132257183,752431000.0,0.2334993891,-52172000.0,700259000.0,0.2173090273,139787000.0,560246000.0,0.1738592625,2.72,2.72,205698335.0,205698335.0,,
2019-12-31,BZZUY,EUR,0001437774,2019-12-31,2019-12-31 00:00:00,2019,FY,3221443000.0,1190424000.0,2031019000.0,0.6304687061,0.0,28948000.0,0.0,28948000.0,1536625000,1565573000.0,2755997000.0,23353000.0,60155000.0,256060000.0,801977000.0,0.2484886431,468238000.0,0.1453503911,13718000.0,481956000.0,0.1496087312,96046000.0,385671000.0,0.1197199516,1.88,1.88,204835151.0,204835151.0,,
2024-06-30,AMCR,USD,0001748790,2024-08-16,2024-08-16 06:40:20,2024,FY,13639000000.0,10926000000.0,2713000000.0,0.1989148765,106000000.0,0.0,0.0,1260000000.0,0,1366000000.0,12292000000.0,38000000.0,348000000.0,587000000.0,1845000000.0,0.1352738471,1214000000.0,0.0890094582,-307000000.0,907000000.0,0.0665004766,163000000.0,730000000.0,0.0535229856,0.51,0.5,1439000000.0,1441000000.0,https://www.sec.gov/Archives/edgar/data/1748790/000174879024000022/0001748790-24-000022-index.htm,https://www.sec.gov/Archives/edgar/data/1748790/000174879024000022/amcr-20240630.htm
2023-06-30,AMCR,USD,0001748790,2023-08-17,2023-08-17 06:32:56,2023,FY,14694000000.0,11969000000.0,2725000000.0,0.185,101000000.0,0.0,0.0,1246000000.0,2000000,1321000000.0,13290000000.0,31000000.0,259000000.0,573000000.0,2084000000.0,0.135565537,1508000000.0,0.1026269226,-257000000.0,1251000000.0,0.0851367905,193000000.0,1048000000.0,0.0713216279,0.71,0.71,1468000000.0,1476000000.0,https://www.sec.gov/Archives/edgar/data/1748790/000174879023000030/0001748790-23-000030-index.htm,https://www.sec.gov/Archives/edgar/data/1748790/000174879023000030/amcr-20230630.htm
2022-06-30,AMCR,USD,0001748790,2022-08-18,2022-08-18 06:32:42,2022,FY,14544000000.0,11724000000.0,2820000000.0,0.1938943894,96000000.0,0.0,0.0,1284000000.0,-33000000,1347000000.0,13071000000.0,24000000.0,135000000.0,580000000.0,1776000000.0,0.1450082508,1239000000.0,0.085189769,-124000000.0,1115000000.0,0.0766639164,300000000.0,805000000.0,0.0553492849,0.53,0.53,1514000000.0,1516000000.0,https://www.sec.gov/Archives/edgar/data/1748790/000174879022000024/0001748790-22-000024-index.htm,https://www.sec.gov/Archives/edgar/data/1748790/000174879022000024/amcr-20220630.htm
2021-06-30,AMCR,USD,0001748790,2021-08-24,2021-08-24 06:11:18,2021,FY,12861000000.0,10129000000.0,2732000000.0,0.212,100000000.0,0.0,0.0,1292000000.0,-75000000,1317000000.0,11446000000.0,14000000.0,139000000.0,573000000.0,2000000000.0,0.1555089029,1321000000.0,0.1027136304,-128000000.0,1193000000.0,0.0927610606,261000000.0,939000000.0,0.0730114299,0.6,0.6,1551000000.0,1556000000.0,https://www.sec.gov/Archives/edgar/data/1748790/000174879021000031/0001748790-21-000031-index.htm,https://www.sec.gov/Archives/edgar/data/1748790/000174879021000031/amcr-20210630.htm
2020-06-30,AMCR,USD,0001748790,2020-08-27,2020-08-27 13:43:47,2020,FY,12468000000.0,9932000000.0,2536000000.0,0.2034007058,97000000.0,0.0,0.0,1385000000.0,-56000000,1426000000.0,11358000000.0,22200000.0,185000000.0,607200000.0,1638300000.0,0.1425248637,994000000.0,0.0797240937,-169000000.0,825000000.0,0.0661693936,187000000.0,612000000.0,0.0490856593,0.38,0.38,1600000000.0,1601600000.0,https://www.sec.gov/Archives/edgar/data/1748790/000174879020000025/0001748790-20-000025-index.htm,https://www.sec.gov/Archives/edgar/data/1748790/000174879020000025/amcr-20200630.htm
2024-12-31,OBT,USD,0001754226,2025-03-17,2025-03-17 16:18:14,2024,FY,127227000.0,0.0,127227000.0,1.0,0.0,5931000.0,0.0,5931000.0,0,5931000.0,5931000.0,127227000.0,35461000.0,1947000.0,0.0,0.0,121296000.0,0.9533825367,-86478000.0,34818000.0,0.2736683251,6935000.0,27883000.0,0.2191594551,2.47,2.47,11303118.0,11303118.0,https://www.sec.gov/Archives/edgar/data/1754226/000155837025003120/0001558370-25-003120-index.htm,https://www.sec.gov/Archives/edgar/data/1754226/000155837025003120/tmb-20241231x10k.htm
2023-12-31,OBT,USD,0001754226,2024-03-29,2024-03-29 14:08:29,2023,FY,93942000.0,0.0,93942000.0,1.0,0.0,35040000.0,1657000.0,36697000.0,64993000,101690000.0,101690000.0,117770000.0,29379000.0,1966000.0,39115000.0,0.4163739329,37149000.0,0.3954461263,0.0,37149000.0,0.3954461263,7671000.0,29478000.0,0.3137893594,5.24,5.24,5629150.0,5629150.0,https://www.sec.gov/Archives/edgar/data/1754226/000155837024004354/0001558370-24-004354-index.htm,https://www.sec.gov/Archives/edgar/data/1754226/000155837024004354/tmb-20231231x10k.htm
2022-12-31,OBT,USD,0001754226,2023-03-24,2023-03-24 15:39:50,2022,FY,89869000.0,0.0,89869000.0,1.0,0.0,30608000.0,1601000.0,32209000.0,-17783000,4066000.0,4066000.0,84223000.0,6135000.0,1693000.0,31970000.0,0.4083499316,36412000.0,0.4051675216,0.0,30277000.0,0.3369014899,5914000.0,24363000.0,0.2710945932,4.33,4.33,5621630.0,5621630.0,https://www.sec.gov/Archives/edgar/data/1754226/000155837023004543/0001558370-23-004543-index.htm,https://www.sec.gov/Archives/edgar/data/1754226/000155837023004543/tmb-20221231x10k.htm
2021-12-31,OBT,USD,0001754226,2022-03-30,2022-03-30 13:19:34,2021,FY,72030000.0,0.0,72030000.0,1.0,0.0,25206000.0,1220000.0,26426000.0,-71779000,-45353000.0,-45353000.0,64429000.0,3968000.0,1660000.0,28337000.0,0.3743301402,26677000.0,0.3703595724,0.0,26677000.0,0.3703595724,5390000.0,21287000.0,0.2955296404,4.28,4.28,4968692.0,4968692.0,https://www.sec.gov/Archives/edgar/data/1754226/000155837022004719/0001558370-22-004719-index.htm,https://www.sec.gov/Archives/edgar/data/1754226/000155837022004719/tmb-20211231x10k.htm
2020-12-31,OBT,USD,0001754226,2020-12-31,2020-12-31 00:00:00,2020,FY,59707000.0,0.0,59707000.0,1.0,0.0,23949000.0,1191000.0,25140000.0,-70329000,-45189000.0,-45189000.0,53461000.0,4722000.0,1560000.0,15805000.0,0.2692816588,14518000.0,0.243154069,-3894000.0,14518000.0,0.243154069,2839000.0,11679000.0,0.1956052054,2.59,2.59,4508508.0,4508508.0,,
2023-12-31,EDAP,EUR,0001041934,2024-03-28,2024-03-28 16:31:34,2023,FY,60423000.0,36012000.0,24411000.0,0.4040017874,6963000.0,14634000.0,22626000.0,37260000.0,1000,44224000.0,80236000.0,1311000.0,232000.0,1913000.0,-18388000.0,-0.3043212022,-19813000.0,-0.3279049369,-720000.0,-20533000.0,-0.3398209291,644000.0,-21178000.0,-0.3504956722,-0.57,-0.57,36996722.0,36996722.0,https://www.sec.gov/Archives/edgar/data/1041934/000155837024004261/0001558370-24-004261-index.htm,https://www.sec.gov/Archives/edgar/data/1041934/000155837024004261/edap-20231231x20f.htm
2022-12-31,EDAP,EUR,0001041934,2023-04-07,2023-04-07 16:31:33,2022,FY,55109000.0,30916000.0,24193000.0,0.4390027037,4920000.0,7152000.0,16379000.0,23530000.0,0,28450000.0,59366000.0,404000.0,168000.0,1608498.0,-323000.0,-0.1121958301,-4257000.0,-0.0772469107,2161000.0,-2096000.0,-0.038033715,837000.0,-2933000.0,-0.0532217968,-0.0853,-0.0853,34392598.0,34392598.0,https://www.sec.gov/Archives/edgar/data/1041934/000155837023005629/0001558370-23-005629-index.htm,https://www.sec.gov/Archives/edgar/data/1041934/000155837023005629/edap-20221231x20f.htm
2021-12-31,EDAP,EUR,0001041934,2022-04-08,2022-04-08 16:36:00,2021,FY,44066000.0,25643000.0,18423000.0,0.418,3402000.0,5900000.0,10732000.0,16633000.0,0,20035000.0,45678000.0,10000.0,52000.0,1997629.0,309000.0,-0.0901602142,-1613000.0,-0.0366041846,2505000.0,893000.0,0.020265057,193000.0,700000.0,0.015885263,0.0227,0.0224,32129047.0,32422871.0,https://www.sec.gov/Archives/edgar/data/1041934/000155837022005229/0001558370-22-005229-index.htm,https://www.sec.gov/Archives/edgar/data/1041934/000155837022005229/edap-20211231x20f.htm
2020-12-31,EDAP,EUR,0001041934,2021-04-07,2021-04-07 16:31:59,2020,FY,41662000.0,23283000.0,18379000.0,0.4411454083,4496000.0,4335000.0,9279000.0,13614000.0,-1000,18110000.0,41393000.0,10000.0,108000.0,2058112.0,2373000.0,0.0390763766,-477000.0,-0.0114492823,-711000.0,-1188000.0,-0.0285151937,516000.0,-1704000.0,-0.0409005809,-0.0585,-0.0585,29148108.0,29148108.0,https://www.sec.gov/Archives/edgar/data/1041934/000110465921047574/0001104659-21-047574-index.htm,https://www.sec.gov/Archives/edgar/data/1041934/000110465921047574/edap-20201231x20f.htm
2019-12-31,EDAP,EUR,0001041934,2020-04-16,2020-04-16 16:36:55,2019,FY,44911000.0,23909000.0,21002000.0,0.4676359912,3728000.0,4224000.0,10850000.0,15074000.0,0,18802000.0,42711000.0,20000.0,165000.0,2065999.0,2064000.0,0.0459575605,185000.0,0.0041192581,2006000.0,2191000.0,0.0487853755,679000.0,1512000.0,0.033666585,0.0519,0.0509,29016118.0,29615466.0,https://www.sec.gov/Archives/edgar/data/1041934/000117184320002662/0001171843-20-002662-index.htm,https://www.sec.gov/Archives/edgar/data/1041934/000117184320002662/f20f_041620p.htm
2024-12-31,GBCI,USD,0000868671,2025-02-25,2025-02-25 16:38:22,2024,FY,1139850000.0,0.0,1139850000.0,1.0,0.0,367491000.0,16132000.0,16132000.0,0,16132000.0,16132000.0,1139850000.0,435218000.0,0.0,0.0,0.0,1123718000.0,0.9858472606,-897414000.0,226304000.0,0.1985384042,36160000.0,190144000.0,0.1668149318,1.68,1.68,113170157.0,113243427.0,https://www.sec.gov/Archives/edgar/data/868671/000086867125000046/0000868671-25-000046-index.htm,https://www.sec.gov/Archives/edgar/data/868671/000086867125000046/gbci-20241231.htm
2023-12-31,GBCI,USD,0000868671,2024-02-23,2024-02-23 16:35:18,2023,FY,789437000.0,1964000.0,787473000.0,0.998,0.0,343987000.0,15430000.0,359417000.0,0,407438000.0,407438000.0,1017655000.0,325973000.0,37143000.0,304751000.0,0.3860358711,380035000.0,0.4814000357,-112427000.0,267608000.0,0.3389858849,44681000.0,222927000.0,0.2823873216,2.01,2.01,110864501.0,110890447.0,https://www.sec.gov/Archives/edgar/data/868671/000086867124000042/0000868671-24-000042-index.htm,https://www.sec.gov/Archives/edgar/data/868671/000086867124000042/gbci-20231231.htm
2022-12-31,GBCI,USD,0000868671,2023-02-24,2023-02-24 16:41:37,2022,FY,884966000.0,0.0,884966000.0,1.0,0.0,332207000.0,14324000.0,346531000.0,-143506000,14324000.0,14324000.0,829640000.0,41261000.0,36488000.0,406768000.0,0.5062669074,437371000.0,0.4942235069,-6910000.0,370280000.0,0.4184115548,67078000.0,303202000.0,0.3426142925,2.74,2.74,110757473.0,110827933.0,https://www.sec.gov/Archives/edgar/data/868671/000086867123000045/0000868671-23-000045-index.htm,https://www.sec.gov/Archives/edgar/data/868671/000086867123000045/gbci-20221231.htm
2021-12-31,GBCI,USD,0000868671,2022-02-23,2022-02-23 16:44:58,2021,FY,778887000.0,0.0,778887000.0,1.0,0.0,270644000.0,11949000.0,282593000.0,-740491000,-457898000.0,-457898000.0,681074000.0,18558000.0,32039000.0,381477000.0,0.4618243725,349438000.0,0.4486376073,-8880000.0,349438000.0,0.4486376073,64681000.0,284757000.0,0.3655947525,2.87,2.86,99313255.0,99398250.0,https://www.sec.gov/Archives/edgar/data/868671/000086867122000053/0000868671-22-000053-index.htm,https://www.sec.gov/Archives/edgar/data/868671/000086867122000053/gbci-20211231.htm
2020-12-31,GBCI,USD,0000868671,2021-03-01,2021-03-01 14:43:46,2020,FY,727792000.0,0.0,727792000.0,1.0,0.0,253047000.0,10201000.0,263248000.0,-707824000,-444576000.0,-444576000.0,627064000.0,27315000.0,30790000.0,358830000.0,0.464981753,328040000.0,0.4507331765,-7812000.0,328040000.0,0.4507331765,61640000.0,266400000.0,0.3660386484,2.81,2.81,94883864.0,94932353.0,https://www.sec.gov/Archives/edgar/data/868671/000086867121000037/0000868671-21-000037-index.htm,https://www.sec.gov/Archives/edgar/data/868671/000086867121000037/gbci-20201231.htm
2024-05-31,FCT,USD,0001282850,2024-05-31,2024-05-29 20:00:00,2023,FY,30616276.0,0.0,30616276.0,1.0,0.0,3270604.0,0.0,3270604.0,0,3270604.0,3270604.0,30616276.0,3774352.0,-27345672.0,0.0,0.0,27345672.0,0.8931743364,4776257.0,32121929.0,1.0491781888,0.0,32121929.0,1.0491781888,1.24,1.24,25983402.0,25983388.0,,
2023-05-31,FCT,USD,0001282850,2023-05-31,2023-05-30 20:00:00,2022,FY,14578935.0,-11457333.0,26036268.0,1.7858827137,1.79409400032786,587232.0,0.0,587232.0,11967855,603106.0,-9314308.0,26036268.0,2746131.0,-22788151.0,-6066191.0,-0.7928187484,22788151.0,1.5630874958,-8812322.0,13975829.0,0.9586316833,-11558453.0,13975829.0,0.9586316833,0.54,0.54,25983388.0,25983388.0,,
2022-05-31,FCT,USD,0001282850,2022-05-31,2022-05-30 20:00:00,2021,FY,-10437221.0,-30512766.0,20075545.0,-1.923,-0.5866452927715626,617705.0,0.0,617705.0,27365,645070.0,-29806180.0,19708592.0,1351656.0,-16119945.0,-9730635.0,2.7357753563,16119945.0,-1.5444671527,-40410469.0,-11082291.0,1.0618047658,-28553892.0,-11082291.0,1.0618047658,-0.43,-0.43,25983388.0,25983388.0,,
2021-05-31,FCT,USD,0001282850,2021-05-31,2021-05-30 20:00:00,2020,FY,38580431.0,18520385.0,20060046.0,0.5199539113,2.1395173974935613,795750.0,0.0,795750.0,28380,824130.0,19020505.0,19580775.0,1324250.0,-15761220.0,0.0,0.535785383,15761220.0,0.4085288731,21995081.0,37756301.0,0.9786386523,20670831.0,37756301.0,0.9786386523,1.45,1.45,25953421.0,25953421.0,,
2020-05-31,FCT,USD,0001282850,2020-05-31,2020-05-30 20:00:00,2019,FY,-7536194.0,-33381398.0,25845204.0,-3.4294770013,-0.5060344873082155,684019.0,0.0,684019.0,25873,709892.0,-30238568.0,25518728.0,3852722.0,-21417722.0,0.0,4.4474080683,21417722.0,-2.8419812441,-29663808.0,-8246086.0,1.0941976812,-33516530.0,-8246086.0,1.0941976812,-0.31,-0.31,26666989.0,26666989.0,,
2024-09-30,SNEX,USD,0000913760,2024-11-29,2024-11-29 09:20:36,2024,FY,99887800000.0,97879500000.0,2008300000.0,0.0201055584,0.0,69700000.0,52600000.0,122300000.0,40100000,122300000.0,98120600000.0,1396800000.0,1115700000.0,53100000.0,1522900000.0,0.0152461061,1767200000.0,0.0176918503,-1413100000.0,354100000.0,0.0035449775,93300000.0,260800000.0,0.0026109295,8.24,7.96,30539237.0,31625029.0,https://www.sec.gov/Archives/edgar/data/913760/000091376024000187/0000913760-24-000187-index.htm,https://www.sec.gov/Archives/edgar/data/913760/000091376024000187/intl-20240930.htm
2023-09-30,SNEX,USD,0000913760,2023-11-24,2023-11-24 12:55:33,2023,FY,60856100000.0,59246300000.0,1609800000.0,0.026,0.0,127700000.0,54000000.0,181700000.0,-192900000,-11200000.0,59698800000.0,0.0,859700000.0,65000000.0,1222300000.0,0.020085086,1621000000.0,0.0266366067,-1298000000.0,323000000.0,0.0053076027,84500000.0,238500000.0,0.0039190812,8.47,7.45,27214545.0,30929008.0,https://www.sec.gov/Archives/edgar/data/913760/000091376023000159/0000913760-23-000159-index.htm,https://www.sec.gov/Archives/edgar/data/913760/000091376023000159/intl-20230930.htm
2022-09-30,SNEX,USD,0000913760,2022-11-29,2022-11-29 16:25:31,2022,FY,4885000000.0,3766000000.0,1119000000.0,0.2290685773,35000000.0,204000000.0,242000000.0,446000000.0,-1144800000,637000000.0,3129000000.0,219000000.0,135500000.0,65585000000.0,511300000.0,0.123234391,536000000.0,0.1097236438,-64572500000.0,482000000.0,0.0986693961,127000000.0,355000000.0,0.0726714432,12.09,11.79,29355603.0,30101308.0,https://www.sec.gov/Archives/edgar/data/913760/000091376022000174/0000913760-22-000174-index.htm,https://www.sec.gov/Archives/edgar/data/913760/000091376022000174/intl-20220930.htm
2021-09-30,SNEX,USD,0000913760,2021-11-29,2021-11-29 16:59:36,2021,FY,4540000000.0,3603000000.0,937000000.0,0.206,33000000.0,176000000.0,202000000.0,378000000.0,-945500000,482000000.0,3121000000.0,102400000.0,49600000.0,42291500000.0,291400000.0,0.1125550661,462000000.0,0.1017621145,-41453000000.0,441000000.0,0.0971365639,103000000.0,338000000.0,0.0744493392,11.78,11.45,28695963.0,29517250.0,https://www.sec.gov/Archives/edgar/data/913760/000091376021000189/0000913760-21-000189-index.htm,https://www.sec.gov/Archives/edgar/data/913760/000091376021000189/intl-20210930.htm
2020-09-30,SNEX,USD,0000913760,2020-12-14,2020-12-14 16:22:08,2020,FY,4034000000.0,3241000000.0,793000000.0,0.1965790778,31000000.0,152000000.0,186000000.0,338000000.0,-28400000,425000000.0,2816000000.0,130900000.0,80400000.0,53904600000.0,264600000.0,0.1001487357,368000000.0,0.091224591,-53209600000.0,357000000.0,0.088497769,85000000.0,272000000.0,0.0674268716,9.63,9.45,28236490.0,28770717.0,https://www.sec.gov/Archives/edgar/data/913760/000091376020000206/0000913760-20-000206-index.htm,https://www.sec.gov/Archives/edgar/data/913760/000091376020000206/intl-20200930.htm
2024-09-30,KNWN,USD,0001074828,2024-12-10,2024-12-09 18:56:04,2024,FY,0.0,0.0,0.0,0.0,6114121.0,0.0,0.0,9109362.0,0,15223483.0,15223483.0,155248.0,1513323.0,270167.0,-14798068.0,0.0,-15223483.0,0.0,-1358075.0,-16581558.0,0.0,313536.0,-16581558.0,0.0,-0.19,-0.19,86067999.0,86067999.0,https://www.sec.gov/Archives/edgar/data/1074828/000165495424015315/0001654954-24-015315-index.htm,https://www.sec.gov/Archives/edgar/data/1074828/000165495424015315/knwn_10k.htm
2023-09-30,KNWN,USD,0001074828,2023-09-30,2023-09-30 00:00:00,2023,FY,0.0,-274019.0,274019.0,0.0,7727467.0,0.0,0.0,6570597.0,0,14298064.0,14024045.0,127145.0,389626.0,455859.0,-14443682.0,0.0,-14024045.0,0.0,-1265122.0,-15289167.0,0.0,0.0,-15289167.0,0.0,-0.31,-0.31,49581467.0,49581467.0,,
2022-09-30,KNWN,USD,0001074828,2022-09-30,2022-09-30 00:00:00,2022,FY,4360087.0,3430438.0,929649.0,0.2132179931,5385586.0,0.0,0.0,8118137.0,0,13503723.0,16934161.0,15283.0,8034081.0,356958.0,-11680205.0,-2.6788926459,-12574074.0,-2.8839043808,-7497170.0,-20071244.0,-4.6034044734,0.0,-20071244.0,-4.6034044734,-0.5,-0.5,40370473.0,40370473.0,,
2021-09-30,KNWN,USD,0001074828,2021-12-21,2021-12-21 16:17:48,2021,FY,0.0,0.0,0.0,0.0,3969972.0,0.0,0.0,6476176.0,0,10446148.0,10446148.0,0.0,14914065.0,200807.0,-10245341.0,0.0,-10446148.0,0.0,-14914065.0,-25360213.0,0.0,0.0,-25360213.0,0.0,-0.86,-0.86,29370596.0,29370596.0,https://www.sec.gov/Archives/edgar/data/1074828/000165495421013414/0001654954-21-013414-index.htm,https://www.sec.gov/Archives/edgar/data/1074828/000165495421013414/knwn_10k.htm
2020-09-30,KNWN,USD,0001074828,2020-12-29,2020-12-29 16:15:39,2020,FY,121939.0,69726.0,52213.0,0.4281895046,2033726.0,0.0,0.0,4844415.0,0,6878141.0,6947867.0,0.0,6094682.0,242987.0,-7224972.0,-59.2507073209,-6825928.0,-55.9782186175,-6736713.0,-13562641.0,-111.2248009251,-642031.0,-13562641.0,-111.2248009251,-0.62,-0.62,21791058.0,21791058.0,https://www.sec.gov/Archives/edgar/data/1074828/000165495420013963/0001654954-20-013963-index.htm,https://www.sec.gov/Archives/edgar/data/1074828/000165495420013963/knwn_10k.htm
2024-12-31,SAVA,USD,0001069530,2025-03-03,2025-03-03 16:20:22,2024,FY,0.0,0.0,0.0,0.0,69637000.0,71809000.0,0.0,71809000.0,0,141446000.0,0.0,8510000.0,0.0,0.0,0.0,0.0,0.0,0.0,0.0,-24342000.0,0.0,0.0,-24342000.0,0.0,-0.53,-0.52,46329000.0,46604000.0,https://www.sec.gov/Archives/edgar/data/1069530/000143774925005919/0001437749-25-005919-index.htm,https://www.sec.gov/Archives/edgar/data/1069530/000143774925005919/sava20241231c_10k.htm
2023-12-31,SAVA,USD,0001069530,2024-02-28,2024-02-28 16:01:07,2023,FY,0.0,1530000.0,-89423000.0,0.0,89423000.0,16534000.0,0.0,16534000.0,-89423000,105957000.0,105957000.0,7833000.0,0.0,1530000.0,-95687000.0,0.0,-105957000.0,0.0,8740000.0,-97217000.0,0.0,0.0,-97217000.0,0.0,-2.32,-2.32,41932000.0,41932000.0,https://www.sec.gov/Archives/edgar/data/1069530/000143774924005894/0001437749-24-005894-index.htm,https://www.sec.gov/Archives/edgar/data/1069530/000143774924005894/sava20231231_10k.htm
2022-12-31,SAVA,USD,0001069530,2023-02-28,2023-02-28 16:07:03,2022,FY,-1800.0,1301000.0,-1302800.0,723.7777777778,68032000.0,11988000.0,0.0,11988000.0,997000,80020000.0,80020000.0,2777000.0,0.0,1301000.0,-74945000.0,44455.0,-80020000.0,44455.0,3774000.0,-76246000.0,42358.0,-3774000.0,-72472000.0,40262.0,-1.8,-1.8,40202000.0,40202000.0,https://www.sec.gov/Archives/edgar/data/1069530/000106953023000009/0001069530-23-000009-index.htm,https://www.sec.gov/Archives/edgar/data/1069530/000106953023000009/sava-20221231x10k.htm
2021-12-31,SAVA,USD,0001069530,2022-03-01,2022-02-28 17:32:53,2021,FY,0.0,534000.0,-534000.0,0.0,24813000.0,8055000.0,0.0,8055000.0,434000,32868000.0,32868000.0,49000.0,0.0,534000.0,-31851000.0,0.0,-32868000.0,0.0,483000.0,-32385000.0,0.0,-583000.0,-31802000.0,0.0,-0.81,-0.81,39405000.0,39405000.0,https://www.sec.gov/Archives/edgar/data/1069530/000106953022000011/0001069530-22-000011-index.htm,https://www.sec.gov/Archives/edgar/data/1069530/000106953022000011/sava-20211231x10k.htm
2020-12-31,SAVA,USD,0001069530,2021-03-23,2021-03-23 17:05:23,2020,FY,0.0,346000.0,-346000.0,0.0,3053000.0,3739000.0,0.0,3739000.0,0,6792000.0,6792000.0,112000.0,0.0,22000.0,-6312000.0,0.0,-6446000.0,0.0,458000.0,-6334000.0,0.0,-480000.0,-5854000.0,0.0,-0.22,-0.22,26105000.0,26105000.0,https://www.sec.gov/Archives/edgar/data/1069530/000106953021000020/0001069530-21-000020-index.htm,https://www.sec.gov/Archives/edgar/data/1069530/000106953021000020/sava-20201231x10k.htm
2024-12-31,MAA-PI,USD,0000912595,2025-02-07,2025-02-07 16:16:04,2024,FY,2191015000.0,1477748000.0,713267000.0,0.0,0.0,56516000.0,0.0,56516000.0,0,56516000.0,1534264000.0,0.0,168544000.0,586402000.0,1299811000.0,0.0,656751000.0,0.0,-111886000.0,544865000.0,0.0,5240000.0,527543000.0,0.0,4.74,4.74,116820000.0,116820000.0,https://www.sec.gov/Archives/edgar/data/912595/000095017025016287/0000950170-25-016287-index.htm,https://www.sec.gov/Archives/edgar/data/912595/000095017025016287/maa-20241231.htm
2023-12-31,MAA-PI,USD,0000912595,2024-02-09,2024-02-09 16:16:29,2023,FY,2148468000.0,1400988000.0,747480000.0,0.348,0.0,58578000.0,0.0,58578000.0,0,58578000.0,1459566000.0,0.0,149234000.0,565857000.0,1285936000.0,0.5922792427,688902000.0,0.3206480152,-118057000.0,570845000.0,0.265698628,4744000.0,552806000.0,0.2573024127,4.71,4.71,116521000.0,116645000.0,https://www.sec.gov/Archives/edgar/data/912595/000095017024013275/0000950170-24-013275-index.htm,https://www.sec.gov/Archives/edgar/data/912595/000095017024013275/maa-20231231.htm
2022-12-31,MAA-PI,USD,0000912595,2023-02-14,2023-02-14 16:07:25,2022,FY,2019866000.0,1332155000.0,687711000.0,0.3728831517,0.0,58833000.0,0.0,58833000.0,0,58833000.0,1390988000.0,0.0,154747000.0,544004000.0,1345740000.0,0.290199944,628878000.0,0.0208731668,18111000.0,646989000.0,0.3203128326,-6208000.0,637436000.0,0.315583311,5.49,5.48,115344000.0,115583000.0,https://www.sec.gov/Archives/edgar/data/912595/000095017023002778/0000950170-23-002778-index.htm,https://www.sec.gov/Archives/edgar/data/912595/000095017023002778/maa-20221231.htm
2021-12-31,MAA-PI,USD,0000912595,2022-02-17,2022-02-17 16:11:36,2021,FY,1778082000.0,1260330000.0,517752000.0,0.323,0.0,52884000.0,0.0,52884000.0,0,52884000.0,1313214000.0,0.0,156881000.0,534415000.0,1254424000.0,0.2805101227,464868000.0,-0.020046882,98260000.0,563128000.0,0.3167053038,13637000.0,533791000.0,0.3002060647,4.62,4.61,114717000.0,115039000.0,https://www.sec.gov/Archives/edgar/data/912595/000095017022001423/0000950170-22-001423-index.htm,https://www.sec.gov/Archives/edgar/data/912595/000095017022001423/maa-20211231.htm
2020-12-31,MAA-PI,USD,0000912595,2021-02-18,2021-02-18 16:13:26,2020,FY,1677984000.0,1151313000.0,526671000.0,0.3138712884,0.15842880504224116,99158000.0,0.0,99158000.0,4857000,99158000.0,1250471000.0,167562000.0,167562000.0,1271809000.0,944245000.0,0.257672302,-79308000.0,-0.0472638595,-672514000.0,265841000.0,0.158428805,3327000.0,254962000.0,0.1519454298,2.2,2.19,114188000.0,114500000.0,https://www.sec.gov/Archives/edgar/data/912595/000156459021006666/0001564590-21-006666-index.htm,https://www.sec.gov/Archives/edgar/data/912595/000156459021006666/maa-10k_20201231.htm
2023-12-31,SNSE,USD,0001829802,2024-02-29,2024-02-29 16:30:47,2023,FY,0.0,571000.0,-571000.0,0.0,18299000.0,18665000.0,100000.0,18765000.0,0,37064000.0,37064000.0,3624000.0,144000.0,3678000.0,-33386000.0,0.0,-37064000.0,0.0,2963000.0,-34101000.0,0.0,0.0,-34101000.0,0.0,-1.22,-1.22,27952000.0,27952857.0,https://www.sec.gov/Archives/edgar/data/1829802/000095017024023148/0000950170-24-023148-index.htm,https://www.sec.gov/Archives/edgar/data/1829802/000095017024023148/snse-20231231.htm
2022-12-31,SNSE,USD,0001829802,2023-05-01,2023-05-01 16:18:14,2022,FY,0.0,1808000.0,-1808000.0,0.0,30383000.0,19805000.0,0.0,19805000.0,1600000,50188000.0,50188000.0,1783000.0,219000.0,1808000.0,-46561000.0,0.0,-50188000.0,0.0,1600000.0,-48588000.0,0.0,219000.0,-48807000.0,0.0,-1.59,-1.59,30703295.0,30703295.0,https://www.sec.gov/Archives/edgar/data/1829802/000095017023016251/0000950170-23-016251-index.htm,https://www.sec.gov/Archives/edgar/data/1829802/000095017023016251/snse-20221231.htm
2021-12-31,SNSE,USD,0001829802,2022-03-15,2022-03-15 07:01:25,2021,FY,0.0,685000.0,-685000.0,0.0,21662000.0,15820000.0,0.0,15820000.0,688000,37482000.0,37482000.0,800000.0,670000.0,685000.0,-36797000.0,0.0,-37482000.0,0.0,688000.0,-36794000.0,0.0,670000.0,-37464000.0,0.0,-1.35,-1.35,27710686.0,27710686.0,https://www.sec.gov/Archives/edgar/data/1829802/000095017022003646/0000950170-22-003646-index.htm,https://www.sec.gov/Archives/edgar/data/1829802/000095017022003646/snse-20211231.htm
2020-12-31,SNSE,USD,0001829802,2021-03-30,2021-03-30 06:15:03,2020,FY,0.0,209000.0,-209000.0,0.0,11185000.0,7528000.0,0.0,7528000.0,-649000,18713000.0,18713000.0,1689.0,1689000.0,209000.0,-18504000.0,0.0,-19451000.0,0.0,-649000.0,-20100000.0,0.0,529000.0,-20629000.0,0.0,-0.67,-0.67,30588495.0,30588495.0,https://www.sec.gov/Archives/edgar/data/1829802/000156459021016297/0001564590-21-016297-index.htm,https://www.sec.gov/Archives/edgar/data/1829802/000156459021016297/snse-10k_20201231.htm
2019-12-31,SNSE,USD,0001829802,2019-12-31,2019-12-31 00:00:00,2019,FY,0.0,73000.0,-73000.0,0.0,8350000.0,4085000.0,0.0,4085000.0,-1000,12435000.0,12435000.0,2256.0,2256000.0,73000.0,-12362000.0,0.0,-12435000.0,0.0,-4305000.0,-16740000.0,0.0,2255000.0,-18995000.0,0.0,-0.65,-0.65,29325950.0,29325950.0,,
2024-12-31,CRSR,USD,0001743759,2025-02-26,2025-02-26 16:45:02,2024,FY,1316379000.0,988782000.0,327597000.0,0.2488622198,67543000.0,0.0,0.0,310008000.0,0,377551000.0,1366333000.0,3347000.0,13207000.0,0.0,-49954000.0,-0.0379480378,-49954000.0,-0.0379480378,-11704000.0,-61658000.0,-0.0468390942,21736000.0,-85181000.0,-0.064708568,-0.82,-0.82,104164000.0,104164000.0,https://www.sec.gov/Archives/edgar/data/1743759/000095017025027856/0000950170-25-027856-index.htm,https://www.sec.gov/Archives/edgar/data/1743759/000095017025027856/crsr-20241231.htm
2023-12-31,CRSR,USD,0001743759,2024-02-27,2024-02-27 17:20:19,2023,FY,1459875000.0,1099612000.0,360263000.0,0.247,65261000.0,264113000.0,21200000.0,285313000.0,0,350574000.0,1450186000.0,6839000.0,17420000.0,50698000.0,64639000.0,0.0442770785,9689000.0,0.0066368696,-13168000.0,-3479000.0,-0.0023830807,-2442000.0,-2590000.0,-0.0017741245,0.0311,0.03,102482000.0,106276000.0,https://www.sec.gov/Archives/edgar/data/1743759/000095017024021415/0000950170-24-021415-index.htm,https://www.sec.gov/Archives/edgar/data/1743759/000095017024021415/crsr-20231231.htm
2022-12-31,CRSR,USD,0001743759,2023-02-27,2023-02-27 17:08:44,2022,FY,1375098000.0,1078466000.0,296632000.0,0.2157169889,66493000.0,267632000.0,17300000.0,284932000.0,213000,351425000.0,1429891000.0,374000.0,9186000.0,53523000.0,-1057000.0,-0.0007686725,-54793000.0,-0.0398466146,-8973000.0,-63766000.0,-0.0463719677,-9820000.0,-53946000.0,-0.0392306585,-0.56,-0.56,96280000.0,96280000.0,https://www.sec.gov/Archives/edgar/data/1743759/000156459023002592/0001564590-23-002592-index.htm,https://www.sec.gov/Archives/edgar/data/1743759/000156459023002592/crsr-10k_20221231.htm
2021-12-31,CRSR,USD,0001743759,2022-03-01,2022-02-28 20:31:25,2021,FY,1904060000.0,1390206000.0,513854000.0,0.27,60288000.0,295872000.0,19800000.0,315672000.0,-5661000,375960000.0,1766166000.0,12769000.0,17673000.0,45094000.0,182988000.0,0.0931309938,137894000.0,0.0724210372,-23334000.0,114560000.0,0.0601661712,13600000.0,100960000.0,0.0530235392,1.08,1.01,93260000.0,100004000.0,https://www.sec.gov/Archives/edgar/data/1743759/000156459022007822/0001564590-22-007822-index.htm,https://www.sec.gov/Archives/edgar/data/1743759/000156459022007822/crsr-10k_20211231.htm
2020-12-31,CRSR,USD,0001743759,2021-03-11,2021-03-11 16:11:10,2020,FY,1702367000.0,1236938000.0,465429000.0,0.2734010939,50064000.0,237904000.0,19100000.0,257004000.0,-1182000,307068000.0,1544006000.0,31023000.0,35137000.0,43234000.0,201595000.0,0.1177260837,158361000.0,0.0930240072,-36319000.0,122042000.0,0.0716895945,18825000.0,103217000.0,0.060631462,1.12,1.12,91935000.0,91935000.0,https://www.sec.gov/Archives/edgar/data/1743759/000156459021012507/0001564590-21-012507-index.htm,https://www.sec.gov/Archives/edgar/data/1743759/000156459021012507/crsr-10k_20201231.htm
2024-03-31,BTCY,USD,0001630113,2024-06-28,2024-06-27 19:55:56,2024,FY,12063345.0,3707064.0,8356281.0,0.693,2571826.0,14612724.0,0.0,14612724.0,0,17184550.0,20891614.0,0.0,5191723.0,5953.0,-8896607.0,-0.7374908866,-8828269.0,-0.7318259571,-5266014.0,-14094283.0,-1.1683561234,0.0,-14094283.0,-1.1683561234,-1.66,-1.66,8991766.0,8991766.0,https://www.sec.gov/Archives/edgar/data/1630113/000149315224025493/0001493152-24-025493-index.htm,https://www.sec.gov/Archives/edgar/data/1630113/000149315224025493/form10-ka.htm
2023-03-31,BTCY,USD,0001630113,2023-06-29,2023-06-29 17:29:39,2023,FY,9639057.0,4197024.0,5442033.0,0.565,3229879.0,17621865.0,0.0,17621865.0,-181941,20851744.0,25048768.0,0.0,2582618.0,346260.0,-15403758.0,-1.616931926,-15591652.0,-1.6175495176,-3248432.0,-18658143.0,-1.9356813639,2400677.0,-18658143.0,-1.9356813639,-2.15,-2.15,8659640.0,8659640.0,https://www.sec.gov/Archives/edgar/data/1630113/000149315223022974/0001493152-23-022974-index.htm,https://www.sec.gov/Archives/edgar/data/1630113/000149315223022974/form10-k.htm
2022-03-31,BTCY,USD,0001630113,2022-07-14,2022-07-14 11:46:04,2022,FY,7650269.0,3080116.0,4570153.0,0.5973846148,2744587.0,18562369.0,0.0,18562369.0,-1140522,21306956.0,24387072.0,0.0,10569593.0,68339.0,-18020373.0,-2.3365213694,-17877325.0,-2.3368230581,-12393675.0,-29130477.0,-3.807771596,9429071.0,-29130477.0,-3.807771596,-3.85,-3.85,7574953.0,7574953.0,https://www.sec.gov/Archives/edgar/data/1630113/000149315222019256/0001493152-22-019256-index.htm,https://www.sec.gov/Archives/edgar/data/1630113/000149315222019256/form10-k.htm
2021-03-31,BTCY,USD,0001630113,2021-06-22,2021-06-21 21:10:37,2021,FY,3384767.0,2112035.0,1272732.0,0.376,2059130.0,12565396.0,0.0,12565396.0,-67099,14624526.0,16736561.0,0.0,2481155.0,347116.0,-13351794.0,-3.9644953404,-13418893.0,-3.9644953404,-2779365.0,-15491176.0,-4.5767333468,2066940.0,-15491176.0,-4.5767333468,-2.48,-2.48,6253829.0,6253829.0,https://www.sec.gov/Archives/edgar/data/1630113/000149315221014912/0001493152-21-014912-index.htm,https://www.sec.gov/Archives/edgar/data/1630113/000149315221014912/form10-k.htm
2020-03-31,BTCY,USD,0001630113,2020-07-15,2020-07-15 09:32:54,2020,FY,1417725.0,931951.0,485774.0,0.3426433194,1363235.0,10053223.0,0.0,10053223.0,16939,11416458.0,12348409.0,0.0,92416.0,148764.0,-10930684.0,-7.6980690896,-10913745.0,-7.6980690896,-136258.0,-11066942.0,-7.8061274225,-39409.0,-11066942.0,-7.8061274225,-1.85,-1.85,5992696.0,5992696.0,https://www.sec.gov/Archives/edgar/data/1630113/000149315220013313/0001493152-20-013313-index.htm,https://www.sec.gov/Archives/edgar/data/1630113/000149315220013313/form10-k.htm
2023-12-31,BKUCF,CAD,0001463978,2023-12-31,2023-12-29 19:00:00,2023,FY,0.0,46542.0,-46542.0,0.0,0.0,1180429.0,1341261.0,2521690.0,1609143,4130833.0,4177375.0,179382.0,0.0,4096752.0,0.0,0.0,-4177375.0,0.0,521735.0,-3655640.0,0.0,0.0,-3655640.0,0.0,-0.0157,-0.0157,232991000.0,232986000.0,,
2022-12-31,BKUCF,CAD,0001463978,2022-12-31,2022-12-31 00:00:00,2022,FY,0.0,86.073,-86.073,0.0,0.0,707495.0,0.0,707495.0,5317289,6024784.0,6024784.0,11643.0,0.0,7190954.0,0.0,0.0,-7265208.0,0.0,1692782.0,-5572426.0,0.0,-1692782.0,-3879644.0,0.0,-0.02,-0.02,193858978.0,193858978.0,,
2021-12-31,BKUCF,CAD,0001463978,2021-12-31,2021-12-31 00:00:00,2021,FY,0.0,56.067,-56.067,0.0,1887390.0,1933461.0,0.0,1933461.0,3559961,7380812.0,7380812.0,6635.0,1984.0,7287785.0,0.0,0.0,-7380812.0,0.0,910192.0,-6470620.0,0.0,-4651.0,-6465969.0,0.0,-0.0388,-0.0388,166687095.0,166687095.0,,
2020-12-31,BKUCF,CAD,0001463978,2020-12-31,2020-12-31 00:00:00,2020,FY,0.0,61.752,-61.752,0.0,130071.0,731882.0,0.0,731882.0,1387507,2249460.0,2249460.0,55.074,55074.0,2208128.0,0.0,0.0,-2249460.0,0.0,320542.0,-1928918.0,0.0,55074.0,-1983992.0,0.0,-0.0165,-0.0165,120110232.0,120110232.0,,
2019-12-31,BKUCF,CAD,0001463978,2019-12-31,2019-12-31 00:00:00,2019,FY,0.0,47.9,-47.9,0.0,661282.0,679300.0,0.0,679300.0,1469230,2809812.0,2809812.0,6698.0,3544.0,3277.0,-2759605.0,0.0,-2809812.0,0.0,26496.0,-2783316.0,0.0,-3154.0,-2780162.0,0.0,-0.0246,-0.0246,113008224.0,113008224.0,,
2024-06-30,BIOX,USD,0001769484,2024-10-30,2024-10-30 15:19:38,2024,FY,464828548.0,283239676.0,181588872.0,0.3906577442,17183041.0,77449565.0,16817005.0,94266570.0,25318665,136768276.0,420007952.0,0.0,26871698.0,21295312.0,55455336.0,0.1193027757,44820596.0,0.0964239313,-34785325.0,10035271.0,0.0215891882,3778615.0,3243361.0,0.0069775426,0.0516,0.0511,62840129.0,63485432.0,https://www.sec.gov/Archives/edgar/data/1769484/000110465924112589/0001104659-24-112589-index.htm,https://www.sec.gov/Archives/edgar/data/1769484/000110465924112589/biox-20230630x20f.htm
2023-06-30,BIOX,USD,0001769484,2023-06-30,2023-06-29 20:00:00,2023,FY,419446439.0,239197932.0,180248507.0,0.43,15345315.0,70226083.0,16711281.0,86937364.0,-221010,125935785.0,365133717.0,0.0,21229743.0,19390601.0,61086009.0,0.1724740093,54183965.0,0.1291796996,-35078018.0,19105947.0,0.0455503855,-1068652.0,18779876.0,0.0447730014,0.3,0.3,62146082.0,63185508.0,,
2022-06-30,BIOX,USD,0001769484,2022-10-28,2022-10-28 17:21:00,2022,FY,328455588.0,202018588.0,126437000.0,0.384943976,6947460.0,42989595.0,16031401.0,59020996.0,-292729,86113450.0,288132038.0,0.0,14952990.0,9187935.0,40033345.0,0.1451724304,39869926.0,0.1213860487,-25806296.0,14063630.0,0.0428174478,17972534.0,-7199618.0,-0.0219196088,-0.17,-0.17,42302318.0,42302318.0,https://www.sec.gov/Archives/edgar/data/1769484/000110465922112548/0001104659-22-112548-index.htm,https://www.sec.gov/Archives/edgar/data/1769484/000110465922112548/biox-20220630x20f.htm
2021-06-30,BIOX,USD,0001769484,2021-10-29,2021-10-29 13:51:02,2021,FY,206697620.0,115815548.0,90882072.0,0.44,5617655.0,29828717.0,7409618.0,37238335.0,0,52935682.0,168751230.0,0.0,18922546.0,6264841.0,37038194.0,0.2075058726,38382888.0,0.1856958392,-27852340.0,10530548.0,0.050946634,14351170.0,-6870163.0,-0.033237746,-0.18,-0.18,39218632.0,39218632.0,https://www.sec.gov/Archives/edgar/data/1769484/000110465921131663/0001104659-21-131663-index.htm,https://www.sec.gov/Archives/edgar/data/1769484/000110465921131663/biox-20210630x20f.htm
2020-06-30,BIOX,USD,0001769484,2020-10-21,2020-10-21 16:55:24,2020,FY,172350699.0,92858847.0,79491852.0,0.4612215237,4195270.0,23745634.0,5730615.0,29476249.0,0,41323767.0,134182614.0,7733256.0,19397098.0,4733567.0,29580236.0,0.3081629567,39145980.0,0.2271298012,-32702642.0,6443338.0,0.0373850413,2206710.0,3359175.0,0.0194903474,0.093,0.0922,36120447.0,36416988.0,https://www.sec.gov/Archives/edgar/data/1769484/000110465920116812/0001104659-20-116812-index.htm,https://www.sec.gov/Archives/edgar/data/1769484/000110465920116812/tm2029786-1_20f.htm
2024-11-30,PFD,USD,0000868578,2024-11-30,2024-11-30 00:00:00,2024,FY,28930655.0,0.0,28930655.0,1.0,0.0,758015.0,0.0,758015.0,28172640,28930655.0,28930655.0,11249211.0,5664624.0,0.0,0.0,0.0,-67622288.0,-2.3373922229,95768808.0,28146520.0,0.9728960509,0.0,28146520.0,0.9728960509,2.19,2.19,12852564.0,12852556.0,,
2023-11-30,PFD,USD,0000868578,2023-11-30,2023-11-29 19:00:00,2023,FY,15863483.0,13271480.0,2592003.0,0.163,0.0,1862718.0,89878.0,1952596.0,0,1952596.0,1952596.0,10006084.0,5339380.0,-13910887.0,0.0,0.0,13910887.0,0.8769125292,-11984111.0,1926776.0,0.1214598333,0.0,1926776.0,0.1214598333,0.15,0.15,12564128.0,12564128.0,,
2022-11-30,PFD,USD,0000868578,2022-11-30,2022-11-30 00:00:00,2022,FY,-28226839.0,0.0,-28226839.0,1.0,0.0,644280.0,0.0,644280.0,26375,670655.0,670655.0,9342425.0,2007926.0,-13140002.0,-68927064.0,0.9526241319,-26889568.0,0.9526241319,-2007926.0,-28897494.0,1.0237594794,13140002.0,-28897494.0,1.0237594794,-2.3,-2.3,12564128.0,12564128.0,,
2021-11-30,PFD,USD,0000868578,2021-11-30,2021-11-30 00:00:00,2021,FY,12926940.0,0.0,12926940.0,1.0,0.0,649351.0,0.0,649351.0,30179,679530.0,679530.0,8203166.0,771048.0,-12019900.0,0.0,0.9474330352,12247410.0,0.9474330352,227509.0,12247410.0,0.9474330352,12247410.0,12247410.0,0.9474330352,1.1,1.1,11134009.0,11134009.0,,
2020-11-30,PFD,USD,0000868578,2020-11-30,2020-11-30 00:00:00,2020,FY,12786204.0,1610011.0,11176193.0,0.8740821748,0.8703653851158505,618765.0,0.0,618765.0,27110,645875.0,645875.0,7741672.0,1225797.0,-12219458.0,0.0,0.9494865716,12140329.0,0.9494865716,-79129.0,12140329.0,0.9494865716,10993667.0,12140329.0,0.9494865716,1.07,1.07,11305381.0,11305381.0,,
2025-01-03,KBR,USD,0001357615,2025-02-25,2025-02-25 14:55:18,2024,FY,7742000000.0,6639000000.0,1103000000.0,0.1424696461,0.0,0.0,0.0,544000000.0,-103000000,441000000.0,7080000000.0,0.0,144000000.0,0.0,662000000.0,0.0855076208,662000000.0,0.0855076208,-151000000.0,511000000.0,0.0660036166,130000000.0,375000000.0,0.0484370964,2.8,2.8,134000000.0,134000000.0,https://www.sec.gov/Archives/edgar/data/1357615/000135761525000018/0001357615-25-000018-index.htm,https://www.sec.gov/Archives/edgar/data/1357615/000135761525000018/kbr-20250103.htm
2023-12-29,KBR,USD,0001357615,2024-02-20,2024-02-20 12:11:23,2023,FY,6956000000.0,5979000000.0,977000000.0,0.14,0.0,0.0,0.0,488000000.0,41000000,529000000.0,6508000000.0,0.0,115000000.0,141000000.0,90000000.0,0.0129384704,448000000.0,0.0644048304,-614000000.0,-166000000.0,-0.0238642898,95000000.0,-265000000.0,-0.0380966072,-1.96,-1.96,135000000.0,135000000.0,https://www.sec.gov/Archives/edgar/data/1357615/000135761524000016/0001357615-24-000016-index.htm,https://www.sec.gov/Archives/edgar/data/1357615/000135761524000016/kbr-20231229.htm
2022-12-31,KBR,USD,0001357615,2023-02-17,2023-02-17 17:14:54,2022,FY,6564000000.0,5736000000.0,828000000.0,0.126142596,0.0,0.0,0.0,420000000.0,2000000,422000000.0,6158000000.0,87000000.0,87000000.0,137000000.0,508000000.0,0.0723644119,343000000.0,0.0522547227,-59000000.0,284000000.0,0.043266301,92000000.0,190000000.0,0.0289457648,1.36,1.26,139000000.0,156000000.0,https://www.sec.gov/Archives/edgar/data/1357615/000135761523000030/0001357615-23-000030-index.htm,https://www.sec.gov/Archives/edgar/data/1357615/000135761523000030/kbr-20221231.htm
2021-12-31,KBR,USD,0001357615,2022-02-22,2022-02-22 17:02:34,2021,FY,7339000000.0,6533000000.0,806000000.0,0.11,0.0,0.0,0.0,393000000.0,-5000000,393000000.0,6926000000.0,80000000.0,92000000.0,146000000.0,372000000.0,0.0523232048,231000000.0,0.0314756779,-85000000.0,134000000.0,0.0182586183,108000000.0,27000000.0,0.0036789753,0.19,0.19,140000000.0,141000000.0,https://www.sec.gov/Archives/edgar/data/1357615/000135761522000012/0001357615-22-000012-index.htm,https://www.sec.gov/Archives/edgar/data/1357615/000135761522000012/kbr-20211231.htm
2020-12-31,KBR,USD,0001357615,2021-02-25,2021-02-25 06:08:54,2020,FY,5767000000.0,5101000000.0,666000000.0,0.1154846541,0.0,0.0,0.0,335000000.0,1000000,335000000.0,5436000000.0,72000000.0,83000000.0,115000000.0,173000000.0,0.082711982,362000000.0,0.0627709381,-82000000.0,-25000000.0,-0.0043350095,26000000.0,-51000000.0,-0.0088434195,-0.36,-0.36,142000000.0,142000000.0,https://www.sec.gov/Archives/edgar/data/1357615/000135761521000040/0001357615-21-000040-index.htm,https://www.sec.gov/Archives/edgar/data/1357615/000135761521000040/kbr-20201231.htm
2024-12-31,NBBK,USD,0001979330,2025-03-07,2025-03-07 08:01:03,2024,FY,-1868000.0,0.0,-1868000.0,1.0,0.0,83926000.0,3459000.0,87385000.0,85345000,172730000.0,172730000.0,292516000.0,131318000.0,2964000.0,0.0,0.0,45478000.0,-24.3458244111,-3329000.0,42149000.0,-22.5637044968,0.0,42149000.0,-22.5637044968,1.07,1.07,39389829.0,39389829.0,https://www.sec.gov/Archives/edgar/data/1979330/000155837025002457/0001558370-25-002457-index.htm,https://www.sec.gov/Archives/edgar/data/1979330/000155837025002457/nbbk-20241231x10k.htm
2023-12-31,NBBK,USD,0000000000,2024-03-28,2024-03-28 11:22:04,2023,FY,145634000.0,0.0,145634000.0,1.0,0.0,84131000.0,2747000.0,86878000.0,58756000,145634000.0,145634000.0,220501000.0,90444000.0,2827000.0,0.0,0.0,11844000.0,0.0813271626,0.0,11844000.0,0.0813271626,2019000.0,9825000.0,0.0674636417,0.23,0.23,42018229.0,42018229.0,https://www.sec.gov/Archives/edgar/data/1979330/000155837024004193/0001558370-24-004193-index.htm,https://www.sec.gov/Archives/edgar/data/1979330/000155837024004193/nbbk-20231231x10k.htm
2022-12-31,NBBK,USD,0000000000,2022-12-31,2022-12-30 19:00:00,2022,FY,113169000.0,0.0,113169000.0,1.0,0.0,57736000.0,2338000.0,60074000.0,-19331000,19331000.0,93380000.0,120512000.0,15548000.0,2474000.0,38862000.0,0.343397927,36388000.0,0.3215368166,-1825000.0,36388000.0,0.3215368166,6323000.0,30065000.0,0.2656646255,0.7,0.7,42705729.0,42705729.0,,
2021-12-31,NBBK,USD,0000000000,2021-12-31,2021-12-30 19:00:00,2021,FY,86169000.0,0.0,86169000.0,1.0,0.0,45502000.0,2822000.0,48324000.0,-15092000,15092000.0,71655000.0,90641000.0,12630000.0,2100000.0,29732000.0,0.3450428809,27632000.0,0.3206721675,-1398000.0,27632000.0,0.3206721675,6057000.0,21575000.0,0.2503800671,0.51,0.51,42705729.0,42705729.0,,
2023-12-31,MSSAR,USD,0001882464,2024-08-30,2024-08-29 20:51:23,2023,FY,0.0,0.0,0.0,0.0,0.0,0.0,0.0,798508.0,0,798508.0,798508.0,0.0,0.0,-1496083.0,-697575.0,0.0,798508.0,0.0,1353652.0,2152160.0,0.0,0.0,2152160.0,0.0,0.67,0.67,3210000.0,3205000.0,https://www.sec.gov/Archives/edgar/data/1882464/000149315224034449/0001493152-24-034449-index.htm,https://www.sec.gov/Archives/edgar/data/1882464/000149315224034449/form10-k.htm
2022-12-31,MSSAR,USD,0001882464,2024-07-29,2024-07-26 21:38:03,2022,FY,0.0,0.0,0.0,0.0,0.0,0.0,0.0,398812.0,398812,398812.0,398812.0,1295815.0,0.0,117817.0,-280995.0,0.0,-398812.0,0.0,1673481.0,1274669.0,0.0,-875857.0,1270000.0,0.0,0.75,0.75,3120000.0,11660000.0,https://www.sec.gov/Archives/edgar/data/1882464/000149315224029333/0001493152-24-029333-index.htm,https://www.sec.gov/Archives/edgar/data/1882464/000149315224029333/form10-ka.htm
2021-12-31,MSSAR,USD,0001882464,2021-12-31,2021-12-30 19:00:00,2021,FY,0.0,0.0,0.0,0.0,0.0,0.0,0.0,24850.0,0,24850.0,24850.0,0.0,0.0,37275.0,0.0,0.0,-24850.0,0.0,0.0,-24850.0,0.0,-37.275000000001455,-24850.0,0.0,0.0,0.0,2500000.0,2500000.0,,
2024-04-30,AOUT,USD,0001808997,2024-06-27,2024-06-27 16:15:35,2024,FY,201099000.0,112673000.0,88426000.0,0.4397137728,6851000.0,39022000.0,55050000.0,94072000.0,0,100923000.0,213596000.0,39000.0,0.0,16101000.0,3604000.0,0.0179215212,-12497000.0,-0.0621435214,179000.0,-12318000.0,-0.0612534125,-70000.0,-12248000.0,-0.0609053252,-0.94,-0.94,12967000.0,12967000.0,https://www.sec.gov/Archives/edgar/data/1808997/000095017024078463/0000950170-24-078463-index.htm,https://www.sec.gov/Archives/edgar/data/1808997/000095017024078463/aout-20240430.htm
2023-04-30,AOUT,USD,0001808997,2023-06-28,2023-06-28 16:16:08,2023,FY,191209000.0,103145000.0,88064000.0,0.461,6361000.0,42612000.0,51791000.0,94403000.0,1188000,100764000.0,203909000.0,761000.0,761000.0,16511000.0,4999000.0,0.0261441669,-11512000.0,-0.060206371,427000.0,-12273000.0,-0.0641863092,-249000.0,-12024000.0,-0.0628840693,-0.9,-0.9,13360000.0,13372000.0,https://www.sec.gov/Archives/edgar/data/1808997/000095017023030394/0000950170-23-030394-index.htm,https://www.sec.gov/Archives/edgar/data/1808997/000095017023030394/aout-20230430.htm
2022-04-30,AOUT,USD,0001808997,2022-07-14,2022-07-14 16:17:52,2022,FY,247526000.0,133287000.0,114239000.0,0.4615232339,5501000.0,41244000.0,56168000.0,97412000.0,1311000,102913000.0,236200000.0,324000.0,324000.0,16967000.0,-38245000.0,0.1195995572,12637000.0,0.0510532227,987000.0,-55536000.0,-0.2243643092,9344000.0,-64880000.0,-0.2621138789,-4.66,-4.66,13922746.0,13930000.0,https://www.sec.gov/Archives/edgar/data/1808997/000095017022012698/0000950170-22-012698-index.htm,https://www.sec.gov/Archives/edgar/data/1808997/000095017022012698/aout-20220430.htm
2021-04-30,AOUT,USD,0001808997,2021-07-15,2021-07-15 16:16:44,2021,FY,276687000.0,149859000.0,126828000.0,0.458,5378000.0,41182000.0,56773000.0,97955000.0,497000,103333000.0,253192000.0,300000.0,300000.0,19826000.0,43322000.0,0.1565740349,23495000.0,0.084915446,797000.0,24292000.0,0.0877959572,5887000.0,18405000.0,0.0665192076,1.31,1.29,13997000.0,14225000.0,https://www.sec.gov/Archives/edgar/data/1808997/000156459021036740/0001564590-21-036740-index.htm,https://www.sec.gov/Archives/edgar/data/1808997/000156459021036740/aout-10k_20210430.htm
2020-04-30,AOUT,USD,0001808997,2020-04-30,2020-04-30 00:00:00,2020,FY,167379000.0,96363000.0,71016000.0,0.4242826161,4995000.0,41292000.0,38596000.0,79888000.0,-21000,84883000.0,181246000.0,4963000.0,0.0,23909000.0,9772000.0,0.6494303347,85062000.0,0.5081999534,-88363000.0,-107854000.0,-0.6443699628,-11653000.0,-96201000.0,-0.5747495205,-6.93,-6.93,13883522.0,13884000.0,,
2024-12-31,VLYPO,USD,0000714310,2025-02-28,2025-02-27 18:01:13,2024,FY,1842804000.0,-10405000.0,1853209000.0,1.0056462869,0.0,609275000.0,0.0,609275000.0,1233529000,1842804000.0,1842804000.0,3357497000.0,1728789000.0,78834000.0,0.0,0.0,-1623213000.0,-0.8808386567,2061732000.0,438519000.0,0.2379629087,58248000.0,380271000.0,0.2063545553,0.78,0.78,515755365.0,517991801.0,https://www.sec.gov/Archives/edgar/data/714310/000071431025000068/0000714310-25-000068-index.htm,https://www.sec.gov/Archives/edgar/data/714310/000071431025000068/vly-20241231.htm
2023-12-31,VLYPO,USD,0000714310,2024-02-29,2024-02-29 17:16:06,2023,FY,1823014000.0,0.0,1823014000.0,1.0,0.0,77027000.0,791700000.0,868727000.0,0,868727000.0,868727000.0,3138891000.0,1473413000.0,83205000.0,0.0,0.0,689196000.0,0.3780530484,-10864000.0,678332000.0,0.3720936866,179821000.0,498511000.0,0.2734542905,0.95,0.95,507532365.0,509245768.0,https://www.sec.gov/Archives/edgar/data/714310/000071431024000065/0000714310-24-000065-index.htm,https://www.sec.gov/Archives/edgar/data/714310/000071431024000065/vly-20231231.htm
2022-12-31,VLYPO,USD,0000714310,2023-03-01,2023-02-28 20:48:53,2022,FY,1861952000.0,0.0,1861952000.0,1.0,0.0,549573000.0,0.0,549573000.0,-466955000,82618000.0,82618000.0,1976683000.0,321043000.0,110913000.0,728865000.0,0.6120109434,1101710000.0,0.5916962414,-223783000.0,780667000.0,0.4192734292,211816000.0,568851000.0,0.3055132463,1.14,1.14,485434918.0,487817710.0,https://www.sec.gov/Archives/edgar/data/714310/000071431023000043/0000714310-23-000043-index.htm,https://www.sec.gov/Archives/edgar/data/714310/000071431023000043/vly-20221231.htm
2021-12-31,VLYPO,USD,0000714310,2022-02-28,2022-02-28 16:47:40,2021,FY,1365177000.0,0.0,1365177000.0,1.0,0.0,390048000.0,0.0,390048000.0,-1114486000,-724438000.0,-724438000.0,1334226000.0,124325000.0,77139000.0,685197000.0,0.4853334037,640739000.0,0.4693450007,-99859000.0,640739000.0,0.4693450007,166899000.0,473840000.0,0.3470905238,1.13,1.12,407445379.0,410018328.0,https://www.sec.gov/Archives/edgar/data/714310/000071431022000063/0000714310-22-000063-index.htm,https://www.sec.gov/Archives/edgar/data/714310/000071431022000063/vly-20211231.htm
2020-12-31,VLYPO,USD,0000714310,2021-02-26,2021-02-26 17:09:58,2020,FY,1301301000.0,0.0,1301301000.0,1.0,0.0,352170000.0,0.0,352170000.0,-1123405000,-771235000.0,-771235000.0,1383719000.0,264815000.0,71561000.0,612326000.0,0.4262741672,530066000.0,0.4073354282,-110889000.0,530066000.0,0.4073354282,139460000.0,390606000.0,0.3001657572,0.94,0.93,403754356.0,405046207.0,https://www.sec.gov/Archives/edgar/data/714310/000071431021000059/0000714310-21-000059-index.htm,https://www.sec.gov/Archives/edgar/data/714310/000071431021000059/vly-20201231.htm
2022-12-31,CPMV,USD,0000836564,2023-03-02,2023-03-02 14:08:02,2022,FY,0.0,0.0,0.0,0.0,1048457.0,1579065.0,0.0,1579065.0,343000,2627522.0,2627522.0,33.0,151581.0,343033.0,-2284489.0,0.0,-2627522.0,0.0,249052.0,-2378470.0,0.0,2400.0,-2380870.0,0.0,-0.33,-0.33,7235609.0,7235609.0,https://www.sec.gov/Archives/edgar/data/836564/000168316823001237/0001683168-23-001237-index.htm,https://www.sec.gov/Archives/edgar/data/836564/000168316823001237/mosaic_i10k-123122.htm
2021-12-31,CPMV,USD,0000836564,2022-01-26,2022-01-25 21:36:22,2021,FY,0.0,0.0,0.0,0.0,1456119.0,2045047.0,0.0,2045047.0,0,3501166.0,3501166.0,36.0,160148.0,160148.0,-3501130.0,0.0,-3661278.0,0.0,-20800.0,-3682078.0,0.0,2400.0,-3684478.0,0.0,-0.55,-0.55,6712675.0,6712675.0,https://www.sec.gov/Archives/edgar/data/836564/000168316822000466/0001683168-22-000466-index.htm,https://www.sec.gov/Archives/edgar/data/836564/000168316822000466/mosaic_i10k-123121.htm
2020-05-31,CPMV,USD,0000836564,2020-08-24,2020-08-24 16:00:23,2019,FY,0.0,0.0,0.0,0.0,0.0,0.0,0.0,734062.0,0,734062.0,734062.0,28711.0,62801.0,489.0,-733573.0,0.0,-734062.0,0.0,-91512.0,-796863.0,0.0,1600.0,-798463.0,0.0,-1.0,-1.0,797096.0,797096.0,https://www.sec.gov/Archives/edgar/data/836564/000168316820002849/0001683168-20-002849-index.htm,https://www.sec.gov/Archives/edgar/data/836564/000168316820002849/ptsc_10k-053120.htm
2018-05-31,CPMV,USD,0000836564,2018-08-29,2018-08-29 16:06:03,2017,FY,0.0,0.0,0.0,0.0,0.0,0.0,0.0,1047127.0,3867,1047127.0,1047127.0,26669.0,212079.0,763.0,-1046364.0,0.0,-1047127.0,0.0,-238748.0,-1259206.0,0.0,-49756.0,-1209450.0,0.0,-1.52,-1.52,797096.0,797096.0,https://www.sec.gov/Archives/edgar/data/836564/000168316818002555/0001683168-18-002555-index.htm,https://www.sec.gov/Archives/edgar/data/836564/000168316818002555/ptsc_10k-053118.htm
2017-05-31,CPMV,USD,0000836564,2017-08-29,2017-08-29 16:00:57,2016,FY,0.0,0.0,0.0,0.0,0.0,0.0,0.0,1216347.0,0,1216347.0,1216347.0,18148.0,-1173379.0,826.0,-1215521.0,0.0,-1216347.0,0.0,1155231.0,-42968.0,0.0,2400.0,-45368.0,0.0,-0.0569,-0.0569,797096.0,797096.0,https://www.sec.gov/Archives/edgar/data/836564/000168316817002239/0001683168-17-002239-index.htm,https://www.sec.gov/Archives/edgar/data/836564/000168316817002239/patriot_10k-053117.htm
2024-12-31,SPCE,USD,0001706946,2025-02-26,2025-02-26 16:31:15,2024,FY,7036000.0,0.0,7036000.0,1.0,152678000.0,0.0,0.0,125496000.0,105491000,383665000.0,383665000.0,42352000.0,12927000.0,15467000.0,-318272000.0,-45.2347924957,-376629000.0,-53.5288516202,29963000.0,-346666000.0,-49.2703240478,74000.0,-346740000.0,-49.2808413872,-13.89,-13.89,24955000.0,24955000.0,https://www.sec.gov/Archives/edgar/data/1706946/000170694625000038/0001706946-25-000038-index.htm,https://www.sec.gov/Archives/edgar/data/1706946/000170694625000038/spce-20241231.htm
2023-12-31,SPCE,USD,0001706946,2024-02-27,2024-02-27 17:02:14,2023,FY,6800000.0,50538000.0,-43738000.0,-6.432,295140000.0,0.0,0.0,174864000.0,17767000,487771000.0,538309000.0,42234000.0,12872000.0,13369000.0,-475643000.0,-69.9475,-531509000.0,-78.1630882353,29625000.0,-501884000.0,-73.8064705882,453000.0,-502337000.0,-73.8730882353,-29.79,-29.79,16863100.0,16863100.0,https://www.sec.gov/Archives/edgar/data/1706946/000170694624000039/0001706946-24-000039-index.htm,https://www.sec.gov/Archives/edgar/data/1706946/000170694624000039/spce-20231231.htm
2022-12-31,SPCE,USD,0001706946,2023-02-28,2023-02-28 16:54:14,2022,FY,2312000.0,1906000.0,406000.0,0.1756055363,314174000.0,0.0,0.0,175118000.0,11098000,500390000.0,502296000.0,12502000.0,12130000.0,11098000.0,-476326000.0,-206.0233564014,-499984000.0,-216.2560553633,430000.0,-499554000.0,-216.0700692042,598000.0,-500152000.0,-216.3287197232,-37.9,-37.9,13197350.0,13197350.0,https://www.sec.gov/Archives/edgar/data/1706946/000170694623000016/0001706946-23-000016-index.htm,https://www.sec.gov/Archives/edgar/data/1706946/000170694623000016/spce-20221231.htm
2021-12-31,SPCE,USD,0001706946,2022-02-28,2022-02-25 21:21:16,2021,FY,3292000.0,272000.0,3020000.0,0.917,149377000.0,0.0,0.0,173178000.0,182000,322555000.0,322827000.0,1183000.0,26000.0,11518000.0,-341276000.0,-83.0397934386,-319535000.0,-97.0640947752,-33285000.0,-352820000.0,-107.1749696233,79000.0,-352899000.0,-107.1989671932,-28.5,-28.5,12380950.0,12380950.0,https://www.sec.gov/Archives/edgar/data/1706946/000170694622000035/0001706946-22-000035-index.htm,https://www.sec.gov/Archives/edgar/data/1706946/000170694622000035/spce-20211231.htm
2020-12-31,SPCE,USD,0001706946,2021-03-01,2021-03-01 06:04:26,2020,FY,238000.0,173000.0,65000.0,0.2731092437,158757000.0,0.0,0.0,116592000.0,14000,275349000.0,275522000.0,2277000.0,36000.0,9781000.0,-635067000.0,-1105.9327731092,-275284000.0,-1156.6554621849,-369597000.0,-273029000.0,-1147.1806722689,6000.0,-273035000.0,-1147.2058823529,-24.92,-24.92,10955400.0,10955400.0,https://www.sec.gov/Archives/edgar/data/1706946/000170694621000022/0001706946-21-000022-index.htm,https://www.sec.gov/Archives/edgar/data/1706946/000170694621000022/spce-20201231.htm
2024-07-31,MIY,USD,0000890393,2024-07-31,2024-07-29 20:00:00,2024,FY,25598689.0,4833285.0,20765404.0,0.8111901356,0.0,3209800.0,0.0,3209800.0,0,3209800.0,3209800.0,25160678.0,10234088.0,-22388889.0,0.0,0.0,22388889.0,0.8746107662,-4065072.0,18323817.0,0.7158107589,0.0,18323817.0,0.7158107589,0.63,0.63,28964750.0,28964750.0,,
2023-07-31,MIY,USD,0000890393,2023-07-31,2023-07-30 20:00:00,2023,FY,-4001290.0,-28782133.0,24780843.0,-6.193,-3.3508603188903012,311465.0,0.0,311465.0,6494190,343087.0,20324438.0,8800782.0,8892605.0,-21367044.0,-16818816.0,6.425782935,21367044.0,-5.3400388375,-25711421.0,-4344377.0,1.0857440975,-34512203.0,-4344377.0,1.0857440975,-0.13,-0.13,33418285.0,33418285.0,,
2022-07-31,MIY,USD,0000890393,2022-07-31,2022-07-30 20:00:00,2022,FY,-53166361.0,3662860.0,-56829221.0,1.0688943146,-2.3280834137517674,312753.0,0.0,312753.0,-69432932,344606.0,-75450944.0,3173307.0,3400162.0,-21288682.0,-50110805.0,1.4665844066,21288682.0,-0.4004163836,-74799649.0,-53510967.0,1.0064816548,-77972956.0,-53510967.0,1.0064816548,-1.81,-1.81,29515931.0,29564070.0,,
2021-07-31,MIY,USD,0000890393,2021-07-31,2021-07-31 00:00:00,2021,FY,24566127.0,3815945.0,20750182.0,0.845,0.8906984087730361,284091.0,0.0,284091.0,35321,319412.0,319412.0,2538500.0,2759468.0,-22949267.0,0.0,0.9869978691,24246715.0,0.9869978691,1297448.0,24246715.0,0.9869978691,20189802.0,24246715.0,0.9869978691,0.82,0.82,29509535.0,29509535.0,,
2020-07-31,MIY,USD,0000890393,2020-07-31,2020-07-31 00:00:00,2020,FY,24634200.0,3866575.0,20767625.0,0.8430403666,0.9543648122046752,1830559.0,126772.0,1830559.0,30522,1861081.0,1861081.0,3713777.0,4012359.0,-22753839.0,0.0,0.9244513319,22773119.0,0.9244513319,19280.0,22773119.0,0.9244513319,17242508.0,22773119.0,0.9244513319,0.77,0.77,29575479.0,29575479.0,,
2024-12-31,CMMB,USD,0001534248,2024-12-31,2024-12-31 00:00:00,2024,FY,0.0,0.0,0.0,0.0,11327.0,3412.0,0.0,3412.0,0,14739.0,14739.0,0.0,0.0,67.0,-14672.0,0.0,-14739.0,0.0,794.0,-13945.0,0.0,0.0,-13945.0,0.0,-0.0009,-0.0009,16232000.0,16232000.0,,
2023-12-31,CMMB,USD,0001534248,2024-03-28,2024-03-28 06:03:18,2023,FY,0.0,66827.0,-66827.0,0.0,18381000.0,7078000.0,0.0,7078000.0,0,25459000.0,25459000.0,1234809.0,0.0,67000.0,-25392000.0,0.0,-25459000.0,0.0,1238000.0,-24221000.0,0.0,0.0,-24221000.0,0.0,-0.10300000000000001,-0.10300000000000001,234980000.0,234998840.0,https://www.sec.gov/Archives/edgar/data/1534248/000117891324001124/0001178913-24-001124-index.htm,https://www.sec.gov/Archives/edgar/data/1534248/000117891324001124/zk2431185.htm
2022-12-31,CMMB,USD,0001534248,2023-03-20,2023-03-20 06:10:50,2022,FY,0.0,57773.0,-57773.0,0.0,16977000.0,11556000.0,0.0,11556000.0,0,28533000.0,28533000.0,351618.0,353000.0,57773.0,-28475000.0,0.0,-28533000.0,0.0,353000.0,-28180000.0,0.0,-534000.0,-27646000.0,0.0,-0.12150000000000001,-0.12150000000000001,227589280.0,227589280.0,https://www.sec.gov/Archives/edgar/data/1534248/000117891323001041/0001178913-23-001041-index.htm,https://www.sec.gov/Archives/edgar/data/1534248/000117891323001041/zk2329403.htm
2021-12-31,CMMB,USD,0001534248,2022-03-30,2022-03-30 16:38:23,2021,FY,0.0,34023.0,-34023.0,0.0,6334000.0,6033000.0,0.0,6033000.0,0,12367000.0,12367000.0,65.0,111076.0,34023.0,-12333000.0,0.0,-12401000.0,0.0,-111000.0,-12478000.0,0.0,77000.0,-12555000.0,0.0,-0.0605,-0.0605,207468640.0,207468640.0,https://www.sec.gov/Archives/edgar/data/1534248/000117891322001304/0001178913-22-001304-index.htm,https://www.sec.gov/Archives/edgar/data/1534248/000117891322001304/zk2227534.htm
2020-12-31,CMMB,USD,0001534248,2021-03-09,2021-03-09 16:27:54,2020,FY,0.0,79999.0,-79999.0,0.0,4684000.0,1288000.0,0.0,1288000.0,749000,5972000.0,5972000.0,19999.0,5999.9999999999,79999.0,-5948000.0,0.0,-5972000.0,0.0,21000.0,-5951000.0,0.0,-21000.0,-5930000.0,0.0,-0.31511500000000003,-0.31511500000000003,37099000.0,37099000.0,https://www.sec.gov/Archives/edgar/data/1534248/000110465921033822/0001104659-21-033822-index.htm,https://www.sec.gov/Archives/edgar/data/1534248/000110465921033822/tm211174d1_10k.htm
2024-12-31,WPP,GBP,0000806968,2024-12-31,2024-12-31 00:00:00,2024,FY,14741000000.0,12290000000.0,2451000000.0,0.166270945,0.0,1126000000.0,0.0,1126000000.0,0,1126000000.0,13416000000.0,0.0,0.0,261000000.0,1586000000.0,0.1075910725,1325000000.0,0.0898853538,-294000000.0,1031000000.0,0.0699409809,402000000.0,542000000.0,0.0367681975,0.49,0.49,1097165991.0,1097000000.0,,
2023-12-31,WPP,GBP,0000000000,2024-03-21,2024-03-21 12:35:06,2023,FY,14844800000.0,12325800000.0,2519000000.0,0.1696890494,0.0,1988000000.0,0.0,1988000000.0,0,1988000000.0,14313800000.0,114400000.0,389000000.0,1174600000.0,1909900000.0,0.1286578465,531000000.0,0.0357701013,-184700000.0,346300000.0,0.0233280341,149100000.0,110400000.0,0.0074369476,0.1,0.1,1093069306.0,1094000000.0,https://www.sec.gov/Archives/edgar/data/806968/000162828024012449/0001628280-24-012449-index.htm,https://www.sec.gov/Archives/edgar/data/806968/000162828024012449/wpp-20231231.htm
2022-12-31,WPP,GBP,0000000000,2022-12-31,2022-12-31 00:00:00,2022,FY,14428700000.0,11890100000.0,2538600000.0,0.1759410065,0.0,1180400000.0,0.0,1180400000.0,0,1180400000.0,13070500000.0,120900000.0,359400000.0,513100000.0,2032300000.0,0.1408512201,1358200000.0,0.0941318345,-198400000.0,1159800000.0,0.0803814619,384400000.0,682700000.0,0.04731542,0.62,0.61,1097900000.0,1116400000.0,https://find-and-update.company-information.service.gov.uk/search/companies?q=WPP+plc,https://find-and-update.company-information.service.gov.uk/search/companies?q=WPP+plc
2021-12-31,WPP,GBP,0000000000,2021-12-31,2021-12-31 00:00:00,2021,FY,12801100000.0,10597500000.0,2203600000.0,0.172,0.0,974600000.0,0.0,974600000.0,0,974600000.0,11572100000.0,51500000.0,283600000.0,541800000.0,1776200000.0,0.1387537009,1229000000.0,0.0960073744,-278200000.0,950800000.0,0.074274867,230100000.0,637700000.0,0.0498160314,0.53,0.52,1194100000.0,1215300000.0,https://find-and-update.company-information.service.gov.uk/search/companies?q=WPP+plc,https://find-and-update.company-information.service.gov.uk/search/companies?q=WPP+plc
2020-12-31,WPP,GBP,0000000000,2020-12-31,2020-12-31 00:00:00,2020,FY,12002800000.0,9987900000.0,2014900000.0,0.1678691639,0.0,4293000000.0,0.0,4293000000.0,-4556200000,-263200000.0,9724700000.0,74000000.0,312000000.0,631000000.0,-1847600000.0,-0.1539307495,2278100000.0,0.1897973806,-5068700000.0,-2790600000.0,-0.232495751,127100000.0,-2965100000.0,-0.2470340254,-2.42,-2.4,1223000000.0,1236000000.0,https://find-and-update.company-information.service.gov.uk/search/companies?q=WPP+plc,https://find-and-update.company-information.service.gov.uk/search/companies?q=WPP+plc
2024-12-31,WST,USD,0000105770,2025-02-18,2025-02-18 16:44:56,2024,FY,2893200000.0,1894700000.0,998500000.0,0.3451195908,69100000.0,0.0,0.0,338500000.0,21000000,428600000.0,2323300000.0,19600000.0,3000000.0,155400000.0,743900000.0,0.2571201438,569900000.0,0.1969791235,15600000.0,585500000.0,0.202371077,107500000.0,492700000.0,0.1702958662,6.75,6.69,73000000.0,73700000.0,https://www.sec.gov/Archives/edgar/data/105770/000010577025000013/0000105770-25-000013-index.htm,https://www.sec.gov/Archives/edgar/data/105770/000010577025000013/wst-20241231.htm
2023-12-31,WST,USD,0000105770,2024-02-20,2024-02-20 16:44:29,2023,FY,2949800000.0,1820600000.0,1129200000.0,0.383,68400000.0,0.0,0.0,353400000.0,31500000,454000000.0,2273800000.0,28000000.0,9000000.0,137300000.0,844100000.0,0.2861549936,676000000.0,0.2291680792,22000000.0,698000000.0,0.2366262119,122300000.0,593400000.0,0.2011661808,7.99,7.88,74300000.0,75300000.0,https://www.sec.gov/Archives/edgar/data/105770/000010577024000015/0000105770-24-000015-index.htm,https://www.sec.gov/Archives/edgar/data/105770/000010577024000015/wst-20231231.htm
2022-12-31,WST,USD,0000105770,2023-02-21,2023-02-21 16:18:23,2022,FY,2886900000.0,1750700000.0,1136200000.0,0.3935709585,58500000.0,0.0,0.0,316900000.0,26800000,402200000.0,2152900000.0,5100000.0,7900000.0,120600000.0,887900000.0,0.29602688,734000000.0,0.2542519658,-54100000.0,679900000.0,0.2355121411,114700000.0,585900000.0,0.2029512626,7.88,7.73,74400000.0,75800000.0,https://www.sec.gov/Archives/edgar/data/105770/000010577023000012/0000105770-23-000012-index.htm,https://www.sec.gov/Archives/edgar/data/105770/000010577023000012/wst-20221231.htm
2021-12-31,WST,USD,0000105770,2022-02-22,2022-02-22 16:22:31,2021,FY,2831600000.0,1655800000.0,1175800000.0,0.415,52800000.0,0.0,0.0,362800000.0,7900000,423500000.0,2079300000.0,1000000.0,7200000.0,122300000.0,895200000.0,0.310213307,752300000.0,0.2656801808,-3400000.0,748900000.0,0.2644794462,107200000.0,661800000.0,0.2337194519,8.9,8.67,74400000.0,76300000.0,https://www.sec.gov/Archives/edgar/data/105770/000162828022003342/0001628280-22-003342-index.htm,https://www.sec.gov/Archives/edgar/data/105770/000162828022003342/wst-20211231.htm
2020-12-31,WST,USD,0000105770,2021-02-23,2021-02-23 16:49:23,2020,FY,2146900000.0,1379100000.0,767800000.0,0.3576319344,46900000.0,0.0,0.0,302000000.0,12000000,360900000.0,1740000000.0,1400000.0,6800000.0,109100000.0,531700000.0,0.2409054916,406900000.0,0.1895290885,-5600000.0,401300000.0,0.1869206763,72500000.0,346200000.0,0.1612557641,4.68,4.57,73900000.0,75800000.0,https://www.sec.gov/Archives/edgar/data/105770/000010577021000008/0000105770-21-000008-index.htm,https://www.sec.gov/Archives/edgar/data/105770/000010577021000008/wst-20201231.htm
2024-07-31,RFL,USD,0001713863,2025-01-08,2025-01-08 13:01:34,2024,FY,637000.0,154000.0,483000.0,0.7582417582,4170000.0,8854000.0,0.0,8854000.0,90086000,103110000.0,103264000.0,2383000.0,248000.0,225000.0,-67284000.0,-105.6263736264,-102627000.0,-161.1098901099,35366000.0,-67261000.0,-105.590266876,2680000.0,-69941000.0,-109.7974882261,-2.95,-2.95,23745516.0,23745516.0,https://www.sec.gov/Archives/edgar/data/1713863/000121390025001971/0001213900-25-001971-index.htm,https://www.sec.gov/Archives/edgar/data/1713863/000121390025001971/ea0227013-10ka2_rafael.htm
2023-07-31,RFL,USD,0001713863,2023-10-30,2023-10-30 17:18:06,2023,FY,279000.0,78000.0,201000.0,0.72,6312000.0,8932000.0,0.0,8932000.0,3749000,15322000.0,15322000.0,3253000.0,0.0,78000.0,-8667000.0,-62.7741935484,-15043000.0,-53.917562724,6298000.0,-8745000.0,-31.3440860215,-255000.0,-1876000.0,-6.7240143369,-0.0806,-0.0806,23263211.0,23263211.0,https://www.sec.gov/Archives/edgar/data/1713863/000121390023081589/0001213900-23-081589-index.htm,https://www.sec.gov/Archives/edgar/data/1713863/000121390023081589/f10k2023_rafaelhold.htm
2022-07-31,RFL,USD,0001713863,2022-10-31,2022-10-31 16:48:29,2022,FY,410000.0,72000.0,338000.0,0.8243902439,8742000.0,16978000.0,0.0,16978000.0,35167000,60887000.0,60887000.0,201000.0,6000.0,72000.0,-139894000.0,46.9268292683,19168000.0,46.7512195122,-79495000.0,-139972000.0,-341.3951219512,-15314000.0,-124658000.0,-304.043902439,-6.31,-6.31,19767342.0,19767342.0,https://www.sec.gov/Archives/edgar/data/1713863/000121390022067711/0001213900-22-067711-index.htm,https://www.sec.gov/Archives/edgar/data/1713863/000121390022067711/f10k2022_rafaelhold.htm
2021-07-31,RFL,USD,0001713863,2021-10-18,2021-10-18 17:04:58,2021,FY,3971000.0,70000.0,3901000.0,0.982,4907000.0,4907000.0,15509000.0,20416000.0,1460000,26783000.0,26783000.0,2000.0,12000.0,70000.0,-23344000.0,-4.8123898262,-29812000.0,-7.5074288592,5156000.0,-25131000.0,-6.3286325863,18000.0,-25149000.0,-6.3331654495,-1.52,-1.52,16522686.0,16522686.0,https://www.sec.gov/Archives/edgar/data/1713863/000121390021053306/0001213900-21-053306-index.htm,https://www.sec.gov/Archives/edgar/data/1713863/000121390021053306/f10k2021_rafaelhold.htm
2020-07-31,RFL,USD,0001713863,2020-10-29,2020-10-29 16:29:57,2020,FY,4910000.0,0.0,4910000.0,1.0,2391000.0,2391000.0,6727000.0,9118000.0,1866000,13375000.0,13375000.0,52000.0,84000.0,1866000.0,-5018000.0,-1.333401222,-8465000.0,-1.7240325866,1549000.0,-6916000.0,-1.4085539715,29000.0,-6945000.0,-1.4144602851,-0.44,-0.44,15764829.0,15764829.0,https://www.sec.gov/Archives/edgar/data/1713863/000121390020033974/0001213900-20-033974-index.htm,https://www.sec.gov/Archives/edgar/data/1713863/000121390020033974/f10k2020_rafaelhold.htm
2023-12-31,NAOV,USD,0001326706,2024-04-26,2024-04-26 16:05:21,2023,FY,2283000.0,746000.0,1537000.0,0.6732369689,185000.0,3924000.0,864000.0,4788000.0,0,4973000.0,5719000.0,0.0,246000.0,1000.0,-3435000.0,-1.5045992116,-3436000.0,-1.5050372317,-246000.0,-3682000.0,-1.6127901883,29000.0,-3711000.0,-1.6254927727,-2.12,-2.12,1750109.0,1750109.0,https://www.sec.gov/Archives/edgar/data/1326706/000149315224016463/0001493152-24-016463-index.htm,https://www.sec.gov/Archives/edgar/data/1326706/000149315224016463/form10-ka.htm
2022-12-31,NAOV,USD,0001326706,2023-04-17,2023-04-17 16:54:52,2022,FY,752000.0,585000.0,167000.0,0.2220744681,283000.0,3931000.0,965000.0,4896000.0,0,5179000.0,5764000.0,54000.0,347000.0,1000.0,-5012000.0,-6.7353723404,-5012000.0,-6.664893617,-401000.0,-5413000.0,-7.1981382979,35000.0,-5448000.0,-7.2446808511,-3.84,-3.84,1419670.0,1419670.0,https://www.sec.gov/Archives/edgar/data/1326706/000149315223012570/0001493152-23-012570-index.htm,https://www.sec.gov/Archives/edgar/data/1326706/000149315223012570/form10-k.htm
2021-12-31,NAOV,USD,0001326706,2022-04-15,2022-04-14 19:03:50,2021,FY,1695000.0,925000.0,770000.0,0.454,293000.0,5059000.0,1101000.0,6160000.0,-1627000,6453000.0,7378000.0,48000.0,0.0,2000.0,-14248000.0,-4.3398230088,-5683000.0,-3.3528023599,-8567000.0,-14250000.0,-8.407079646,32000.0,-14282000.0,-8.4259587021,-11.35,-11.35,1258141.0,1258141.0,https://www.sec.gov/Archives/edgar/data/1326706/000149315222009985/0001493152-22-009985-index.htm,https://www.sec.gov/Archives/edgar/data/1326706/000149315222009985/form10-k.htm
2020-12-31,NAOV,USD,0001326706,2021-04-15,2021-04-15 17:30:11,2020,FY,623000.0,409000.0,214000.0,0.3434991974,171000.0,3769000.0,993000.0,4762000.0,42000,4933000.0,5342000.0,147000.0,147000.0,2000.0,-4162000.0,-7.5714285714,-4719000.0,-7.5746388443,408000.0,-4311000.0,-6.9197431782,15000.0,-4326000.0,-6.9438202247,-8.4,-8.4,514905.0,514905.0,https://www.sec.gov/Archives/edgar/data/1326706/000149315221008951/0001493152-21-008951-index.htm,https://www.sec.gov/Archives/edgar/data/1326706/000149315221008951/form10-k.htm
2019-12-31,NAOV,USD,0001326706,2020-05-20,2020-05-20 16:11:12,2019,FY,530000.0,249000.0,281000.0,0.5301886792,514000.0,3822000.0,1096000.0,4918000.0,-412000,5432000.0,5681000.0,15000.0,62000.0,4000.0,-5745000.0,-10.4886792453,-5151000.0,-9.7188679245,-660000.0,-5811000.0,-10.9641509434,-17000.0,-5794000.0,-10.9320754717,-16.7,-16.7,346967.0,346967.0,https://www.sec.gov/Archives/edgar/data/1326706/000149315220009519/0001493152-20-009519-index.htm,https://www.sec.gov/Archives/edgar/data/1326706/000149315220009519/form10-k.htm
2023-12-31,SUAC,USD,0001885461,2024-04-18,2024-04-18 16:00:35,2023,FY,0.0,0.0,0.0,0.0,0.0,999143.0,0.0,999143.0,0,999143.0,999143.0,0.0,0.0,0.0,-1199543.0,0.0,-1199543.0,0.0,2713228.0,1513685.0,0.0,-1181348.0,2695033.0,0.0,0.2,0.2,13810919.0,13810919.0,https://www.sec.gov/Archives/edgar/data/1885461/000121390024034104/0001213900-24-034104-index.htm,https://www.sec.gov/Archives/edgar/data/1885461/000121390024034104/ea0202377-10k_shoulderup.htm
2022-12-31,SUAC,USD,0001885461,2023-03-20,2023-03-20 16:28:08,2022,FY,0.0,0.0,0.0,0.0,0.0,923313.0,0.0,923313.0,200000,1123313.0,1123313.0,70.0,0.0,-4409987.0,-5533300.0,0.0,-1123313.0,0.0,4410057.0,3286744.0,0.0,858724.0,2428020.0,0.0,0.0774,0.0774,31350000.0,31350000.0,https://www.sec.gov/Archives/edgar/data/1885461/000121390023021418/0001213900-23-021418-index.htm,https://www.sec.gov/Archives/edgar/data/1885461/000121390023021418/f10k2022_shoulderup.htm
2021-12-31,SUAC,USD,0001885461,2022-03-03,2022-03-03 17:13:19,2021,FY,0.0,0.0,0.0,0.0,0.0,178.2,0.0,178.2,0,390.576,390.576,5.431,0.0,236558.0,5.430999999999926,0.0,-390.57599999999996,0.0,5.430999999999926,-385.14500000000004,0.0,5.430999999999926,-385.14500000000004,0.0,0.0,0.0,41800000.0,41800000.0,https://www.sec.gov/Archives/edgar/data/1885461/000121390022010616/0001213900-22-010616-index.htm,https://www.sec.gov/Archives/edgar/data/1885461/000121390022010616/f10k2021_shoulderup.htm
2024-12-31,WF,KRW,0001264136,2024-12-31,2024-12-31 00:00:00,2024,FY,11466760000000.0,0.0,11466760000000.0,1.0,0.0,3863745000000.0,211588000000.0,4227003000000.0,0,4227003000000.0,4227003000000.0,0.0,0.0,0.0,0.0,0.0,7239757000000.0,0.6313690179,-3016910000000.0,4222847000000.0,0.3682685432,1051378000000.0,3085995000000.0,0.2691252804,3745.97,3949.03,781455635.0,741273152.0,,
2023-12-31,WF,KRW,0000000000,2023-12-31,2023-12-29 19:00:00,2023,FY,9499114000000.0,441063000000.0,9058051000000.0,0.954,0.0,3998485000000.0,215792000000.0,4214277000000.0,0,4213442000000.0,4213442000000.0,20641554000000.0,11899014000000.0,993176000000.0,4395400000000.0,0.4627168386,5285672000000.0,0.5564384215,-1768219000000.0,3517453000000.0,0.3702927452,890559000000.0,2506296000000.0,0.2638452386,3229.77,3229.77,735392653.0,735392653.0,,
2022-12-31,WF,KRW,0000000000,2022-12-31,2022-12-30 19:00:00,2022,FY,11430487000000.0,0.0,11430487000000.0,1.0,0.0,4113528000000.0,160464000000.0,4273992000000.0,-31658000000,4242334000000.0,4242334000000.0,14654549000000.0,5957970000000.0,925386000000.0,0.0,0.9789917962,10261042000000.0,0.8976907108,-1140793000000.0,4485374000000.0,0.3924044531,1161392000000.0,3186772000000.0,0.2787958203,4191.09,4191.09,727716558.0,727716558.0,,
2021-12-31,WF,KRW,0000000000,2021-12-31,2021-12-30 19:00:00,2021,FY,9603229000000.0,0.0,9603229000000.0,1.0,0.0,3793134000000.0,101384000000.0,3894518000000.0,-62341000000,3832177000000.0,3832177000000.0,9894749000000.0,2909028000000.0,540926000000.0,4541137000000.0,0.4500259236,3529806000000.0,0.3675644932,72846000000.0,3749241000000.0,0.3904146199,941870000000.0,2542844000000.0,0.2647905199,3480.99,3480.99,724417375.0,724417375.0,,
2020-12-31,WF,KRW,0000000000,2020-12-31,2020-12-30 19:00:00,2020,FY,7725060000000.0,0.0,7725060000000.0,1.0,0.0,3581482000000.0,94880000000.0,3676362000000.0,-149332000000,3527030000000.0,3527030000000.0,9523853000000.0,3525341000000.0,532859000000.0,2536799000000.0,0.3014625129,1793268000000.0,0.2321364494,-1068545000000.0,2001251000000.0,0.259059606,486002000000.0,1307266000000.0,0.1692240578,1742.22,1742.22,722267681.0,722267681.0,,
2024-12-31,OABI,USD,0001846253,2025-03-18,2025-03-18 17:00:50,2024,FY,26391000.0,0.0,26391000.0,1.0,55110000.0,30741000.0,0.0,30741000.0,15042000,100893000.0,100893000.0,3106000.0,0.0,0.0,-74502000.0,-2.8230078436,-74502000.0,-2.8230078436,3091000.0,-71411000.0,-2.7058845819,-9378000.0,-62033000.0,-2.3505361676,-0.61,-0.61,102365000.0,102365000.0,https://www.sec.gov/Archives/edgar/data/1846253/000184625325000024/0001846253-25-000024-index.htm,https://www.sec.gov/Archives/edgar/data/1846253/000184625325000024/ck0001846253-20241231.htm
2023-12-31,OABI,USD,0001846253,2024-03-25,2024-03-25 17:07:41,2023,FY,34164000.0,0.0,34164000.0,1.0,56525000.0,33313000.0,0.0,33313000.0,13745000,103583000.0,103583000.0,5055000.0,0.0,19497000.0,-49731000.0,-1.4556550755,-69419000.0,-2.0319341997,5056000.0,-64363000.0,-1.8839421613,-13744000.0,-50619000.0,-1.4816473481,-0.51,-0.51,99683000.0,99683000.0,https://www.sec.gov/Archives/edgar/data/1846253/000184625324000006/0001846253-24-000006-index.htm,https://www.sec.gov/Archives/edgar/data/1846253/000184625324000006/ck0001846253-20231231.htm
2022-12-31,OABI,USD,0001846253,2023-03-30,2023-03-30 17:12:44,2022,FY,59077000.0,16250000.0,42827000.0,0.724935254,48364000.0,24903000.0,0.0,24903000.0,12458000,85725000.0,85725000.0,587000.0,0.0,16250000.0,-13011000.0,-0.2202379945,-26648000.0,-0.4510723293,587000.0,-26061000.0,-0.4411361444,-3727000.0,-22334000.0,-0.3780489869,-0.26,-0.26,85318000.0,85318000.0,https://www.sec.gov/Archives/edgar/data/1846253/000184625323000026/0001846253-23-000026-index.htm,https://www.sec.gov/Archives/edgar/data/1846253/000184625323000026/ck0001846253-20221231.htm
2021-12-31,OABI,USD,0001846253,2022-03-28,2022-03-25 18:16:55,2021,FY,34748000.0,14968000.0,19780000.0,0.569,39232000.0,16947000.0,0.0,16947000.0,14178000,70357000.0,70357000.0,7000.0,7000.0,14968000.0,-19375000.0,-0.5206342811,-35609000.0,-1.0247784045,1259000.0,-34350000.0,-0.9885461034,-7308000.0,-27042000.0,-0.7782318407,-0.33,-0.33,82611789.0,82611789.0,https://www.sec.gov/Archives/edgar/data/1846253/000110465922038205/0001104659-22-038205-index.htm,https://www.sec.gov/Archives/edgar/data/1846253/000110465922038205/ahpa-20210630x10k.htm
2020-12-31,OABI,USD,0001846253,2020-12-31,2020-12-31 00:00:00,2020,FY,23268000.0,0.0,23268000.0,1.0,24796000.0,10225000.0,0.0,10225000.0,13870000,48891000.0,48891000.0,5000.0,5000.0,13137000.0,-10586000.0,-0.4549596012,-25623000.0,-1.1012119649,1895000.0,-23728000.0,-1.0197696407,-6171000.0,-17557000.0,-0.7545556129,-0.15,-0.15,114820859.0,114820859.0,,
2024-12-31,GNL-PB,USD,0001526113,2025-02-27,2025-02-27 16:28:12,2024,FY,805010000.0,142497000.0,662513000.0,0.8229872921,0.0,57734000.0,0.0,57734000.0,398295000,456029000.0,598526000.0,0.0,326932000.0,369080000.0,568885000.0,0.7066806624,206484000.0,0.256498677,-333611000.0,-127127000.0,-0.1579197774,4445000.0,-175316000.0,-0.2177811456,-0.76,-0.76,230440385.0,230440385.0,https://www.sec.gov/Archives/edgar/data/1526113/000152611325000007/0001526113-25-000007-index.htm,https://www.sec.gov/Archives/edgar/data/1526113/000152611325000007/gnl-20241231.htm
2023-12-31,GNL-PB,USD,0001526113,2024-02-27,2024-02-27 16:46:07,2023,FY,515070000.0,150614000.0,364456000.0,0.708,0.0,85767000.0,0.0,85767000.0,294071000,379838000.0,530452000.0,0.0,179411000.0,233739000.0,215715000.0,0.4188071524,-15382000.0,-0.029863902,-182053000.0,-197435000.0,-0.3833168307,14475000.0,-211910000.0,-0.411419807,-1.71,-1.71,142584332.0,142584332.0,https://www.sec.gov/Archives/edgar/data/1526113/000152611324000007/0001526113-24-000007-index.htm,https://www.sec.gov/Archives/edgar/data/1526113/000152611324000007/gnl-20231231.htm
2022-12-31,GNL-PB,USD,0001526113,2023-02-23,2023-02-23 16:18:59,2022,FY,378857000.0,32877000.0,345980000.0,0.9132205555,0.060741864858242636,69931000.0,0.0,69931000.0,154026000,223957000.0,256834000.0,97510000.0,97510000.0,255339000.0,279425000.0,0.7312257659,100543000.0,0.2653850925,-77488000.0,23055000.0,0.0608540953,11032000.0,12023000.0,0.031734929,0.12,0.12,103686395.0,103686395.0,https://www.sec.gov/Archives/edgar/data/1526113/000152611323000006/0001526113-23-000006-index.htm,https://www.sec.gov/Archives/edgar/data/1526113/000152611323000006/gnl-20221231.htm
2021-12-31,GNL-PB,USD,0001526113,2022-02-24,2022-02-24 17:16:42,2021,FY,391228000.0,32746000.0,358482000.0,0.916,0.05994474011541363,67311000.0,0.0,67311000.0,163076000,230387000.0,263133000.0,94345000.0,94345000.0,264374000.0,285539000.0,0.7445581605,111913000.0,0.2860557015,-88395000.0,23518000.0,0.0601132843,12152000.0,11366000.0,0.0290521128,0.12,0.12,98283892.0,98283892.0,https://www.sec.gov/Archives/edgar/data/1526113/000152611322000005/0001526113-22-000005-index.htm,https://www.sec.gov/Archives/edgar/data/1526113/000152611322000005/gnl-20211231.htm
2020-12-31,GNL-PB,USD,0001526113,2021-02-26,2021-02-26 16:10:10,2020,FY,330104000.0,32372000.0,297732000.0,0.901933936,0.04770314809878099,59130000.0,0.0,59130000.0,138543000,197673000.0,230045000.0,71804000.0,71804000.0,236747000.0,230329000.0,0.7236840511,99243000.0,0.300641616,-83496000.0,15747000.0,0.0477031481,4969000.0,10778000.0,0.0326503163,0.12,0.12,89473554.0,89473554.0,https://www.sec.gov/Archives/edgar/data/1526113/000152611321000007/0001526113-21-000007-index.htm,https://www.sec.gov/Archives/edgar/data/1526113/000152611321000007/gnl-20201231.htm
2023-12-31,FBIO,USD,0001429260,2024-03-28,2024-03-28 16:49:36,2023,FY,84513000.0,26660000.0,57853000.0,0.6845455729,106071000.0,0.0,0.0,94124000.0,0,200195000.0,226855000.0,3003000.0,11915000.0,8074999.0,-133643000.0,-1.5813306829,-142342000.0,-1.6842615929,-11291000.0,-153633000.0,-1.8178623407,521000.0,-60637000.0,-0.7174872505,-8.47,-8.47,8110906.0,8110906.0,https://www.sec.gov/Archives/edgar/data/1429260/000155837024004272/0001558370-24-004272-index.htm,https://www.sec.gov/Archives/edgar/data/1429260/000155837024004272/fbio-20231231x10k.htm
2022-12-31,FBIO,USD,0001429260,2023-03-31,2023-03-31 16:05:28,2022,FY,75743000.0,30775000.0,44968000.0,0.5936918263,134876000.0,0.0,0.0,113656000.0,-1304000,247228000.0,278003000.0,1398000.0,13642000.0,9353000.0,-190469000.0,-2.6518886234,-202260000.0,-2.6703457745,-9900000.0,-213464000.0,-2.8182670346,449000.0,-213913000.0,-2.8241949751,-36.1,-36.1,5924967.0,5924967.0,https://www.sec.gov/Archives/edgar/data/1429260/000155837023005282/0001558370-23-005282-index.htm,https://www.sec.gov/Archives/edgar/data/1429260/000155837023005282/fbio-20221231x10k.htm
2021-12-31,FBIO,USD,0001429260,2022-03-28,2022-03-28 16:06:55,2021,FY,68791000.0,32084000.0,36707000.0,0.534,128865000.0,0.0,0.0,86843000.0,25165000,215708000.0,247792000.0,649000.0,15308000.0,6791000.0,-142254000.0,-2.5926647381,-179001000.0,-2.6020991118,24188000.0,-164353000.0,-2.3891642802,473000.0,-164826000.0,-2.3960401797,-30.26,-30.26,5446681.0,5446681.0,https://www.sec.gov/Archives/edgar/data/1429260/000155837022004487/0001558370-22-004487-index.htm,https://www.sec.gov/Archives/edgar/data/1429260/000155837022004487/fbio-20211231x10k.htm
2020-12-31,FBIO,USD,0001429260,2021-03-31,2021-03-31 16:03:13,2020,FY,45599000.0,14594000.0,31005000.0,0.6799491217,64109000.0,0.0,0.0,61166000.0,2834000,125275000.0,139869000.0,1518000.0,9704000.0,5325000.0,-87820000.0,-2.0405929955,-94270000.0,-2.0673698985,-8579000.0,-102849000.0,-2.2555099893,136000.0,-102985000.0,-2.2584925108,-21.45,-21.45,4800345.0,4800345.0,https://www.sec.gov/Archives/edgar/data/1429260/000155837021003815/0001558370-21-003815-index.htm,https://www.sec.gov/Archives/edgar/data/1429260/000155837021003815/fbio-20201231x10k.htm
2019-12-31,FBIO,USD,0001429260,2020-03-16,2020-03-16 16:53:19,2019,FY,36629000.0,10532000.0,26097000.0,0.7124682629,81326000.0,55590000.0,0.0,55590000.0,6090000,136916000.0,147448000.0,2559000.0,11849000.0,4654000.0,-85157000.0,-2.8285238472,-110819000.0,-3.0254443201,9159000.0,-101660000.0,-2.7753965437,-49851000.0,-51809000.0,-1.4144257282,-14.2,-14.2,3647455.0,3647455.0,https://www.sec.gov/Archives/edgar/data/1429260/000110465920034133/0001104659-20-034133-index.htm,https://www.sec.gov/Archives/edgar/data/1429260/000110465920034133/tm205350d1_10k.htm
2024-12-31,BWB,USD,0001341317,2025-03-06,2025-03-06 07:06:08,2024,FY,980.0,0.0,980.0,1.0,0.0,42523000.0,1485000.0,44008000.0,63732000,107740000.0,107740000.0,245898000.0,143705000.0,3005000.0,0.0,0.0,-189446000.0,-193312.2448979592,232182000.0,42736000.0,43608.0,9911000.0,32825000.0,33494.0,1.34,1.32,27479764.0,27943342.0,https://www.sec.gov/Archives/edgar/data/1341317/000155837025002317/0001558370-25-002317-index.htm,https://www.sec.gov/Archives/edgar/data/1341317/000155837025002317/bwb-20241231x10k.htm
2023-12-31,BWB,USD,0001341317,2024-03-07,2024-03-07 07:01:01,2023,FY,111842000.0,0.0,111842000.0,1.0,0.0,41802000.0,1129000.0,42931000.0,0,49658000.0,49658000.0,222355000.0,117181000.0,3143000.0,55665000.0,0.4977110567,62184000.0,0.5559986409,-9662000.0,52522000.0,0.4696089126,12562000.0,39960000.0,0.357289748,1.29,1.27,27834109.0,28315587.0,https://www.sec.gov/Archives/edgar/data/1341317/000155837024002663/0001558370-24-002663-index.htm,https://www.sec.gov/Archives/edgar/data/1341317/000155837024002663/bwb-20231231x10k.htm
2022-12-31,BWB,USD,0001341317,2023-03-07,2023-03-07 07:17:39,2022,FY,136030000.0,0.0,136030000.0,1.0,0.0,38306000.0,2032000.0,40338000.0,-67599000,-27261000.0,-27261000.0,163695000.0,33997000.0,2756000.0,74963000.0,0.8009997795,108769000.0,0.7995956774,-6294000.0,71710000.0,0.5271631258,18318000.0,53392000.0,0.392501654,1.78,1.72,27758336.0,28668177.0,https://www.sec.gov/Archives/edgar/data/1341317/000155837023002993/0001558370-23-002993-index.htm,https://www.sec.gov/Archives/edgar/data/1341317/000155837023002993/bwb-20221231x10k.htm
2021-12-31,BWB,USD,0001341317,2022-03-08,2022-03-08 07:01:23,2021,FY,114818000.0,0.0,114818000.0,1.0,0.0,35579000.0,1487000.0,37066000.0,-90311000,-53245000.0,-53245000.0,128879000.0,19370000.0,2560000.0,64133000.0,0.5379295929,61573000.0,0.5362660907,-5336000.0,61573000.0,0.5362660907,15886000.0,45687000.0,0.3979079935,1.59,1.54,28027454.0,28968286.0,https://www.sec.gov/Archives/edgar/data/1341317/000155837022003010/0001558370-22-003010-index.htm,https://www.sec.gov/Archives/edgar/data/1341317/000155837022003010/bwb-20211231x10k.htm
2020-12-31,BWB,USD,0001341317,2021-03-11,2021-03-11 07:56:41,2020,FY,93803000.0,0.0,93803000.0,1.0,0.0,28757000.0,788000.0,29545000.0,-87682000,-58137000.0,-58137000.0,114826000.0,26862000.0,1397000.0,37063000.0,0.3822585632,35666000.0,0.3802223809,-15035000.0,35666000.0,0.3802223809,8472000.0,27194000.0,0.2899054401,0.95,0.93,28582064.0,29170220.0,https://www.sec.gov/Archives/edgar/data/1341317/000155837021002761/0001558370-21-002761-index.htm,https://www.sec.gov/Archives/edgar/data/1341317/000155837021002761/bwb-20201231x10k.htm
2024-12-31,ALL-PI,USD,0000899051,2025-02-24,2025-02-24 12:23:27,2024,FY,64106000000.0,0.0,64106000000.0,1.0,0.0,-37000000.0,0.0,-37000000.0,0,57884000000.0,58345000000.0,0.0,400000000.0,0.0,0.0,0.0,6222000000.0,0.0970579977,-461000000.0,5761000000.0,0.0898667831,1162000000.0,4667000000.0,0.0728012979,17.22,16.99,264300000.0,267800000.0,https://www.sec.gov/Archives/edgar/data/899051/000089905125000015/0000899051-25-000015-index.htm,https://www.sec.gov/Archives/edgar/data/899051/000089905125000015/all-20241231.htm
2023-12-31,ALL-PI,USD,0000899051,2024-02-21,2024-02-21 14:09:58,2023,FY,57094000000.0,7137000000.0,49957000000.0,0.875,0.0,9000000.0,0.0,9000000.0,50305000000,57094000000.0,57094000000.0,0.0,379000000.0,672000000.0,703000000.0,0.0123130276,0.0,0.0,-348000000.0,-348000000.0,-0.0060952114,-135000000.0,-188000000.0,-0.0032928154,-1.2,-1.2,262500000.0,262500000.0,https://www.sec.gov/Archives/edgar/data/899051/000089905124000013/0000899051-24-000013-index.htm,https://www.sec.gov/Archives/edgar/data/899051/000089905124000013/all-20231231.htm
2022-12-31,ALL-PI,USD,0000899051,2023-02-16,2023-02-16 17:32:22,2022,FY,51412000000.0,7446000000.0,43966000000.0,0.8551699992,0.0,116000000.0,0.0,116000000.0,53154000000,53270000000.0,53270000000.0,335000000.0,335000000.0,688000000.0,-807000000.0,-0.0217264452,-1470000000.0,-0.0285925465,-1830000000.0,-1858000000.0,-0.0361394227,-494000000.0,-1364000000.0,-0.026530771,-5.03,-5.03,271200000.0,271200000.0,https://www.sec.gov/Archives/edgar/data/899051/000089905123000020/0000899051-23-000020-index.htm,https://www.sec.gov/Archives/edgar/data/899051/000089905123000020/all-20221231.htm
2021-12-31,ALL-PI,USD,0000899051,2022-02-18,2022-02-18 15:17:10,2021,FY,50588000000.0,7260000000.0,43328000000.0,0.856,0.0,-644000000.0,0.0,-644000000.0,-49228000000,-49872000000.0,44140000000.0,330000000.0,330000000.0,787000000.0,7565000000.0,0.0215861469,716000000.0,0.0141535542,1289000000.0,6448000000.0,0.127461058,1289000000.0,5159000000.0,0.1019807069,17.5,17.25,294800000.0,299100000.0,https://www.sec.gov/Archives/edgar/data/899051/000089905122000015/0000899051-22-000015-index.htm,https://www.sec.gov/Archives/edgar/data/899051/000089905122000015/all-20211231.htm
2020-12-31,ALL-PI,USD,0000899051,2021-02-22,2021-02-19 17:37:16,2020,FY,44791000000.0,5732000000.0,39059000000.0,0.8720278627,0.0,-51000000.0,0.0,-51000000.0,-38846000000,-38897000000.0,37832000000.0,318000000.0,318000000.0,471000000.0,7591000000.0,0.1342233931,5894000000.0,0.1315889353,-153000000.0,6959000000.0,0.1553660334,1383000000.0,5576000000.0,0.1244892947,17.53,17.31,311600000.0,315500000.0,https://www.sec.gov/Archives/edgar/data/899051/000089905121000011/0000899051-21-000011-index.htm,https://www.sec.gov/Archives/edgar/data/899051/000089905121000011/all-20201231.htm
2024-04-30,ORMNF,CAD,1458057,2024-04-30,2024-04-28 20:00:00,2024,FY,0.0,2991.0,-2991.0,0.0,0.0,0.0,0.0,1643321.0,0,1643321.0,1646312.0,9496.0,0.0,2991.0,-1643320.0,0.0,-1646310.0,0.0,38079.0,-1608231.0,0.0,265395.0,-1873627.0,0.0,-0.0977,-0.0977,19181609.0,19181609.0,,
2023-04-30,ORMNF,CAD,1458057,2023-04-30,2023-04-28 20:00:00,2023,FY,0.0,3987.0,-3987.0,0.0,0.0,1196691.0,673427.0,1870118.0,0,1870118.0,1874105.0,44097.0,0.0,3987.0,-1870110.0,0.0,-1874100.0,0.0,-207355.0,-1770583.0,0.0,560543.0,-2331123.0,0.0,-0.12,-0.12,18739804.0,18739804.0,,
2022-04-30,ORMNF,CAD,1458057,2022-04-30,2022-04-28 20:00:00,2022,FY,0.0,5317.0,-5317.0,0.0,0.0,1520062.0,539163.0,2059225.0,0,2059225.0,2064543.0,13865.0,0.0,5317.0,-2059219.0,0.0,-2064540.0,0.0,-266021.0,-2038935.0,0.0,285753.0,-2324684.0,0.0,-0.12,-0.12,18739804.0,18739804.0,,
2021-04-30,ORMNF,CAD,1458057,2021-04-30,2021-04-30 00:00:00,2021,FY,0.0,7091.0,-7091.0,0.0,0.0,1597298.0,0.0,1597298.0,0,2526367.0,2533458.0,16633.0,0.0,7091.0,-2544151.0,0.0,-2551242.0,0.0,-271192.0,-2544120.0,0.0,-34417.0,-2544120.0,0.0,-0.0154,-0.0154,165543838.0,165543838.0,,
2020-04-30,ORMNF,CAD,1458057,2020-04-30,2020-04-30 00:00:00,2020,FY,0.0,9453.0,-9453.0,0.0,0.0,1065986.0,0.0,1065986.0,0,2050959.0,2060412.0,3888.0,0.0,9453.0,-1827770.0,0.0,-1837223.0,0.0,-222450.0,-2319668.0,0.0,219301.0,-2319668.0,0.0,-0.019,-0.019,122341542.0,122341542.0,,
2024-12-31,THNPY,EUR,0000000000,2024-12-31,2024-12-31 00:00:00,2024,FY,6718900000.0,5800800000.0,918100000.0,0.1366443912,72900000.0,392000000.0,0.0,392000000.0,3600000,468500000.0,6269300000.0,145900000.0,25200000.0,110900000.0,717900000.0,0.1068478471,449600000.0,0.0669157154,132200000.0,581800000.0,0.0865915552,172300000.0,390700000.0,0.0581493995,2.15,2.15,181459266.0,181459062.0,,
2023-12-31,THNPY,EUR,0000000000,2023-12-31,2023-12-29 19:00:00,2023,FY,6003600000.0,5080400000.0,923200000.0,0.153774402,62200000.0,379500000.0,0.0,379500000.0,29400000,471100000.0,5551500000.0,116200000.0,22400000.0,94700000.0,606200000.0,0.1009727497,452100000.0,0.0753048171,37000000.0,489100000.0,0.081467786,145500000.0,296800000.0,0.0494370045,1.64,1.64,180975720.0,180477791.0,https://www.infogreffe.com/recherche-entreprise-dirigeants/resultats-entreprise-dirigeants.html?ga_cat=globale&ga_q=T.E#phrase=T.E,https://www.infogreffe.com/recherche-entreprise-dirigeants/resultats-entreprise-dirigeants.html?ga_cat=globale&ga_q=T.E#phrase=T.E
2022-12-31,THNPY,EUR,0000000000,2022-12-31,2022-12-30 19:00:00,2022,FY,6282300000.0,5398000000.0,884300000.0,0.1407605495,49500000.0,327400000.0,327400000.0,327400000.0,-200000,376700000.0,5774700000.0,41100000.0,22500000.0,127300000.0,677800000.0,0.0934052815,503900000.0,0.0802094774,-62100000.0,441800000.0,0.0703245627,127600000.0,300700000.0,0.0478646356,1.72,1.68,175111076.0,178573624.0,https://www.infogreffe.com/recherche-entreprise-dirigeants/resultats-entreprise-dirigeants.html?ga_cat=globale&ga_q=T.E#phrase=T.E,https://www.infogreffe.com/recherche-entreprise-dirigeants/resultats-entreprise-dirigeants.html?ga_cat=globale&ga_q=T.E#phrase=T.E
2021-12-31,THNPY,EUR,0000000000,2021-12-31,2021-12-30 19:00:00,2021,FY,6433700000.0,5521400000.0,912300000.0,0.142,38600000.0,300700000.0,300700000.0,300700000.0,1300000,339300000.0,5860700000.0,13800000.0,19400000.0,116900000.0,688400000.0,0.0849899747,429900000.0,0.0668200258,-42600000.0,387300000.0,0.0601986415,126700000.0,244600000.0,0.0380185585,1.37,1.36,178573624.0,180328838.0,https://www.infogreffe.com/recherche-entreprise-dirigeants/resultats-entreprise-dirigeants.html?ga_cat=globale&ga_q=T.E#phrase=T.E,https://www.infogreffe.com/recherche-entreprise-dirigeants/resultats-entreprise-dirigeants.html?ga_cat=globale&ga_q=T.E#phrase=T.E
2020-12-31,THNPY,EUR,0000000000,2020-12-31,2020-12-30 19:00:00,2020,FY,5748500000.0,4734400000.0,1014100000.0,0.1764112377,38100000.0,364200000.0,364200000.0,364200000.0,400000,402300000.0,5136700000.0,24500000.0,11600000.0,121400000.0,658500000.0,0.0980255719,513600000.0,0.0893450465,-180100000.0,333500000.0,0.0580151344,113400000.0,206800000.0,0.0359746021,1.15,1.15,179813880.0,179813880.0,https://www.infogreffe.com/recherche-entreprise-dirigeants/resultats-entreprise-dirigeants.html?ga_cat=globale&ga_q=T.E#phrase=T.E,https://www.infogreffe.com/recherche-entreprise-dirigeants/resultats-entreprise-dirigeants.html?ga_cat=globale&ga_q=T.E#phrase=T.E
2024-12-31,MODG,USD,0000837465,2025-03-03,2025-02-28 18:34:13,2024,FY,4239300000.0,1401700000.0,2837600000.0,0.6693557899,92100000.0,0.0,0.0,1045700000.0,2957000000,4094800000.0,5496500000.0,0.0,231200000.0,268400000.0,-973600000.0,-0.2296605572,-1257200000.0,-0.2965583941,-216000000.0,-1473200000.0,-0.3475102022,-25500000.0,-1447700000.0,-0.3414950581,-7.88,-7.88,183700000.0,183700000.0,https://www.sec.gov/Archives/edgar/data/837465/000083746525000024/0000837465-25-000024-index.htm,https://www.sec.gov/Archives/edgar/data/837465/000083746525000024/modg-20241231.htm
2023-12-31,MODG,USD,0000837465,2024-02-29,2024-02-28 21:47:25,2023,FY,4284800000.0,1638900000.0,2645900000.0,0.618,101600000.0,942200000.0,94400000.0,1036600000.0,0,2416400000.0,4047100000.0,0.0,210200000.0,239700000.0,484700000.0,0.1131207991,237700000.0,0.055475168,-202900000.0,34800000.0,0.0081217326,-60200000.0,95000000.0,0.0221713966,0.51,0.47,185000000.0,201100000.0,https://www.sec.gov/Archives/edgar/data/837465/000083746524000016/0000837465-24-000016-index.htm,https://www.sec.gov/Archives/edgar/data/837465/000083746524000016/ely-20231231.htm
2022-12-31,MODG,USD,0000837465,2023-03-01,2023-02-28 21:43:30,2022,FY,3995700000.0,1584600000.0,2411100000.0,0.6034236805,76400000.0,2047500000.0,-1076900000.0,970600000.0,1107300000,2154300000.0,3738900000.0,142800000.0,142800000.0,192800000.0,455100000.0,0.1195034662,256800000.0,0.0642690893,-114900000.0,141900000.0,0.0355131767,-16000000.0,157900000.0,0.0395174813,0.85,0.78,184900000.0,201300000.0,https://www.sec.gov/Archives/edgar/data/837465/000083746523000006/0000837465-23-000006-index.htm,https://www.sec.gov/Archives/edgar/data/837465/000083746523000006/ely-20221231.htm
2021-12-31,MODG,USD,0000837465,2021-12-31,2021-12-31 00:00:00,2021,FY,3133447000.0,1270136000.0,1863311000.0,0.595,68000000.0,1581220000.0,108400000.0,1581220000.0,9376000,1658596000.0,2928732000.0,635000.0,115565000.0,235774000.0,707445000.0,0.0344687496,-47816000.0,-0.015259872,145942000.0,350642000.0,0.1119029618,28654000.0,322000000.0,0.1027622296,1.9,1.82,169101000.0,176925000.0,,
2020-12-31,MODG,USD,0000837465,2020-12-31,2020-12-31 00:00:00,2020,FY,1589460000.0,931875000.0,657585000.0,0.413715979,46300000.0,150716000.0,391815000.0,542531000.0,-21963000,588831000.0,1520706000.0,492000.0,47424000.0,72238000.0,-5694000.0,0.1777528217,243023000.0,0.1528965812,-21978000.0,-127478000.0,-0.0802020812,-544000.0,-126934000.0,-0.0798598266,-1.35,-1.35,94201000.0,94201000.0,,
2024-12-31,DIBS,USD,0001600641,2025-03-03,2025-03-03 07:06:41,2024,FY,88257000.0,24831000.0,63426000.0,0.7186512118,21165000.0,27372000.0,38084000.0,65456000.0,3020000,89641000.0,114472000.0,5942000.0,0.0,5409000.0,-13180000.0,-0.1493365965,-26215000.0,-0.2970302639,7626000.0,-18589000.0,-0.2106235199,44000.0,-18633000.0,-0.211122064,-0.49,-0.49,37820400.0,37820400.0,https://www.sec.gov/Archives/edgar/data/1600641/000160064125000011/0001600641-25-000011-index.htm,https://www.sec.gov/Archives/edgar/data/1600641/000160064125000011/dibs-20241231.htm
2023-12-31,DIBS,USD,0001600641,2024-02-29,2024-02-29 16:09:48,2023,FY,84684000.0,24976000.0,59708000.0,0.705,21644000.0,28587000.0,36640000.0,65227000.0,3864000,90735000.0,115711000.0,6639000.0,0.0,4874000.0,-17811000.0,-0.2103230835,-31027000.0,-0.3663856218,8342000.0,-22685000.0,-0.2678782297,14000.0,-22699000.0,-0.2680435501,-0.57,-0.57,39724697.0,39724697.0,https://www.sec.gov/Archives/edgar/data/1600641/000160064124000022/0001600641-24-000022-index.htm,https://www.sec.gov/Archives/edgar/data/1600641/000160064124000022/dibs-20231231.htm
2022-12-31,DIBS,USD,0001600641,2023-03-03,2023-03-03 16:14:42,2022,FY,96849000.0,29670000.0,67179000.0,0.693646811,24437000.0,27594000.0,44776000.0,72370000.0,1781000,96807000.0,126477000.0,1606000.0,11000.0,5251000.0,-17239000.0,-0.216729135,-29628000.0,-0.3059195242,3376000.0,-22501000.0,-0.2323307417,37000.0,-22538000.0,-0.2327127797,-0.59,-0.59,38479437.0,38479437.0,https://www.sec.gov/Archives/edgar/data/1600641/000160064123000014/0001600641-23-000014-index.htm,https://www.sec.gov/Archives/edgar/data/1600641/000160064123000014/dibs-20221231.htm
2021-12-31,DIBS,USD,0001600641,2022-03-03,2022-03-03 16:07:17,2021,FY,102731000.0,32167000.0,70564000.0,0.687,19110000.0,21293000.0,47414000.0,68707000.0,1372000,87817000.0,119984000.0,146000.0,16000.0,3112000.0,-17814000.0,-0.1228743028,-17253000.0,-0.167943464,1502000.0,-20942000.0,-0.2038527806,21000.0,-20963000.0,-0.2040571979,-0.55,-0.55,37991529.0,37991529.0,https://www.sec.gov/Archives/edgar/data/1600641/000160064122000023/0001600641-22-000023-index.htm,https://www.sec.gov/Archives/edgar/data/1600641/000160064122000023/dibs-20211231.htm
2020-12-31,DIBS,USD,0001600641,2020-12-31,2020-12-31 00:00:00,2020,FY,81863000.0,25948000.0,55915000.0,0.6830314061,16510000.0,12565000.0,36526000.0,49091000.0,809000,65601000.0,91549000.0,194000.0,14000.0,6023000.0,-6480000.0,-0.032493312,-9686000.0,-0.1183196316,989000.0,-12517000.0,-0.1529017993,11000.0,-12528000.0,-0.1530361702,-0.33,-0.33,37458525.0,37458525.0,,
2024-12-31,VRDN,USD,0001590750,2025-03-03,2025-03-03 07:33:01,2024,FY,302000.0,0.0,302000.0,1.0,238254000.0,61083000.0,0.0,61083000.0,0,299337000.0,299337000.0,32132000.0,3046000.0,540000.0,-266363000.0,-881.9966887417,-299035000.0,-990.1821192053,29086000.0,-269949000.0,-893.8708609272,0.0,-269949000.0,-893.8708609272,-3.98,-3.98,67885831.0,67885831.0,https://www.sec.gov/Archives/edgar/data/1590750/000159075025000004/0001590750-25-000004-index.htm,https://www.sec.gov/Archives/edgar/data/1590750/000159075025000004/vrdn-20241231.htm
2023-12-31,VRDN,USD,0001590750,2024-02-27,2024-02-27 16:34:18,2023,FY,314000.0,1322000.0,-1008000.0,-3.21,159765000.0,94999000.0,0.0,94999000.0,0,254764000.0,254764000.0,18563000.0,1847000.0,522000.0,-234565000.0,-747.0222929936,-254450000.0,-810.3503184713,16716000.0,-237734000.0,-757.1146496815,0.0,-237734000.0,-757.1146496815,-5.31,-5.31,44755475.0,44755475.0,https://www.sec.gov/Archives/edgar/data/1590750/000159075024000007/0001590750-24-000007-index.htm,https://www.sec.gov/Archives/edgar/data/1590750/000159075024000007/vrdn-20231231.htm
2022-12-31,VRDN,USD,0001590750,2023-03-09,2023-03-09 07:24:03,2022,FY,1772000.0,755000.0,1017000.0,0.5739277652,100894000.0,35182000.0,0.0,35182000.0,0,136076000.0,136076000.0,4916000.0,486000.0,755000.0,-128633000.0,-73.0180586907,-134304000.0,-75.7923250564,4430000.0,-129874000.0,-73.2923250564,-4430000.0,-125444000.0,-70.7923250564,-3.91,-3.91,32087293.0,32087293.0,https://www.sec.gov/Archives/edgar/data/1590750/000159075023000002/0001590750-23-000002-index.htm,https://www.sec.gov/Archives/edgar/data/1590750/000159075023000002/vrdn-20221231.htm
2021-12-31,VRDN,USD,0001590750,2022-03-11,2022-03-11 08:11:02,2021,FY,2963000.0,620000.0,2343000.0,0.791,56886000.0,25805000.0,0.0,25805000.0,0,82691000.0,82691000.0,318000.0,3000.0,620000.0,-78790000.0,-26.7600404995,-79728000.0,-26.9078636517,315000.0,-79413000.0,-26.8015524806,3000.0,-79416000.0,-26.8025649679,-6.66,-6.66,11918712.0,11918712.0,https://www.sec.gov/Archives/edgar/data/1590750/000159075022000004/0001590750-22-000004-index.htm,https://www.sec.gov/Archives/edgar/data/1590750/000159075022000004/vrdn-20211231.htm
2020-12-31,VRDN,USD,0001590750,2021-03-26,2021-03-26 16:16:36,2020,FY,1050000.0,28304000.0,-27254000.0,-25.9561904762,28304000.0,13265000.0,0.0,13265000.0,69861000,41569000.0,41569000.0,173000.0,508000.0,539000.0,-109668000.0,-38.4247619048,-110380000.0,-105.1238095238,-335000.0,-110715000.0,-105.4428571429,269000.0,-110984000.0,-105.699047619,-31.2,-31.2,3557065.0,3557065.0,https://www.sec.gov/Archives/edgar/data/1590750/000159075021000029/0001590750-21-000029-index.htm,https://www.sec.gov/Archives/edgar/data/1590750/000159075021000029/mgen-20201231.htm
2024-09-30,RGCO,USD,0001069533,2024-12-05,2024-12-04 22:00:01,2024,FY,84641232.0,54346726.0,30294506.0,0.3579166475,0.0,0.0,0.0,0.0,13212746,13212746.0,67559472.0,0.0,6504885.0,10518094.0,26954709.0,0.3184583726,17081760.0,0.2018136976,-1624253.0,15457507.0,0.1826238422,3696611.0,11760896.0,0.1389499624,1.16,1.16,10152909.0,10156480.0,https://www.sec.gov/Archives/edgar/data/1069533/000143774924036744/0001437749-24-036744-index.htm,https://www.sec.gov/Archives/edgar/data/1069533/000143774924036744/rgco20240930_10k.htm
2023-09-30,RGCO,USD,0001069533,2023-12-01,2023-12-01 15:14:46,2023,FY,97439765.0,67672293.0,29767472.0,0.305,0.0,0.0,0.0,612801.0,11476191,12088992.0,79761285.0,0.0,5618805.0,9993206.0,30403206.0,0.3120205185,17678480.0,0.18142983,-2887287.0,14791193.0,0.1517983238,3491911.0,11299282.0,0.1159617123,1.14,1.14,9922701.0,9927157.0,https://www.sec.gov/Archives/edgar/data/1069533/000143774923033392/0001437749-23-033392-index.htm,https://www.sec.gov/Archives/edgar/data/1069533/000143774923033392/rgco20230930_10k.htm
2022-09-30,RGCO,USD,0001069533,2022-12-02,2022-12-02 14:47:39,2022,FY,84165222.0,58014421.0,26150801.0,0.3107079192,0.0,0.0,0.0,894479.0,69248547,69248547.0,69248547.0,4497929.0,4497929.0,9182751.0,-29462570.0,0.1954130769,7264234.0,0.0863092121,-58059922.0,-43143247.0,-0.5126018321,-11410645.0,-31732602.0,-0.3770274853,-3.48,-3.48,9122678.0,9122678.0,https://www.sec.gov/Archives/edgar/data/1069533/000143774922028313/0001437749-22-028313-index.htm,https://www.sec.gov/Archives/edgar/data/1069533/000143774922028313/rgco20220930_10k.htm
2021-09-30,RGCO,USD,0001069533,2021-12-02,2021-12-02 15:37:09,2021,FY,75174779.0,49681754.0,25493025.0,0.339,0.0,0.0,0.0,549802.0,60396470,60396470.0,60396470.0,4051885.0,4051885.0,8669977.0,23998088.0,0.230902029,8688032.0,0.1155711013,-1472185.0,13306124.0,0.1770025024,3204062.0,10102062.0,0.1343810003,1.22,1.22,8251802.0,8264904.0,https://www.sec.gov/Archives/edgar/data/1069533/000143774921027683/0001437749-21-027683-index.htm,https://www.sec.gov/Archives/edgar/data/1069533/000143774921027683/rgco20210930_10k.htm
2020-09-30,RGCO,USD,0001069533,2020-12-03,2020-12-03 16:13:49,2020,FY,68622886.0,40471695.0,28151191.0,0.4102303567,0.0,0.0,0.0,100195.0,778335,55505486.0,55505486.0,4099158.0,4003273.0,8126427.0,20744804.0,0.2591091258,13117400.0,0.1911519722,1259361.0,13777543.0,0.2007718387,3409520.0,10368023.0,0.1510869566,1.3,1.3,8125938.0,8146666.0,,
2024-12-31,REVBW,USD,0001810560,2025-03-06,2025-03-06 16:03:50,2024,FY,0.0,0.0,0.0,0.0,3548996000.0,4426113000.0,0.0,4426113000.0,0,7975109000.0,0.0,0.0,0.0,0.0,-7975109000.0,0.0,-7975109000.0,0.0,-7063427000.0,-15038536000.0,0.0,0.0,-15038536000.0,0.0,-8768.31,-8768.31,1715100.0,1715100.0,https://www.sec.gov/Archives/edgar/data/1810560/000095017025034584/0000950170-25-034584-index.htm,https://www.sec.gov/Archives/edgar/data/1810560/000095017025034584/revb-20241231.htm
2023-12-31,REVBW,USD,0001810560,2024-03-22,2024-03-22 16:01:40,2023,FY,0.0,25049.0,-25049.0,0.0,4145902.0,4510762.0,0.0,4510762.0,0,8656664.0,8656664.0,0.0,0.0,25049.0,-95208.0,0.0,-8656664.0,0.0,8536410.0,-120254.0,0.0,0.0,-120254.0,0.0,-0.53,-0.53,228000.0,228641.0,https://www.sec.gov/Archives/edgar/data/1810560/000095017024035322/0000950170-24-035322-index.htm,https://www.sec.gov/Archives/edgar/data/1810560/000095017024035322/revb-20231231.htm
2022-12-31,REVBW,USD,0001810560,2023-03-30,2023-03-30 16:51:30,2022,FY,0.0,40008.0,-40008.0,0.0,5377400.0,5487111.0,0.0,5487111.0,34962,10864511.0,10864511.0,0.0,0.0,40008.0,-10839463.0,0.0,-10864511.0,0.0,34962.0,-10829549.0,0.0,-34962.0,-10794587.0,0.0,-600.77,-600.77,17968.0,17968.0,https://www.sec.gov/Archives/edgar/data/1810560/000095017023011000/0000950170-23-011000-index.htm,https://www.sec.gov/Archives/edgar/data/1810560/000095017023011000/revb-20221231.htm
2021-12-31,REVBW,USD,0001810560,2022-04-15,2022-04-15 16:50:40,2021,FY,0.0,69166.0,-69166.0,0.0,6914756.0,5035729.0,0.0,5035729.0,-36352,11950485.0,11950485.0,0.0,0.0,69166.0,-11933703.0,0.0,-11950485.0,0.0,-36352.0,-11986837.0,0.0,-219776.0,-11986837.0,0.0,-1275.02,-1275.02,9401.3076825251,9401.3076825251,https://www.sec.gov/Archives/edgar/data/1810560/000121390022020179/0001213900-22-020179-index.htm,https://www.sec.gov/Archives/edgar/data/1810560/000121390022020179/f10k2021_revelationbio.htm
2020-12-31,REVBW,USD,0001810560,2021-03-31,2021-03-31 14:15:30,2020,FY,0.0,0.0,0.0,0.0,2561051.0,1234769.0,144257.0,145492.0,0,145492.0,145492.0,10915.0,0.0,3795819.0,-145492.0,0.0,-145490.0,0.0,-1485010.0,-1630500.0,0.0,-3795.8189999999013,-1630500.0,0.0,-188.18,-188.18,8664.465709999999,8664.465709999999,https://www.sec.gov/Archives/edgar/data/1810560/000121390021019097/0001213900-21-019097-index.htm,https://www.sec.gov/Archives/edgar/data/1810560/000121390021019097/f10k2020_petraacquisition.htm
2023-12-31,AQUNU,USD,0001861063,2024-05-03,2024-05-03 17:26:18,2023,FY,0.0,0.0,0.0,0.0,0.0,832906.0,0.0,832906.0,0,861826.0,861829.0,0.0,0.0,2121986.0,1260156.0,0.0,-861830.0,0.0,2121987.0,1260157.0,0.0,262240.0,997917.0,0.0,0.17,0.17,5772846.0,5772846.0,https://www.sec.gov/Archives/edgar/data/1861063/000121390024039767/0001213900-24-039767-index.htm,https://www.sec.gov/Archives/edgar/data/1861063/000121390024039767/ea0203898-10k_aquaron.htm
2022-12-31,AQUNU,USD,0001861063,2023-03-30,2023-03-30 17:17:54,2022,FY,0.0,0.0,0.0,0.0,0.0,207495.0,0.0,207495.0,13536,221031.0,221031.0,259976.0,0.0,-176876.0,215821.0,0.0,-221031.0,0.0,436852.0,215821.0,0.0,51753.0,164068.0,0.0,0.0231,0.0231,7110930.0,7110930.0,https://www.sec.gov/Archives/edgar/data/1861063/000121390023024748/0001213900-23-024748-index.htm,https://www.sec.gov/Archives/edgar/data/1861063/000121390023024748/f10k2022_aquaronacq.htm
2021-12-31,AQUNU,USD,0001861063,2021-12-31,2021-12-29 19:00:00,2021,FY,0.0,0.0,0.0,0.0,0.0,0.0,0.0,4396.0,0,4396.0,4396.0,0.0,0.0,236558.0,-4400.0,0.0,-4400.0,0.0,4.0,-4396.0,0.0,-236558.0,-4396.0,0.0,-0.0007,-0.0007,6506250.0,6506250.0,,
2024-12-31,CZWI,USD,0001367859,2025-03-13,2025-03-13 16:43:15,2024,FY,56287000.0,0.0,56287000.0,1.0,0.0,23539000.0,793000.0,24332000.0,31955000,56287000.0,56287000.0,89615000.0,43141000.0,3423000.0,0.0,0.0,-31126000.0,-0.5529873683,48576000.0,17450000.0,0.3100182991,3699000.0,2702000.0,0.0480039796,0.26,0.26,10198000.0,10204000.0,https://www.sec.gov/Archives/edgar/data/1367859/000136785925000033/0001367859-25-000033-index.htm,https://www.sec.gov/Archives/edgar/data/1367859/000136785925000033/czwi-20241231.htm
2023-12-31,CZWI,USD,0001367859,2024-03-05,2024-03-05 16:02:31,2023,FY,58537000.0,-35284000.0,93821000.0,1.6027640638,0.0,21918000.0,734000.0,34746000.0,35885000,58537000.0,34746000.0,84248000.0,35899000.0,3741000.0,22058000.0,0.3768214975,24328000.0,0.4156003895,-5396000.0,18932000.0,0.3234193758,5873000.0,13059000.0,0.2230896698,1.25,1.25,10469000.0,10470000.0,https://www.sec.gov/Archives/edgar/data/1367859/000136785924000046/0001367859-24-000046-index.htm,https://www.sec.gov/Archives/edgar/data/1367859/000136785924000046/czwi-20231231.htm
2022-12-31,CZWI,USD,0001367859,2023-03-07,2023-03-07 16:35:50,2022,FY,67194000.0,0.0,67194000.0,1.0,0.0,22598000.0,1017000.0,23615000.0,-14298000,1017000.0,1017000.0,69397000.0,13028000.0,3806000.0,27609000.0,0.6047712593,39188000.0,0.5832068339,0.0,23581000.0,0.3509390719,5820000.0,17761000.0,0.2643241956,1.69,1.69,10505000.0,10514000.0,https://www.sec.gov/Archives/edgar/data/1367859/000136785923000077/0001367859-23-000077-index.htm,https://www.sec.gov/Archives/edgar/data/1367859/000136785923000077/czwi-20221231.htm
2021-12-31,CZWI,USD,0001367859,2022-03-02,2022-03-02 16:05:26,2021,FY,69690000.0,0.0,69690000.0,1.0,0.0,23274000.0,986000.0,24260000.0,-64991000,-40731000.0,-40731000.0,64035000.0,10368000.0,3851000.0,33001000.0,0.4384416703,28959000.0,0.4155402497,0.0,28959000.0,0.4155402497,7693000.0,21266000.0,0.3051513847,1.98,1.98,10717000.0,10727000.0,https://www.sec.gov/Archives/edgar/data/1367859/000136785922000069/0001367859-22-000069-index.htm,https://www.sec.gov/Archives/edgar/data/1367859/000136785922000069/czwi-20211231.htm
2020-12-31,CZWI,USD,0001367859,2021-03-08,2021-03-08 16:05:20,2020,FY,68399000.0,0.0,68399000.0,1.0,0.0,25057000.0,967000.0,26024000.0,-77143000,-51119000.0,-51119000.0,64527000.0,14272000.0,3576000.0,26524000.0,0.2763490694,17280000.0,0.2526352724,-7977000.0,17280000.0,0.2526352724,4555000.0,12725000.0,0.1860407316,1.14,1.14,11161551.0,11161811.0,https://www.sec.gov/Archives/edgar/data/1367859/000136785921000063/0001367859-21-000063-index.htm,https://www.sec.gov/Archives/edgar/data/1367859/000136785921000063/czwi-20201231.htm
2023-12-31,PLMJU,USD,0001845550,2023-12-31,2023-12-29 19:00:00,2023,FY,0.0,0.0,0.0,0.0,0.0,0.0,0.0,833935.0,0,833935.0,833935.0,10686656.0,0.0,167895.0,10418634.0,0.0,-833940.0,0.0,11252569.0,10418629.0,0.0,-167895.0,10418629.0,0.0,0.34,0.34,30356632.0,30386725.0,,
2022-12-31,PLMJU,USD,0001845550,2022-12-31,2022-12-30 19:00:00,2022,FY,0.0,0.0,0.0,0.0,0.0,0.0,0.0,2812916.0,0,2812916.0,2812916.0,4074730.0,0.0,228485.0,9055597.0,0.0,-2812916.0,0.0,11868513.0,9055597.0,0.0,-4074730.0,9055597.0,0.0,0.25,0.25,36177500.0,36177500.0,,
2021-12-31,PLMJU,USD,0001845550,2021-12-31,2021-12-29 19:00:00,2021,FY,0.0,0.0,0.0,0.0,0.0,0.0,0.0,761634.0,0,761634.0,761634.0,8321.0,0.0,236558.0,482356.0,0.0,-761630.0,0.0,1243985.0,482355.0,0.0,-236558.0,482355.0,0.0,0.0133,0.0133,36177500.0,36177500.0,,
2023-12-31,TLLTF,USD,0001761510,2024-03-22,2024-03-22 17:28:19,2023,FY,165956000.0,147182000.0,18774000.0,0.1131263708,0.0,19455000.0,1163000.0,20618000.0,41308000,61926000.0,209108000.0,0.0,20999000.0,21948256.0,-25055210.0,-0.1509750175,-43152000.0,-0.2600207284,-24004000.0,-67156000.0,-0.4046614765,-3339000.0,-62384000.0,-0.3759068669,-0.16,-0.16,379578134.0,379578134.0,https://www.sec.gov/Archives/edgar/data/1761510/000155837024003790/0001558370-24-003790-index.htm,https://www.sec.gov/Archives/edgar/data/1761510/000155837024003790/tilt-20231231x10k.htm
2022-12-31,TLLTF,USD,0001761510,2023-03-16,2023-03-16 17:13:17,2022,FY,174188000.0,136020000.0,38168000.0,0.219119572,0.0,46085000.0,2450000.0,48535000.0,18352000,66887000.0,202907000.0,215000.0,14241000.0,21995521.0,-64646836.0,-0.0228775805,-28719000.0,-0.1648735849,-13596000.0,-104458000.0,-0.5996853974,3006000.0,-107464000.0,-0.6169426137,-0.29,-0.29,375502610.0,375502610.0,https://www.sec.gov/Archives/edgar/data/1761510/000155837023004045/0001558370-23-004045-index.htm,https://www.sec.gov/Archives/edgar/data/1761510/000155837023004045/tilt-20221231x10k.htm
2021-12-31,TLLTF,USD,0001761510,2021-12-31,2021-12-31 00:00:00,2021,FY,202705000.0,144499000.0,58206000.0,0.287,106000.0,37520000.0,2164000.0,39684000.0,18458000,58248000.0,202747000.0,592000.0,10988000.0,21279103.0,-17042707.0,0.1162822821,272000.0,0.0013418515,-8804594.0,-50153000.0,-0.2474186626,-5032000.0,-45121000.0,-0.2225944106,-0.12,-0.12,370002378.0,370002378.0,,
2020-12-31,TLLTF,USD,0001761510,2020-12-31,2020-12-31 00:00:00,2020,FY,158409000.0,99454000.0,58955000.0,0.3721695106,62116.0,40211000.0,611000.0,40822000.0,18516000,59338000.0,158792000.0,3835000.0,10336000.0,19494138.0,-29623380.0,0.1648896212,4503000.0,0.0284264152,-22553000.0,-57150000.0,-0.360774956,-5043000.0,-52107000.0,-0.3289396436,-0.14,-0.14,364560989.0,364560989.0,,
2019-12-31,TLLTF,USD,0001761510,2019-12-31,2019-12-31 00:00:00,2019,FY,152938029.0,97796642.0,55141387.0,0.360547258,98231.0,129893006.0,2199371.0,132092377.0,24719541,156811918.0,254608560.0,3280405.0,13811831.0,23496855.0,-90839909.0,-0.4554951143,-101670531.0,-0.6647825375,-16127757.0,-140033052.0,-0.9156195677,-6658858.0,-133374194.0,-0.8720799848,-0.37,-0.37,355837933.0,355837933.0,,
2022-10-31,VAUCF,CAD,0001723047,2022-10-31,2022-10-31 00:00:00,2022,FY,0.0,0.0,0.0,0.0,0.0,264284.0,0.0,264284.0,0,3833266.0,3833266.0,24.0,0.0,228485.0,-3833266.0,0.0,-3833266.0,0.0,24.0,-3833242.0,0.0,0.0,-3833242.0,0.0,-0.0524,-0.0524,73181133.0,73181133.0,,
2021-10-31,VAUCF,CAD,0001723047,2021-10-31,2021-10-31 00:00:00,2021,FY,0.0,4686.0,-4686.0,0.0,0.0,1010316.0,0.0,1010316.0,0,2596604.0,2601290.0,95.0,0.0,4686.0,-2596509.0,0.0,-2601195.0,0.0,0.0,-2601195.0,0.0,0.0,-2601195.0,0.0,-0.058,-0.058,44851346.0,44851346.0,,
2020-10-31,VAUCF,CAD,0001723047,2020-10-31,2020-10-31 00:00:00,2020,FY,0.0,15122.0,-15122.0,0.0,0.0,865063.0,0.0,865063.0,0,2058398.0,2073520.0,130.0,11336.0,15122.0,-2058268.0,0.0,-2073390.0,0.0,-11336.0,-2084726.0,0.0,0.0,-2084726.0,0.0,-0.0675,-0.0675,30874190.0,30874190.0,,
2019-10-31,VAUCF,CAD,0001723047,2019-10-31,2019-10-31 00:00:00,2019,FY,0.0,0.0,0.0,0.0,0.0,943007.0,0.0,943007.0,0,2222826.0,2222826.0,130.0,34401.0,171860.0,-2222696.0,0.0,-2222696.0,0.0,-34401.0,-2257097.0,0.0,0.0,-2257097.0,0.0,-0.1,-0.1,21749566.0,21749566.0,,
2018-10-31,VAUCF,CAD,0001723047,2018-10-31,2018-10-31 00:00:00,2018,FY,0.0,0.0,0.0,0.0,0.0,845999.0,0.0,845999.0,0,1793635.0,1793635.0,42.0,16667.0,161141.0,-1793593.0,0.0,-1793593.0,0.0,-16667.0,-1810260.0,0.0,0.0,-1810260.0,0.0,-0.11,-0.11,16916687.0,16916687.0,,
2024-12-31,KRRO,USD,0001703647,2025-03-18,2025-03-18 07:10:29,2024,FY,2271000.0,0.0,2271000.0,1.0,63636000.0,30545000.0,0.0,30545000.0,0,94181000.0,94181000.0,0.0,0.0,0.0,-91910000.0,-40.4711580801,-91910000.0,-40.4711580801,8470000.0,-83440000.0,-36.7415235579,141000.0,-83581000.0,-36.8036107442,-9.37,-9.37,8920561.0,8920561.0,https://www.sec.gov/Archives/edgar/data/1703647/000095017025040759/0000950170-25-040759-index.htm,https://www.sec.gov/Archives/edgar/data/1703647/000095017025040759/krro-20241231.htm
2023-12-31,KRRO,USD,0001703647,2023-12-31,2023-12-30 19:00:00,2023,FY,0.0,3630000.0,-3630000.0,0.0,57250000.0,27284000.0,0.0,27284000.0,0,84534000.0,84534000.0,0.0,0.0,3630000.0,-80904000.0,0.0,-84534000.0,0.0,3389000.0,-81145000.0,0.0,27000.0,-81172000.0,0.0,-53.09,-53.08,1529000.0,1529321.0,,
2022-12-31,KRRO,USD,0001703647,2022-12-31,2022-12-30 19:00:00,2022,FY,0.0,2511000.0,-2511000.0,0.0,42201000.0,16797000.0,0.0,16797000.0,976000,58998000.0,58998000.0,947000.0,118000.0,2511000.0,-56487000.0,0.0,-58998000.0,0.0,976000.0,-58022000.0,0.0,10000.0,-58032000.0,0.0,-227.58,-227.42,255000.0,255174.0,,
2021-12-31,KRRO,USD,0001703647,2021-12-31,2021-12-30 19:00:00,2021,FY,14068000.0,3841000.0,10227000.0,0.727,23805000.0,11689000.0,0.0,11689000.0,13537000,35494000.0,35494000.0,0.0,0.0,3841000.0,-33899000.0,-2.4096531134,-35494000.0,-2.5230309923,13537000.0,-21957000.0,-1.5607762297,2000.0,-21959000.0,-1.5609183964,-4.94,-4.94,4447000.0,4447000.0,,
2020-12-31,KRRO,USD,0001703647,2020-12-31,2020-12-29 19:00:00,2020,FY,36984000.0,1580000.0,35404000.0,0.9572788233,36656000.0,0.0,0.0,26298000.0,0,62954000.0,64534000.0,994000.0,0.0,1580000.0,-24896000.0,-0.702195544,-27550000.0,-0.7449167207,1074000.0,-26476000.0,-0.7158771361,35000.0,-26511000.0,-0.7168234912,-41.1,-41.1,645064.0,645064.0,,
2024-12-31,EXOD,USD,0001821534,2025-03-06,2025-03-06 17:04:33,2024,FY,116272000.0,0.0,116272000.0,1.0,46033000.0,39506000.0,0.0,39506000.0,0,85539000.0,0.0,-3315000.0,0.0,0.0,0.0,0.0,30733000.0,0.2643198706,100125000.0,130858000.0,1.1254472272,-17900000.0,112958000.0,0.9714978671,4.23,4.23,26733000.0,26733000.0,https://www.sec.gov/Archives/edgar/data/1821534/000095017025034884/0000950170-25-034884-index.htm,https://www.sec.gov/Archives/edgar/data/1821534/000095017025034884/exod-20241231.htm
2023-12-31,EXOD,USD,0001821534,2023-12-31,2023-12-29 19:00:00,2023,FY,56185000.0,30517000.0,25668000.0,0.457,0.0,18505000.0,0.0,18505000.0,-1224000,17281000.0,47798000.0,2174000.0,0.0,370000.0,7533000.0,0.134074931,8387000.0,0.1492747175,2494000.0,10881000.0,0.1936637893,-1905000.0,12786000.0,0.227569636,0.5,0.41,25706000.0,31161000.0,,
2022-12-31,EXOD,USD,0001821534,2022-12-31,2022-12-29 19:00:00,2022,FY,50606000.0,28677000.0,21929000.0,0.4333280639,0.0,28086000.0,0.0,28086000.0,0,28086000.0,56763000.0,578000.0,0.0,3460000.0,-20632000.0,-0.0532940758,-6157000.0,-0.1216654152,873000.0,-24092000.0,-0.4760700312,-946000.0,-23146000.0,-0.4573765957,-0.91,-0.91,25342205.0,25342205.0,,
2021-12-31,EXOD,USD,0001821534,2021-12-31,2021-12-29 19:00:00,2021,FY,95849000.0,22703000.0,73146000.0,0.763,8051000.0,22031000.0,0.0,22031000.0,0,22031000.0,44734000.0,725000.0,0.0,1762000.0,51477000.0,0.551669814,51115000.0,0.5332867323,-67062000.0,-15947000.0,-0.1663762794,5967000.0,-21914000.0,-0.22863045,-0.87,-0.87,25240568.0,25240568.0,,
2020-12-31,EXOD,USD,0001821534,2020-12-31,2020-12-29 19:00:00,2020,FY,21251000.0,9542000.0,11709000.0,0.550985836,3465000.0,3802000.0,1081000.0,4883000.0,0,4883000.0,14425000.0,80000.0,6000.0,736000.0,6962000.0,0.355842078,6826000.0,0.3212084137,5091000.0,9487000.0,0.4464260505,1310000.0,8177000.0,0.3847818926,0.32,0.32,25193077.0,25193077.0,,
2024-12-31,NXPLW,USD,0001058307,2025-03-24,2025-03-21 18:14:45,2024,FY,65483000.0,49254000.0,16229000.0,0.247835316,0.0,4401000.0,3459000.0,7860000.0,31993000,39853000.0,89107000.0,0.0,81000.0,2498000.0,-20475000.0,-0.3126765725,-23624000.0,-0.3607653895,570000.0,-23054000.0,-0.3520608402,-9029000.0,-14025000.0,-0.2141777255,-0.68,-0.68,0.0,0.0,https://www.sec.gov/Archives/edgar/data/1058307/000143774925008787/0001437749-25-008787-index.htm,https://www.sec.gov/Archives/edgar/data/1058307/000143774925008787/nxpl20241231_10k.htm
2023-12-31,NXPLW,USD,0001058307,2024-04-11,2024-04-11 17:15:39,2023,FY,37756000.0,26445000.0,11311000.0,0.3,0.0,1981000.0,16553000.0,18534000.0,0,34539000.0,60984000.0,620000.0,79000.0,2527000.0,-19685000.0,-0.5213740862,-9333000.0,-0.2471924992,-12958000.0,-22291000.0,-0.5903962284,28000.0,-3778000.0,-0.1000635661,-0.22,-0.22,17494000.0,17494000.0,https://www.sec.gov/Archives/edgar/data/1058307/000143774924011806/0001437749-24-011806-index.htm,https://www.sec.gov/Archives/edgar/data/1058307/000143774924011806/nxpl20221231_10k.htm
2022-12-31,NXPLW,USD,0001058307,2023-03-31,2023-03-31 17:12:15,2022,FY,11710142.0,9221294.0,2488848.0,0.2125378155,0.0,9200572.0,0.0,9200572.0,490059,9690631.0,18911925.0,20814.0,24497.0,595701.0,-6713918.0,-0.5623559475,-7201783.0,-0.6150039,-621114.0,-7334114.0,-0.6263044462,87000.0,-7421114.0,-0.6337339035,-0.77,-0.77,9629589.0,9629589.0,https://www.sec.gov/Archives/edgar/data/1058307/000149315223010400/0001493152-23-010400-index.htm,https://www.sec.gov/Archives/edgar/data/1058307/000149315223010400/form10-k.htm
2021-12-31,NXPLW,USD,0001058307,2022-03-31,2022-03-31 14:00:32,2021,FY,7739910.0,5880187.0,1859723.0,0.24,0.0,8164954.0,0.0,8164954.0,317102,8482056.0,14362243.0,6876.0,1467300.0,350065.0,-6290300.0,-0.8094915832,-6622333.0,-0.8556085277,-1485329.0,-8107662.0,-1.0475137308,1467300.0,-9574962.0,-1.2370895786,-2.35,-2.35,4080833.0,4080833.0,https://www.sec.gov/Archives/edgar/data/1058307/000149315222008346/0001493152-22-008346-index.htm,https://www.sec.gov/Archives/edgar/data/1058307/000149315222008346/form10-k.htm
2020-12-31,NXPLW,USD,0001058307,2021-03-22,2021-03-22 17:30:20,2020,FY,5689796.0,4464476.0,1225320.0,0.2153539424,0.0,2964274.0,0.0,2964274.0,294926,3259200.0,7723676.0,115.0,1022024.0,322999.0,-1418355.0,-0.2961733602,-2033880.0,-0.3574609705,-729495.0,-2763375.0,-0.4856720698,1047624.0,-3810999.0,-0.669795367,-14.23,-14.23,267907.0,267907.0,https://www.sec.gov/Archives/edgar/data/1058307/000149315221006558/0001493152-21-006558-index.htm,https://www.sec.gov/Archives/edgar/data/1058307/000149315221006558/form10-k.htm
2024-12-31,KIM-PN,USD,0000879101,2024-12-31,2024-12-31 00:00:00,2024,FY,2037014000.0,637653000.0,1399361000.0,0.6869668053,0.0,138140000.0,0.0,138140000.0,632133000,770273000.0,1407926000.0,0.0,307806000.0,578480000.0,1262699000.0,0.6198774284,629088000.0,0.3088285108,-277880000.0,351208000.0,0.1724131498,25417000.0,410785000.0,0.2016603715,0.55,0.55,671200676.0,671384000.0,,
2023-12-31,KIM-PN,USD,0000879101,2024-02-26,2024-02-23 17:56:43,2023,FY,1783400000.0,556718000.0,1226682000.0,0.688,4500000.0,136807000.0,0.0,136807000.0,446598000,587905000.0,1144623000.0,0.0,250201000.0,507265000.0,1401380000.0,0.7857911854,638777000.0,0.3581793204,5137000.0,643914000.0,0.3610597735,60952000.0,654273000.0,0.3668683414,1.02,1.02,618147355.0,618199000.0,https://www.sec.gov/Archives/edgar/data/879101/000143774924005407/0001437749-24-005407-index.htm,https://www.sec.gov/Archives/edgar/data/879101/000143774924005407/kim20231231_10k.htm
2022-12-31,KIM-PN,USD,0000879101,2023-02-24,2023-02-24 16:19:21,2022,FY,1727684000.0,530907000.0,1196777000.0,0.6927059578,3500000.0,119534000.0,0.0,119534000.0,505000000,624534000.0,1155441000.0,208821000.0,226823000.0,1155441000.0,776127000.0,0.6402050375,565464000.0,0.3272959638,-521160000.0,44304000.0,0.0256435783,56654000.0,-12350000.0,-0.007148298,-0.0201,-0.02,615528000.0,617858000.0,https://www.sec.gov/Archives/edgar/data/879101/000143774923004541/0001437749-23-004541-index.htm,https://www.sec.gov/Archives/edgar/data/879101/000143774923004541/kim20221231_10k.htm
2021-12-31,KIM-PN,USD,0000879101,2022-03-01,2022-02-28 18:39:36,2021,FY,1364585000.0,417911000.0,946674000.0,0.694,3100000.0,104121000.0,0.0,104121000.0,395320000,499441000.0,917352000.0,187175000.0,204133000.0,917352000.0,1344579000.0,0.6319598999,424286000.0,0.3109267653,320840000.0,745126000.0,0.5460458674,3380000.0,844059000.0,0.618546298,1.61,1.6,506248000.0,511385000.0,https://www.sec.gov/Archives/edgar/data/879101/000143774922004700/0001437749-22-004700-index.htm,https://www.sec.gov/Archives/edgar/data/879101/000143774922004700/kim20211231_10k.htm
2020-12-31,KIM-PN,USD,0000879101,2021-02-23,2021-02-23 15:39:04,2020,FY,1057893000.0,342969000.0,714924000.0,0.6757999155,3200000.0,93217000.0,0.0,93217000.0,288955000,382172000.0,725141000.0,182808000.0,186904000.0,725141000.0,1403733000.0,0.5915777872,332612000.0,0.3144098694,595262000.0,927874000.0,0.8770962659,978000.0,1000833000.0,0.946062598,2.26,2.25,429950000.0,431633000.0,https://www.sec.gov/Archives/edgar/data/879101/000143774921003766/0001437749-21-003766-index.htm,https://www.sec.gov/Archives/edgar/data/879101/000143774921003766/kim20201231_10k.htm
2024-12-31,POR,USD,0000784977,2025-02-14,2025-02-13 19:36:07,2024,FY,3440000000.0,0.0,3440000000.0,1.0,0.0,403000000.0,0.0,403000000.0,2928000000,2928000000.0,2928000000.0,0.0,211000000.0,496000000.0,1057000000.0,0.3072674419,512000000.0,0.1488372093,-162000000.0,350000000.0,0.101744186,37000000.0,313000000.0,0.0909883721,3.01,3.01,103946000.0,104159000.0,https://www.sec.gov/Archives/edgar/data/784977/000078497725000012/0000784977-25-000012-index.htm,https://www.sec.gov/Archives/edgar/data/784977/000078497725000012/por-20241231.htm
2023-12-31,POR,USD,0000784977,2024-02-20,2024-02-20 09:00:20,2023,FY,2923000000.0,1564000000.0,1359000000.0,0.465,0.0,341000000.0,0.0,341000000.0,622000000,963000000.0,2527000000.0,0.0,173000000.0,458000000.0,904000000.0,0.3092712966,396000000.0,0.1354772494,-123000000.0,273000000.0,0.0933971947,45000000.0,228000000.0,0.0780020527,2.33,2.33,97760000.0,97952000.0,https://www.sec.gov/Archives/edgar/data/784977/000078497724000034/0000784977-24-000034-index.htm,https://www.sec.gov/Archives/edgar/data/784977/000078497724000034/por-20231231.htm
2022-12-31,POR,USD,0000784977,2023-02-16,2023-02-15 19:18:09,2022,FY,2647000000.0,988000000.0,1659000000.0,0.6267472611,0.0,688000000.0,0.0,688000000.0,574000000,1262000000.0,2250000000.0,163000000.0,156000000.0,417000000.0,845000000.0,0.3139403098,397000000.0,0.1499811107,-125000000.0,272000000.0,0.1027578391,39000000.0,233000000.0,0.0880241783,2.61,2.6,89290000.0,89643000.0,https://www.sec.gov/Archives/edgar/data/784977/000078497723000005/0000784977-23-000005-index.htm,https://www.sec.gov/Archives/edgar/data/784977/000078497723000005/por-20221231.htm
2021-12-31,POR,USD,0000784977,2022-02-17,2022-02-16 19:39:50,2021,FY,2396000000.0,822000000.0,1574000000.0,0.657,0.0,646000000.0,0.0,646000000.0,550000000,1196000000.0,2018000000.0,145000000.0,137000000.0,404000000.0,808000000.0,0.3301335559,378000000.0,0.1577629382,-111000000.0,267000000.0,0.1114357262,23000000.0,244000000.0,0.101836394,2.72,2.72,89481000.0,89627000.0,https://www.sec.gov/Archives/edgar/data/784977/000078497722000009/0000784977-22-000009-index.htm,https://www.sec.gov/Archives/edgar/data/784977/000078497722000009/por-20211231.htm
2020-12-31,POR,USD,0000784977,2021-02-19,2021-02-18 19:25:00,2020,FY,2145000000.0,708000000.0,1437000000.0,0.6699300699,0.0,576000000.0,0.0,576000000.0,592000000,1168000000.0,1876000000.0,136000000.0,136000000.0,454000000.0,718000000.0,0.3398601399,269000000.0,0.1254079254,-114000000.0,155000000.0,0.0722610723,142000000.0,13000000.0,0.0060606061,0.15,0.15,89485000.0,89645000.0,https://www.sec.gov/Archives/edgar/data/784977/000078497721000007/0000784977-21-000007-index.htm,https://www.sec.gov/Archives/edgar/data/784977/000078497721000007/por-20201231.htm
2024-09-30,ACM,USD,0000868857,2024-11-19,2024-11-19 16:24:45,2024,FY,16105498000.0,15021157000.0,1084341000.0,0.067327381,0.0,160105000.0,0.0,160105000.0,0,160105000.0,15181262000.0,58560000.0,185420000.0,178812000.0,1082384000.0,0.0672058697,827442000.0,0.0513763685,-109290000.0,718152000.0,0.044590487,152900000.0,402266000.0,0.0249769364,2.97,2.95,135544000.0,136453000.0,https://www.sec.gov/Archives/edgar/data/868857/000141057824002030/0001410578-24-002030-index.htm,https://www.sec.gov/Archives/edgar/data/868857/000141057824002030/acm-20240930x10k.htm
2023-09-30,ACM,USD,0000868857,2023-11-15,2023-11-14 20:55:47,2023,FY,14378461000.0,13432996000.0,945465000.0,0.066,0.0,153575000.0,0.0,153575000.0,0,153575000.0,14054327000.0,40251000.0,159342000.0,170900000.0,543642000.0,0.0378094707,324134000.0,0.0225430246,-110734000.0,213400000.0,0.014841644,56052000.0,55332000.0,0.0038482561,0.4,0.39,138614000.0,140109000.0,https://www.sec.gov/Archives/edgar/data/868857/000110465923118329/0001104659-23-118329-index.htm,https://www.sec.gov/Archives/edgar/data/868857/000110465923118329/acm-20230930x10k.htm
2022-09-30,ACM,USD,0000868857,2022-11-17,2022-11-16 18:44:12,2022,FY,13148182000.0,12300208000.0,847974000.0,0.0644936311,0.0,147309000.0,0.0,147309000.0,14152000,147309000.0,12447517000.0,8210000.0,110274000.0,165900000.0,826856000.0,0.0584458749,646804000.0,0.049193417,-96122000.0,550682000.0,0.0418827485,136051000.0,414631000.0,0.0315352343,2.95,2.91,140768000.0,142696000.0,https://www.sec.gov/Archives/edgar/data/868857/000110465922119637/0001104659-22-119637-index.htm,https://www.sec.gov/Archives/edgar/data/868857/000110465922119637/acm-20220930x10k.htm
2021-09-30,ACM,USD,0000868857,2021-11-17,2021-11-17 16:18:41,2021,FY,13340852000.0,12542431000.0,798421000.0,0.06,0.0,155072000.0,0.0,155072000.0,17603000,155072000.0,12697503000.0,6720000.0,238352000.0,166200000.0,813356000.0,0.0521702812,629553000.0,0.0471898646,-220749000.0,408804000.0,0.0306430204,89011000.0,319793000.0,0.0239709578,2.17,2.14,147279000.0,149676000.0,https://www.sec.gov/Archives/edgar/data/868857/000110465921140569/0001104659-21-140569-index.htm,https://www.sec.gov/Archives/edgar/data/868857/000110465921140569/acm-20210930x10k.htm
2020-09-30,ACM,USD,0000868857,2020-11-19,2020-11-18 19:42:39,2020,FY,13239976000.0,12530416000.0,709560000.0,0.0535922422,0.0,188535000.0,0.0,188535000.0,11056000,188535000.0,12718951000.0,159914000.0,159914000.0,187500000.0,580017000.0,0.0438718318,381461000.0,0.028811306,-148858000.0,232603000.0,0.0175682343,45753000.0,186850000.0,0.0141125633,1.18,1.18,159005000.0,159005000.0,https://www.sec.gov/Archives/edgar/data/868857/000110465920126988/0001104659-20-126988-index.htm,https://www.sec.gov/Archives/edgar/data/868857/000110465920126988/acm-20200930x10k.htm
2024-12-31,VCEL,USD,0000887359,2025-02-27,2025-02-27 08:57:34,2024,FY,237224000.0,65117000.0,172107000.0,0.7255041648,24797000.0,0.0,0.0,142791000.0,0,167588000.0,232705000.0,6410000.0,614000.0,5504000.0,16628000.0,0.0700940883,4519000.0,0.019049506,5991000.0,10510000.0,0.0443041176,148000.0,10362000.0,0.0436802347,0.21,0.2,48848000.0,51679000.0,https://www.sec.gov/Archives/edgar/data/887359/000162828025008447/0001628280-25-008447-index.htm,https://www.sec.gov/Archives/edgar/data/887359/000162828025008447/vcel-20241231.htm
2023-12-31,VCEL,USD,0000887359,2024-02-29,2024-02-29 09:04:36,2023,FY,197516000.0,61940000.0,135576000.0,0.686,21042000.0,0.0,0.0,120998000.0,0,142040000.0,203980000.0,4632000.0,600000.0,4632000.0,2864000.0,0.0145000911,-6464000.0,-0.0327264627,4096000.0,-2368000.0,-0.0119889022,814000.0,-3182000.0,-0.0161100873,-0.0669,-0.0669,47590000.0,47590000.0,https://www.sec.gov/Archives/edgar/data/887359/000162828024007824/0001628280-24-007824-index.htm,https://www.sec.gov/Archives/edgar/data/887359/000162828024007824/vcel-20231231.htm
2022-12-31,VCEL,USD,0000887359,2023-02-23,2023-02-23 09:03:02,2022,FY,164365000.0,54577000.0,109788000.0,0.667952423,19943000.0,0.0,0.0,106903000.0,95000,126846000.0,181423000.0,1341000.0,366000.0,8202999.0,-11641000.0,-0.0950445654,-17058000.0,-0.1037812186,1070000.0,-15988000.0,-0.0972713169,721000.0,-16709000.0,-0.1016578955,-0.35,-0.35,47130000.0,47130000.0,https://www.sec.gov/Archives/edgar/data/887359/000162828023004714/0001628280-23-004714-index.htm,https://www.sec.gov/Archives/edgar/data/887359/000162828023004714/vcel-20221231.htm
2021-12-31,VCEL,USD,0000887359,2022-02-24,2022-02-24 09:03:00,2021,FY,156184000.0,50159000.0,106025000.0,0.679,16287000.0,0.0,0.0,97592000.0,52000,113879000.0,164038000.0,224000.0,4000.0,7387000.0,-4613000.0,-0.0485196947,-7854000.0,-0.0502868412,272000.0,-7582000.0,-0.0485453055,-111000.0,-7471000.0,-0.0478346053,-0.16,-0.16,46472000.0,46472000.0,https://www.sec.gov/Archives/edgar/data/887359/000162828022003661/0001628280-22-003661-index.htm,https://www.sec.gov/Archives/edgar/data/887359/000162828022003661/vcel-20211231.htm
2020-12-31,VCEL,USD,0000887359,2021-02-24,2021-02-24 16:48:01,2020,FY,124179000.0,39951000.0,84228000.0,0.6782789361,13020000.0,0.0,0.0,68836000.0,-13000,81856000.0,121807000.0,691000.0,6000.0,6828000.0,9878000.0,0.0245613187,667000.0,0.0053712786,672000.0,3044000.0,0.0245130014,180000.0,2864000.0,0.0230634809,0.0633,0.0606,45221000.0,47282000.0,https://www.sec.gov/Archives/edgar/data/887359/000162828021003081/0001628280-21-003081-index.htm,https://www.sec.gov/Archives/edgar/data/887359/000162828021003081/vcel-20201231.htm
2024-12-31,LILA,USD,0001712184,2025-02-19,2025-02-19 16:48:56,2024,FY,4456900000.0,1493800000.0,2963100000.0,0.6648343019,0.0,663200000.0,189600000.0,852800000.0,2158600000,3011400000.0,4505200000.0,0.0,627700000.0,968300000.0,964600000.0,0.2164284592,-48300000.0,-0.0108371289,-583100000.0,-631400000.0,-0.1416679755,-4100000.0,-657000000.0,-0.1474118782,-3.34,-3.34,197000000.0,197000000.0,https://www.sec.gov/Archives/edgar/data/1712184/000171218425000031/0001712184-25-000031-index.htm,https://www.sec.gov/Archives/edgar/data/1712184/000171218425000031/lila-20241231.htm
2023-12-31,LILA,USD,0001712184,2024-02-22,2024-02-22 16:42:18,2023,FY,4511100000.0,1507000000.0,3004100000.0,0.666,0.0,646300000.0,181100000.0,827400000.0,1659000000,2486400000.0,3993400000.0,0.0,601700000.0,1008300000.0,1547600000.0,0.3430648844,517700000.0,0.1147613664,-580100000.0,-62400000.0,-0.0138325464,24400000.0,-73600000.0,-0.0163153111,-0.35,-0.35,210000000.0,210000000.0,https://www.sec.gov/Archives/edgar/data/1712184/000171218424000030/0001712184-24-000030-index.htm,https://www.sec.gov/Archives/edgar/data/1712184/000171218424000030/lila-20231231.htm
2022-12-31,LILA,USD,0001712184,2023-02-22,2023-02-22 17:09:05,2022,FY,4815100000.0,1210500000.0,3604600000.0,0.748603352,0.0,691200000.0,226000000.0,917200000.0,1995200000,2912400000.0,4122900000.0,556700000.0,556700000.0,910700000.0,1344400000.0,0.3269921705,663800000.0,0.1378579884,-807600000.0,-115400000.0,-0.0239662728,86500000.0,-201900000.0,-0.0419305933,-0.91,-0.91,222600000.0,222600000.0,https://www.sec.gov/Archives/edgar/data/1712184/000171218423000031/0001712184-23-000031-index.htm,https://www.sec.gov/Archives/edgar/data/1712184/000171218423000031/lila-20221231.htm
2021-12-31,LILA,USD,0001712184,2022-02-23,2022-02-23 06:25:39,2021,FY,4799000000.0,1190000000.0,3609000000.0,0.752,0.0,693200000.0,229400000.0,922600000.0,1963000000,2885600000.0,4075600000.0,527400000.0,527400000.0,964700000.0,1177600000.0,0.3430714732,681700000.0,0.1420504272,-364400000.0,-300600000.0,-0.0626380496,189500000.0,-490100000.0,-0.1021254428,-2.11,-2.11,232600000.0,232600000.0,https://www.sec.gov/Archives/edgar/data/1712184/000171218422000059/0001712184-22-000059-index.htm,https://www.sec.gov/Archives/edgar/data/1712184/000171218422000059/lila-20211231.htm
2020-12-31,LILA,USD,0001712184,2021-03-01,2021-03-01 06:50:27,2020,FY,3764600000.0,846000000.0,2918600000.0,0.7752749296,0.0,581100000.0,168100000.0,749200000.0,1696800000,2446000000.0,3292000000.0,533400000.0,533400000.0,918700000.0,620400000.0,0.3685119269,472700000.0,0.125564469,-931400000.0,-838200000.0,-0.2226531371,-29300000.0,-808900000.0,-0.2148701057,-4.14,-4.14,195535301.0,195535301.0,https://www.sec.gov/Archives/edgar/data/1712184/000171218421000031/0001712184-21-000031-index.htm,https://www.sec.gov/Archives/edgar/data/1712184/000171218421000031/lila-20201231.htm
2024-12-31,FBRT,USD,0001562528,2025-02-26,2025-02-26 16:24:55,2024,FY,548925000.0,338471000.0,210454000.0,0.383,0.0,14508000.0,0.0,14508000.0,152108000,14508000.0,352979000.0,526076000.0,338471000.0,5630000.0,116409000.0,0.2120672223,406236000.0,0.7400573849,-312713000.0,93523000.0,0.1703748235,1120000.0,68885000.0,0.1254907319,0.82,0.82,81846170.0,81846170.0,https://www.sec.gov/Archives/edgar/data/1562528/000156252825000013/0001562528-25-000013-index.htm,https://www.sec.gov/Archives/edgar/data/1562528/000156252825000013/bsprt-20241231.htm
2023-12-31,FBRT,USD,0001562528,2024-02-26,2024-02-26 16:35:33,2023,FY,230794000.0,339424000.0,-108630000.0,-0.471,0.0,34471000.0,0.0,34471000.0,0,87800999.0,89041999.0,552506000.0,305577000.0,8412000.0,163178000.0,0.7070287789,154766000.0,0.670580691,-13014000.0,141752000.0,0.6141927433,-2757000.0,145215000.0,0.6291974661,1.42,1.42,82307970.0,82307970.0,https://www.sec.gov/Archives/edgar/data/1562528/000156252824000008/0001562528-24-000008-index.htm,https://www.sec.gov/Archives/edgar/data/1562528/000156252824000008/bsprt-20231231.htm
2022-12-31,FBRT,USD,0001562528,2023-03-16,2023-03-16 16:02:39,2022,FY,367360000.0,165708000.0,201652000.0,0.5489220383,0.044547049112670246,64170000.0,0.0,64170000.0,41523000,105693000.0,271401000.0,357705000.0,165708000.0,129976000.0,106549000.0,0.1571156359,52310000.0,0.1423943815,-4366000.0,13816000.0,0.037608885,-399000.0,14431000.0,0.0392829922,-0.38,-0.38,71628365.0,71628365.0,https://www.sec.gov/Archives/edgar/data/1562528/000156252823000016/0001562528-23-000016-index.htm,https://www.sec.gov/Archives/edgar/data/1562528/000156252823000016/bsprt-20221231.htm
2021-12-31,FBRT,USD,0001562528,2022-02-25,2022-02-25 17:25:36,2021,FY,221649000.0,60835000.0,160814000.0,0.726,0.13315731113211662,47418000.0,0.0,47418000.0,-3085000,44333000.0,105168000.0,216890000.0,60835000.0,41611000.0,167070000.0,0.7537593222,164963000.0,0.7442533014,-149136000.0,29301000.0,0.1321954983,3599000.0,25702000.0,0.115958114,-0.18,-0.18,86838418.0,86869462.0,https://www.sec.gov/Archives/edgar/data/1562528/000156252822000007/0001562528-22-000007-index.htm,https://www.sec.gov/Archives/edgar/data/1562528/000156252822000007/bsprt-20211231.htm
2020-12-31,FBRT,USD,0001562528,2021-03-11,2021-03-10 20:31:24,2020,FY,184171000.0,70209000.0,113962000.0,0.6187836304,0.2934812883674811,39262000.0,0.0,39262000.0,15529000,54791000.0,125000000.0,179872000.0,66556000.0,63522000.0,64579000.0,0.3506469531,62346000.0,0.3385223515,-6487000.0,52684000.0,0.2860602375,-2062000.0,54746000.0,0.2972563541,0.9,0.9,88769626.0,88797758.0,https://www.sec.gov/Archives/edgar/data/1562528/000156252821000007/0001562528-21-000007-index.htm,https://www.sec.gov/Archives/edgar/data/1562528/000156252821000007/bsprt-20201231.htm
2023-12-31,ATDS,USD,0001068689,2024-04-17,2024-04-16 21:56:05,2023,FY,5578942.0,1726187.0,3852755.0,0.6905888249,0.0,6149243.0,487971.0,6637214.0,0,6637214.0,8363401.0,0.0,6417407.0,631544.0,2804246.0,0.5026483516,-2784459.0,-0.4991016218,-1460249.0,-4244708.0,-0.7608446189,0.0,-4244708.0,-0.7608446189,-46.67,-46.67,90958.0,90958.0,https://www.sec.gov/Archives/edgar/data/1068689/000149315224014964/0001493152-24-014964-index.htm,https://www.sec.gov/Archives/edgar/data/1068689/000149315224014964/form10-k.htm
2022-12-31,ATDS,USD,0001068689,2023-08-24,2023-08-23 21:58:13,2022,FY,2627123.0,518843.0,2108280.0,0.80250525,0.0,5552936.0,231472.0,5784408.0,0,5784408.0,6303251.0,0.0,5979456.0,987991.0,-2746020.0,-1.0232246454,-3676128.0,-1.3992980154,-6037339.0,-9713467.0,-3.6973780824,6037339.0,-15750806.0,-5.9954581495,-4416.94,-4416.94,3566.0,3566.0,https://www.sec.gov/Archives/edgar/data/1068689/000149315223030030/0001493152-23-030030-index.htm,https://www.sec.gov/Archives/edgar/data/1068689/000149315223030030/form10-ka.htm
2021-12-31,ATDS,USD,0001068689,2022-03-31,2022-03-31 17:28:42,2021,FY,3609494.0,546888.0,3062606.0,0.848,0.0,5433113.0,266732.0,5699845.0,0,5699845.0,6246733.0,0.0,3334413.0,1140362.0,-2000379.0,-0.4147054961,-2637239.0,-0.7306395301,-3837915.0,-6475154.0,-1.7939229155,3334413.0,-9809567.0,-2.7177125104,-48322.99,-48322.99,203.0,203.0,https://www.sec.gov/Archives/edgar/data/1068689/000149315222008586/0001493152-22-008586-index.htm,https://www.sec.gov/Archives/edgar/data/1068689/000149315222008586/form10-k.htm
2020-12-31,ATDS,USD,0001068689,2021-03-23,2021-03-23 17:27:14,2020,FY,2474627.0,303515.0,2171112.0,0.8773491924,0.0,5830703.0,240894.0,6071597.0,0,6071597.0,6375112.0,0.0,2517947.0,1487305.0,-9901933.0,-0.9751691871,-3900485.0,-1.5761910785,-10006700.0,-13907185.0,-5.6199116069,2517947.0,-16425132.0,-6.6374172754,-152084.56,-152084.56,108.0,108.0,https://www.sec.gov/Archives/edgar/data/1068689/000149315221006652/0001493152-21-006652-index.htm,https://www.sec.gov/Archives/edgar/data/1068689/000149315221006652/form10-k.htm
2019-12-31,ATDS,USD,0001068689,2020-04-17,2020-04-17 13:33:31,2019,FY,1453413.0,117106.0,1336307.0,0.9194268938,4205.0,4796652.0,469529.0,5266181.0,450000,5270386.0,5387492.0,0.0,1761823.0,1498137.0,2652589.0,-1.366398952,-3934079.0,-2.7067867151,3326708.0,-607371.0,-0.4178929183,2211823.0,-2819194.0,-1.9397060574,-1409597.0,-1409597.0,2.0,2.0,https://www.sec.gov/Archives/edgar/data/1068689/000149315220006607/0001493152-20-006607-index.htm,https://www.sec.gov/Archives/edgar/data/1068689/000149315220006607/form10-k.htm
2024-12-31,G,USD,0001398659,2025-03-03,2025-03-03 13:47:19,2024,FY,4767139000.0,3077073000.0,1690066000.0,0.3545241706,0.0,0.0,0.0,967145000.0,20860000,988005000.0,4065078000.0,32293000.0,79507000.0,96254000.0,852581000.0,0.1788454249,702061000.0,0.1472709313,-25241000.0,676820000.0,0.1419761412,163150000.0,513670000.0,0.1077522598,2.88,2.85,178385972.0,180436900.0,https://www.sec.gov/Archives/edgar/data/1398659/000139865925000035/0001398659-25-000035-index.htm,https://www.sec.gov/Archives/edgar/data/1398659/000139865925000035/g-20241231.htm
2023-12-31,G,USD,0001398659,2024-02-29,2024-02-29 14:37:57,2023,FY,4476888000.0,2906223000.0,1570665000.0,0.351,0.0,0.0,0.0,913061000.0,0,939808000.0,3846031000.0,18373000.0,66308000.0,103993000.0,769775000.0,0.1719442166,630857000.0,0.1409141797,-28633000.0,602224000.0,0.1345184423,-29031000.0,631255000.0,0.1410030807,3.46,3.41,182345548.0,185141843.0,https://www.sec.gov/Archives/edgar/data/1398659/000139865924000031/0001398659-24-000031-index.htm,https://www.sec.gov/Archives/edgar/data/1398659/000139865924000031/g-20231231.htm
2022-12-31,G,USD,0001398659,2023-03-01,2023-03-01 12:33:17,2022,FY,4371172000.0,2834774000.0,1536398000.0,0.3514842244,25317000.0,0.0,0.0,938385000.0,95862000,1034247000.0,3869021000.0,5899000.0,58103000.0,116741000.0,639495000.0,0.1409862161,502151000.0,0.1148778863,-36915000.0,465236000.0,0.1064327828,111832000.0,353404000.0,0.0808487975,1.92,1.88,184184930.0,188087240.0,https://www.sec.gov/Archives/edgar/data/1398659/000139865923000009/0001398659-23-000009-index.htm,https://www.sec.gov/Archives/edgar/data/1398659/000139865923000009/g-20221231.htm
2021-12-31,G,USD,0001398659,2022-03-01,2022-03-01 12:52:59,2021,FY,4022211000.0,2590252000.0,1431959000.0,0.356,205000.0,0.0,0.0,865715000.0,57245000,922960000.0,3513212000.0,6878000.0,58312000.0,151436000.0,684984000.0,0.1650589688,508999000.0,0.1265470658,-25870000.0,483129000.0,0.1201152799,113681000.0,369448000.0,0.091851969,1.97,1.91,187802219.0,192961841.0,https://www.sec.gov/Archives/edgar/data/1398659/000139865922000009/0001398659-22-000009-index.htm,https://www.sec.gov/Archives/edgar/data/1398659/000139865922000009/g-20211231.htm
2020-12-31,G,USD,0001398659,2021-03-01,2021-03-01 13:15:39,2020,FY,3709377000.0,2418137000.0,1291240000.0,0.3481015815,5253000.0,0.0,0.0,789849000.0,62674000,852523000.0,3270660000.0,7284000.0,56244000.0,160199000.0,612136000.0,0.1593467043,438717000.0,0.1182724215,-38240000.0,400477000.0,0.1079634127,92201000.0,308276000.0,0.0831072172,1.62,1.57,190396780.0,195780971.0,https://www.sec.gov/Archives/edgar/data/1398659/000156459021009746/0001564590-21-009746-index.htm,https://www.sec.gov/Archives/edgar/data/1398659/000156459021009746/g-10k_20201231.htm
2024-12-31,VYND,USD,0001745078,2025-03-24,2025-03-24 16:05:18,2024,FY,0.0,14893.0,-14893.0,0.0,0.0,0.0,0.0,224346.0,0,224346.0,239239.0,0.0,-24055.0,0.0,-239239.0,0.0,-239239.0,0.0,-19338.0,-258577.0,0.0,2615.0,-261192.0,0.0,-0.0204,-0.0204,12785055.0,12785055.0,https://www.sec.gov/Archives/edgar/data/1745078/000107997325000452/0001079973-25-000452-index.htm,https://www.sec.gov/Archives/edgar/data/1745078/000107997325000452/vynd_10k-123124.htm
2023-12-31,VYND,USD,0001745078,2024-03-22,2024-03-22 16:35:58,2023,FY,0.0,35570.0,-35570.0,0.0,0.0,0.0,0.0,200156.0,0,200156.0,235726.0,0.0,25941.0,4.0,-235726.0,0.0,-235726.0,0.0,-25941.0,-261667.0,0.0,1770.0,-263437.0,0.0,-0.0227,-0.0227,11599830.0,11599830.0,https://www.sec.gov/Archives/edgar/data/1745078/000107997324000407/0001079973-24-000407-index.htm,https://www.sec.gov/Archives/edgar/data/1745078/000107997324000407/vynd_10k.htm
2022-12-31,VYND,USD,0001745078,2023-03-21,2023-03-21 16:18:45,2022,FY,49.0,29197.0,-29148.0,-594.8571428571,0.0,232100.0,0.0,232100.0,3700,232100.0,261297.0,13570.0,13570.0,3700.0,-257548.0,-5256.0816326531,-261248.0,-5331.5918367347,-9870.0,-271118.0,-5533.0204081633,2505.0,-273623.0,-5584.1428571429,-0.0236,-0.0236,11599830.0,11599830.0,https://www.sec.gov/Archives/edgar/data/1745078/000155335023000194/0001553350-23-000194-index.htm,https://www.sec.gov/Archives/edgar/data/1745078/000155335023000194/vynd_10k.htm
2021-12-31,VYND,USD,0001745078,2022-03-31,2022-03-31 17:30:39,2021,FY,484.0,32467.0,-31983.0,-66.081,0.0,234790.0,0.0,234790.0,6250,234790.0,267257.0,11058.0,11058.0,6250.0,-260523.0,-538.270661157,-266773.0,-551.1838842975,-4808.0,-271581.0,-561.117768595,11058.0,-282639.0,-583.9648760331,-0.0244,-0.0244,11596431.0,11596431.0,https://www.sec.gov/Archives/edgar/data/1745078/000155335022000284/0001553350-22-000284-index.htm,https://www.sec.gov/Archives/edgar/data/1745078/000155335022000284/vynd_10k.htm
2020-12-31,VYND,USD,0001745078,2021-04-07,2021-04-07 16:19:18,2020,FY,48262.0,56708.0,-8446.0,-0.175003108,0.0,362947.0,895.0,363842.0,-2000,361842.0,418550.0,8188.000000000001,8188.0,2000.0,-370288.0,-7.6724545191,-372288.0,-7.7138949898,-6188.0,-378476.0,-7.8421118064,1154.0,-379630.0,-7.866022958,-0.0331,-0.0331,11469717.0,11469717.0,https://www.sec.gov/Archives/edgar/data/1745078/000155335021000278/0001553350-21-000278-index.htm,https://www.sec.gov/Archives/edgar/data/1745078/000155335021000278/vynd_10k.htm
2024-12-31,GLTO,USD,0001800315,2025-03-19,2025-03-19 16:00:27,2024,FY,0.0,4395000.0,-4395000.0,0.0,6398000.0,10499000.0,0.0,10499000.0,968000,17865000.0,22260000.0,0.0,0.0,0.0,-22260000.0,0.0,-22260000.0,0.0,862000.0,-21398000.0,0.0,-41000.0,-21439000.0,0.0,-18.53,-18.53,1157149.0,1157149.0,https://www.sec.gov/Archives/edgar/data/1800315/000095017025041981/0000950170-25-041981-index.htm,https://www.sec.gov/Archives/edgar/data/1800315/000095017025041981/glto-20241231.htm
2023-12-31,GLTO,USD,0001800315,2024-03-08,2024-03-08 16:00:30,2023,FY,0.0,830000.0,-830000.0,0.0,23770000.0,12687000.0,0.0,12687000.0,3448000,35627000.0,36457000.0,1689000.0,0.0,830000.0,-37519000.0,0.0,-39905000.0,0.0,1556000.0,-38349000.0,0.0,0.0,-38349000.0,0.0,-36.08,-36.08,1062871.0,1062871.0,https://www.sec.gov/Archives/edgar/data/1800315/000095017024028610/0000950170-24-028610-index.htm,https://www.sec.gov/Archives/edgar/data/1800315/000095017024028610/glto-20231231.htm
2022-12-31,GLTO,USD,0001800315,2023-03-09,2023-03-09 06:02:02,2022,FY,0.0,490000.0,-490000.0,0.0,48206000.0,13001000.0,0.0,13001000.0,0,61207000.0,61207000.0,722000.0,417000.0,490000.0,-61134000.0,0.0,-61207000.0,0.0,-417000.0,-61624000.0,0.0,417000.0,-62041000.0,0.0,-61.04,-61.04,1016364.0,1016364.0,https://www.sec.gov/Archives/edgar/data/1800315/000095017023006807/0000950170-23-006807-index.htm,https://www.sec.gov/Archives/edgar/data/1800315/000095017023006807/glto-20221231.htm
2021-12-31,GLTO,USD,0001800315,2022-02-17,2022-02-17 16:26:50,2021,FY,0.0,441000.0,-441000.0,0.0,38488000.0,13739000.0,0.0,13739000.0,0,52227000.0,52227000.0,156000.0,0.0,441000.0,-51311000.0,0.0,-52227000.0,0.0,475000.0,-51752000.0,0.0,-475000.0,-51277000.0,0.0,-50.75,-50.75,1010473.0,1010473.0,https://www.sec.gov/Archives/edgar/data/1800315/000156459022005569/0001564590-22-005569-index.htm,https://www.sec.gov/Archives/edgar/data/1800315/000156459022005569/glto-10k_20211231.htm
2020-12-31,GLTO,USD,0001800315,2021-03-29,2021-03-29 06:03:34,2020,FY,0.0,188000.0,-188000.0,0.0,24627000.0,9010000.0,0.0,9010000.0,0,33637000.0,33637000.0,0.0,0.0,188000.0,-34649000.0,0.0,-33637000.0,0.0,-1200000.0,-34837000.0,0.0,1200000.0,-36037000.0,0.0,-35.66,-35.66,1010473.0,1010473.0,https://www.sec.gov/Archives/edgar/data/1800315/000156459021015916/0001564590-21-015916-index.htm,https://www.sec.gov/Archives/edgar/data/1800315/000156459021015916/glto-10k_20201231.htm
2024-12-31,AHH-PA,USD,0001569187,2025-02-28,2025-02-27 17:32:29,2024,FY,708470000.0,505020000.0,203450000.0,0.2871681229,0.0,20225000.0,0.0,20225000.0,76682000,96907000.0,601927000.0,0.0,78965000.0,90962000.0,211807000.0,0.2989639646,106543000.0,0.1503846317,-64663000.0,41880000.0,0.0591133005,-614000.0,35645000.0,0.0503126456,0.5,0.5,70662000.0,70662000.0,https://www.sec.gov/Archives/edgar/data/1569187/000156918725000016/0001569187-25-000016-index.htm,https://www.sec.gov/Archives/edgar/data/1569187/000156918725000016/ahh-20241231.htm
2023-12-31,AHH-PA,USD,0001569187,2024-02-29,2024-02-28 18:02:50,2023,FY,667158000.0,479312000.0,187846000.0,0.282,0.0,18122000.0,0.0,18122000.0,96791000,114913000.0,593571000.0,0.0,57810000.0,97984000.0,164229000.0,0.2461620785,73587000.0,0.1102992095,-64595000.0,8992000.0,0.0134780667,1329000.0,8287000.0,0.0124213455,-0.0488,-0.0482,66793294.0,67692000.0,https://www.sec.gov/Archives/edgar/data/1569187/000156918724000012/0001569187-24-000012-index.htm,https://www.sec.gov/Archives/edgar/data/1569187/000156918724000012/ahh-20231231.htm
2022-12-31,AHH-PA,USD,0001569187,2023-02-23,2023-02-23 16:57:20,2022,FY,454153000.0,299957000.0,154196000.0,0.3395243453,0.219436853202356,15691000.0,0.0,15691000.0,74710000,90401000.0,390358000.0,16978000.0,39680000.0,381755000.0,213572000.0,0.3418121206,81151000.0,0.1786864779,18657000.0,99808000.0,0.2197673471,-145000.0,74747000.0,0.1645855031,0.72,0.72,88341044.0,88341044.0,https://www.sec.gov/Archives/edgar/data/1569187/000156918723000010/0001569187-23-000010-index.htm,https://www.sec.gov/Archives/edgar/data/1569187/000156918723000010/ahh-20221231.htm
2021-12-31,AHH-PA,USD,0001569187,2022-02-24,2022-02-23 19:05:59,2021,FY,284076000.0,156446000.0,127630000.0,0.449,0.08679267812991684,14610000.0,0.0,14610000.0,69083000,83693000.0,240139000.0,18457000.0,33905000.0,239521000.0,132571000.0,0.4666744111,62696000.0,0.2207015024,-34439000.0,24713000.0,0.0869943255,-742000.0,21892000.0,0.0770638843,0.12,0.12,83645185.0,83645185.0,https://www.sec.gov/Archives/edgar/data/1569187/000156918722000008/0001569187-22-000008-index.htm,https://www.sec.gov/Archives/edgar/data/1569187/000156918722000008/ahh-20211231.htm
2020-12-31,AHH-PA,USD,0001569187,2021-02-24,2021-02-23 21:28:32,2020,FY,383634000.0,266568000.0,117066000.0,0.3051502213,0.09542915277875351,12905000.0,0.0,12905000.0,60814000,73719000.0,340287000.0,19841000.0,31035000.0,326137000.0,128269000.0,0.3239050762,48741000.0,0.1270507828,-12065000.0,36676000.0,0.0956015369,-283000.0,29152000.0,0.0759890938,0.38,0.38,57328000.0,57328000.0,https://www.sec.gov/Archives/edgar/data/1569187/000156918721000013/0001569187-21-000013-index.htm,https://www.sec.gov/Archives/edgar/data/1569187/000156918721000013/ahh-20201231.htm
2023-12-31,AOGOW,USD,0001881741,2024-05-10,2024-05-10 13:45:30,2023,FY,0.0,0.0,0.0,0.0,0.0,0.0,0.0,1162659.0,0,1362659.0,1362659.0,0.0,0.0,1362659.0,0.0,0.0,-1362660.0,0.0,3124098.0,1761438.0,0.0,299623.0,1461815.0,0.0,0.3,0.3,4841000.0,4841934.0,https://www.sec.gov/Archives/edgar/data/1881741/000121390024041641/0001213900-24-041641-index.htm,https://www.sec.gov/Archives/edgar/data/1881741/000121390024041641/ea0204333-10k_arogo.htm
2022-12-31,AOGOW,USD,0001881741,2023-03-31,2023-03-31 13:15:59,2022,FY,0.0,1462908.0,-1462908.0,0.0,0.0,0.0,0.0,1462908.0,1662958,1662958.0,1662958.0,18.0,0.0,1662958.0,-2765385.0,0.0,-1662958.0,0.0,1102445.0,-560513.0,0.0,165799.0,-726312.0,0.0,-0.24,-0.24,3079525.0,3079525.0,https://www.sec.gov/Archives/edgar/data/1881741/000121390023025215/0001213900-23-025215-index.htm,https://www.sec.gov/Archives/edgar/data/1881741/000121390023025215/f10k2022_arogocap.htm
2021-12-31,AOGOW,USD,0001881741,2022-03-31,2022-03-31 07:39:24,2021,FY,0.0,0.0,0.0,0.0,0.0,0.0,0.0,34415.0,-112880,147295.0,147292.0,0.0,0.0,252499.0,-147300.0,0.0,-147300.0,0.0,9.0,-147291.0,0.0,-252.4990000000107,-147291.0,0.0,-0.0568,-0.0568,2594563.0,2594563.0,https://www.sec.gov/Archives/edgar/data/1881741/000121390022016411/0001213900-22-016411-index.htm,https://www.sec.gov/Archives/edgar/data/1881741/000121390022016411/f10k2021_arogocapital.htm
2023-12-31,EARN,USD,0001560672,2024-03-12,2024-03-12 16:06:48,2023,FY,-65000.0,0.0,-65000.0,1.0,0.0,3318000.0,735000.0,4053000.0,0,4053000.0,4053000.0,42549000.0,45256000.0,53933000.0,49815000.0,-766.3846153846,-4118000.0,63.3538461538,8677000.0,4559000.0,-70.1384615385,0.0,4559000.0,-70.1384615385,0.31,0.31,14875314.0,14875314.0,https://www.sec.gov/Archives/edgar/data/1560672/000156067224000017/0001560672-24-000017-index.htm,https://www.sec.gov/Archives/edgar/data/1560672/000156067224000017/earn-20231231.htm
2022-12-31,EARN,USD,0001560672,2023-03-10,2023-03-10 16:12:27,2022,FY,20186000.0,1435000.0,18751000.0,0.9289111265,-2.9261627906976746,2869000.0,0.0,2869000.0,-23940000,824000.0,2259000.0,35006000.0,14820000.0,25698000.0,17927000.0,-0.7618151194,-15378000.0,-0.7618151194,-48125000.0,-30198000.0,-1.4959873179,79454000.0,-30198000.0,-1.4959873179,-2.29,-2.29,13163106.0,13163106.0,https://www.sec.gov/Archives/edgar/data/1560672/000156067223000021/0001560672-23-000021-index.htm,https://www.sec.gov/Archives/edgar/data/1560672/000156067223000021/earn-20221231.htm
2021-12-31,EARN,USD,0001560672,2022-03-11,2022-03-11 16:04:10,2021,FY,-557000.0,1314000.0,-1871000.0,3.359,-0.2127394119233882,3500000.0,0.0,3500000.0,-9252000,-5752000.0,-5752000.0,28364000.0,2723000.0,33241999.0,23389000.0,11.3267504488,-6309000.0,11.3267504488,-6309000.0,-6309000.0,11.3267504488,-6298000.0,-6309000.0,11.3267504488,-0.5,-0.5,12683761.0,12683761.0,https://www.sec.gov/Archives/edgar/data/1560672/000156067222000014/0001560672-22-000014-index.htm,https://www.sec.gov/Archives/edgar/data/1560672/000156067222000014/earn-20211231.htm
2020-12-31,EARN,USD,0001560672,2021-03-16,2021-03-16 10:15:18,2020,FY,25938000.0,1297000.0,24641000.0,0.9499961447,0.7666679373308428,3287000.0,0.0,3287000.0,-9113000,-5826000.0,-5826000.0,27320000.0,9965000.0,-3844000.0,14816000.0,0.7753874624,20112000.0,0.7753874624,5296000.0,20112000.0,0.7753874624,-59000.0,20112000.0,0.7753874624,1.63,1.63,12353246.0,12353246.0,https://www.sec.gov/Archives/edgar/data/1560672/000156067221000010/0001560672-21-000010-index.htm,https://www.sec.gov/Archives/edgar/data/1560672/000156067221000010/earn-20201231.htm
2019-12-31,EARN,USD,0001560672,2020-03-12,2020-03-12 14:47:45,2019,FY,27544000.0,1305000.0,26239000.0,0.9526212605,3.1122919871346664,3168000.0,0.0,3168000.0,-8456000,-5288000.0,-5288000.0,43846000.0,35276000.0,-15105000.0,0.0,0.8080162649,22256000.0,0.8080162649,0.0,22256000.0,0.8080162649,-2449000.0,22256000.0,0.8080162649,1.79,1.79,12461054.0,12461054.0,https://www.sec.gov/Archives/edgar/data/1560672/000156067220000010/0001560672-20-000010-index.htm,https://www.sec.gov/Archives/edgar/data/1560672/000156067220000010/earn2019123110k.htm
2024-12-31,AJG,USD,0000354190,2025-02-18,2025-02-18 06:04:58,2024,FY,11554900000.0,1753900000.0,9801000000.0,0.8482115812,0.0,6522300000.0,0.0,6522300000.0,0,6522300000.0,8276200000.0,0.0,381300000.0,842300000.0,3098400000.0,0.2681459814,3278700000.0,0.2837497512,-1403900000.0,1874800000.0,0.1622515123,404400000.0,1462700000.0,0.1265869891,6.63,6.53,220500000.0,223900000.0,https://www.sec.gov/Archives/edgar/data/354190/000095017025021775/0000950170-25-021775-index.htm,https://www.sec.gov/Archives/edgar/data/354190/000095017025021775/ajg-20241231.htm
2023-12-31,AJG,USD,0000354190,2024-02-09,2024-02-09 17:08:03,2023,FY,10071900000.0,5826600000.0,4245300000.0,0.421,0.0,0.0,0.0,0.0,2386200000,2386200000.0,8212800000.0,0.0,296700000.0,696500000.0,2178300000.0,0.2162749829,1859100000.0,0.2681718444,-674000000.0,1185100000.0,0.1176639959,219100000.0,969500000.0,0.0962579057,4.51,4.42,214900000.0,219300000.0,https://www.sec.gov/Archives/edgar/data/354190/000095017024013370/0000950170-24-013370-index.htm,https://www.sec.gov/Archives/edgar/data/354190/000095017024013370/ajg-20231231.htm
2022-12-31,AJG,USD,0000354190,2023-02-10,2023-02-10 15:16:33,2022,FY,8550600000.0,4953200000.0,3597400000.0,0.4207190139,0.0,0.0,0.0,0.0,1930500000,1930500000.0,6883700000.0,0.0,256900000.0,599600000.0,2183500000.0,0.2747760391,1666900000.0,0.2046523051,-339900000.0,1327000000.0,0.1551937876,211000000.0,1114200000.0,0.1303066451,5.3,5.19,210300000.0,214700000.0,https://www.sec.gov/Archives/edgar/data/354190/000095017023002456/0000950170-23-002456-index.htm,https://www.sec.gov/Archives/edgar/data/354190/000095017023002456/ajg-20221231.htm
2021-12-31,AJG,USD,0000354190,2022-02-18,2022-02-18 16:59:42,2021,FY,8209400000.0,5233700000.0,2975700000.0,0.362,0.0,0.0,0.0,0.0,1638700000,1638700000.0,6872400000.0,0.0,226100000.0,566300000.0,1767500000.0,0.2483859965,1337000000.0,0.1794040977,-361900000.0,975100000.0,0.1187784735,20100000.0,906800000.0,0.1104587424,4.47,4.37,202700000.0,207300000.0,https://www.sec.gov/Archives/edgar/data/354190/000156459022005714/0001564590-22-005714-index.htm,https://www.sec.gov/Archives/edgar/data/354190/000156459022005714/ajg-10k_20211231.htm
2020-12-31,AJG,USD,0000354190,2021-02-08,2021-02-05 17:42:30,2020,FY,7009400000.0,4500300000.0,2509100000.0,0.3574304643,0.0,0.0,0.0,0.0,1468900000,1468900000.0,5969200000.0,0.0,196400000.0,562400000.0,1629700000.0,0.223299446,1040200000.0,0.1429978868,-169300000.0,870900000.0,0.1243503341,12800000.0,818800000.0,0.1169113028,4.29,4.2,191000000.0,195000000.0,https://www.sec.gov/Archives/edgar/data/354190/000156459021004555/0001564590-21-004555-index.htm,https://www.sec.gov/Archives/edgar/data/354190/000156459021004555/ajg-10k_20201231.htm
2024-12-31,SEM,USD,0001320414,2025-02-20,2025-02-20 17:03:48,2024,FY,5187105000.0,4553461000.0,633644000.0,0.1221575426,0.0,225869000.0,0.0,225869000.0,139460000,365329000.0,4918790000.0,0.0,128605000.0,203894000.0,507268000.0,0.0977940489,268315000.0,0.0517273122,-93546000.0,174769000.0,0.0336929752,44782000.0,214038000.0,0.0412634793,1.74,1.74,124614000.0,124614000.0,https://www.sec.gov/Archives/edgar/data/1320414/000162828025006833/0001628280-25-006833-index.htm,https://www.sec.gov/Archives/edgar/data/1320414/000162828025006833/sem-20241231.htm
2023-12-31,SEM,USD,0001320414,2024-02-22,2024-02-22 16:33:43,2023,FY,6664058000.0,5732017000.0,932041000.0,0.14,0.0,170193000.0,0.0,170193000.0,206974000,377167000.0,6109184000.0,0.0,198639000.0,208742000.0,789737000.0,0.1185069218,554874000.0,0.0832636811,-172518000.0,382356000.0,0.0573758512,82625000.0,243491000.0,0.0365379473,1.91,1.91,123105000.0,123105000.0,https://www.sec.gov/Archives/edgar/data/1320414/000162828024006385/0001628280-24-006385-index.htm,https://www.sec.gov/Archives/edgar/data/1320414/000162828024006385/sem-20231231.htm
2022-12-31,SEM,USD,0001320414,2023-02-23,2023-02-23 16:34:08,2022,FY,6333538000.0,5600161000.0,733377000.0,0.1157926265,0.0,153035000.0,0.0,153035000.0,177059000,330094000.0,5930255000.0,169111000.0,169111000.0,205825000.0,585308000.0,0.1003412311,403283000.0,0.0636742055,-142704000.0,260579000.0,0.0411427231,62553000.0,158994000.0,0.0251035045,1.23,1.23,124628000.0,124628000.0,https://www.sec.gov/Archives/edgar/data/1320414/000162828023004854/0001628280-23-004854-index.htm,https://www.sec.gov/Archives/edgar/data/1320414/000162828023004854/sem-20221231.htm
2021-12-31,SEM,USD,0001320414,2022-02-24,2022-02-24 16:34:25,2021,FY,6204515000.0,5285149000.0,919366000.0,0.148,0.0,146975000.0,0.0,146975000.0,58617000,205592000.0,5490741000.0,5350000.0,135985000.0,202645000.0,772719000.0,0.155724823,713774000.0,0.1150410628,-84052000.0,629722000.0,0.1014941539,129773000.0,402225000.0,0.0648277907,2.99,2.99,130249000.0,130249000.0,https://www.sec.gov/Archives/edgar/data/1320414/000162828022003840/0001628280-22-003840-index.htm,https://www.sec.gov/Archives/edgar/data/1320414/000162828022003840/sem-20211231.htm
2020-12-31,SEM,USD,0001320414,2021-02-25,2021-02-25 16:36:06,2020,FY,5531713000.0,4710372000.0,821341000.0,0.1484785997,0.0,138037000.0,0.0,138037000.0,115647000,253684000.0,4964056000.0,153011000.0,153011000.0,205659000.0,683304000.0,0.1451188809,567657000.0,0.1026186644,-111184000.0,456473000.0,0.0825192847,111867000.0,258995000.0,0.0468200357,1.93,1.93,129780000.0,129780000.0,https://www.sec.gov/Archives/edgar/data/1320414/000162828021003313/0001628280-21-003313-index.htm,https://www.sec.gov/Archives/edgar/data/1320414/000162828021003313/sem-20201231.htm
2024-12-31,KVACU,USD,0001889983,2025-03-07,2025-03-06 21:50:54,2024,FY,0.0,0.0,0.0,0.0,0.0,0.0,0.0,0.0,0,0.0,0.0,2043965.0,0.0,0.0,0.0,0.0,0.0,0.0,0.0,7409180.0,0.0,0.0,7409180.0,0.0,0.55,0.55,13502427.0,13502427.0,https://www.sec.gov/Archives/edgar/data/1889983/000121390025021314/0001213900-25-021314-index.htm,https://www.sec.gov/Archives/edgar/data/1889983/000121390025021314/ea0233013-10k_keenvision.htm
2023-12-31,KVACU,USD,0000000000,2024-03-29,2024-03-29 16:06:00,2023,FY,0.0,478676.0,-478676.0,0.0,0.0,0.0,0.0,4.0,0,4.0,478676.0,1933432.0,0.0,167895.0,0.0,0.0,-478680.0,0.0,1933438.0,1454758.0,0.0,0.0,1454758.0,0.0,0.0751,0.0751,19366075.0,19366075.0,https://www.sec.gov/Archives/edgar/data/1889983/000121390024027973/0001213900-24-027973-index.htm,https://www.sec.gov/Archives/edgar/data/1889983/000121390024027973/ea0201104-10k_keenvision.htm
2022-12-31,KVACU,USD,0000000000,2022-12-31,2022-12-30 19:00:00,2022,FY,0.0,0.0,0.0,0.0,0.0,0.0,0.0,697.0,0,697.0,697.0,4.0,0.0,228485.0,-697.0,0.0,-697.0,0.0,4.0,-693.0,0.0,-228485.0,-693.0,0.0,0.0,0.0,19366075.0,19366075.0,,
2021-12-31,KVACU,USD,0000000000,2021-12-31,2021-12-29 19:00:00,2021,FY,0.0,0.0,0.0,0.0,0.0,0.0,0.0,3073.0,0,3073.0,3073.0,0.0,0.0,236558.0,-3070.0,0.0,-3070.0,0.0,-3.0,-3073.0,0.0,-236558.0,-3073.0,0.0,-0.0002,-0.0002,19366075.0,19366075.0,,
2024-12-31,HFFG,USD,0001680873,2025-03-17,2025-03-17 16:46:20,2024,FY,1201667000.0,996473000.0,205194000.0,0.170757789,0.0,0.0,198026000.0,198026000.0,46303000,244329000.0,1240802000.0,0.0,11425000.0,26677000.0,-8035000.0,-0.0066865446,-39135000.0,-0.0325672586,-7002000.0,-46137000.0,-0.0383941641,1965000.0,-48511000.0,-0.040369753,-0.92,-0.92,52552490.0,52552490.0,https://www.sec.gov/Archives/edgar/data/1680873/000168087325000006/0001680873-25-000006-index.htm,https://www.sec.gov/Archives/edgar/data/1680873/000168087325000006/hffg-20241231.htm
2023-12-31,HFFG,USD,0001680873,2024-03-26,2024-03-26 16:50:54,2023,FY,1148493000.0,944462000.0,204031000.0,0.177651061,0.0,0.0,195062000.0,195062000.0,0,195062000.0,1139524000.0,0.0,11478000.0,25918000.0,34775000.0,0.0302788088,8969000.0,0.0078093641,-11590000.0,-2621000.0,-0.002282121,41000.0,-2174000.0,-0.0018929153,-0.0404,-0.0404,53878237.0,53878237.0,https://www.sec.gov/Archives/edgar/data/1680873/000168087324000010/0001680873-24-000010-index.htm,https://www.sec.gov/Archives/edgar/data/1680873/000168087324000010/hffg-20231231.htm
2022-12-31,HFFG,USD,0001680873,2023-03-31,2023-03-31 16:21:19,2022,FY,1170467000.0,964955000.0,205512000.0,0.1755811996,0.0,5744000.0,194953000.0,194953000.0,-3915000,194953000.0,1159908000.0,6640000.0,7457000.0,29378000.0,36839000.0,0.0056763668,-18292000.0,-0.0156279502,-10555000.0,4000.0,3.4174e-06,-231000.0,235000.0,0.0002007746,0.0044,0.0044,53757162.0,53863448.0,https://www.sec.gov/Archives/edgar/data/1680873/000168087323000011/0001680873-23-000011-index.htm,https://www.sec.gov/Archives/edgar/data/1680873/000168087323000011/hffg-20221231.htm
2021-12-31,HFFG,USD,0001680873,2023-01-31,2023-01-31 16:08:57,2021,FY,796884000.0,645372000.0,151512000.0,0.19,0.0,0.0,122030000.0,122030000.0,508000,122030000.0,767402000.0,2666000.0,4091000.0,21416000.0,52831000.0,0.0616350686,29482000.0,0.0369966018,-2158000.0,27324000.0,0.0342885539,4503000.0,22145000.0,0.0277894901,0.43,0.43,51918323.0,52091822.0,https://www.sec.gov/Archives/edgar/data/1680873/000168087323000004/0001680873-23-000004-index.htm,https://www.sec.gov/Archives/edgar/data/1680873/000168087323000004/hffg-20211231.htm
2020-12-31,HFFG,USD,0001680873,2021-03-16,2021-03-16 07:20:08,2020,FY,566831075.0,466539492.0,100291583.0,0.1769338122,0.0,0.0,106126392.0,106126392.0,1355706,106126392.0,572665884.0,529.0,3922191.0,20878000.0,-322745000.0,0.0236225969,-4478574.0,-0.0079010735,-4145000.0,-347512530.0,-0.6130795317,-4831731.0,-342680799.0,-0.6045554207,-6.58,-6.58,52095585.0,52095585.0,https://www.sec.gov/Archives/edgar/data/1680873/000168087321000006/0001680873-21-000006-index.htm,https://www.sec.gov/Archives/edgar/data/1680873/000168087321000006/hffg-20201231.htm
2023-12-31,VCIG,MYR,0001930510,2024-04-30,2024-04-30 08:38:37,2023,FY,90798144.0,34507466.0,56290678.0,0.6199540599,0.0,32244494.0,1566434.0,15653443.0,0,15653443.0,50160909.0,1904328.0,177941.0,742945.0,33430975.0,0.3681900701,40637235.0,0.4475557892,-8041793.0,32595442.0,0.3589879767,-619698.0,35666176.0,0.3928073243,47.49,47.49,751079.0,751079.0,https://www.sec.gov/Archives/edgar/data/1930510/000121390024037483/0001213900-24-037483-index.htm,https://www.sec.gov/Archives/edgar/data/1930510/000121390024037483/ea0203418-20f_vciglobal.htm
2022-12-31,VCIG,MYR,0001930510,2023-05-15,2023-05-15 14:49:27,2022,FY,35569882.0,7655889.0,27913993.0,0.7847648468,0.0,11176480.0,1110233.0,12286713.0,153693,15020601.0,22676490.0,49.0,51104.0,467616.0,14242715.0,0.3791177041,13017556.0,0.3659713012,-2457741.0,13723995.0,0.3858318956,-6590981.0,21585041.0,0.6068347654,0.63,0.63,34412300.0,34412300.0,https://www.sec.gov/Archives/edgar/data/1930510/000157587223000741/0001575872-23-000741-index.htm,https://www.sec.gov/Archives/edgar/data/1930510/000157587223000741/vcig-20221231.htm
2021-12-31,VCIG,MYR,0001930510,2021-12-31,2021-12-31 00:00:00,2021,FY,47475042.0,10300051.0,37174991.0,0.783,0.0,6262180.0,339875.0,6602055.0,127784,7996314.0,18296365.0,1571.0,106473.0,55232.0,27510373.0,0.6177549248,29272709.0,0.6165915346,-2417276.0,27058298.0,0.5699478475,7120480.0,20339137.0,0.428417462,0.55,0.55,36808428.0,36808428.0,,
2020-12-31,VCIG,MYR,0001930510,2020-12-31,2020-12-31 00:00:00,2020,FY,3648406.0,416179.0,3232227.0,0.8859285398,0.0,4723.0,0.0,4723.0,402250,20264.0,436443.0,0.0,0.0,-3203185.0,0.0,0.9882219797,3605435.0,0.9882219797,-3463.0,3601972.0,0.987272798,872882.0,2729090.0,0.7480225611,0.0741,0.0735,36808428.0,37137244.0,,
2024-12-31,JOE,USD,0000745308,2025-02-26,2025-02-26 16:18:01,2024,FY,402737000.0,235516000.0,167221000.0,0.4152114159,0.0,0.0,0.0,0.0,71635000,71635000.0,307151000.0,13504000.0,33584000.0,46385000.0,178317000.0,0.4427628949,95586000.0,0.2373409942,2762000.0,98348000.0,0.2441990679,25952000.0,74189000.0,0.1842120292,1.27,1.27,58326286.0,58346726.0,https://www.sec.gov/Archives/edgar/data/745308/000155837025001603/0001558370-25-001603-index.htm,https://www.sec.gov/Archives/edgar/data/745308/000155837025001603/joe-20241231x10k.htm
2023-12-31,JOE,USD,0000745308,2024-02-21,2024-02-21 16:18:41,2023,FY,389285000.0,235979000.0,153306000.0,0.394,0.0,23797000.0,0.0,23797000.0,38776000,62573000.0,298552000.0,13282000.0,30618000.0,38776000.0,129509000.0,0.3326842802,90733000.0,0.233076024,9328000.0,100061000.0,0.2570379028,26009000.0,77712000.0,0.1996275223,1.33,1.33,58312878.0,58324254.0,https://www.sec.gov/Archives/edgar/data/745308/000155837024001435/0001558370-24-001435-index.htm,https://www.sec.gov/Archives/edgar/data/745308/000155837024001435/joe-20231231x10k.htm
2022-12-31,JOE,USD,0000745308,2023-02-22,2023-02-22 16:22:05,2022,FY,252300000.0,146600000.0,105700000.0,0.4189456996,0.3749866241811026,13300000.0,1100000.0,14400000.0,29900000,44300000.0,190900000.0,9888000.0,18400000.0,190880000.0,84355000.0,0.4994054697,103112000.0,0.4086880698,33150000.0,94600000.0,0.3749504558,24400000.0,70927000.0,0.2811216805,1.21,1.21,58720050.0,58721338.0,https://www.sec.gov/Archives/edgar/data/745308/000155837023001760/0001558370-23-001760-index.htm,https://www.sec.gov/Archives/edgar/data/745308/000155837023001760/joe-20221231x10k.htm
2021-12-31,JOE,USD,0000745308,2022-02-23,2022-02-23 16:37:30,2021,FY,267000000.0,132000000.0,135000000.0,0.506,0.3697845660609148,13600000.0,1600000.0,15200000.0,25300000,40500000.0,172500000.0,9109000.0,15900000.0,174411000.0,112659000.0,0.4737827715,94500000.0,0.3539325843,4274000.0,99600000.0,0.3730337079,25000000.0,74553000.0,0.2792247191,1.27,1.27,58882549.0,58882549.0,https://www.sec.gov/Archives/edgar/data/745308/000155837022001751/0001558370-22-001751-index.htm,https://www.sec.gov/Archives/edgar/data/745308/000155837022001751/joe-20211231x10k.htm
2020-12-31,JOE,USD,0000745308,2021-02-24,2021-02-24 17:15:39,2020,FY,160500000.0,77700000.0,82800000.0,0.5158878505,0.3684095792719006,22906000.0,0.0,22906000.0,35700000,35700000.0,113400000.0,9645000.0,13600000.0,113470000.0,57873000.0,0.5059190031,68412000.0,0.4262429907,12065000.0,59800000.0,0.3725856698,13700000.0,45203000.0,0.2816386293,0.77,0.77,59009865.0,59009865.0,https://www.sec.gov/Archives/edgar/data/745308/000155837021001636/0001558370-21-001636-index.htm,https://www.sec.gov/Archives/edgar/data/745308/000155837021001636/joe-20201231x10k.htm
2024-12-31,TNYA,USD,0001858848,2025-03-10,2025-03-10 16:19:50,2024,FY,0.0,0.0,0.0,0.0,86742000.0,29206000.0,0.0,29206000.0,0,115948000.0,0.0,4737000.0,0.0,0.0,-115948000.0,0.0,-115948000.0,0.0,4819000.0,-111129000.0,0.0,0.0,-111129000.0,0.0,-1.31,-1.31,84822468.0,84822468.0,https://www.sec.gov/Archives/edgar/data/1858848/000095017025036329/0000950170-25-036329-index.htm,https://www.sec.gov/Archives/edgar/data/1858848/000095017025036329/tnya-20241231.htm
2023-12-31,TNYA,USD,0001858848,2024-03-18,2024-03-18 16:10:11,2023,FY,0.0,8687000.0,-8687000.0,0.0,98038000.0,33155000.0,0.0,33155000.0,0,131193000.0,131193000.0,7056000.0,0.0,8687000.0,-122506000.0,0.0,-131193000.0,0.0,7109000.0,-124084000.0,0.0,0.0,-124084000.0,0.0,-1.68,-1.68,73786126.0,73786126.0,https://www.sec.gov/Archives/edgar/data/1858848/000095017024032828/0000950170-24-032828-index.htm,https://www.sec.gov/Archives/edgar/data/1858848/000095017024032828/tnya-20231231.htm
2022-12-31,TNYA,USD,0001858848,2023-03-08,2023-03-08 16:34:20,2022,FY,0.0,8713000.0,-8713000.0,0.0,94537000.0,31084000.0,0.0,31084000.0,2000,125621000.0,125621000.0,1954000.0,0.0,8713000.0,-114952000.0,0.0,-125621000.0,0.0,1956000.0,-123665000.0,0.0,-1956.0,-123663044.0,0.0,-2.76,-2.76,44823597.0,44823597.0,https://www.sec.gov/Archives/edgar/data/1858848/000095017023006725/0000950170-23-006725-index.htm,https://www.sec.gov/Archives/edgar/data/1858848/000095017023006725/tnya-20221231.htm
2021-12-31,TNYA,USD,0001858848,2022-03-23,2022-03-23 16:27:25,2021,FY,0.0,4025000.0,-4025000.0,0.0,54393000.0,18413000.0,0.0,18413000.0,-23000,72806000.0,72806000.0,108000.0,0.0,4025000.0,-68696000.0,0.0,-72806000.0,0.0,85000.0,-72721000.0,0.0,-3069000.0,-69652000.0,0.0,-1.69,-1.69,41291374.0,41291374.0,https://www.sec.gov/Archives/edgar/data/1858848/000095017022004426/0000950170-22-004426-index.htm,https://www.sec.gov/Archives/edgar/data/1858848/000095017022004426/tnya-20211231.htm
2020-12-31,TNYA,USD,0001858848,2020-12-31,2020-12-31 00:00:00,2020,FY,0.0,2483000.0,-2483000.0,0.0,31099000.0,7813000.0,0.0,7813000.0,430000,38912000.0,38912000.0,87000.0,0.0,2483000.0,-36429000.0,0.0,-38912000.0,0.0,517000.0,-38395000.0,0.0,-87000.0,-38308000.0,0.0,-0.93,-0.93,41124727.0,41124727.0,,
2024-12-31,EH,CNY,0001759783,2024-12-31,2024-12-31 00:00:00,2024,FY,456152000.0,176206000.0,279946000.0,0.613712096,199465000.0,232716000.0,131026999.0,363743000.0,-29869000,533339000.0,709545000.0,0.0,0.0,13229000.0,-240164000.0,-0.5264999386,-253393000.0,-0.5555012364,23747000.0,-229646000.0,-0.5034418352,386000.0,-229776000.0,-0.5037268279,-3.42,-3.42,67183509.0,67183500.0,,
2023-12-31,EH,CNY,0001759783,2024-04-15,2024-04-15 06:52:11,2023,FY,117426000.0,42115000.0,75311000.0,0.641,167315000.0,150092000.0,60389000.0,210481000.0,-6233000,371563000.0,413678000.0,8484000.0,14953000.0,21360000.0,-264262000.0,-2.2504556061,-296252000.0,-2.5228824962,-5883000.0,-302135000.0,-2.5729821334,206000.0,-301700000.0,-2.5692776727,-2.48,-2.48,121494008.0,121494000.0,https://www.sec.gov/Archives/edgar/data/1759783/000119312524095477/0001193125-24-095477-index.htm,https://www.sec.gov/Archives/edgar/data/1759783/000119312524095477/d709315d20f.htm
2022-12-31,EH,CNY,0001759783,2022-12-31,2022-12-31 00:00:00,2022,FY,44317000.0,15098000.0,29219000.0,0.6593180946,135082000.0,151065000.0,53116000.0,204181000.0,-6094000,333169000.0,348267000.0,4669000.0,3819000.0,20893000.0,-304736000.0,-7.3141458131,-303950000.0,-6.8585418688,-25498000.0,-329448000.0,-7.4338966988,79000.0,-329527000.0,-7.4356793104,-2.87,-2.87,114695000.0,114695000.0,,
2021-12-31,EH,CNY,0001759783,2022-04-28,2022-04-28 06:16:50,2021,FY,56807000.0,20777000.0,36030000.0,0.634,137148000.0,187388000.0,43229000.0,230617000.0,-11199000,356566000.0,377343000.0,5143000.0,1803000.0,7773000.0,-312763000.0,-5.4721425176,-320536000.0,-5.6425440527,7050000.0,-313486000.0,-5.5184396289,134000.0,-313620000.0,-5.5207984931,-2.78,-2.78,112985000.0,112985000.0,https://www.sec.gov/Archives/edgar/data/1759783/000119312522125165/0001193125-22-125165-index.htm,https://www.sec.gov/Archives/edgar/data/1759783/000119312522125165/d246892d20f.htm
2020-12-31,EH,CNY,0001759783,2021-06-15,2021-06-15 07:35:01,2020,FY,180093000.0,73914000.0,106179000.0,0.5895787177,105252000.0,61613000.0,37186000.0,98799000.0,-6576000,197475000.0,271389000.0,3795000.0,2337000.0,6192000.0,-85104000.0,-0.4620335049,-91296000.0,-0.506938082,-775000.0,-92071000.0,-0.5112414142,206000.0,-92277000.0,-0.5123852676,-0.84,-0.84,109563000.0,109563000.0,https://www.sec.gov/Archives/edgar/data/1759783/000119312521190578/0001193125-21-190578-index.htm,https://www.sec.gov/Archives/edgar/data/1759783/000119312521190578/d71703d20f.htm
2024-03-31,SHECF,JPY,0000000000,2024-03-31,2024-03-29 20:00:00,2024,FY,2414937000000.0,1503728000000.0,911209000000.0,0.3773220585,0.0,81454000000.0,57779000000.0,205018000000.0,0,210171000000.0,1713899000000.0,67959000000.0,1501000000.0,227619000000.0,1024793000000.0,0.4243559977,701038000000.0,0.290292459,94635000000.0,795673000000.0,0.3294798167,230513000000.0,520140000000.0,0.2153845007,259.13,259.17,2007245417.0,2006983000.0,,
2023-03-31,SHECF,JPY,0000000000,2023-03-31,2023-03-30 20:00:00,2023,FY,2808824000000.0,1597969000000.0,1210855000000.0,0.431,67201000000.0,70099000000.0,75353000000.0,145452000000.0,5507000000,212653000000.0,1810622000000.0,16575000000.0,1490000000.0,213632000000.0,1235333000000.0,0.4314382104,998202000000.0,0.3553807572,22009000000.0,1020211000000.0,0.3632164208,256590000000.0,708238000000.0,0.252147518,347.84,347.61,2036096000.0,2037377000.0,,
2022-03-31,SHECF,JPY,0000000000,2022-03-31,2022-03-30 20:00:00,2022,FY,2074428000000.0,1209439000000.0,864989000000.0,0.4169771137,62455000000.0,62926000000.0,66925000000.0,129851000000.0,-1872000000,192306000000.0,1401745000000.0,2376000000.0,983000000.0,168788000000.0,841471000000.0,0.4056400126,672683000000.0,0.3242739685,19815000000.0,696137000000.0,0.3355802178,171105000000.0,500117000000.0,0.2410866996,240.76,240.56,2077245000.0,2078945000.0,,
2021-03-31,SHECF,JPY,0000000000,2021-03-31,2021-03-30 20:00:00,2021,FY,1496906000000.0,953647000000.0,543259000000.0,0.363,51264000000.0,55313000000.0,44468000000.0,99781000000.0,9340000000,151045000000.0,1104692000000.0,5016000000.0,728000000.0,144461000000.0,536675000000.0,0.3585228465,392214000000.0,0.2620164526,9931000000.0,402145000000.0,0.2686508037,102968000000.0,293732000000.0,0.1962260823,141.35,141.25,2078010000.0,2079415000.0,,
2020-03-31,SHECF,JPY,0000000000,2020-03-31,2020-03-30 20:00:00,2020,FY,1543525000000.0,989953000000.0,553572000000.0,0.3586414214,48536000000.0,57610000000.0,41385000000.0,98995000000.0,-8341000000,147531000000.0,1137484000000.0,10777000000.0,749000000.0,131702000000.0,537743000000.0,0.3483863235,406041000000.0,0.263060851,19976000000.0,426017000000.0,0.2760026563,107726000000.0,314027000000.0,0.2034479519,151.03,151.0,2079190000.0,2079580000.0,,
2024-12-31,FCNCP,USD,0000798941,2025-02-21,2025-02-21 16:55:40,2024,FY,12353000000.0,0.0,12353000000.0,1.0,0.0,3435000000.0,76000000.0,3511000000.0,6219000000,9730000000.0,9730000000.0,12353000000.0,5210000000.0,130000000.0,0.0,0.0,1048000000.0,0.0848376912,2544000000.0,3592000000.0,0.2907795677,815000000.0,2777000000.0,0.2248036914,197.88,197.87,14341872.0,14342655.0,https://www.sec.gov/Archives/edgar/data/798941/000079894125000010/0000798941-25-000010-index.htm,https://www.sec.gov/Archives/edgar/data/798941/000079894125000010/fcnca-20241231.htm
2023-12-31,FCNCP,USD,0000798941,2024-02-23,2024-02-23 16:20:20,2023,FY,7604000000.0,3524000000.0,4080000000.0,0.537,0.0,3016000000.0,102000000.0,4273000000.0,0,4273000000.0,4273000000.0,10391000000.0,3679000000.0,314000000.0,371000000.0,0.0487901105,3331000000.0,0.4380589164,8746000000.0,12077000000.0,1.58824303,611000000.0,11466000000.0,1.5078905839,785.18,784.55,14527902.0,14539613.0,https://www.sec.gov/Archives/edgar/data/798941/000079894124000018/0000798941-24-000018-index.htm,https://www.sec.gov/Archives/edgar/data/798941/000079894124000018/fcnca-20231231.htm
2022-12-31,FCNCP,USD,0000798941,2023-02-24,2023-02-24 15:29:15,2022,FY,4541000000.0,1995000000.0,2546000000.0,0.5606694561,0.0,1616000000.0,53000000.0,1669000000.0,-504000000,110000000.0,110000000.0,3413000000.0,467000000.0,533000000.0,864000000.0,0.7284739044,2775000000.0,0.6110988769,-87000000.0,1362000000.0,0.2999339353,264000000.0,1098000000.0,0.241796961,67.47,67.4,15531924.0,15549944.0,https://www.sec.gov/Archives/edgar/data/798941/000079894123000017/0000798941-23-000017-index.htm,https://www.sec.gov/Archives/edgar/data/798941/000079894123000017/fcnca-20221231.htm
2021-12-31,FCNCP,USD,0000798941,2022-02-25,2022-02-25 16:02:15,2021,FY,1838593000.0,0.0,1838593000.0,1.0,0.0,772985000.0,9763000.0,772985000.0,-1909917000,-1136932000.0,-1136932000.0,1451010000.0,60676000.0,132167000.0,814128000.0,0.4535141818,701661000.0,0.381629322,-148339000.0,701661000.0,0.381629322,154202000.0,547000000.0,0.2975101069,53.88,53.88,9816405.0,9816405.0,https://www.sec.gov/Archives/edgar/data/798941/000079894122000014/0000798941-22-000014-index.htm,https://www.sec.gov/Archives/edgar/data/798941/000079894122000014/fcnca-20211231.htm
2020-12-31,FCNCP,USD,0000798941,2021-02-24,2021-02-24 16:57:04,2020,FY,1864919000.0,0.0,1864919000.0,1.0,0.0,747144000.0,10010000.0,757154000.0,-2004191000,-1247037000.0,-1247037000.0,1484026000.0,95857000.0,141442000.0,719433000.0,0.4071619196,617882000.0,0.3313184111,13999000.0,617882000.0,0.3313184111,126159000.0,492000000.0,0.2638184286,47.5,47.5,10056654.0,10056654.0,https://www.sec.gov/Archives/edgar/data/798941/000079894121000014/0000798941-21-000014-index.htm,https://www.sec.gov/Archives/edgar/data/798941/000079894121000014/fcnca-20201231.htm
2024-12-31,JELD,USD,0001674335,2025-02-20,2025-02-20 17:02:36,2024,FY,3775592000.0,3086618000.0,688974000.0,0.182481052,0.0,654536000.0,0.0,654536000.0,160884000,815420000.0,3902038000.0,0.0,67237000.0,125786000.0,22205000.0,0.0058811969,-126446000.0,-0.0334903771,-44372000.0,-170818000.0,-0.0452427063,16762000.0,-189020000.0,-0.0500636721,-2.24,-2.24,84554174.0,84554174.0,https://www.sec.gov/Archives/edgar/data/1674335/000167433525000055/0001674335-25-000055-index.htm,https://www.sec.gov/Archives/edgar/data/1674335/000167433525000055/jeld-20241231.htm
2023-12-31,JELD,USD,0001674335,2024-02-20,2024-02-20 15:49:02,2023,FY,4304334000.0,3475613000.0,828721000.0,0.193,0.0,626984000.0,30100000.0,661826000.0,25295000,687121000.0,4162734000.0,0.0,72258000.0,140192000.0,302738000.0,0.0703332966,141600000.0,0.0328970754,-53026000.0,88574000.0,0.0205778641,63339000.0,62445000.0,0.0145074708,0.73,0.73,84995515.0,85874035.0,https://www.sec.gov/Archives/edgar/data/1674335/000167433524000059/0001674335-24-000059-index.htm,https://www.sec.gov/Archives/edgar/data/1674335/000167433524000059/jeld-20231231.htm
2022-12-31,JELD,USD,0001674335,2023-02-21,2023-02-21 09:02:25,2022,FY,5129200000.0,4183800000.0,945400000.0,0.1843172425,0.0,-4473000.0,766100000.0,766100000.0,54900000,766100000.0,4949900000.0,82060000.0,82100000.0,131753999.0,250323000.0,0.0456601419,106200000.0,0.0207049832,-75952000.0,79000000.0,0.015402012,33300000.0,45727000.0,0.0089150355,0.53,0.53,86374499.0,87075176.0,https://www.sec.gov/Archives/edgar/data/1674335/000167433523000039/0001674335-23-000039-index.htm,https://www.sec.gov/Archives/edgar/data/1674335/000167433523000039/jeld-20221231.htm
2021-12-31,JELD,USD,0001674335,2022-02-22,2022-02-22 08:53:15,2021,FY,4771700000.0,3796500000.0,975200000.0,0.204,0.0,-464000.0,704900000.0,704900000.0,14500000,704900000.0,4501400000.0,77566000.0,77600000.0,137247000.0,418075000.0,0.0597271413,147753000.0,0.0309644362,-11447000.0,204400000.0,0.0428358866,35500000.0,168822000.0,0.0353798437,1.75,1.72,96563155.0,98371142.0,https://www.sec.gov/Archives/edgar/data/1674335/000167433522000028/0001674335-22-000028-index.htm,https://www.sec.gov/Archives/edgar/data/1674335/000167433522000028/jeld-20211231.htm
2020-12-31,JELD,USD,0001674335,2021-02-23,2021-02-23 16:39:26,2020,FY,4235700000.0,3333800000.0,901900000.0,0.2129282055,0.0,1646000.0,702700000.0,702700000.0,2800000,702700000.0,4036500000.0,74800000.0,74800000.0,134623000.0,326098000.0,0.0476898742,67377000.0,0.0159069339,-72048000.0,116700000.0,0.0275515263,25100000.0,91586000.0,0.0216224001,0.91,0.9,100633392.0,101681981.0,https://www.sec.gov/Archives/edgar/data/1674335/000167433521000012/0001674335-21-000012-index.htm,https://www.sec.gov/Archives/edgar/data/1674335/000167433521000012/jeld-20201231.htm
2024-12-31,HIW,USD,0000921082,2025-02-11,2025-02-11 16:09:03,2024,FY,830020000.0,272173000.0,557847000.0,0.672,0.0,41903000.0,0.0,41903000.0,0,41903000.0,314076000.0,0.0,147198000.0,257581000.0,474479000.0,0.3596315123,515944000.0,-0.0024701463,-411690000.0,104254000.0,4.11691e-05,0.0,102248000.0,4.11691e-05,0.94,0.94,106167000.0,108319000.0,https://www.sec.gov/Archives/edgar/data/921082/000092108225000004/0000921082-25-000004-index.htm,https://www.sec.gov/Archives/edgar/data/921082/000092108225000004/hiw-20241231.htm
2023-12-31,HIW,USD,0000921082,2024-02-06,2024-02-06 16:05:40,2023,FY,833997000.0,268782000.0,565215000.0,0.678,0.0,42857000.0,0.0,42857000.0,299411000,342268000.0,617204000.0,0.0,136710000.0,305565000.0,528512000.0,0.6337097136,224054000.0,0.2686508465,-72724000.0,151330000.0,0.181451492,0.0,148715000.0,0.1783159891,1.42,1.39,105529000.0,107785000.0,https://www.sec.gov/Archives/edgar/data/921082/000092108224000006/0000921082-24-000006-index.htm,https://www.sec.gov/Archives/edgar/data/921082/000092108224000006/hiw-20231231.htm
2022-12-31,HIW,USD,0000921082,2023-02-07,2023-02-07 16:05:28,2022,FY,828929000.0,259806000.0,569123000.0,0.686576293,0.20172876346614813,42266000.0,0.0,42266000.0,287610000,329876000.0,589682000.0,105385000.0,105385000.0,595092000.0,283940000.0,0.6392851499,242354000.0,0.2923700341,-75289000.0,163958000.0,0.1977949861,105385000.0,58573000.0,0.0706610578,0.56,0.56,105120000.0,105120000.0,https://www.sec.gov/Archives/edgar/data/921082/000092108223000006/0000921082-23-000006-index.htm,https://www.sec.gov/Archives/edgar/data/921082/000092108223000006/hiw-20221231.htm
2021-12-31,HIW,USD,0000921082,2022-02-08,2022-02-08 16:04:51,2021,FY,768007000.0,236436000.0,531571000.0,0.692,0.41455207125925464,40553000.0,0.0,40553000.0,259255000,299808000.0,536244000.0,85853000.0,85853000.0,540061000.0,250934000.0,0.6436907476,237007000.0,0.3086000518,91547000.0,323310000.0,0.4209727255,101130000.0,222180000.0,0.2892942382,2.13,2.08,104232000.0,107061000.0,https://www.sec.gov/Archives/edgar/data/921082/000092108222000006/0000921082-22-000006-index.htm,https://www.sec.gov/Archives/edgar/data/921082/000092108222000006/hiw-20211231.htm
2020-12-31,HIW,USD,0000921082,2021-02-09,2021-02-09 16:07:13,2020,FY,736900000.0,231825000.0,505075000.0,0.6854050753,0.479500662939308,41031000.0,0.0,41031000.0,241585000,282616000.0,514441000.0,80962000.0,80962000.0,517424999.0,232247000.0,0.6328429909,227294000.0,0.3084461935,135455000.0,357914000.0,0.4857022663,96309000.0,261605000.0,0.3550074637,2.52,2.45,103876000.0,106714000.0,https://www.sec.gov/Archives/edgar/data/921082/000092108221000003/0000921082-21-000003-index.htm,https://www.sec.gov/Archives/edgar/data/921082/000092108221000003/hiw-20201231.htm
2024-12-31,OWLT,USD,0001816708,2025-03-11,2025-03-11 16:46:25,2024,FY,78056000.0,38748000.0,39308000.0,0.5035871682,9801000.0,33967000.0,15760000.0,49727000.0,0,59528000.0,98276000.0,0.0,1630000.0,1381000.0,-9471000.0,-0.1213359639,-20220000.0,-0.2590447884,7738000.0,-12482000.0,-0.1599108332,54000.0,-12536000.0,-0.1606026443,-0.83,-0.83,15108332.0,15108332.0,https://www.sec.gov/Archives/edgar/data/1816708/000162828025012035/0001628280-25-012035-index.htm,https://www.sec.gov/Archives/edgar/data/1816708/000162828025012035/owlt-20241231.htm
2023-12-31,OWLT,USD,0001816708,2024-04-29,2024-04-29 17:02:38,2023,FY,54010000.0,31423000.0,22587000.0,0.418,10349000.0,27343000.0,13527000.0,40870000.0,0,51219000.0,82642000.0,0.0,3191000.0,2211000.0,-27489000.0,-0.5089613035,-28632000.0,-0.5301240511,-4259000.0,-32891000.0,-0.6089798186,10000.0,-32901000.0,-0.6091649695,-3.98,-3.98,8276481.0,8276481.0,https://www.sec.gov/Archives/edgar/data/1816708/000162828024019069/0001628280-24-019069-index.htm,https://www.sec.gov/Archives/edgar/data/1816708/000162828024019069/owlt-20231231.htm
2022-12-31,OWLT,USD,0001816708,2023-05-01,2023-05-01 16:04:27,2022,FY,69200000.0,45900000.0,23300000.0,0.3367052023,27900000.0,41500000.0,38500000.0,80000000.0,100000,107900000.0,153800000.0,1104000.0,1100000.0,2671000.0,-75532000.0,-1.2210982659,-84600000.0,-1.2225433526,5312000.0,-79300000.0,-1.1459537572,-6400.0,-79293600.0,-1.1458612717,-9.97,-9.97,7950757.0,7950757.0,https://www.sec.gov/Archives/edgar/data/1816708/000162828023014554/0001628280-23-014554-index.htm,https://www.sec.gov/Archives/edgar/data/1816708/000162828023014554/owlt-20221231.htm
2021-12-31,OWLT,USD,0001816708,2022-03-25,2022-03-25 16:43:06,2021,FY,75800000.0,40800000.0,35000000.0,0.462,21400000.0,32300000.0,37100000.0,69400000.0,-300000,90800000.0,131600000.0,27833000.0,27900000.0,1133000.0,-42707000.0,-0.7387862797,-55700000.0,-0.734828496,-15881000.0,-71700000.0,-0.9459102902,26467000.0,-98167000.0,-1.2950791557,-12.47,-12.47,7873996.0,7873997.0,https://www.sec.gov/Archives/edgar/data/1816708/000162828022007346/0001628280-22-007346-index.htm,https://www.sec.gov/Archives/edgar/data/1816708/000162828022007346/owlt-20211231.htm
2020-12-31,OWLT,USD,0001816708,2021-03-25,2021-03-25 17:06:35,2020,FY,75403000.0,39526000.0,35877000.0,0.47580335,10465000.0,13140000.0,19263000.0,32403000.0,-176000,42868000.0,82394000.0,1382000.0,1382000.0,873000.0,-8246000.0,-0.0834714799,-6991000.0,-0.092715144,-3510000.0,-10501000.0,-0.139265016,20000.0,-10521000.0,-0.1395302574,-5.12,-5.12,2053571.0,2053571.0,https://www.sec.gov/Archives/edgar/data/1816708/000114036121010041/0001140361-21-010041-index.htm,https://www.sec.gov/Archives/edgar/data/1816708/000114036121010041/brhc10022111_10k.htm
2024-12-29,KELYA,USD,0000055135,2025-02-13,2025-02-13 13:51:23,2024,FY,882600000.0,0.0,882600000.0,1.0,0.0,0.0,0.0,818400000.0,79300000,897700000.0,897700000.0,6800000.0,10900000.0,50900000.0,39900000.0,0.0452073419,-15100000.0,-0.0171085429,-6800000.0,-21900000.0,-0.0248130523,-21300000.0,-600000.0,-0.0006798097,-0.62,-0.62,35500000.0,35500000.0,https://www.sec.gov/Archives/edgar/data/55135/000005513525000007/0000055135-25-000007-index.htm,https://www.sec.gov/Archives/edgar/data/55135/000005513525000007/kelya-20241229.htm
2023-12-31,KELYA,USD,0000055135,2024-02-20,2024-02-20 15:49:01,2023,FY,4835700000.0,3874300000.0,961400000.0,0.199,0.0,867400000.0,7800000.0,934700000.0,2400000,937100000.0,4811400000.0,6700000.0,3200000.0,50100000.0,78200000.0,0.0161713919,24300000.0,0.0050251256,600000.0,24900000.0,0.0051492028,-11500000.0,36400000.0,0.0075273487,0.99,0.98,35900000.0,36300000.0,https://www.sec.gov/Archives/edgar/data/55135/000005513524000007/0000055135-24-000007-index.htm,https://www.sec.gov/Archives/edgar/data/55135/000005513524000007/kelya-20231231.htm
2023-01-01,KELYA,USD,0000055135,2023-02-16,2023-02-16 16:12:11,2022,FY,4965400000.0,3953600000.0,1011800000.0,0.203770089,0.0,937100000.0,6400000.0,943500000.0,1600000,943500000.0,4897100000.0,2300000.0,2100000.0,55700000.0,-13400000.0,0.0390905063,142200000.0,0.0286381762,-86000000.0,-71200000.0,-0.0143392275,-7900000.0,-63300000.0,-0.0127482177,-1.66,-1.66,38100000.0,38100000.0,https://www.sec.gov/Archives/edgar/data/55135/000005513523000005/0000055135-23-000005-index.htm,https://www.sec.gov/Archives/edgar/data/55135/000005513523000005/kelya-20230101.htm
2022-01-02,KELYA,USD,0000055135,2022-02-17,2022-02-17 15:56:58,2021,FY,4909700000.0,3990500000.0,919200000.0,0.187,0.0,863100000.0,7500000.0,870600000.0,15400000,870600000.0,4861100000.0,200000.0,2500000.0,52800000.0,241100000.0,0.0202863719,48600000.0,0.0098987718,137200000.0,185800000.0,0.0378434528,35100000.0,156100000.0,0.0317942033,3.93,3.92,39400000.0,39500000.0,https://www.sec.gov/Archives/edgar/data/55135/000005513522000006/0000055135-22-000006-index.htm,https://www.sec.gov/Archives/edgar/data/55135/000005513522000006/kelya-20220102.htm
2021-01-03,KELYA,USD,0000055135,2021-02-18,2021-02-18 15:05:03,2020,FY,4516000000.0,3688400000.0,827600000.0,0.1832595217,0.0,797500000.0,8100000.0,805600000.0,3400000,805600000.0,4494000000.0,600000.0,3000000.0,44700000.0,-59100000.0,0.0405004429,137600000.0,0.030469442,-13200000.0,-106800000.0,-0.0236492471,-34000000.0,-72800000.0,-0.0161204606,-1.85,-1.85,39300000.0,39300000.0,https://www.sec.gov/Archives/edgar/data/55135/000005513521000004/0000055135-21-000004-index.htm,https://www.sec.gov/Archives/edgar/data/55135/000005513521000004/kelya-20210103.htm
2023-12-31,LISMF,CAD,0001643715,2023-12-31,2023-12-30 19:00:00,2023,FY,0.0,37742.0,-37742.0,0.0,0.0,1677528.0,1480974.0,10677687.0,0,10677687.0,10677687.0,0.0,0.0,37742.0,-10639945.0,0.0,-10677687.0,0.0,2215083.0,-8462604.0,0.0,0.0,-8462604.0,0.0,-0.0874,-0.0874,96831000.0,96830787.0,,
2022-12-31,LISMF,CAD,0001643715,2022-12-31,2022-12-29 19:00:00,2022,FY,0.0,47176.0,-47176.0,0.0,0.0,3703737.0,1801120.0,12397238.0,0,12397238.0,12444414.0,0.0,0.0,47176.0,-12397230.0,0.0,-12444410.0,0.0,3193515.0,-9179363.0,0.0,4.0,-9179363.0,0.0,-0.0957,-0.0957,95953988.0,95953988.0,,
2021-12-31,LISMF,CAD,0001643715,2021-12-31,2021-12-31 00:00:00,2021,FY,0.0,0.0,0.0,0.0,0.0,5723108.0,1589123.0,7312231.0,728528,8040759.0,8040759.0,0.0,0.0,7857189.0,0.0,0.0,-8040759.0,0.0,-186858.0,-8044047.0,0.0,-7857.189000000246,-8044047.0,0.0,-0.14,-0.14,59036668.0,59036668.0,,
2020-12-31,LISMF,CAD,0001643715,2020-12-31,2020-12-31 00:00:00,2020,FY,0.0,0.0,0.0,0.0,0.0,1389526.0,180000.0,1569526.0,5044,1574570.0,1574570.0,0.0,368468.0,1468429.0,0.0,0.0,-1574570.0,0.0,-1517851.0,-2986280.0,0.0,368468.0,-3354748.0,0.0,-0.12,-0.12,27791736.0,27791736.0,,
2019-12-31,LISMF,CAD,0001643715,2019-12-31,2019-12-31 00:00:00,2019,FY,0.0,0.0,0.0,0.0,0.0,1330819.0,0.0,1330819.0,373972,1704791.0,1704791.0,0.0,0.0,86815.0,-1556218.0,0.0,-1717603.0,0.0,-48946.0,-1691979.0,0.0,-12812.0,-1679167.0,0.0,-0.26,-0.26,6352046.0,6352046.0,,
2024-12-31,COGT,USD,0001622229,2025-02-25,2025-02-25 08:38:53,2024,FY,0.0,0.0,0.0,0.0,232658000.0,43281000.0,0.0,43281000.0,0,275939000.0,275939000.0,18088000.0,0.0,0.0,-275939000.0,0.0,-275939000.0,0.0,20080000.0,-255859000.0,0.0,0.0,-255859000.0,0.0,-3.49,-3.49,73350000.0,73350000.0,https://www.sec.gov/Archives/edgar/data/1622229/000095017025026115/0000950170-25-026115-index.htm,https://www.sec.gov/Archives/edgar/data/1622229/000095017025026115/cogt-20241231.htm
2023-12-31,COGT,USD,0001622229,2024-02-26,2024-02-26 09:13:36,2023,FY,0.0,3588000.0,-3588000.0,0.0,170167000.0,34375000.0,0.0,34375000.0,0,208130000.0,208130000.0,13077000.0,0.0,2270000.0,-205860000.0,0.0,-208130000.0,0.0,15720000.0,-192410000.0,0.0,0.0,-192410000.0,0.0,-2.42,-2.42,79657000.0,79657942.0,https://www.sec.gov/Archives/edgar/data/1622229/000095017024019770/0000950170-24-019770-index.htm,https://www.sec.gov/Archives/edgar/data/1622229/000095017024019770/cogt-20231231.htm
2022-12-31,COGT,USD,0001622229,2023-03-14,2023-03-14 09:07:07,2022,FY,0.0,5878000.0,-5878000.0,0.0,121627000.0,26212000.0,0.0,26212000.0,3609000,147839000.0,147839000.0,3989000.0,3989000.0,5878000.0,-134363000.0,0.0,-147839000.0,0.0,7598000.0,-140241000.0,0.0,-7598000.0,-132643000.0,0.0,-2.26,-2.26,58739713.0,58739713.0,https://www.sec.gov/Archives/edgar/data/1622229/000095017023007729/0000950170-23-007729-index.htm,https://www.sec.gov/Archives/edgar/data/1622229/000095017023007729/cogt-20221231.htm
2021-12-31,COGT,USD,0001622229,2022-03-15,2022-03-15 08:51:29,2021,FY,0.0,147000.0,-147000.0,0.0,55913000.0,19638000.0,0.0,19638000.0,2811000,75551000.0,75551000.0,467000.0,0.0,147000.0,-75404000.0,0.0,-75551000.0,0.0,3278000.0,-72273000.0,0.0,-467000.0,-71806000.0,0.0,-1.85,-1.85,38730813.0,38730813.0,https://www.sec.gov/Archives/edgar/data/1622229/000156459022010238/0001564590-22-010238-index.htm,https://www.sec.gov/Archives/edgar/data/1622229/000156459022010238/cogt-10k_20211231.htm
2020-12-31,COGT,USD,0001622229,2021-03-16,2021-03-16 07:41:17,2020,FY,7871000.0,25738.0,7845262.0,0.9967300216,72648000.0,17422000.0,0.0,17422000.0,-246000,90070000.0,90070000.0,144000.0,0.0,720000.0,-34569000.0,-11.3952483801,-82199000.0,-10.4432727735,7391000.0,-74808000.0,-9.5042561301,-8357000.0,-66451000.0,-8.4425104815,-6.0,-6.0,11081257.0,11081257.0,https://www.sec.gov/Archives/edgar/data/1622229/000156459021013325/0001564590-21-013325-index.htm,https://www.sec.gov/Archives/edgar/data/1622229/000156459021013325/cogt-10k_20201231.htm
2023-12-31,ALLGF,EUR,0001874474,2024-05-16,2024-05-15 18:36:44,2023,FY,145453000.0,109259000.0,36194000.0,0.2488363939,1845000.0,93264000.0,858000.0,94122000.0,12196000,108163000.0,217422000.0,480000.0,27042000.0,32394000.0,-50342000.0,-0.3461049274,-71969000.0,-0.4947921322,-37809000.0,-109778000.0,-0.754731769,504000.0,-109898000.0,-0.7555567778,-0.41,-0.41,268218571.0,268217951.0,https://www.sec.gov/Archives/edgar/data/1874474/000187447424000013/0001874474-24-000013-index.htm,https://www.sec.gov/Archives/edgar/data/1874474/000187447424000013/allg-20231231.htm
2022-12-31,ALLGF,EUR,0001874474,2023-05-16,2023-05-16 16:31:42,2022,FY,131488400.0,131068109.0,420291.0,0.0031964112,2208000.0,318570000.0,558000.0,304619050.0,2725000,304619050.0,435687159.0,15659000.0,15659000.0,26639412.0,-277559345.0,-2.1109036615,-304198757.0,-2.3135026132,10320000.0,-299169008.0,-2.275250197,624545.0,-299288811.0,-2.2761613268,-1.19,-1.19,251434593.0,251434593.0,https://www.sec.gov/Archives/edgar/data/1874474/000187447423000009/0001874474-23-000009-index.htm,https://www.sec.gov/Archives/edgar/data/1874474/000187447423000009/allg-20221231.htm
2021-12-31,ALLGF,EUR,0001874474,2022-05-13,2022-05-13 17:26:00,2021,FY,89733174.0,75779926.0,13953248.0,0.155,2623000.0,327717000.0,482000.0,341290959.0,723000,341290959.0,417070886.0,15135000.0,15135000.0,12219751.0,-292461000.0,-3.511721997,-327337714.0,-3.6479007641,-15655000.0,-332057773.0,-3.7005018122,366041.0,-332423815.0,-3.7045810393,-1.24,-1.24,267177592.0,267177592.0,https://www.sec.gov/Archives/edgar/data/1874474/000119312522150298/0001193125-22-150298-index.htm,https://www.sec.gov/Archives/edgar/data/1874474/000119312522150298/d333601d20f.htm
2020-12-31,ALLGF,EUR,0001874474,2020-12-31,2020-12-31 00:00:00,2020,FY,44249000.0,30954000.0,13295000.0,0.3004587674,0.0,37304000.0,3919000.0,41223000.0,4276000,45499000.0,76453000.0,11067000.0,11067000.0,9178120.0,-22561000.0,-0.4946326471,-32204000.0,-0.7277904585,-11282000.0,-43945000.0,-0.9931297882,-689000.0,-43256000.0,-0.9775588149,-0.16,-0.16,267177592.0,267177592.0,,
2019-12-31,ALLGF,EUR,0001874474,2019-12-31,2019-12-31 00:00:00,2019,FY,25822000.0,20911000.0,4911000.0,0.1901866625,0.0,31111000.0,6068000.0,37179000.0,4147000,41326000.0,62237000.0,5938000.0,5938000.0,8032669.0,-28562000.0,-1.0877159012,-36415000.0,-1.4102315855,-6413000.0,-42828000.0,-1.6585857021,276000.0,-43104000.0,-1.6692742623,-0.16,-0.16,267177592.0,267177592.0,,
2025-01-31,WMT,USD,0000104169,2025-03-14,2025-03-14 16:40:52,2025,FY,680985000000.0,511753000000.0,169232000000.0,0.2485106133,0.0,0.0,0.0,139884000000.0,0,139884000000.0,651637000000.0,483000000.0,2728000000.0,0.0,29348000000.0,0.0430963971,29348000000.0,0.0430963971,-3039000000.0,26309000000.0,0.0386337438,6152000000.0,19436000000.0,0.0285410104,2.42,2.41,8041000000.0,8081000000.0,https://www.sec.gov/Archives/edgar/data/104169/000010416925000021/0000104169-25-000021-index.htm,https://www.sec.gov/Archives/edgar/data/104169/000010416925000021/wmt-20250131.htm
2024-01-31,WMT,USD,0000104169,2024-03-15,2024-03-15 16:54:48,2024,FY,648125000000.0,490142000000.0,157983000000.0,0.244,0.0,126571000000.0,4400000000.0,130971000000.0,0,130971000000.0,621113000000.0,546000000.0,2683000000.0,11853000000.0,38865000000.0,0.0599652845,27012000000.0,0.0416771456,-5164000000.0,21848000000.0,0.0337095468,5578000000.0,15511000000.0,0.0239321119,1.92,1.91,8077008319.0,8109000000.0,https://www.sec.gov/Archives/edgar/data/104169/000010416924000056/0000104169-24-000056-index.htm,https://www.sec.gov/Archives/edgar/data/104169/000010416924000056/wmt-20240131.htm
2023-01-31,WMT,USD,0000104169,2023-03-17,2023-03-17 17:02:59,2023,FY,611289000000.0,463721000000.0,147568000000.0,0.241,0.0,123040000000.0,4100000000.0,127140000000.0,-1538000000,127140000000.0,590861000000.0,254000000.0,2128000000.0,10945000000.0,30089000000.0,0.0492222173,20428000000.0,0.0334179087,-3412000000.0,17016000000.0,0.0278362608,5724000000.0,11680000000.0,0.0191071654,1.43,1.42,8171999836.0,8201999835.0,https://www.sec.gov/Archives/edgar/data/104169/000010416923000020/0000104169-23-000020-index.htm,https://www.sec.gov/Archives/edgar/data/104169/000010416923000020/wmt-20230131.htm
2022-01-31,WMT,USD,0000104169,2022-03-18,2022-03-18 17:03:00,2022,FY,572754000000.0,429000000000.0,143754000000.0,0.2509873349,0.0,113912000000.0,3900000000.0,117812000000.0,-3000000000,117812000000.0,546812000000.0,158000000.0,1994000000.0,10658000000.0,36600000000.0,0.0589397892,25942000000.0,0.0452934419,-7246000000.0,18696000000.0,0.0326422862,4756000000.0,13673000000.0,0.023872378,1.63,1.62,8375999832.0,8414999831.0,https://www.sec.gov/Archives/edgar/data/104169/000010416922000012/0000104169-22-000012-index.htm,https://www.sec.gov/Archives/edgar/data/104169/000010416922000012/wmt-20220131.htm
2021-01-31,WMT,USD,0000104169,2021-03-19,2021-03-19 16:40:44,2021,FY,559151000000.0,420315000000.0,138836000000.0,0.248,0.0,113088000000.0,3200000000.0,116288000000.0,210000000,116288000000.0,536603000000.0,121000000.0,2315000000.0,11152000000.0,34031000000.0,0.0608619139,22548000000.0,0.0403254219,-1984000000.0,20564000000.0,0.0367771854,6858000000.0,13510000000.0,0.0241616308,1.59,1.58,8492999830.0,8540999829.0,https://www.sec.gov/Archives/edgar/data/104169/000010416921000033/0000104169-21-000033-index.htm,https://www.sec.gov/Archives/edgar/data/104169/000010416921000033/wmt-20210131.htm
2023-12-31,LVLU,USD,0001780201,2024-03-06,2024-03-06 16:01:38,2023,FY,355175000.0,206949000.0,148226000.0,0.417332301,0.0,92129000.0,76312000.0,168441000.0,0,168441000.0,375390000.0,0.0,1728000.0,4819000.0,-14463000.0,-0.0407207715,-20215000.0,-0.056915605,-795000.0,-21010000.0,-0.0591539382,-1676000.0,-19334000.0,-0.0544351376,-0.48,-0.48,39879121.0,39879121.0,https://www.sec.gov/Archives/edgar/data/1780201/000155837024002599/0001558370-24-002599-index.htm,https://www.sec.gov/Archives/edgar/data/1780201/000155837024002599/tmb-20231231x10k.htm
2023-01-01,LVLU,USD,0001780201,2023-03-14,2023-03-14 16:30:57,2022,FY,439652000.0,248206000.0,191446000.0,0.435448946,0.0,99148000.0,83559000.0,182707000.0,136000,182707000.0,430913000.0,1103000.0,1103000.0,7391000.0,16266000.0,0.0295893115,8739000.0,0.0198770846,-967000.0,7772000.0,0.0176776178,4047000.0,3725000.0,0.0084726102,0.0965,0.0959,38583854.0,38853393.0,https://www.sec.gov/Archives/edgar/data/1780201/000155837023003722/0001558370-23-003722-index.htm,https://www.sec.gov/Archives/edgar/data/1780201/000155837023003722/tmb-20230101x10k.htm
2022-01-02,LVLU,USD,0001780201,2022-03-31,2022-03-31 17:12:22,2021,FY,375625000.0,198893000.0,176732000.0,0.471,0.0,87710000.0,66684000.0,154394000.0,85000,154394000.0,353287000.0,12774000.0,12774000.0,2900000.0,23931000.0,0.0672239601,22338000.0,0.0594688852,-14081000.0,8257000.0,0.02198203,6212000.0,2045000.0,0.0054442596,-3.2,-3.2,38421124.0,38421124.0,https://www.sec.gov/Archives/edgar/data/1780201/000155837022004959/0001558370-22-004959-index.htm,https://www.sec.gov/Archives/edgar/data/1780201/000155837022004959/tmb-20220102x10k.htm
2020-12-31,LVLU,USD,0001780201,2020-12-31,2020-12-31 00:00:00,2020,FY,248656000.0,138364000.0,110292000.0,0.4435525384,0.0,67155000.0,47812000.0,114967000.0,137000,114967000.0,253331000.0,16036999.0,16037000.0,3216000.0,-1322000.0,-0.0053165819,-4675000.0,-0.0188010746,-15900000.0,-20575000.0,-0.0827448362,-1271000.0,-19304000.0,-0.0776333569,-0.49,-0.49,39290485.0,39290485.0,,
2019-12-31,LVLU,USD,0001780201,2019-12-31,2019-12-31 00:00:00,2019,FY,369622000.0,208418000.0,161204000.0,0.4361320484,0.0,73386000.0,72875000.0,146261000.0,239000,146261000.0,354679000.0,15206000.0,15206000.0,3041000.0,18223000.0,0.0493017191,14943000.0,0.0404277884,-14967000.0,-24000.0,-6.49312e-05,445000.0,-469000.0,-0.0012688639,-0.0119,-0.0119,39290485.0,39290485.0,,
2023-12-31,LEJUY,USD,0000000000,2023-12-31,2023-12-30 19:00:00,2023,FY,316854430.0,23094753.0,293759677.0,0.9271124188,0.0,0.0,0.0,349560513.0,2940023,352500536.0,375595289.0,1260896.0,0.0,12030029.0,-46710830.0,-0.1474204732,-58740859.0,-0.1853875264,1186706.0,-57554153.0,-0.1816422545,-1781581.0,-55934159.0,-0.1765295155,-40.67,-40.67,1375414.0,1375414.0,,
2022-12-31,LEJUY,USD,0000000000,2022-12-31,2022-12-30 19:00:00,2022,FY,343182184.0,30603426.0,312578758.0,0.9108245491,0.0,0.0,0.0,418501176.0,246497,418203513.0,448806939.0,2334540.0,0.0,12582314.0,-93042441.0,-0.2747588319,-105624755.0,-0.307780415,3830932.0,-101793823.0,-0.2966174462,-12120235.0,-89668194.0,-0.2612845252,-65.43,-65.43,1370424.0,1370424.0,,
2021-12-31,LEJUY,USD,0000000000,2021-12-31,2021-12-30 19:00:00,2021,FY,534116970.0,55800726.0,478316244.0,0.896,0.0,0.0,0.0,645623660.0,252706,645063266.0,700863992.0,3130211.0,0.0,13369416.0,-153377606.0,-0.2870790175,-166747022.0,-0.3121919568,3339086.0,-163407936.0,-0.3059403561,-13497784.0,-150933535.0,-0.2825851704,-110.45,-110.45,1366522.0,1366522.0,,
2020-12-31,LEJUY,USD,0000000000,2020-12-31,2020-12-30 19:00:00,2020,FY,719525983.0,73762283.0,645763700.0,0.8974848932,0.0,0.0,0.0,622026035.0,251169,621645186.0,695407469.0,7268530.0,0.0,14338529.0,38457043.0,0.0533798041,24118514.0,0.0335200042,7568586.0,31687100.0,0.0440388544,10665022.0,19302238.0,0.0268263252,1.4,1.4,13607079.0,13756457.0,,
2019-12-31,LEJUY,USD,0000000000,2019-12-31,2019-12-30 19:00:00,2019,FY,692604955.0,68297832.0,624307123.0,0.9013899171,0.0,0.0,0.0,607164835.0,251718,251718.0,251718.0,151931.0,0.0,15158240.0,32898381.0,0.0466362964,-251718.0,-0.0003634366,2130442.0,19870583.0,0.0286896345,8989662.0,11521996.0,0.0166357401,0.85,0.85,13577079.0,13581175.0,,
2024-12-31,ALC,USD,0001167379,2025-02-25,2025-02-25 16:34:11,2024,FY,9911000000.0,4399000000.0,5512000000.0,0.5561497326,876000000.0,0.0,0.0,3250000000.0,-27000000,4099000000.0,8498000000.0,84000000.0,192000000.0,1228000000.0,2676000000.0,0.2700030269,1413000000.0,0.1425688629,-157000000.0,1256000000.0,0.1267278781,238000000.0,1018000000.0,0.102714156,2.06,2.05,494400000.0,497500000.0,https://www.sec.gov/Archives/edgar/data/1167379/000116737925000008/0001167379-25-000008-index.htm,https://www.sec.gov/Archives/edgar/data/1167379/000116737925000008/alc-20241231.htm
2023-12-31,ALC,USD,0001167379,2024-02-27,2024-02-27 16:38:27,2023,FY,9455000000.0,4208000000.0,5247000000.0,0.555,859000000.0,0.0,0.0,3209000000.0,140000000,4208000000.0,8416000000.0,34000000.0,189000000.0,1221000000.0,2242000000.0,0.2371232152,1039000000.0,0.1098889476,-207000000.0,832000000.0,0.0879957694,-142000000.0,974000000.0,0.1030142782,1.98,1.96,493000000.0,496500000.0,https://www.sec.gov/Archives/edgar/data/1167379/000116737924000008/0001167379-24-000008-index.htm,https://www.sec.gov/Archives/edgar/data/1167379/000116737924000008/alc-20231231.htm
2022-12-31,ALC,USD,0001167379,2023-02-27,2023-02-27 16:35:50,2022,FY,8717000000.0,3969000000.0,4748000000.0,0.5446828037,702000000.0,0.0,0.0,3068000000.0,-181774104,4076000000.0,8045000000.0,16000000.0,134000000.0,1159842729.0,1776428752.0,0.2045428473,672000000.0,0.0770907422,-209000000.0,463000000.0,0.0531146036,128000000.0,335000000.0,0.0384306527,0.7,0.7,491400000.0,494400000.0,https://www.sec.gov/Archives/edgar/data/1167379/000116737923000011/0001167379-23-000011-index.htm,https://www.sec.gov/Archives/edgar/data/1167379/000116737923000011/alc-20221231.htm
2021-12-31,ALC,USD,0001167379,2022-02-15,2022-02-15 16:38:34,2021,FY,8291000000.0,3639000000.0,4652000000.0,0.561,842000000.0,0.0,0.0,3076000000.0,-69146788,4072000000.0,7711000000.0,3000000.0,120000000.0,1221593314.0,1760737859.0,0.2154143047,580000000.0,0.0699553733,-162000000.0,418000000.0,0.0504161139,42000000.0,376000000.0,0.0453503799,0.77,0.76,490000000.0,493400000.0,https://www.sec.gov/Archives/edgar/data/1167379/000116737922000011/0001167379-22-000011-index.htm,https://www.sec.gov/Archives/edgar/data/1167379/000116737922000011/alc-20211231.htm
2020-12-31,ALC,USD,0001167379,2021-02-23,2021-02-23 16:25:19,2020,FY,6833000000.0,3893000000.0,2940000000.0,0.430264891,673000000.0,0.0,0.0,2694000000.0,-55000000,3422000000.0,7315000000.0,6000000.0,124000000.0,1723367112.0,1112000000.0,0.1659593151,-482000000.0,-0.0705400263,-153000000.0,-635000000.0,-0.0929313625,-104000000.0,-531000000.0,-0.0777111079,-1.09,-1.09,489000000.0,489000000.0,https://www.sec.gov/Archives/edgar/data/1167379/000116737921000007/0001167379-21-000007-index.htm,https://www.sec.gov/Archives/edgar/data/1167379/000116737921000007/alc-20201231.htm
2024-12-31,MAN,USD,0000871763,2025-02-19,2025-02-19 16:16:23,2024,FY,3086800000.0,0.0,3086800000.0,1.0,0.0,0.0,0.0,2780800000.0,0,2780800000.0,2780800000.0,33300000.0,90000000.0,86600000.0,433400000.0,0.1404043022,306000000.0,0.099131787,-49200000.0,256800000.0,0.0831929506,111700000.0,145100000.0,0.0470066088,3.04,3.0,47800000.0,48300000.0,https://www.sec.gov/Archives/edgar/data/871763/000095017025023186/0000950170-25-023186-index.htm,https://www.sec.gov/Archives/edgar/data/871763/000095017025023186/man-20241231.htm
2023-12-31,MAN,USD,0000871763,2024-02-16,2024-02-16 16:22:24,2023,FY,18914500000.0,15556500000.0,3358000000.0,0.178,0.0,0.0,0.0,3047100000.0,55100000,3102200000.0,18658700000.0,34200000.0,79700000.0,88600000.0,374199999.0,0.0197837637,255800000.0,0.013524016,-49900000.0,205900000.0,0.0108858283,117100000.0,88800000.0,0.0046948109,1.78,1.76,49800000.0,50400000.0,https://www.sec.gov/Archives/edgar/data/871763/000095017024016399/0000950170-24-016399-index.htm,https://www.sec.gov/Archives/edgar/data/871763/000095017024016399/man-20231231.htm
2022-12-31,MAN,USD,0000871763,2023-02-17,2023-02-17 16:17:14,2022,FY,19827500000.0,16255100000.0,3572400000.0,0.1801740008,0.0,0.0,0.0,2940700000.0,16300000,2940700000.0,19195800000.0,17900000.0,46900000.0,84600000.0,688600000.0,0.0378514689,581700000.0,0.0293380406,-24600000.0,557100000.0,0.0280973396,183300000.0,373800000.0,0.0188526037,7.16,7.08,52200000.0,52800000.0,https://www.sec.gov/Archives/edgar/data/871763/000095017023003214/0000950170-23-003214-index.htm,https://www.sec.gov/Archives/edgar/data/871763/000095017023003214/man-20221231.htm
2021-12-31,MAN,USD,0000871763,2022-02-18,2022-02-18 17:24:41,2021,FY,20724400000.0,17316900000.0,3407500000.0,0.164,0.0,0.0,0.0,2822100000.0,14700000,2822100000.0,20139000000.0,12000000.0,38800000.0,73400000.0,680300000.0,0.0330769528,585400000.0,0.0282468974,-17300000.0,568100000.0,0.0274121326,185700000.0,382400000.0,0.0184516801,7.02,6.9,54500000.0,55400000.0,https://www.sec.gov/Archives/edgar/data/871763/000095017022001500/0000950170-22-001500-index.htm,https://www.sec.gov/Archives/edgar/data/871763/000095017022001500/man-20211231.htm
2020-12-31,MAN,USD,0000871763,2021-02-19,2021-02-19 17:07:50,2020,FY,18001000000.0,15176300000.0,2824700000.0,0.1569190601,0.0,0.0,0.0,2570300000.0,-4800000,2570300000.0,17746600000.0,13100000.0,43300000.0,76300000.0,267300000.0,0.0188322871,262700000.0,0.0145936337,-39900000.0,147700000.0,0.0082050997,123900000.0,23800000.0,0.0013221488,0.41,0.41,58000000.0,58300000.0,https://www.sec.gov/Archives/edgar/data/871763/000156459021006974/0001564590-21-006974-index.htm,https://www.sec.gov/Archives/edgar/data/871763/000156459021006974/man-10k_20201231.htm
2023-12-31,MRAI,USD,0001844392,2024-03-26,2024-03-26 17:21:50,2023,FY,37155050.0,24239117.0,12915933.0,0.3476225439,1311695.0,25011150.0,6596981.0,34080323.0,0,40430522.0,64669639.0,0.0,1527449.0,5398417.0,-22116172.0,-0.595240001,-26372918.0,-0.7098070922,-2669120.0,-29042038.0,-0.7816444333,-290138.0,-28751900.0,-0.773835589,-4.14,-4.14,6951669.0,6951669.0,https://www.sec.gov/Archives/edgar/data/1844392/000095017024036590/0000950170-24-036590-index.htm,https://www.sec.gov/Archives/edgar/data/1844392/000095017024036590/mrai-20231231.htm
2022-12-31,MRAI,USD,0001844392,2023-07-27,2023-07-27 17:08:06,2022,FY,24342000.0,17136000.0,7206000.0,0.2960315504,3708000.0,12319000.0,6939000.0,19258000.0,10924000,33890000.0,51026000.0,266778.0,268000.0,4137162.0,-22546260.0,-0.9166050448,-26684000.0,-1.0962123079,-306097.0,-26990000.0,-1.1087831731,-521000.0,-26469000.0,-1.0873798373,-5.23,-5.23,5059959.0,5059959.0,https://www.sec.gov/Archives/edgar/data/1844392/000095017023035218/0000950170-23-035218-index.htm,https://www.sec.gov/Archives/edgar/data/1844392/000095017023035218/mrai-20221231.htm
2021-12-31,MRAI,USD,0001844392,2022-03-30,2022-03-30 17:31:31,2021,FY,14227000.0,10290000.0,3937000.0,0.277,1734000.0,8056000.0,4965000.0,13021000.0,5043000,19798000.0,30088000.0,427178.0,427000.0,2061893.0,-13799360.0,-0.9578266676,-15861000.0,-1.1148520419,-273586.0,-16135000.0,-1.134111197,-150000.0,-15985000.0,-1.1235678639,-3.15,-3.15,5074931.0,5074931.0,https://www.sec.gov/Archives/edgar/data/1844392/000141057822000657/0001410578-22-000657-index.htm,https://www.sec.gov/Archives/edgar/data/1844392/000141057822000657/mrai-20211231x10k.htm
2020-12-31,MRAI,USD,0001844392,2020-12-31,2020-12-31 00:00:00,2020,FY,0.0,152367.0,-152367.0,0.0,1840772.0,1499376.0,27583.0,1526959.0,25846,3367731.0,3367731.0,521140.0,521140.0,152367.0,-3189518.0,0.0,-3367731.0,0.0,-500253.0,-3867984.0,0.0,546986.0,-4414970.0,0.0,-0.88,-0.88,5030724.0,5030724.0,,
2019-12-31,MRAI,USD,0001844392,2019-12-31,2019-12-30 19:00:00,2019,FY,0.0,71463.0,-71463.0,0.0,674857.0,970947.0,23575.0,840182.0,0,1515039.0,1586502.0,116654.0,106933.0,71463.0,-1515040.0,0.0,-1586500.0,0.0,-86391.0,-1672891.0,0.0,-3.0,-1672891.0,0.0,-0.33,-0.33,5030724.0,5030724.0,,
2023-12-31,MDBH,USD,0000000000,2024-03-29,2024-03-29 16:50:47,2023,FY,4233120.0,8627022.0,-4393902.0,-1.038,528178.0,4219570.0,0.0,4219570.0,-638506,4109242.0,12736264.0,919345.0,0.0,196938.0,-8256206.0,-1.9503831689,-8503144.0,-2.0087179196,919345.0,-7583799.0,-1.791538865,127918.0,-6968817.0,-1.6462602052,-0.86,-0.86,8100000.0,8100000.0,https://www.sec.gov/Archives/edgar/data/1934642/000149315224012008/0001493152-24-012008-index.htm,https://www.sec.gov/Archives/edgar/data/1934642/000149315224012008/form10-k.htm
2022-12-31,MDBH,USD,0000000000,2022-12-31,2022-12-30 19:00:00,2022,FY,1115001.0,2822693.0,-1707692.0,-1.5315609582,348085.0,2678457.0,0.0,2678457.0,227254,4410049.0,7232742.0,227249.0,0.0,7305848.0,-5969991.0,-5.3680821811,-6102315.0,-5.4729233427,227249.0,-5875066.0,-5.2691127631,-803688.0,-5314053.0,-4.7659625417,-0.63,-0.63,8462299.0,8462299.0,,
2021-12-31,MDBH,USD,0000000000,2021-12-31,2021-12-30 19:00:00,2021,FY,3186836.0,1965343.0,1221493.0,0.383,454454.0,1916982.0,0.0,1916982.0,251860,3756916.0,5722259.0,0.0,0.0,19111667.0,-15876624.0,1.3419764933,-15924831.0,-4.9970663693,251861.0,-15672970.0,-4.9180346902,9378084.0,-15100343.0,-4.7383495731,-1.78,-1.78,8462299.0,8462299.0,,
2020-12-31,MDBH,USD,0000000000,2020-12-31,2020-12-30 19:00:00,2020,FY,12106337.0,1783466.0,10322871.0,0.8526832683,577165.0,1073832.0,0.0,1073832.0,4,2471015.0,4254481.0,0.0,0.0,13339363.0,-1186516.0,-0.5971604788,-1233026.0,-0.1018496346,0.0,-1233026.0,-0.1018496346,40072.0,-722181.0,-0.0596531387,-0.0853,-0.0853,8462299.0,8462299.0,,
2024-12-31,WHF,USD,0001552198,2025-03-07,2025-03-07 07:32:29,2024,FY,92817000.0,0.0,92817000.0,1.0,0.0,5123000.0,0.0,5123000.0,0,5123000.0,5123000.0,66402000.0,27899000.0,0.0,0.0,0.0,87694000.0,0.9448053697,-75722000.0,11972000.0,0.128984992,1121000.0,10851000.0,0.1169074631,0.0005,0.0005,23243088000.0,23243088000.0,https://www.sec.gov/Archives/edgar/data/1552198/000155837025002455/0001558370-25-002455-index.htm,https://www.sec.gov/Archives/edgar/data/1552198/000155837025002455/whf-20241231x10k.htm
2023-12-31,WHF,USD,0001552198,2024-03-05,2024-03-05 16:34:19,2023,FY,103257000.0,-3000.0,103260000.0,1.0,0.0,4305000.0,0.0,4305000.0,0,25682000.0,29667000.0,87981000.0,29915000.0,-73593000.0,0.0,0.0,73593000.0,0.7127168134,-52216000.0,21377000.0,0.2070271265,965000.0,20412000.0,0.1976815131,0.88,0.88,23243088000.0,23243088000.0,https://www.sec.gov/Archives/edgar/data/1552198/000155837024002482/0001558370-24-002482-index.htm,https://www.sec.gov/Archives/edgar/data/1552198/000155837024002482/whf-20231231x10k.htm
2022-12-31,WHF,USD,0001552198,2023-03-03,2023-03-03 17:17:56,2022,FY,21353000.0,23342000.0,-1989000.0,-0.0931485037,0.2131740271038073,4646000.0,0.0,4646000.0,-14181000,4646000.0,49245000.0,76455000.0,21940000.0,37523000.0,36046000.0,3.2507376013,60222000.0,2.8203062801,-40914000.0,16707000.0,0.7824193322,1024000.0,15683000.0,0.7344635414,0.68,0.68,23229552000.0,23229552000.0,https://www.sec.gov/Archives/edgar/data/1552198/000155837023002791/0001558370-23-002791-index.htm,https://www.sec.gov/Archives/edgar/data/1552198/000155837023002791/whf-20221231x10k.htm
2021-12-31,WHF,USD,0001552198,2022-03-31,2022-03-31 16:33:38,2021,FY,35353000.0,22182000.0,13171000.0,0.373,0.3729305046098939,4255000.0,0.0,4255000.0,-12182000,4255000.0,4255000.0,63152000.0,16594000.0,34364000.0,46332000.0,0.8796424632,31098000.0,0.8796424632,22182000.0,31098000.0,0.8796424632,1004000.0,30094000.0,0.851243176,1.42,1.42,21150168000.0,21150168000.0,https://www.sec.gov/Archives/edgar/data/1552198/000155837022004933/0001558370-22-004933-index.htm,https://www.sec.gov/Archives/edgar/data/1552198/000155837022004933/tmb-20211231x10ka.htm
2020-12-31,WHF,USD,0001552198,2021-03-08,2021-03-08 17:14:56,2020,FY,36019000.0,20766000.0,15253000.0,0.4234709459,0.48159350680933855,3592000.0,0.0,3592000.0,-308000,3592000.0,3592000.0,56634000.0,13125000.0,21074000.0,44718000.0,0.9002748549,32427000.0,0.9002748549,-9007000.0,32427000.0,0.9002748549,742000.0,31685000.0,0.8796746162,1.54,1.54,20546032000.0,20546032000.0,https://www.sec.gov/Archives/edgar/data/1552198/000110465921033366/0001104659-21-033366-index.htm,https://www.sec.gov/Archives/edgar/data/1552198/000110465921033366/tm215478-1_10k.htm
2024-08-31,AYI,USD,0001144215,2024-10-28,2024-10-28 16:06:01,2024,FY,3841000000.0,2059300000.0,1781700000.0,0.4638635772,102300000.0,1106000000.0,20100000.0,1126100000.0,0,1228400000.0,3287700000.0,29800000.0,25300000.0,91100000.0,665000000.0,0.1731319969,553300000.0,0.1440510284,-4700000.0,548600000.0,0.1428273887,126000000.0,422600000.0,0.1100234314,13.68,13.44,30885000.0,31445000.0,https://www.sec.gov/Archives/edgar/data/1144215/000114421524000085/0001144215-24-000085-index.htm,https://www.sec.gov/Archives/edgar/data/1144215/000114421524000085/ayi-20240831.htm
2023-08-31,AYI,USD,0001144215,2023-10-26,2023-10-26 08:09:01,2023,FY,3952200000.0,2239000000.0,1713200000.0,0.433,97100000.0,0.0,1212900000.0,1212900000.0,-7800000,1212900000.0,3451900000.0,9000000.0,18900000.0,93200000.0,588500000.0,0.1481959415,473400000.0,0.1197813876,-26700000.0,446700000.0,0.1130256566,100700000.0,346000000.0,0.0875461768,10.88,10.76,31806000.0,32164000.0,https://www.sec.gov/Archives/edgar/data/1144215/000114421523000090/0001144215-23-000090-index.htm,https://www.sec.gov/Archives/edgar/data/1144215/000114421523000090/ayi-20230831.htm
2022-08-31,AYI,USD,0001144215,2022-10-26,2022-10-26 08:29:44,2022,FY,4006100000.0,2333400000.0,1672700000.0,0.4175382542,95100000.0,118900000.0,1044099999.0,1163000000.0,9100000,1163000000.0,3496400000.0,2100000.0,24900000.0,94800000.0,603200000.0,0.1531664212,509700000.0,0.1272309728,-15800000.0,493900000.0,0.1232869873,109900000.0,384000000.0,0.0958538229,11.23,11.08,34182000.0,34645000.0,https://www.sec.gov/Archives/edgar/data/1144215/000114421522000097/0001144215-22-000097-index.htm,https://www.sec.gov/Archives/edgar/data/1144215/000114421522000097/ayi-20220831.htm
2021-08-31,AYI,USD,0001144215,2021-10-27,2021-10-27 09:11:14,2021,FY,3461000000.0,1986000000.0,1475000000.0,0.426,88300000.0,1.1920928955078125e-07,1044099999.0,1044100000.0,-8200000,1044100000.0,3030100000.0,1000000.0,23200000.0,100100000.0,520500000.0,0.1510546085,427600000.0,0.1235481075,-31400000.0,396200000.0,0.1144755851,89900000.0,306300000.0,0.0885004334,8.44,8.37,36300000.0,36600000.0,https://www.sec.gov/Archives/edgar/data/1144215/000114421521000097/0001144215-21-000097-index.htm,https://www.sec.gov/Archives/edgar/data/1144215/000114421521000097/ayi-20210831.htm
2020-08-31,AYI,USD,0001144215,2020-10-23,2020-10-23 16:44:41,2020,FY,3326300000.0,1923900000.0,1402400000.0,0.4216095962,82000000.0,0.0,1028500000.0,1028500000.0,-5900000,1028500000.0,2952400000.0,3100000.0,23300000.0,101100000.0,479300000.0,0.1410275682,353900000.0,0.1063944924,-29200000.0,324700000.0,0.0976159697,76400000.0,248300000.0,0.0746475062,6.29,6.27,39500000.0,39600000.0,https://www.sec.gov/Archives/edgar/data/1144215/000114421520000125/0001144215-20-000125-index.htm,https://www.sec.gov/Archives/edgar/data/1144215/000114421520000125/ayi-20200831x10k.htm
2024-12-31,LRMR,USD,0001374690,2025-03-24,2025-03-24 16:51:45,2024,FY,0.0,0.0,0.0,0.0,73278000.0,17612000.0,0.0,17612000.0,0,90890000.0,0.0,0.0,0.0,0.0,-90890000.0,0.0,-90890000.0,0.0,10286000.0,-80604000.0,0.0,0.0,-80604000.0,0.0,-1.32,-1.32,61256084.0,61256084.0,https://www.sec.gov/Archives/edgar/data/1374690/000095017025043925/0000950170-25-043925-index.htm,https://www.sec.gov/Archives/edgar/data/1374690/000095017025043925/lrmr-20241231.htm
2023-12-31,LRMR,USD,0001374690,2023-12-31,2023-12-29 19:00:00,2023,FY,0.0,311000.0,-311000.0,0.0,27359000.0,14088000.0,0.0,14088000.0,0,41758000.0,41758000.0,0.0,0.0,311000.0,-41447000.0,0.0,-41758000.0,0.0,4809000.0,-36949000.0,0.0,0.0,-36949000.0,0.0,-0.84,-0.84,43901241.0,43901241.0,,
2022-12-31,LRMR,USD,0001374690,2023-03-14,2023-03-14 16:03:15,2022,FY,0.0,272000.0,-272000.0,0.0,24250000.0,12276000.0,0.0,12276000.0,1171000,36526000.0,36526000.0,0.0,0.0,272000.0,-35083000.0,0.0,-36526000.0,0.0,1171000.0,-35355000.0,0.0,-1171000.0,-34184000.0,0.0,-1.33,-1.33,25761394.0,25761394.0,https://www.sec.gov/Archives/edgar/data/1374690/000095017023007855/0000950170-23-007855-index.htm,https://www.sec.gov/Archives/edgar/data/1374690/000095017023007855/lrmr-20221231.htm
2021-12-31,LRMR,USD,0001374690,2022-03-25,2022-03-25 12:37:41,2021,FY,0.0,326000.0,-326000.0,0.0,38396000.0,12069000.0,0.0,12069000.0,-171000,50465000.0,50465000.0,0.0,0.0,326000.0,-50139000.0,0.0,-50465000.0,0.0,-171000.0,-50636000.0,0.0,-326000.0,-50310000.0,0.0,-2.93,-2.93,17164284.0,17164284.0,https://www.sec.gov/Archives/edgar/data/1374690/000095017022004637/0000950170-22-004637-index.htm,https://www.sec.gov/Archives/edgar/data/1374690/000095017022004637/lrmr-20211231.htm
2020-12-31,LRMR,USD,0001374690,2021-03-04,2021-03-04 17:09:55,2020,FY,0.0,155000.0,-155000.0,0.0,31407000.0,11397000.0,0.0,11397000.0,322000,42804000.0,42804000.0,0.0,0.0,155000.0,-42649000.0,0.0,-42804000.0,0.0,322000.0,-42482000.0,0.0,-155000.0,-42327000.0,0.0,-3.56,-3.56,11883155.0,11883155.0,https://www.sec.gov/Archives/edgar/data/1374690/000156459021011003/0001564590-21-011003-index.htm,https://www.sec.gov/Archives/edgar/data/1374690/000156459021011003/lrmr-10k_20201231.htm
2024-12-31,GGB,BRL,0001073404,2025-03-14,2025-03-14 16:08:52,2024,FY,67026656000.0,57823416000.0,9203240000.0,0.1373071633,0.0,1404059000.0,762560000.0,2166619000.0,7036621000,9203240000.0,67026656000.0,372673000.0,796933000.0,3126247000.0,9386895000.0,0.1400471926,0.0,0.0,5463715000.0,5463715000.0,0.0815155541,864653000.0,4566317000.0,0.0681268807,2.18,2.17,2098810774.0,2107304927.0,https://www.sec.gov/Archives/edgar/data/1073404/000141057825000353/0001410578-25-000353-index.htm,https://www.sec.gov/Archives/edgar/data/1073404/000141057825000353/ggb-20241231x20f.htm
2023-12-31,GGB,BRL,0001073404,2023-12-31,2023-12-29 19:00:00,2023,FY,68916447000.0,57583992000.0,11332455000.0,0.1644375979,0.0,1491441000.0,716195000.0,2207636000.0,0,2218364000.0,59632792000.0,62950000.0,840069000.0,3047212000.0,13233886000.0,0.1920279785,9022996000.0,0.1309265987,323609000.0,9346605000.0,0.1356222703,1809622000.0,7501565000.0,0.1088501414,3.55,3.55,2112057303.0,2111929549.0,,
2022-12-31,GGB,BRL,0001073404,2022-12-31,2022-12-31 00:00:00,2022,FY,82412210000.0,63661156000.0,18751054000.0,0.22752762,154595000.0,1454592000.0,733026000.0,2187618000.0,-36271000,2151347000.0,65812503000.0,213917000.0,964607000.0,2866699000.0,19690333000.0,0.2455170053,17366900000.0,0.2107321233,-1507873000.0,15859027000.0,0.1924354049,4379475000.0,11425512000.0,0.1386385828,6.22,6.19,1836898605.0,1846738704.0,,
2021-12-31,GGB,BRL,0001073404,2022-03-31,2022-03-31 16:21:11,2021,FY,78345081000.0,57527721000.0,20817360000.0,0.266,177674000.0,1390121000.0,715830000.0,2105951000.0,-1308472000,797479000.0,58325200000.0,249024000.0,1433087000.0,2658561000.0,23990970000.0,0.3155142695,22060430000.0,0.281580282,-1787862000.0,20272568000.0,0.2587599341,4713630000.0,15494111000.0,0.1977675025,8.69,8.69,1790035185.0,1791034188.0,https://www.sec.gov/Archives/edgar/data/1073404/000110465922041058/0001104659-22-041058-index.htm,https://www.sec.gov/Archives/edgar/data/1073404/000110465922041058/ggb-20211231x20f.htm
2020-12-31,GGB,BRL,0001073404,2021-04-21,2021-04-21 16:34:58,2020,FY,43814661000.0,37884102000.0,5930559000.0,0.1353555834,188083000.0,1017435000.0,512950000.0,1530385000.0,-1117699000,412686000.0,38296788000.0,194092000.0,1448461000.0,2499104000.0,8363638000.0,0.1908867445,5864534000.0,0.1338486677,-2022195000.0,3495678000.0,0.0797832945,1107624000.0,2365763000.0,0.0539947804,1.34,1.34,1785661944.0,1786219503.0,https://www.sec.gov/Archives/edgar/data/1073404/000110465921053189/0001104659-21-053189-index.htm,https://www.sec.gov/Archives/edgar/data/1073404/000110465921053189/tm212083d1_20f.htm
2024-12-31,IONS,USD,0000874015,2025-02-19,2025-02-19 16:06:39,2024,FY,705138000.0,11215000.0,693923000.0,0.9840953118,901530000.0,267500000.0,-26000.0,267474000.0,0,1169004000.0,1180219000.0,-6100000.0,84357000.0,0.0,-475081000.0,-0.6737418775,-475081000.0,-0.6737418775,15013000.0,-460068000.0,-0.6524510096,-6171000.0,-453897000.0,-0.6436995312,-3.04,-3.04,149514000.0,149514000.0,https://www.sec.gov/Archives/edgar/data/874015/000087401525000089/0000874015-25-000089-index.htm,https://www.sec.gov/Archives/edgar/data/874015/000087401525000089/form10k.htm
2023-12-31,IONS,USD,0000874015,2024-02-21,2024-02-21 16:38:27,2023,FY,787647000.0,9133000.0,778514000.0,0.988,899625000.0,232600000.0,0.0,232600000.0,0,1132244000.0,1141377000.0,0.0,0.0,22498000.0,-230010000.0,-0.2920216798,-353730000.0,-0.4490971209,19765000.0,-333965000.0,-0.4240033924,32321000.0,-366286000.0,-0.4650382722,-2.56,-2.56,143000000.0,143190000.0,https://www.sec.gov/Archives/edgar/data/874015/000087401524000116/0000874015-24-000116-index.htm,https://www.sec.gov/Archives/edgar/data/874015/000087401524000116/form10k.htm
2022-12-31,IONS,USD,0000874015,2023-02-22,2023-02-22 16:39:54,2022,FY,587000000.0,14000000.0,573000000.0,0.9761499148,833000000.0,150300000.0,700000.0,151000000.0,3000000,984000000.0,998000000.0,25331000.0,8122000.0,22105000.0,-227758000.0,-0.9557069847,-411000000.0,-0.7001703578,152206000.0,-258000000.0,-0.4395229983,12000000.0,-270000000.0,-0.4599659284,-1.9,-1.9,141848000.0,141848000.0,https://www.sec.gov/Archives/edgar/data/874015/000087401523000105/0000874015-23-000105-index.htm,https://www.sec.gov/Archives/edgar/data/874015/000087401523000105/form10k.htm
2021-12-31,IONS,USD,0000874015,2022-02-25,2022-02-24 17:38:52,2021,FY,810000000.0,11000000.0,799000000.0,0.986,643000000.0,170900000.0,15100000.0,186000000.0,9000000,829000000.0,840000000.0,10044000.0,4300000.0,19560000.0,-239000.0,-0.0259259259,-30000000.0,-0.037037037,1038000.0,-30000000.0,-0.037037037,-1000000.0,-29000000.0,-0.0358024691,-0.21,-0.21,141021000.0,141021000.0,https://www.sec.gov/Archives/edgar/data/874015/000087401522000079/0000874015-22-000079-index.htm,https://www.sec.gov/Archives/edgar/data/874015/000087401522000079/form10k.htm
2020-12-31,IONS,USD,0000874015,2021-02-24,2021-02-24 15:34:10,2020,FY,729000000.0,12000000.0,717000000.0,0.9835390947,535000000.0,354000000.0,0.0,354000000.0,2000000,889000000.0,901000000.0,30562000.0,44990000.0,17160000.0,-107882000.0,-0.2359396433,-172000000.0,-0.2359396433,37530000.0,-170000000.0,-0.2331961591,317000000.0,-487000000.0,-0.6680384088,-3.49,-3.49,139612000.0,139612000.0,https://www.sec.gov/Archives/edgar/data/874015/000087401521000056/0000874015-21-000056-index.htm,https://www.sec.gov/Archives/edgar/data/874015/000087401521000056/form10k.htm
2013-03-31,CAPV,USD,0000000000,2013-03-31,2013-03-30 20:00:00,2012,FY,14.626,14.513,0.11299999999999955,0.0077259675,0.0,555.0500000000001,0.0,555.0500000000001,0,555.0500000000001,569.5630000000001,0.0,0.0,509.212,-45725.0,-3.1262819636,-554.937,-37.9418159442,0.0,-554.937,-37.9418159442,0.0,-554.937,-37.9418159442,-0.0012,-0.0012,480049.0,479720.0,,
2010-03-31,CAPV,USD,0000000000,2010-03-31,2010-03-31 00:00:00,2009,FY,15000.0,18000.0,-3000.0,-0.2,0.0,516707.0,54116.0,570823.0,0,599634.0,617634.0,0.0,0.0,306.0,-602328.0,-40.1552,-602634.0,-40.1756,0.0,0.0,0.0,-3640.0,-598994.0,-39.9329333333,-0.62,-0.62,959605.0,959605.0,,
2009-03-31,CAPV,USD,0000000000,2009-03-31,2009-03-31 00:00:00,2008,FY,174540.0,149724.0,24816.0,0.1421794431,105000.0,429258.0,30692.0,459950.0,0,586656.0,736380.0,0.0,0.0,307.0,-561533.0,-2.3443966999,-409498.0,-2.346155609,-152342.0,-561840.0,-3.218975593,152342.0,-714182.0,-4.0917955769,-0.88,-0.88,808639.0,808639.0,,
2008-03-31,CAPV,USD,0000000000,2008-03-31,2008-03-31 00:00:00,2007,FY,0.0,0.0,0.0,0.0,80000.0,0.0,0.0,249431.0,0,329585.0,329585.0,0.0,0.0,59155.0,-674812.0,0.0,-329585.0,0.0,-7975.0,-337560.0,0.0,7975.0,-337560.0,0.0,-0.48,-0.48,707251.0,707251.0,,
2006-09-30,CAPV,USD,0000000000,2006-09-30,2006-09-30 00:00:00,2006,FY,5500.0,4095.0,1405.0,0.2554545455,0.0,0.0,0.0,237939.0,0,249066.0,253161.0,0.0,0.0,11127.0,-286534.0,-33.9152727273,-247661.0,-45.0292727273,-50000.0,-297661.0,-54.1201818182,50000.0,-297661.0,-54.1201818182,-0.58,-0.58,513216.0,513216.0,,
2024-12-31,AXS,USD,0001214816,2025-02-26,2025-02-26 16:17:40,2024,FY,5957651000.0,10917000.0,5946734000.0,0.9981675664,0.0,666202000.0,0.0,666202000.0,0,666202000.0,677119000.0,1008238000.0,67766000.0,55306000.0,1260453000.0,0.2115687878,5280532000.0,0.8863446348,-4143151000.0,1137381000.0,0.1909109815,55595000.0,1081786000.0,0.1815792835,13.21,13.06,84165000.0,85176000.0,https://www.sec.gov/Archives/edgar/data/1214816/000121481625000056/0001214816-25-000056-index.htm,https://www.sec.gov/Archives/edgar/data/1214816/000121481625000056/axs-20241231.htm
2023-12-31,AXS,USD,0001214816,2024-02-27,2024-02-27 17:12:35,2023,FY,5617187000.0,10917000.0,5606270000.0,0.998,0.0,684446000.0,0.0,684446000.0,0,5590519000.0,684446000.0,0.0,68421000.0,75552000.0,542418000.0,0.0965639919,4948025000.0,0.8808724011,-4549580000.0,398445000.0,0.0709331913,26316000.0,376292000.0,0.0669894023,4.06,4.02,85142000.0,86012000.0,https://www.sec.gov/Archives/edgar/data/1214816/000121481624000024/0001214816-24-000024-index.htm,https://www.sec.gov/Archives/edgar/data/1214816/000121481624000024/axs-20231231.htm
2022-12-31,AXS,USD,0001214816,2023-02-27,2023-02-24 21:24:02,2022,FY,5135439000.0,10917000.0,5124522000.0,0.9978741837,0.0,680343000.0,0.0,680343000.0,-748653000,-68310000.0,5050259000.0,243125000.0,63146000.0,68288000.0,374559000.0,0.073324598,365637000.0,0.0711987816,-4209976000.0,243125000.0,0.0473425933,22037000.0,223083000.0,0.0434399084,2.27,2.25,84864000.0,85669000.0,https://www.sec.gov/Archives/edgar/data/1214816/000121481623000013/0001214816-23-000013-index.htm,https://www.sec.gov/Archives/edgar/data/1214816/000121481623000013/axs-20221231.htm
2021-12-31,AXS,USD,0001214816,2022-02-25,2022-02-25 16:10:27,2021,FY,5321725000.0,0.0,5321725000.0,1.0,0.0,663304000.0,0.0,663304000.0,-5327016000,-4663712000.0,4672501000.0,62302000.0,62302000.0,66977000.0,778188000.0,0.125921952,657698000.0,0.1235873706,-3977428000.0,648909000.0,0.1219358385,62384000.0,618609000.0,0.1162421959,6.95,6.9,84707000.0,85291000.0,https://www.sec.gov/Archives/edgar/data/1214816/000121481622000011/0001214816-22-000011-index.htm,https://www.sec.gov/Archives/edgar/data/1214816/000121481622000011/axs-20211231.htm
2020-12-31,AXS,USD,0001214816,2021-02-26,2021-02-26 16:11:29,2020,FY,4841954000.0,0.0,4841954000.0,1.0,0.0,579790000.0,0.0,579790000.0,-5465331000,-4885541000.0,4890018000.0,75049000.0,75049000.0,65797000.0,11713000.0,-0.0233926221,-124656000.0,-0.0257449782,-129133000.0,-129133000.0,-0.0266696049,-12321000.0,-116812000.0,-0.024124971,-1.39,-1.39,84262000.0,84262000.0,https://www.sec.gov/Archives/edgar/data/1214816/000121481621000014/0001214816-21-000014-index.htm,https://www.sec.gov/Archives/edgar/data/1214816/000121481621000014/axs-20201231.htm
2023-12-31,QETAU,USD,0001978528,2024-03-25,2024-03-25 17:25:46,2023,FY,0.0,0.0,0.0,0.0,0.0,43065.0,0.0,43065.0,0,121135.0,121133.0,826991.0,0.0,64632.0,-121140.0,0.0,-64632.0,0.0,1123419.0,1058787.0,0.0,255974.0,802814.0,0.0,0.19,0.19,4122000.0,4122482.0,https://www.sec.gov/Archives/edgar/data/1978528/000182912624001878/0001829126-24-001878-index.htm,https://www.sec.gov/Archives/edgar/data/1978528/000182912624001878/quettaacq_10k.htm
2024-12-31,IDYA,USD,0001676725,2025-02-18,2025-02-18 16:00:41,2024,FY,7000000.0,0.0,7000000.0,1.0,294673000.0,39302000.0,0.0,39302000.0,0,333975000.0,333975000.0,52498000.0,0.0,0.0,-326975000.0,-46.7107142857,-326975000.0,-46.7107142857,52498000.0,-274477000.0,-39.211,0.0,-274477000.0,-39.211,-3.36,-3.36,81678069.0,81678069.0,https://www.sec.gov/Archives/edgar/data/1676725/000095017025022183/0000950170-25-022183-index.htm,https://www.sec.gov/Archives/edgar/data/1676725/000095017025022183/idya-20241231.htm
2023-12-31,IDYA,USD,0001676725,2024-02-20,2024-02-20 16:05:54,2023,FY,23385000.0,4008000.0,19377000.0,0.829,129508000.0,28306000.0,0.0,28306000.0,0,157814000.0,157814000.0,21468000.0,0.0,4008000.0,-130421000.0,-5.5771220868,-134429000.0,-5.7485140047,21468000.0,-112961000.0,-4.8304896301,0.0,-112961000.0,-4.8304896301,-1.96,-1.96,57519929.0,57519929.0,https://www.sec.gov/Archives/edgar/data/1676725/000095017024017093/0000950170-24-017093-index.htm,https://www.sec.gov/Archives/edgar/data/1676725/000095017024017093/idya-20231231.htm
2022-12-31,IDYA,USD,0001676725,2023-03-07,2023-03-07 16:04:09,2022,FY,50931000.0,2101000.0,48830000.0,0.9587481102,89536000.0,23897000.0,0.0,23897000.0,0,113433000.0,113433000.0,3847000.0,3847000.0,2101000.0,-60401000.0,-1.2271897273,-62502000.0,-1.2271897273,3847000.0,-58655000.0,-1.1516561623,-3847000.0,-54808000.0,-1.0761225972,-1.32,-1.32,41444696.0,41444696.0,https://www.sec.gov/Archives/edgar/data/1676725/000095017023006456/0000950170-23-006456-index.htm,https://www.sec.gov/Archives/edgar/data/1676725/000095017023006456/idya-20221231.htm
2021-12-31,IDYA,USD,0001676725,2022-03-18,2022-03-17 17:31:47,2021,FY,27941000.0,1725000.0,26216000.0,0.938,58158000.0,20051000.0,0.0,20051000.0,0,78209000.0,78209000.0,506000.0,0.0,1725000.0,-48543000.0,-1.7990766257,-50268000.0,-1.7990766257,506000.0,-49762000.0,-1.7809670377,-2231000.0,-47531000.0,-1.7011202176,-1.35,-1.35,35252443.0,35252443.0,https://www.sec.gov/Archives/edgar/data/1676725/000156459022010922/0001564590-22-010922-index.htm,https://www.sec.gov/Archives/edgar/data/1676725/000156459022010922/idya-10k_20211231.htm
2020-12-31,IDYA,USD,0001676725,2021-03-23,2021-03-23 06:30:49,2020,FY,19538000.0,39698000.0,-20160000.0,-1.0318353977,39698000.0,15184000.0,0.0,15184000.0,0,54882000.0,54882000.0,849000.0,849000.0,1381000.0,-33963000.0,-1.8089876139,-35344000.0,-1.8089876139,849000.0,-34495000.0,-1.7655338315,-2230000.0,-32265000.0,-1.6513972771,-1.31,-1.31,24721775.0,24721775.0,https://www.sec.gov/Archives/edgar/data/1676725/000156459021014676/0001564590-21-014676-index.htm,https://www.sec.gov/Archives/edgar/data/1676725/000156459021014676/idya-10k_20201231.htm
2024-12-31,BTE,CAD,0001279495,2025-03-05,2025-03-04 18:49:20,2024,FY,4208955000.0,3183888000.0,1025067000.0,0.2435443002,0.0,99618000.0,0.0,99618000.0,925449000,1025067000.0,4208955000.0,-16694000.0,206104000.0,1385910000.0,1965304000.0,0.4669339539,0.0,0.0,373290000.0,373290000.0,0.0886894728,136693000.0,236597000.0,0.0562127654,0.29,0.3,805300000.0,800217000.0,https://www.sec.gov/Archives/edgar/data/1279495/000127949525000014/0001279495-25-000014-index.htm,https://www.sec.gov/Archives/edgar/data/1279495/000127949525000014/bte-20241231.htm
2023-12-31,BTE,CAD,0001279495,2023-12-31,2023-12-30 19:00:00,2023,FY,3382621000.0,2513337000.0,869284000.0,0.257,0.0,69789000.0,37699000.0,107488000.0,761796000,869284000.0,3382621000.0,0.0,171767000.0,1047904000.0,691145000.0,0.2043223288,643188000.0,0.190144861,-1159770000.0,-516582000.0,-0.1527164882,-283226000.0,-233356000.0,-0.0689867413,-0.33,-0.33,704896000.0,704896000.0,,
2022-12-31,BTE,CAD,0001279495,2022-12-31,2022-12-31 00:00:00,2022,FY,2889045000.0,1810695000.0,1078350000.0,0.3732548299,0.0,79326000.0,0.0,79326000.0,45922000,125248000.0,1935943000.0,86672000.0,80386000.0,602733000.0,1558351000.0,0.5298020626,943572000.0,0.3266034278,-62187000.0,890915000.0,0.3083769896,35310000.0,855605000.0,0.2961549578,1.53,1.52,557986000.0,563835000.0,,
2021-12-31,BTE,CAD,0001279495,2021-12-31,2021-12-31 00:00:00,2021,FY,1868195000.0,1264688000.0,603507000.0,0.323,0.0,51934000.0,0.0,51934000.0,27593000,79527000.0,1344215000.0,96927000.0,92069000.0,476961000.0,986264000.0,0.5279234769,521684000.0,0.2792449396,1170860000.0,1694840000.0,0.9072072241,81240000.0,1613600000.0,0.8637213995,2.86,2.82,563674000.0,571610000.0,,
2020-12-31,BTE,CAD,0001279495,2020-12-31,2020-12-31 00:00:00,2020,FY,975477000.0,1058278000.0,-82801000.0,-0.0848825754,0.0,43737000.0,0.0,43737000.0,22989000,66726000.0,1125004000.0,113151000.0,106534000.0,495358000.0,335540000.0,0.3439753064,-150840000.0,-0.1546320416,-2449830000.0,-2599357000.0,-2.6647035245,-160393000.0,-2438964000.0,-2.5002783254,-4.35,-4.35,560657000.0,560657000.0,,
2023-12-31,WONDF,CAD,0001882839,2023-12-31,2023-12-30 19:00:00,2023,FY,28276353.0,9746946.0,18529407.0,0.655,0.0,7907589.0,1415541.0,34842419.0,-149324,34842419.0,44589365.0,1656127.0,119688.0,9746946.0,-6566060.0,-0.2322102854,-16313009.0,-0.5769134725,1036535.0,-15276474.0,-0.5402561639,-857442.0,-16693179.0,-0.5903582757,-0.0381,-0.0381,437653656.0,437653656.0,,
2022-09-30,WONDF,CAD,0001882839,2022-09-30,2022-09-30 00:00:00,2022,FY,6479881.0,9029979.0,-2550098.0,-0.393540869,10581000.0,26862237.0,5907228.0,32769465.0,5337007,38106472.0,47136451.0,71355.0,16259.0,19472845.0,-22550058.0,-3.4800111298,-42022903.0,-6.4851349894,4930957.0,-37091946.0,-5.7241708605,-1510895.0,-35581051.0,-5.49100377,-0.25,-0.25,144011212.0,144011212.0,,
2021-09-30,WONDF,CAD,0001882839,2021-09-30,2021-09-30 00:00:00,2021,FY,55878000.0,134756.0,55743244.0,0.998,674383.0,4643068.0,355860.0,4998928.0,1778,5000706.0,5135462.0,2103.0,0.0,3881.0,-5136971.0,-0.0919319052,-5140852.0,-0.0920013601,78242.0,-5062610.0,-0.090601131,2944000.0,-5062610.0,-0.090601131,-0.15,-0.15,34467516.0,34467516.0,,
2020-06-30,WONDF,CAD,0001882839,2020-06-30,2020-06-28 20:00:00,2020,FY,0.0,0.0,0.0,0.0,0.0,0.0,0.0,153750.0,0,153750.0,153750.0,0.0,0.0,206297.0,-153750.0,0.0,-153750.0,0.0,0.0,-153750.0,0.0,0.0,-153750.0,0.0,-0.0977,-0.0977,1574146.0,1574146.0,,
2019-06-30,WONDF,CAD,0001882839,2019-06-30,2019-06-28 20:00:00,2019,FY,0.0,0.0,0.0,0.0,0.0,0.0,0.0,392976.0,0,392976.0,392976.0,0.0,0.0,171860.0,-392980.0,0.0,-392980.0,0.0,4.0,-392976.0,0.0,0.0,-392976.0,0.0,-0.33,-0.33,1189888.0,1189888.0,,
2024-12-31,NCDL,USD,0001737924,2025-02-27,2025-02-26 21:55:01,2024,FY,224040000.0,0.0,224040000.0,1.0,0.0,6029000.0,0.0,6029000.0,0,6029000.0,6029000.0,213096000.0,79879000.0,0.0,0.0,0.0,218011000.0,0.9730896269,-101534000.0,116477000.0,0.519893769,154000.0,116323000.0,0.5192063917,2.27,2.27,54118379.0,54118379.0,https://www.sec.gov/Archives/edgar/data/1737924/000162828025008382/0001628280-25-008382-index.htm,https://www.sec.gov/Archives/edgar/data/1737924/000162828025008382/ncdlc-20241231.htm
2023-12-31,NCDL,USD,0001737924,2023-12-31,2023-12-30 19:00:00,2023,FY,153804000.0,11949000.0,141855000.0,0.922,0.0,6187000.0,0.0,6187000.0,0,81973000.0,16660000.0,160512000.0,61206000.0,0.0,137144000.0,0.8916803204,137144000.0,0.8916803204,-61206000.0,75938000.0,0.4937322826,830000.0,75938000.0,0.4937322826,2.27,2.27,33385880.0,33385880.0,,
2022-12-31,NCDL,USD,0001737924,2022-12-31,2022-12-30 19:00:00,2022,FY,82191000.0,8396000.0,73795000.0,0.8978476962,0.21031499799248093,3810000.0,-3809999.789685002,0.21031499799248093,-25695000,3810000.0,12206000.0,80657000.0,25695000.0,39210000.0,42981000.0,0.9270803251,36987659.0,0.450020793,-25695000.0,42981000.0,0.5229404679,42981000.0,17286000.0,0.210314998,0.74,0.74,23279341.0,23279341.0,,
2021-12-31,NCDL,USD,0001737924,2021-12-31,2021-12-30 19:00:00,2021,FY,37109000.0,4511000.0,32598000.0,0.878,0.7347543722547091,2161000.0,-2160999.2652456276,0.7347543722547091,-9827000,2161000.0,6672000.0,35015000.0,9827000.0,16000.0,37093000.0,1.3884951629,51509667.0,1.3880640006,-3171000.0,37093000.0,0.9995688377,37093000.0,27266000.0,0.7347543723,2.12,2.12,12849333.0,12849333.0,,
2020-12-31,NCDL,USD,0001737924,2020-12-31,2020-12-30 19:00:00,2020,FY,13712000.0,1920000.0,11792000.0,0.8599766628,0.1564323220536756,2080000.0,-2079999.843567678,0.1564323220536756,-4486000,2080000.0,4000000.0,13046000.0,4486000.0,7081000.0,6631000.0,0.7943587369,3811247.0,0.277949752,0.0,6631000.0,0.4835910152,6631000.0,2145000.0,0.1564323221,0.43,0.43,4964753.0,4964753.0,,
2024-12-31,NEON,USD,0000087050,2025-03-21,2025-03-21 09:22:20,2024,FY,3108000.0,116000.0,2992000.0,0.9626769627,3444000.0,3767000.0,2328000.0,6095000.0,0,9539000.0,9655000.0,0.0,0.0,137000.0,-6410000.0,-2.0624195624,-6547000.0,-2.1064993565,687000.0,-5860000.0,-1.8854568855,15000.0,-6466000.0,-2.0804375804,-0.41,-0.41,15873000.0,15873000.0,https://www.sec.gov/Archives/edgar/data/87050/000101376225000774/0001013762-25-000774-index.htm,https://www.sec.gov/Archives/edgar/data/87050/000101376225000774/ea0233400-10k_neonode.htm
2023-12-31,NEON,USD,0000087050,2024-02-28,2024-02-28 09:20:29,2023,FY,4449000.0,4542000.0,-93000.0,-0.0209035738,3833000.0,4363000.0,2455000.0,6818000.0,0,10651000.0,15193000.0,730000.0,0.0,160000.0,-10584000.0,-2.3789615644,-10744000.0,-2.4149247022,736000.0,-10008000.0,-2.2494942684,115000.0,-10123000.0,-2.2753427737,-0.66,-0.66,15322000.0,15322000.0,https://www.sec.gov/Archives/edgar/data/87050/000121390024017782/0001213900-24-017782-index.htm,https://www.sec.gov/Archives/edgar/data/87050/000121390024017782/f10k2023_neonodeinc.htm
2022-12-31,NEON,USD,0000087050,2023-03-09,2023-03-09 09:20:37,2022,FY,5670000.0,804000.0,4866000.0,0.8582010582,3963000.0,4155000.0,2034000.0,6189000.0,21000,10152000.0,10956000.0,100000.0,100000.0,519000.0,-4646000.0,-0.8407407407,-5286000.0,-0.9322751323,121000.0,-5165000.0,-0.9109347443,118000.0,-5283000.0,-0.9317460317,-0.39,-0.39,13632000.0,13632000.0,https://www.sec.gov/Archives/edgar/data/87050/000121390023018702/0001213900-23-018702-index.htm,https://www.sec.gov/Archives/edgar/data/87050/000121390023018702/f10k2022_neonodeinc.htm
2021-12-31,NEON,USD,0000087050,2022-03-10,2022-03-10 09:30:01,2021,FY,5836000.0,955000.0,4881000.0,0.836,3546000.0,5603000.0,2839000.0,8442000.0,0,11988000.0,12943000.0,15000.0,15000.0,1137000.0,-5970000.0,-1.0229609321,-7107000.0,-1.2177861549,-15000.0,-7122000.0,-1.2203564085,146000.0,-7268000.0,-1.2453735435,-0.61,-0.61,11907000.0,11907000.0,https://www.sec.gov/Archives/edgar/data/87050/000121390022011462/0001213900-22-011462-index.htm,https://www.sec.gov/Archives/edgar/data/87050/000121390022011462/f10k2021_neonodeinc.htm
2020-12-31,NEON,USD,0000087050,2021-03-10,2021-03-10 09:26:57,2020,FY,5984000.0,1078000.0,4906000.0,0.8198529412,4139000.0,4424000.0,2534000.0,6958000.0,-5000,11097000.0,12175000.0,27000.0,27000.0,1172000.0,-5024000.0,-0.8395721925,-6191000.0,-1.034592246,-32000.0,-6223000.0,-1.0399398396,59000.0,-6282000.0,-1.0497994652,-0.63,-0.63,9989000.0,9989000.0,https://www.sec.gov/Archives/edgar/data/87050/000121390021014481/0001213900-21-014481-index.htm,https://www.sec.gov/Archives/edgar/data/87050/000121390021014481/f10k2020_neonodeinc.htm
2024-12-31,FCRX,USD,0001464963,2024-12-31,2024-12-31 00:00:00,2024,FY,197363000.0,0.0,197363000.0,1.0,0.0,44014000.0,0.0,44014000.0,0,44014000.0,44014000.0,0.0,0.0,-153349000.0,0.0,0.0,153349000.0,0.776989608,-78145000.0,75204000.0,0.381044066,1555000.0,73649000.0,0.3731651829,1.99,1.99,37061564.0,37061547.0,,
2023-12-31,FCRX,USD,0001464963,2023-12-31,2023-12-29 19:00:00,2023,FY,184134000.0,36598000.0,147536000.0,0.8012425733,0.0,41544000.0,0.0,41544000.0,0,41544000.0,41544000.0,0.0,58742000.0,-142590000.0,1698000.0,0.0092215452,142590000.0,0.7743817003,-57446000.0,85144000.0,0.4624023809,1307000.0,83837000.0,0.4553042893,2.33,2.33,35928207.0,35928203.0,,
2022-12-31,FCRX,USD,0001464963,2023-02-22,2023-02-22 16:34:00,2022,FY,121695000.0,20467000.0,101228000.0,0.831817248,0.13562595012120462,24953000.0,-24952999.87227084,24953000.0,-31913000,70350000.0,73277000.0,30668000.0,31880000.0,-91764000.0,0.0,0.3978635112,48418000.0,0.3978635112,-75259001.0,16504999.0,0.1356259419,961000.0,15544000.0,0.127729159,0.5,0.5,30887360.0,30887360.0,https://www.sec.gov/Archives/edgar/data/1633336/000095017023003786/0000950170-23-003786-index.htm,https://www.sec.gov/Archives/edgar/data/1633336/000095017023003786/ccap-20221231.htm
2021-12-31,FCRX,USD,0001464963,2022-03-04,2022-03-03 17:39:09,2021,FY,14518000.0,19472000.0,-4954000.0,-0.341,0.6911077678359332,2965000.0,0.0,2965000.0,-6231000,-6231000.0,6231000.0,14346000.0,19766000.0,19555000.0,106735000.0,0.1205400193,8287000.0,0.5708086513,16206000.0,8287000.0,0.5708086513,3647000.0,8287000.0,0.5708086513,0.29,0.29,28477771.0,28477771.0,https://www.sec.gov/Archives/edgar/data/1464963/000156459022008559/0001564590-22-008559-index.htm,https://www.sec.gov/Archives/edgar/data/1464963/000156459022008559/tcrd-10k_20211231.htm
2020-12-31,FCRX,USD,0001464963,2021-03-05,2021-03-04 17:31:54,2020,FY,61910000.0,6766000.0,55144000.0,0.8907123243,0.8948796640284283,11207000.0,-11206999.116911646,11207000.0,-19393000,7155000.0,-12885000.0,14745000.0,15485000.0,-65906000.0,0.0,1.2081246971,74795000.0,1.2081246971,-10504000.0,55402000.0,0.894879664,730000.0,54672000.0,0.8830883541,1.98,1.98,27681757.0,27681757.0,https://www.sec.gov/Archives/edgar/data/1464963/000156459021011016/0001564590-21-011016-index.htm,https://www.sec.gov/Archives/edgar/data/1464963/000156459021011016/tcrd-10k_20201231.htm
2024-01-31,STRG,USD,0001803096,2024-05-15,2024-05-15 17:01:22,2024,FY,4370.0,19691.0,-15321.0,-3.5059496568,0.0,93669.0,0.0,93669.0,0,93669.0,113360.0,0.0,1379.0,12386.0,-188582.0,-43.1537757437,-108990.0,-24.9405034325,-93355.0,-202345.0,-46.3032036613,0.0,-181265.0,-41.4794050343,-0.0632,-0.0632,2868000.0,2868000.0,https://www.sec.gov/Archives/edgar/data/1803096/000164033424000804/0001640334-24-000804-index.htm,https://www.sec.gov/Archives/edgar/data/1803096/000164033424000804/star_10k.htm
2023-01-31,STRG,USD,0001803096,2023-05-15,2023-05-15 15:15:40,2023,FY,0.0,8000.0,-8000.0,0.0,0.0,36520.0,0.0,36520.0,106,36520.0,44520.0,0.0,0.0,796.0,-43754.0,0.0,-44520.0,0.0,-35.0,-44555.0,0.0,-2732.0,-44555.0,0.0,-0.0155,-0.0155,2868000.0,2868000.0,https://www.sec.gov/Archives/edgar/data/1803096/000164033423000879/0001640334-23-000879-index.htm,https://www.sec.gov/Archives/edgar/data/1803096/000164033423000879/star_10k.htm
2022-01-31,STRG,USD,0001803096,2022-04-29,2022-04-29 13:56:33,2022,FY,0.0,268.0,-268.0,0.0,0.0,25865.0,0.0,25865.0,0,25865.0,25865.0,0.0,0.0,268.0,-25597.0,0.0,-25865.0,0.0,0.0,-25865.0,0.0,5.0,-25865.0,0.0,-0.009,-0.009,2864161.0,2864161.0,https://www.sec.gov/Archives/edgar/data/1803096/000147793222002751/0001477932-22-002751-index.htm,https://www.sec.gov/Archives/edgar/data/1803096/000147793222002751/star_10k.htm
2021-01-31,STRG,USD,0001803096,2021-04-21,2021-04-21 10:58:51,2021,FY,0.0,134.0,-134.0,0.0,0.0,7879.0,0.0,7879.0,0,7879.0,7879.0,0.0,0.0,134.0,-7745.0,0.0,-7879.0,0.0,0.0,-7879.0,0.0,0.9999999999990905,-7879.0,0.0,-0.0027,-0.0027,2868000.0,2868000.0,https://www.sec.gov/Archives/edgar/data/1803096/000147793221002551/0001477932-21-002551-index.htm,https://www.sec.gov/Archives/edgar/data/1803096/000147793221002551/star_10k.htm
2020-01-31,STRG,USD,0001803096,2020-01-31,2020-01-31 00:00:00,2020,FY,0.0,0.0,0.0,0.0,0.0,926.0,0.0,926.0,0,926.0,926.0,0.0,0.0,926.0,-926.0,0.0,-926.0,0.0,0.0,-926.0,0.0,-922.0,-926.0,0.0,-0.0003,-0.0003,2868000.0,2868000.0,,
2024-09-30,HQL,USD,0000884121,2024-09-30,2024-09-30 00:00:00,2024,FY,86685230.0,0.0,86685230.0,1.0,0.0,1332115.0,0.0,1332115.0,85353115,86685230.0,86685230.0,1043143.0,0.0,0.0,0.0,0.0,0.0,0.0,85296459.0,85296459.0,0.9839791508,0.0,85296459.0,0.9839791508,0.0,0.0,28058046.0,28058046.0,,
2023-09-30,HQL,USD,0000884121,2023-09-30,2023-09-29 20:00:00,2023,FY,23523699.0,5244047.0,18279652.0,0.777,0.0,903138.0,0.0,903138.0,22620561,23523699.0,23523699.0,204449.0,0.0,27597992.0,22353945.0,0.9502733818,-5244047.0,-0.2229261223,27596295.0,22352248.0,0.9502012417,0.0,22352248.0,0.9502012417,0.79,0.79,28293985.0,28293985.0,,
2022-09-30,HQL,USD,0000884121,2022-09-30,2022-09-29 20:00:00,2022,FY,-103250433.0,5548950.0,-108799383.0,1.0537426318,-3.2829639276668354,1076700.0,0.0,1076700.0,275967,1352667.0,1352667.0,50092.0,0.0,2990128.0,-104605517.0,1.0131008361,-104603100.0,1.0131008361,-101612972.0,-104603100.0,1.0131008361,-2987708.0,-104603100.0,1.0131008361,-4.07,-4.07,25679636.0,25679636.0,,
2021-09-30,HQL,USD,0000884121,2021-09-30,2021-09-30 00:00:00,2021,FY,65688448.0,6076036.0,59612412.0,0.908,1.4332474623727456,844018.0,0.0,844018.0,313687,1157705.0,1157705.0,0.0,0.0,4139016.0,64538573.0,0.9823758205,64530743.0,0.9823758205,6076036.0,64530743.0,0.9823758205,-4146852.9999999925,64530743.0,0.9823758205,2.66,2.66,24259677.0,24259677.0,,
2020-09-30,HQL,USD,0000884121,2020-09-30,2020-09-30 00:00:00,2020,FY,124082979.0,5206018.0,118876961.0,0.9580440602,3.149419241287186,751317.0,0.0,751317.0,278662,1029979.0,1029979.0,164800.0,0.0,2114692.0,123064177.0,0.9916992725,123053000.0,0.9916992725,5206018.0,123053000.0,0.9916992725,-2125872.0,123053000.0,0.9916992725,5.16,5.16,23847480.0,23847480.0,,
2024-12-31,JVSAR,USD,0001866001,2025-03-11,2025-03-11 06:25:37,2024,FY,0.0,0.0,0.0,0.0,0.0,0.0,0.0,0.0,0,0.0,0.0,0.0,0.0,0.0,-806106.0,0.0,-806106.0,0.0,2808667.0,2002561.0,0.0,0.0,2002561.0,0.0,0.37,0.37,5388661.0,5388661.0,https://www.sec.gov/Archives/edgar/data/1866001/000121390025022424/0001213900-25-022424-index.htm,https://www.sec.gov/Archives/edgar/data/1866001/000121390025022424/ea0233902-10ka1_jvspac.htm
2023-12-31,JVSAR,USD,0000000000,2023-12-31,2023-12-30 19:00:00,2023,FY,0.0,0.0,0.0,0.0,0.0,0.0,0.0,76827.0,0,76827.0,76827.0,0.0,0.0,1.4551915228366852e-11,-76827.0,0.0,-76827.00000000001,0.0,1.4551915228366852e-11,-76827.0,0.0,0.0,-76827.0,0.0,-0.0115,-0.0115,6707500.0,6707500.0,,
2022-12-31,JVSAR,USD,0000000000,2022-12-31,2022-12-30 19:00:00,2022,FY,0.0,0.0,0.0,0.0,0.0,0.0,0.0,2240.0,0,2240.0,2240.0,0.0,0.0,2.2399999999999998,-2240.0,0.0,-2240.0,0.0,-4.547473508864641e-13,-2240.0,0.0,-2.2399999999997817,-2240.0,0.0,-0.0003,-0.0003,7686250.0,7686250.0,,
2021-12-31,JVSAR,USD,0000000000,2021-12-31,2021-12-29 19:00:00,2021,FY,0.0,0.0,0.0,0.0,0.0,0.0,0.0,43255.0,0,43255.0,43255.0,0.0,0.0,4.298,-43260.0,0.0,-43260.0,0.0,5.0,-43255.0,0.0,-4.298000000002503,-43255.0,0.0,-0.0064,-0.0064,6707500.0,6707500.0,,
2024-12-31,FFIC,USD,0000923139,2025-03-11,2025-03-11 14:36:18,2024,FY,124740000.0,-340622000.0,465362000.0,3.730655764,0.0,97695000.0,0.0,97695000.0,27045000,124740000.0,124740000.0,465232000.0,283351000.0,6144000.0,0.0,0.0,-9552000.0,-0.0765752766,-38715000.0,-48267000.0,-0.3869408369,-16934000.0,-31333000.0,-0.2511864679,-1.05,-1.05,29949000.0,29949000.0,https://www.sec.gov/Archives/edgar/data/923139/000155837025002687/0001558370-25-002687-index.htm,https://www.sec.gov/Archives/edgar/data/923139/000155837025002687/ffic-20241231x10k.htm
2023-12-31,FFIC,USD,0000923139,2024-03-15,2024-03-15 13:32:13,2023,FY,191222000.0,24927000.0,166295000.0,0.8696436602,0.0,89951000.0,0.0,89951000.0,0,121952000.0,121952000.0,401351000.0,222325000.0,6445000.0,45798000.0,0.239501731,69270000.0,0.3622491136,-29437000.0,39833000.0,0.2083076215,11169000.0,28664000.0,0.1498990702,0.96,0.96,29925000.0,29925000.0,https://www.sec.gov/Archives/edgar/data/923139/000155837024003358/0001558370-24-003358-index.htm,https://www.sec.gov/Archives/edgar/data/923139/000155837024003358/ffic-20231231x10k.htm
2022-12-31,FFIC,USD,0000923139,2023-03-14,2023-03-14 17:19:29,2022,FY,253625000.0,21428000.0,232197000.0,0.9155130606,0.0,92227000.0,3100000.0,92227000.0,-146017000,-53790000.0,21428000.0,316566000.0,73010000.0,5930000.0,110782000.0,0.7268092656,178407000.0,0.7034282898,-23887000.0,104852000.0,0.4134135042,27907000.0,76945000.0,0.3033809759,2.5,2.5,30823000.0,30823000.0,https://www.sec.gov/Archives/edgar/data/923139/000155837023003746/0001558370-23-003746-index.htm,https://www.sec.gov/Archives/edgar/data/923139/000155837023003746/ffic-20221231x10k.htm
2021-12-31,FFIC,USD,0000923139,2022-03-07,2022-03-07 17:29:10,2021,FY,251656000.0,20828000.0,230828000.0,0.917,0.0,98305000.0,2500000.0,98305000.0,-240683000,-142378000.0,-142378000.0,288533000.0,40593000.0,6425000.0,115703000.0,0.4597665067,109278000.0,0.4342356232,-24022000.0,109278000.0,0.4342356232,27485000.0,81793000.0,0.3250190737,2.59,2.59,31550000.0,31550000.0,https://www.sec.gov/Archives/edgar/data/923139/000155837022002972/0001558370-22-002972-index.htm,https://www.sec.gov/Archives/edgar/data/923139/000155837022002972/ffic-20211231x10k.htm
2020-12-31,FFIC,USD,0000923139,2021-03-16,2021-03-16 14:18:06,2020,FY,206206000.0,16635000.0,189571000.0,0.9193282446,0.0,85490000.0,1800000.0,85490000.0,-246514000,-161024000.0,-161024000.0,264284000.0,69128000.0,6212000.0,51394000.0,0.2492362007,45182000.0,0.2191109861,-27397000.0,45182000.0,0.2191109861,10508000.0,34674000.0,0.1681522361,1.18,1.18,29301000.0,29301000.0,https://www.sec.gov/Archives/edgar/data/923139/000155837021003065/0001558370-21-003065-index.htm,https://www.sec.gov/Archives/edgar/data/923139/000155837021003065/ffic-20201231x10k.htm
2024-03-31,PODC,USD,0000000000,2024-07-01,2024-07-01 16:42:00,2023,FY,43302000.0,37326000.0,5976000.0,0.138,85000.0,5448000.0,4558000.0,10006000.0,896000,10987000.0,48313000.0,0.0,2247000.0,1148000.0,-11282000.0,-0.2605422382,-5011000.0,-0.1157221375,-9666000.0,-14677000.0,-0.3389450834,55000.0,-14732000.0,-0.3402152326,-0.68,-0.68,21767810.0,21767810.0,https://www.sec.gov/Archives/edgar/data/1940177/000143774924021729/0001437749-24-021729-index.htm,https://www.sec.gov/Archives/edgar/data/1940177/000143774924021729/podc20240331_10k.htm
2023-03-31,PODC,USD,0000000000,2023-03-31,2023-03-30 20:00:00,2022,FY,34645000.0,27579000.0,7066000.0,0.2039543946,312000.0,3316000.0,5174000.0,8490000.0,1000,8901000.0,36480000.0,0.0,4674000.0,323000.0,-1970000.0,-0.0436137971,-1835000.0,-0.0529657959,-5132000.0,-6967000.0,-0.2010968394,4675000.0,-6967000.0,-0.2010968394,-0.0629,-0.0629,110817732.0,110816207.0,,
2022-03-31,PODC,USD,0000000000,2022-03-31,2022-03-30 20:00:00,2021,FY,32348000.0,26271000.0,6077000.0,0.188,251000.0,4871000.0,5155000.0,10026000.0,0,10779000.0,37050000.0,0.0,5000.0,634000.0,-2965000.0,-0.0916594534,-4702000.0,-0.1453567454,1098000.0,-3604000.0,-0.1114133795,1108000.0,-3604000.0,-0.1114133795,-0.0244,-0.0244,147989980.0,147984230.0,,
2021-03-30,PODC,USD,0000000000,2021-03-30,2021-03-29 20:00:00,2020,FY,23840000.0,18279000.0,5561000.0,0.2332634228,644000.0,3713000.0,3992000.0,7705000.0,448000,8797000.0,27076000.0,0.0,0.0,586000.0,-2650000.0,-0.1111577181,-3236000.0,-0.135738255,-28000.0,-3264000.0,-0.1369127517,0.0,-3264000.0,-0.1369127517,-0.0221,-0.0221,147986942.0,147984230.0,,
2023-12-31,CANN,USD,0001477009,2024-04-29,2024-04-29 16:01:41,2023,FY,18136880.0,11564386.0,6572494.0,0.3623828354,0.0,1380567.0,8292173.0,9672740.0,874412,10547152.0,22111538.0,0.0,2575135.0,2681330.0,-1637945.0,-0.0903101857,-3974658.0,-0.2191478358,-2919752.0,-6894410.0,-0.3801320845,187848.0,-7082258.0,-0.3904893234,-0.0606,-0.0606,117196836.0,117196836.0,https://www.sec.gov/Archives/edgar/data/1477009/000121390024037141/0001213900-24-037141-index.htm,https://www.sec.gov/Archives/edgar/data/1477009/000121390024037141/ea0204879-10ka1_treescorp.htm
2022-12-31,CANN,USD,0001477009,2023-04-17,2023-04-17 16:32:14,2022,FY,13444542.0,8577487.0,4867055.0,0.3620097286,0.0,7710604.0,0.0,7710604.0,331376,8041980.0,16619467.0,234384.0,2800515.0,1597735.0,-5369384.0,-0.2121013122,-3174925.0,-0.2361497327,-6100703.0,-9275628.0,-0.6899177376,204917.0,-9480545.0,-0.7051593874,-0.0682,-0.0682,138959956.0,138959956.0,https://www.sec.gov/Archives/edgar/data/1477009/000155837023006067/0001558370-23-006067-index.htm,https://www.sec.gov/Archives/edgar/data/1477009/000155837023006067/cann-20221231x10k.htm
2021-12-31,CANN,USD,0001477009,2022-08-09,2022-08-09 16:05:13,2021,FY,5927199.0,4439478.0,1487721.0,0.251,0.0,4000133.0,0.0,4000133.0,500574,4500707.0,8940185.0,1311817.0,1311817.0,991196.0,-6124140.0,-0.3997741598,-3012986.0,-0.5083321819,-5414165.0,-8427151.0,-1.4217762893,1885557.0,-10312708.0,-1.739895691,-0.15,-0.15,69537731.0,69537731.0,https://www.sec.gov/Archives/edgar/data/1477009/000155837022012863/0001558370-22-012863-index.htm,https://www.sec.gov/Archives/edgar/data/1477009/000155837022012863/cann-20211231x10ka.htm
2020-12-31,CANN,USD,0001477009,2021-04-01,2021-04-01 17:30:26,2020,FY,7120040.0,5467197.0,1652843.0,0.2321395666,0.0,7503161.0,0.0,7503161.0,215461,7718622.0,13185819.0,748778.0,748778.0,485911.0,-6192994.0,-0.8076072606,-6065779.0,-0.8519304667,-1553043.0,-7618822.0,-1.0700532581,907596.0,-8526418.0,-1.1975238903,-0.17,-0.17,50895301.0,50895301.0,https://www.sec.gov/Archives/edgar/data/1477009/000155837021003925/0001558370-21-003925-index.htm,https://www.sec.gov/Archives/edgar/data/1477009/000155837021003925/cann-20201231x10k.htm
2019-12-31,CANN,USD,0001477009,2020-06-22,2020-06-22 16:54:33,2019,FY,3666346.0,2467100.0,1199246.0,0.3270956969,0.0,9945239.0,0.0,9945239.0,115696,10060935.0,12528035.0,2365097.0,2365097.0,115696.0,-11327465.0,-2.3635090632,-8861689.0,-2.4170356535,-4946569.0,-10787100.0,-2.9421936718,4040636.0,-14827736.0,-4.0442816908,-0.39,-0.39,38106781.0,38106781.0,https://www.sec.gov/Archives/edgar/data/1477009/000139843220000060/0001398432-20-000060-index.htm,https://www.sec.gov/Archives/edgar/data/1477009/000139843220000060/a14258.htm
2024-12-31,KEY-PK,USD,0000091576,2025-02-21,2025-02-21 15:54:59,2024,FY,4393000000.0,-4034000000.0,8427000000.0,1.9182790804,0.0,2775000000.0,94000000.0,2869000000.0,1524000000,4393000000.0,4393000000.0,8427000000.0,4662000000.0,73000000.0,0.0,0.0,76000000.0,0.0173002504,-382000000.0,-306000000.0,-0.0696562713,-305680000.0,-320000.0,-7.28432e-05,-0.0003,-0.0003,949561000.0,949561000.0,https://www.sec.gov/Archives/edgar/data/91576/000009157625000038/0000091576-25-000038-index.htm,https://www.sec.gov/Archives/edgar/data/91576/000009157625000038/key-20241231.htm
2023-12-31,KEY-PK,USD,0000091576,2024-02-22,2024-02-22 15:18:06,2023,FY,5894000000.0,-4503000000.0,10397000000.0,1.764,0.0,2656000000.0,109000000.0,3659000000.0,0,3659000000.0,3659000000.0,7927000000.0,4014000000.0,134000000.0,1249000000.0,0.2119104174,2235000000.0,0.3791991856,-1075000000.0,1160000000.0,0.1968103156,196000000.0,967000000.0,0.164065151,0.89,0.88,927217000.0,932759000.0,https://www.sec.gov/Archives/edgar/data/91576/000009157624000040/0000091576-24-000040-index.htm,https://www.sec.gov/Archives/edgar/data/91576/000009157624000040/key-20231231.htm
2022-12-31,KEY-PK,USD,0000091576,2023-02-22,2023-02-22 15:19:02,2022,FY,7033000000.0,0.0,7033000000.0,1.0,0.0,2657000000.0,123000000.0,2780000000.0,437000000,3217000000.0,3217000000.0,5412000000.0,885000000.0,96000000.0,2470000000.0,0.4778899474,3224000000.0,0.4584103512,-714000000.0,2333000000.0,0.3317218826,422000000.0,1917000000.0,0.2725721598,1.95,1.93,924363000.0,933059000.0,https://www.sec.gov/Archives/edgar/data/91576/000009157623000026/0000091576-23-000026-index.htm,https://www.sec.gov/Archives/edgar/data/91576/000009157623000026/key-20221231.htm
2021-12-31,KEY-PK,USD,0000091576,2022-02-22,2022-02-22 15:34:21,2021,FY,7038000000.0,0.0,7038000000.0,1.0,0.0,2686000000.0,126000000.0,2812000000.0,-6583000000,-3771000000.0,-3771000000.0,4367000000.0,296000000.0,165000000.0,3286000000.0,0.472435351,3267000000.0,0.4641943734,-705000000.0,3254000000.0,0.4623472577,642000000.0,2625000000.0,0.3729752771,2.66,2.63,947065000.0,957414000.0,https://www.sec.gov/Archives/edgar/data/91576/000009157622000029/0000091576-22-000029-index.htm,https://www.sec.gov/Archives/edgar/data/91576/000009157622000029/key-20211231.htm
2020-12-31,KEY-PK,USD,0000091576,2021-02-22,2021-02-22 14:55:27,2020,FY,6490000000.0,0.0,6490000000.0,1.0,0.0,2476000000.0,97000000.0,2573000000.0,-7493000000,-4920000000.0,-4920000000.0,4685000000.0,651000000.0,180000000.0,1667000000.0,0.2519260401,1570000000.0,0.2419106317,-712000000.0,1556000000.0,0.2397534669,227000000.0,1343000000.0,0.2069337442,1.28,1.27,967783000.0,974807000.0,https://www.sec.gov/Archives/edgar/data/91576/000009157621000044/0000091576-21-000044-index.htm,https://www.sec.gov/Archives/edgar/data/91576/000009157621000044/key-20201231.htm
2024-12-31,CLOV,USD,0001801170,2025-03-03,2025-03-03 08:03:56,2024,FY,1371131000.0,1006327000.0,364804000.0,0.266,0.0,408934000.0,0.0,408934000.0,1619000,410553000.0,1416880000.0,0.0,0.0,1331000.0,-44935000.0,-0.0327722151,-45749000.0,-0.0333658855,-517000.0,-46266000.0,-0.0313675353,0.0,-43009000.0,-0.0313675353,-0.08,-0.08,490018730.0,490018730.0,https://www.sec.gov/Archives/edgar/data/1801170/000180117025000052/0001801170-25-000052-index.htm,https://www.sec.gov/Archives/edgar/data/1801170/000180117025000052/clov-20241231.htm
2023-12-31,CLOV,USD,0001801170,2024-03-14,2024-03-14 07:24:35,2023,FY,1260543000.0,1004590000.0,255953000.0,0.203,0.0,440246000.0,0.0,440246000.0,21036000,461282000.0,1465872000.0,0.0,7000.0,2509000.0,-207632000.0,-0.1036745471,-205329000.0,-0.1025421395,-4819000.0,-210148000.0,-0.1049116889,0.0,-213361000.0,-0.1049116889,-0.45,-0.45,482176127.0,482176127.0,https://www.sec.gov/Archives/edgar/data/1801170/000180117024000064/0001801170-24-000064-index.htm,https://www.sec.gov/Archives/edgar/data/1801170/000180117024000064/clov-20231231.htm
2022-12-31,CLOV,USD,0001801170,2023-03-01,2023-03-01 07:01:05,2022,FY,1096552000.0,993073000.0,103479000.0,0.094,0.0,482403000.0,0.0,482403000.0,-92260000,390143000.0,1383216000.0,0.0,1363000.0,1187000.0,-252034000.0,-0.1063475084,-286664000.0,-0.1066889254,32080000.0,-254584000.0,-0.0974617502,0.0,-339567000.0,-0.0878425351,-0.71,-0.71,476244262.0,476244262.0,https://www.sec.gov/Archives/edgar/data/1801170/000180117023000015/0001801170-23-000015-index.htm,https://www.sec.gov/Archives/edgar/data/1801170/000180117023000015/clov-20221231.htm
2021-12-31,CLOV,USD,0001801170,2022-02-28,2022-02-28 16:02:42,2021,FY,1471996000.0,1551178000.0,-79182000.0,-0.054,0.0,445745000.0,0.0,445745000.0,112065000,557810000.0,2108988000.0,0.0,16910000.0,1246000.0,-569600000.0,-0.4318938367,-636992000.0,-0.4327403064,49236000.0,-587756000.0,-0.3992918459,0.0,-587756000.0,-0.4107796489,-1.25,-1.25,470852394.0,470852394.0,https://www.sec.gov/Archives/edgar/data/1801170/000180117022000015/0001801170-22-000015-index.htm,https://www.sec.gov/Archives/edgar/data/1801170/000180117022000015/clov-20211231.htm
2020-12-31,CLOV,USD,0001801170,2021-03-31,2021-03-31 17:25:49,2020,FY,672888000.0,590082000.0,82806000.0,0.123,0.0,192086000.0,0.0,192086000.0,-16573000,175513000.0,765595000.0,117255.0,57108000.0,555000.0,-78729000.0,-0.1369499828,-92707000.0,-0.1377747857,-43685000.0,-136392000.0,-0.1361028879,0.0,-136392000.0,-0.2209728811,-0.23,-0.23,404440809.0,404440809.0,https://www.sec.gov/Archives/edgar/data/1801170/000119312521102551/0001193125-21-102551-index.htm,https://www.sec.gov/Archives/edgar/data/1801170/000119312521102551/d89571d10k.htm
2023-12-31,HURA,USD,0000000000,2023-12-31,2023-12-31 00:00:00,2023,FY,0.0,0.0,0.0,0.0,9402417.0,4144648.0,0.0,4144648.0,16217655,29764720.0,29764720.0,89673.0,18688.0,177377.0,-29120761.0,0.0,-29764720.0,0.0,447894.0,-29316826.0,0.0,-1.0,-29316825.0,0.0,-0.12,-0.12,68014000.0,68013861.0,,
2022-12-31,HURA,USD,0000000000,2022-12-31,2022-12-31 00:00:00,2022,FY,0.0,0.0,0.0,0.0,7928569.0,2005282.0,0.0,2005282.0,0,9933851.0,9933851.0,57351.0,0.0,373093.0,-9560758.0,0.0,-9933851.0,0.0,566338.0,-9367513.0,0.0,0.0,-9367513.0,0.0,-202.39,-202.39,46285.0,46285.0,,
2021-12-31,HURA,USD,0000000000,2021-12-31,2021-12-31 00:00:00,2021,FY,0.0,0.0,0.0,0.0,4879177.0,2375804.0,0.0,2375804.0,0,7254981.0,7254981.0,0.0,629286.0,380694.0,-6006529.0,0.0,-7254981.0,0.0,238472.0,-7016509.0,0.0,0.0,-7016509.0,0.0,-0.17,-0.17,42030336.0,42030336.0,,
2021-06-30,HURA,USD,0000000000,2021-06-30,2021-06-29 20:00:00,2020,FY,0.0,32000.0,-32000.0,0.0,11815000.0,0.0,0.0,9725000.0,0,21540000.0,-21572000.0,0.0,120000.0,32000.0,-38146000.0,0.0,-21572000.0,0.0,-16726000.0,-38298000.0,0.0,0.0,-38298000.0,0.0,-2806.03,-2806.03,14791.0,14791.0,,
2020-06-30,HURA,USD,0000000000,2020-06-30,2020-06-29 20:00:00,2019,FY,0.0,10000.0,-10000.0,0.0,3630000.0,0.0,0.0,4504000.0,0,8134000.0,-8144000.0,75000.0,0.0,10000.0,-9116000.0,0.0,-8144000.0,0.0,-982000.0,-9126000.0,0.0,0.0,-9126000.0,0.0,-1532.0,-1532.0,5968.0,5968.0,,
2024-12-31,NODK,USD,0001681206,2025-03-07,2025-03-07 16:06:35,2024,FY,32605000.0,0.0,32605000.0,1.0,0.0,0.0,0.0,0.0,325204000,325204000.0,325204000.0,0.0,0.0,681000.0,0.0,0.0,-292599000.0,-8.9740530593,302744000.0,10145000.0,0.3111485968,3545000.0,-1512000.0,-0.0463732556,-0.0721,-0.0717,20985213.0,21089171.0,https://www.sec.gov/Archives/edgar/data/1681206/000117494725000304/0001174947-25-000304-index.htm,https://www.sec.gov/Archives/edgar/data/1681206/000117494725000304/nodk-20241231.htm
2023-12-31,NODK,USD,0001681206,2023-12-31,2023-12-29 19:00:00,2023,FY,365695000.0,0.0,365695000.0,1.0,0.0,0.0,0.0,0.0,365695000,365695000.0,365695000.0,0.0,0.0,1281000.0,0.0,0.0,0.0,0.0,-4263000.0,-4263000.0,-0.0116572554,963000.0,-5476000.0,-0.0149742272,-0.26,-0.26,21159073.0,21159073.0,,
2022-12-31,NODK,USD,0001681206,2023-03-08,2023-03-08 16:59:18,2022,FY,324437000.0,0.0,324437000.0,1.0,0.0,0.0,0.0,0.0,7789000000,7789000000.0,393466000.0,0.0,87170000.0,1180000.0,0.0,0.0616452501,18820000.0,0.0580081803,-87849000.0,-69029000.0,-0.2127654984,-15254000.0,-53775000.0,-0.1657486662,-2.52,-2.52,21333389.0,21333389.0,https://www.sec.gov/Archives/edgar/data/1681206/000117494723000312/0001174947-23-000312-index.htm,https://www.sec.gov/Archives/edgar/data/1681206/000117494723000312/nodk-20221231.htm
2021-12-31,NODK,USD,0001681206,2022-03-09,2022-03-09 16:07:39,2021,FY,323974000.0,0.0,323974000.0,1.0,0.0,0.0,0.0,0.0,-312584000,-312584000.0,312668000.0,0.0,0.0,1166000.0,0.0,0.0387561965,11390000.0,0.0351571422,-312668000.0,11306000.0,0.0348978622,2974000.0,8416000.0,0.0259773932,0.39,0.39,21424060.0,21656426.0,https://www.sec.gov/Archives/edgar/data/1681206/000117494722000353/0001174947-22-000353-index.htm,https://www.sec.gov/Archives/edgar/data/1681206/000117494722000353/nodk10k2021.htm
2020-12-31,NODK,USD,0001681206,2021-03-10,2021-03-10 16:06:45,2020,FY,306357000.0,0.0,306357000.0,1.0,0.0,0.0,0.0,0.0,-254496000,-254496000.0,253541000.0,0.0,0.0,5933000.0,0.0,0.1886491903,51861000.0,0.1692828954,-253541000.0,52816000.0,0.1724001737,11472000.0,40389000.0,0.131836387,1.86,1.84,21772475.0,21942470.0,https://www.sec.gov/Archives/edgar/data/1681206/000117494721000255/0001174947-21-000255-index.htm,https://www.sec.gov/Archives/edgar/data/1681206/000117494721000255/nodk10k2020.htm
2024-12-31,BRKR,USD,0001109354,2025-03-03,2025-03-03 16:27:32,2024,FY,3366400000.0,1716900000.0,1649500000.0,0.4899893061,376500000.0,893800000.0,0.0,893800000.0,126100000,1396400000.0,3113300000.0,9300000.0,47900000.0,0.0,253100000.0,0.075184173,253100000.0,0.075184173,-48600000.0,204500000.0,0.0607473859,91400000.0,113100000.0,0.0335967205,0.76,0.76,149000000.0,149500000.0,https://www.sec.gov/Archives/edgar/data/1109354/000095017025030897/0000950170-25-030897-index.htm,https://www.sec.gov/Archives/edgar/data/1109354/000095017025030897/brkr-20241231.htm
2023-12-31,BRKR,USD,0001109354,2024-02-29,2024-02-29 15:58:08,2023,FY,2964500000.0,1451200000.0,1513300000.0,0.51,294800000.0,730100000.0,0.0,730100000.0,52200000,1082400000.0,2527600000.0,11200000.0,16399999.0,114900000.0,599000000.0,0.2020576826,436900000.0,0.147377298,107300000.0,544200000.0,0.1835722719,117700000.0,427200000.0,0.1441052454,2.92,2.9,146400000.0,147200000.0,https://www.sec.gov/Archives/edgar/data/1109354/000095017024023038/0000950170-24-023038-index.htm,https://www.sec.gov/Archives/edgar/data/1109354/000095017024023038/brkr-20231231.htm
2022-12-31,BRKR,USD,0001109354,2022-12-31,2022-12-31 00:00:00,2022,FY,2530700000.0,1225000000.0,1305700000.0,0.5159442052,235900000.0,610800000.0,-3400000.0,607400000.0,-29700000,843300000.0,2068300000.0,4100000.0,16100000.0,88800000.0,545300000.0,0.2174892322,432700000.0,0.1709803612,-18800000.0,413900000.0,0.1635515865,116400000.0,296600000.0,0.1172007745,2.0,1.99,148600000.0,149400000.0,https://www.sec.gov/Archives/edgar/data/1109354/000095017023005251/0000950170-23-005251-index.htm,https://www.sec.gov/Archives/edgar/data/1109354/000095017023005251/brkr-20221231.htm
2021-12-31,BRKR,USD,0001109354,2022-02-28,2022-02-28 10:46:59,2021,FY,2417900000.0,1208300000.0,1209600000.0,0.5,220800000.0,564500000.0,-3300000.0,561200000.0,-14300000,782000000.0,1990300000.0,900000.0,14300000.0,89200000.0,497100000.0,0.213697837,413300000.0,0.1709334547,-19700000.0,393600000.0,0.1627858886,113000000.0,277100000.0,0.1146035816,1.83,1.81,151400000.0,152900000.0,https://www.sec.gov/Archives/edgar/data/1109354/000119312522056531/0001193125-22-056531-index.htm,https://www.sec.gov/Archives/edgar/data/1109354/000119312522056531/d108764d10k.htm
2020-12-31,BRKR,USD,0001109354,2021-03-01,2021-03-01 15:37:40,2020,FY,1987500000.0,1047700000.0,939800000.0,0.4728553459,198000000.0,477800000.0,-9200000.0,468600000.0,-24900000,666600000.0,1714300000.0,3200000.0,14400000.0,80500000.0,320700000.0,0.1779119497,248300000.0,0.1249308176,-22500000.0,225800000.0,0.1136100629,64400000.0,157800000.0,0.0793962264,1.03,1.02,153400000.0,154600000.0,https://www.sec.gov/Archives/edgar/data/1109354/000110465921029938/0001104659-21-029938-index.htm,https://www.sec.gov/Archives/edgar/data/1109354/000110465921029938/brkr-20201231x10k.htm
2024-12-31,GLBS,USD,0001499780,2025-03-14,2025-03-14 16:06:31,2024,FY,34870000.0,28258000.0,6612000.0,0.1896185833,0.0,4895000.0,0.0,4895000.0,-1682000,3213000.0,31471000.0,2766000.0,6025000.0,9743000.0,16199000.0,0.4645540579,3399000.0,0.0974763407,-2968000.0,431000.0,0.012360195,0.0,431000.0,0.012360195,0.0,0.0,0.0,0.0,https://www.sec.gov/Archives/edgar/data/1499780/000110465925023948/0001104659-25-023948-index.htm,https://www.sec.gov/Archives/edgar/data/1499780/000110465925023948/glbs-20241231.htm
2023-12-31,GLBS,USD,0001499780,2024-03-15,2024-03-15 16:06:01,2023,FY,31205000.0,30907000.0,298000.0,0.0095497516,0.0,2047000.0,0.0,2047000.0,0,-5979000.0,33190000.0,2634000.0,4295000.0,8910000.0,18477000.0,0.592116648,-1985000.0,-0.0636116007,7257000.0,5272000.0,0.1689472841,0.0,5272000.0,0.1689472841,0.26,0.26,20582301.0,20582301.0,https://www.sec.gov/Archives/edgar/data/1499780/000110465924034994/0001104659-24-034994-index.htm,https://www.sec.gov/Archives/edgar/data/1499780/000110465924034994/glbs-20231231.htm
2022-12-31,GLBS,USD,0001499780,2023-03-20,2023-03-20 16:06:05,2022,FY,61755000.0,33631000.0,28124000.0,0.4554125172,0.0,3996000.0,0.0,3996000.0,496000,4492000.0,38123000.0,375000.0,2266000.0,10246000.0,36886000.0,0.5531373978,23632000.0,0.3826734677,648000.0,24280000.0,0.3931665452,-648000.0,24280000.0,0.3931665452,1.18,1.18,20582301.0,20582301.0,https://www.sec.gov/Archives/edgar/data/1499780/000110465923034445/0001104659-23-034445-index.htm,https://www.sec.gov/Archives/edgar/data/1499780/000110465923034445/glbs-20221231.htm
2021-12-31,GLBS,USD,0001499780,2022-04-11,2022-04-11 16:06:35,2021,FY,43381000.0,21597000.0,21784000.0,0.502,0.0,3826000.0,0.0,3826000.0,14000,3840000.0,25437000.0,8000.0,2557000.0,6661000.0,24873000.0,0.5511168484,17944000.0,0.4136373067,-2994000.0,14950000.0,0.344620917,2557000.0,14950000.0,0.344620917,1.01,1.01,14809536.0,14809536.0,https://www.sec.gov/Archives/edgar/data/1499780/000110465922044646/0001104659-22-044646-index.htm,https://www.sec.gov/Archives/edgar/data/1499780/000110465922044646/glbs-20211231.htm
2020-12-31,GLBS,USD,0001499780,2021-03-29,2021-03-29 16:16:19,2020,FY,11753000.0,14804000.0,-3051000.0,-0.2595932953,0.0,3716000.0,0.0,3716000.0,41000,3757000.0,18561000.0,16000.0,4058000.0,3733000.0,-9484000.0,-0.2685271845,-11423000.0,-0.9719220625,-10475000.0,-17372000.0,-1.4780907002,4058000.0,-21430000.0,-1.8233642474,-22.34,-22.34,959157.0,959157.0,https://www.sec.gov/Archives/edgar/data/1499780/000110465921043172/0001104659-21-043172-index.htm,https://www.sec.gov/Archives/edgar/data/1499780/000110465921043172/tm219749d1_20f.htm
2024-12-31,KDP,USD,0001418135,2025-02-25,2025-02-25 09:19:39,2024,FY,15351000000.0,6822000000.0,8529000000.0,0.5555989838,0.0,0.0,0.0,5013000000.0,925000000,5938000000.0,12760000000.0,0.0,735000000.0,733000000.0,3382000000.0,0.2203113804,2591000000.0,0.1687837926,-677000000.0,1914000000.0,0.1246824311,473000000.0,1441000000.0,0.0938701062,1.06,1.05,1362200000.0,1368300000.0,https://www.sec.gov/Archives/edgar/data/1418135/000141813525000013/0001418135-25-000013-index.htm,https://www.sec.gov/Archives/edgar/data/1418135/000141813525000013/kdp-20241231.htm
2023-12-31,KDP,USD,0001418135,2024-02-22,2024-02-22 09:06:02,2023,FY,14814000000.0,6734000000.0,8080000000.0,0.545,66000000.0,2489000000.0,2423000000.0,4912000000.0,-90000000,4888000000.0,11622000000.0,0.0,496000000.0,720000000.0,3973000000.0,0.2681922506,3192000000.0,0.215471851,-435000000.0,2757000000.0,0.1861077359,576000000.0,2181000000.0,0.1472255974,1.56,1.55,1399300000.0,1408400000.0,https://www.sec.gov/Archives/edgar/data/1418135/000141813524000007/0001418135-24-000007-index.htm,https://www.sec.gov/Archives/edgar/data/1418135/000141813524000007/kdp-20231231.htm
2022-12-31,KDP,USD,0001418135,2023-02-23,2023-02-23 16:09:13,2022,FY,14057000000.0,6734000000.0,7323000000.0,0.5209504162,65000000.0,2362000000.0,2283000000.0,4645000000.0,-105000000,4540000000.0,11274000000.0,693000000.0,693000000.0,709000000.0,3583000000.0,0.2474212136,2605000000.0,0.185316924,-886000000.0,1719000000.0,0.1222878281,284000000.0,1436000000.0,0.1021555097,1.01,1.01,1416800000.0,1428500000.0,https://www.sec.gov/Archives/edgar/data/1418135/000141813523000003/0001418135-23-000003-index.htm,https://www.sec.gov/Archives/edgar/data/1418135/000141813523000003/kdp-20221231.htm
2021-12-31,KDP,USD,0001418135,2022-02-24,2022-02-24 16:22:20,2021,FY,12683000000.0,5706000000.0,6977000000.0,0.55,66000000.0,2138000000.0,2015000000.0,4153000000.0,-70000000,4083000000.0,9789000000.0,500000000.0,500000000.0,708000000.0,3737000000.0,0.2841598991,2894000000.0,0.2281794528,-96000000.0,2798000000.0,0.2206102657,653000000.0,2146000000.0,0.16920287,1.52,1.5,1415700000.0,1427900000.0,https://www.sec.gov/Archives/edgar/data/1418135/000141813522000005/0001418135-22-000005-index.htm,https://www.sec.gov/Archives/edgar/data/1418135/000141813522000005/kdp-20211231.htm
2020-12-31,KDP,USD,0001418135,2021-02-25,2021-02-25 14:32:58,2020,FY,11618000000.0,5132000000.0,6486000000.0,0.5582716474,69000000.0,2163000000.0,1815000000.0,3978000000.0,-39000000,3939000000.0,9071000000.0,604000000.0,604000000.0,495000000.0,2845000000.0,0.2739714237,2480000000.0,0.2134618695,-727000000.0,1753000000.0,0.1508865553,428000000.0,1325000000.0,0.1140471682,0.94,0.93,1407200000.0,1422100000.0,https://www.sec.gov/Archives/edgar/data/1418135/000141813521000005/0001418135-21-000005-index.htm,https://www.sec.gov/Archives/edgar/data/1418135/000141813521000005/kdp-20201231.htm
2024-12-31,CLBR-UN,USD,0001847064,2025-03-13,2025-03-13 16:05:55,2024,FY,23199434.0,2419239.0,20780195.0,0.8957199128,4434363.0,43326414.0,18765805.0,62092219.0,9964771,76491353.0,78910592.0,0.0,2302697.0,3258810.0,-52124601.0,-2.2468048574,-55711158.0,-2.4014016032,-1974950.0,-57686108.0,-2.4865308352,1181.0,-57687289.0,-2.4865817416,-1.8,-1.8,32019491.0,32019491.0,https://www.sec.gov/Archives/edgar/data/1847064/000162828025012592/0001628280-25-012592-index.htm,https://www.sec.gov/Archives/edgar/data/1847064/000162828025012592/psqh-20241231.htm
2023-12-31,CLBR-UN,USD,0001847064,2023-12-31,2023-12-29 19:00:00,2023,FY,5685987.0,3798213.0,1887774.0,0.3320046282,4626625.0,15222451.0,12096211.0,27318662.0,9288483,41233770.0,45031983.0,0.0,177444.0,2658844.0,-30057513.0,-5.2862437076,-39345996.0,-6.9198181424,-13981246.0,-53327242.0,-9.3787133175,1945.0,-53329187.0,-9.3790553865,-2.43,-2.43,21964451.0,21964451.0,,
2022-12-31,CLBR-UN,USD,0001847064,2022-12-31,2022-12-30 19:00:00,2022,FY,475175.0,716102.0,-240927.0,-0.5070279371,1446347.0,2016638.0,2550418.0,4567056.0,118158,6855598.0,7571700.0,591.0,0.0,895031.0,-6201494.0,-13.162161309,-7096525.0,-14.9345504288,118749.0,-6977776.0,-14.6846446046,800.0,-6978576.0,-14.6863281949,-0.61,-0.61,11496653.0,11496653.0,,
2021-12-31,CLBR-UN,USD,0001847064,2021-12-31,2021-12-29 19:00:00,2021,FY,0.0,0.0,0.0,0.0,0.0,0.0,0.0,852175.0,0,852175.0,852175.0,6512.0,0.0,236558.0,3732702.0,0.0,-852180.0,0.0,4584882.0,3732702.0,0.0,-236558.0,3732702.0,0.0,0.17,0.17,21562500.0,21562500.0,,
2024-12-31,BIP-PA,USD,0001406234,2025-03-24,2025-03-21 18:31:45,2024,FY,21039000000.0,15676000000.0,5363000000.0,0.2549075526,0.0,405000000.0,0.0,405000000.0,0,405000000.0,16081000000.0,0.0,3387000000.0,3644000000.0,8602000000.0,0.4088597367,4958000000.0,0.2356575883,-3005000000.0,1953000000.0,0.0928276059,270000000.0,57000000.0,0.0027092542,0.12,0.12,461602001.0,461600000.0,https://www.sec.gov/Archives/edgar/data/1406234/000162828025014380/0001628280-25-014380-index.htm,https://www.sec.gov/Archives/edgar/data/1406234/000162828025014380/bip-20241231.htm
2023-12-31,BIP-PA,USD,0001406234,2024-03-18,2024-03-18 07:58:41,2023,FY,17931000000.0,13470000000.0,4461000000.0,0.249,0.0,413000000.0,0.0,413000000.0,0,413000000.0,13883000000.0,0.0,2501000000.0,2739000000.0,7022000000.0,0.3916122916,4048000000.0,0.2257542803,-2019000000.0,2029000000.0,0.1131559868,581000000.0,367000000.0,0.0204673471,0.22,0.22,459400000.0,459400000.0,https://www.sec.gov/Archives/edgar/data/1406234/000162828024011576/0001628280-24-011576-index.htm,https://www.sec.gov/Archives/edgar/data/1406234/000162828024011576/bip-20231231.htm
2022-12-31,BIP-PA,USD,0001406234,2023-03-17,2023-03-17 17:28:46,2022,FY,14427000000.0,10510000000.0,3917000000.0,0.2715048174,0.0,433000000.0,0.0,433000000.0,92000000,433000000.0,10943000000.0,1855000000.0,1855000000.0,2158000000.0,5936000000.0,0.3982810009,3588000000.0,0.2487003535,-2043000000.0,1935000000.0,0.1341235184,560000000.0,1375000000.0,0.0953074097,3.0,3.0,458100000.0,458100000.0,https://www.sec.gov/Archives/edgar/data/1406234/000162828023008523/0001628280-23-008523-index.htm,https://www.sec.gov/Archives/edgar/data/1406234/000162828023008523/bip-20221231.htm
2021-12-31,BIP-PA,USD,0001406234,2022-03-09,2022-03-09 17:27:08,2021,FY,11537000000.0,8247000000.0,3290000000.0,0.285,0.0,406000000.0,0.0,406000000.0,1749000000,406000000.0,8653000000.0,1468000000.0,1468000000.0,2036000000.0,6749000000.0,0.5856808529,4721000000.0,0.409205166,-803000000.0,3333000000.0,0.2888965936,614000000.0,2719000000.0,0.235676519,6.11,6.11,445050000.0,445050000.0,https://www.sec.gov/Archives/edgar/data/1406234/000162828022005592/0001628280-22-005592-index.htm,https://www.sec.gov/Archives/edgar/data/1406234/000162828022005592/bip-20211231.htm
2020-12-31,BIP-PA,USD,0001406234,2021-03-18,2021-03-18 17:23:37,2020,FY,8885000000.0,4843000000.0,4042000000.0,0.4549240293,0.0,312000000.0,0.0,312000000.0,1705000000,2017000000.0,6860000000.0,1179000000.0,1179000000.0,1705000000.0,3948000000.0,0.460889139,2390000000.0,0.2689926843,-830000000.0,1195000000.0,0.1344963421,291000000.0,904000000.0,0.1017445132,2.05,2.05,442050000.0,442050000.0,https://www.sec.gov/Archives/edgar/data/1406234/000162828021005114/0001628280-21-005114-index.htm,https://www.sec.gov/Archives/edgar/data/1406234/000162828021005114/bip-20201231.htm
2024-12-31,PCB,USD,0001423869,2025-03-13,2025-03-13 16:05:50,2024,FY,99710000.0,35661000.0,64049000.0,0.6423528232,0.0,36567000.0,1886000.0,38453000.0,61257000,99710000.0,99710000.0,180817000.0,92200000.0,4016000.0,0.0,0.0,-132502000.0,-1.3288737338,168788000.0,36286000.0,0.3639153545,10476000.0,25810000.0,0.2588506669,1.87,1.86,14241014.0,14342361.0,https://www.sec.gov/Archives/edgar/data/1423869/000142386925000006/0001423869-25-000006-index.htm,https://www.sec.gov/Archives/edgar/data/1423869/000142386925000006/pcb-20241231.htm
2023-12-31,PCB,USD,0001423869,2024-03-12,2024-03-12 16:06:10,2023,FY,99319000.0,0.0,99319000.0,1.0,0.0,35328000.0,2327000.0,37655000.0,61532000,99187000.0,99187000.0,151177000.0,62673000.0,0.0,0.0,0.0,43262000.0,0.435586343,0.0,43262000.0,0.435586343,12557000.0,30705000.0,0.3091553479,2.14,2.12,14301691.0,14417938.0,https://www.sec.gov/Archives/edgar/data/1423869/000142386924000006/0001423869-24-000006-index.htm,https://www.sec.gov/Archives/edgar/data/1423869/000142386924000006/pcb-20231231.htm
2022-12-31,PCB,USD,0001423869,2023-03-09,2023-03-09 16:06:34,2022,FY,104131000.0,0.0,104131000.0,1.0,0.0,33762000.0,2150000.0,35912000.0,-11589000,4389000.0,4389000.0,101751000.0,12119000.0,1597000.0,53135000.0,0.626652966,61522000.0,0.5908134945,-4788000.0,49403000.0,0.4744312453,14416000.0,34987000.0,0.3359902431,2.36,2.32,14822018.0,15065175.0,https://www.sec.gov/Archives/edgar/data/1423869/000142386923000007/0001423869-23-000007-index.htm,https://www.sec.gov/Archives/edgar/data/1423869/000142386923000007/pcb-20221231.htm
2021-12-31,PCB,USD,0001423869,2022-03-04,2022-03-04 16:07:11,2021,FY,95571000.0,0.0,95571000.0,1.0,0.0,30677000.0,1656000.0,32333000.0,-70945000,-38612000.0,-38612000.0,81472000.0,4335000.0,1375000.0,60343000.0,0.6313944607,56959000.0,0.5959862301,-3678000.0,56959000.0,0.5959862301,16856000.0,40103000.0,0.4196147367,2.66,2.62,15017637.0,15253820.0,https://www.sec.gov/Archives/edgar/data/1423869/000142386922000006/0001423869-22-000006-index.htm,https://www.sec.gov/Archives/edgar/data/1423869/000142386922000006/pcb-20211231.htm
2020-12-31,PCB,USD,0001423869,2021-03-11,2021-03-11 16:06:53,2020,FY,77929000.0,0.0,77929000.0,1.0,0.0,29196000.0,1360000.0,30556000.0,-85474000,-54918000.0,-54918000.0,79761000.0,13572000.0,1487000.0,26446000.0,0.3393601868,23011000.0,0.2952816025,-4289999.0,23011000.0,0.2952816025,6836000.0,16175000.0,0.2075607284,1.05,1.04,15384231.0,15448892.0,https://www.sec.gov/Archives/edgar/data/1423869/000142386921000007/0001423869-21-000007-index.htm,https://www.sec.gov/Archives/edgar/data/1423869/000142386921000007/pcb-20201231.htm
2024-12-31,NGS,USD,0001084991,2025-03-17,2025-03-17 16:05:46,2024,FY,156742000.0,68756000.0,87986000.0,0.5613428437,0.0,0.0,0.0,21012000.0,33649000,54661000.0,123417000.0,0.0,11927000.0,31347000.0,64940000.0,0.4143114162,33325000.0,0.212610532,-11659000.0,21666000.0,0.1382271503,4439000.0,17227000.0,0.1099067257,1.39,1.37,12412000.0,12554000.0,https://www.sec.gov/Archives/edgar/data/1084991/000108499125000024/0001084991-25-000024-index.htm,https://www.sec.gov/Archives/edgar/data/1084991/000108499125000024/ngs-20241231.htm
2023-12-31,NGS,USD,0001084991,2024-04-01,2024-04-01 16:40:37,2023,FY,121167000.0,89004000.0,32163000.0,0.2654435614,0.0,0.0,0.0,16457000.0,5249000,20422000.0,110710000.0,0.0,4082000.0,26550000.0,37252000.0,0.3074434458,10457000.0,0.0863023761,-3837000.0,6620000.0,0.054635338,1873000.0,4747000.0,0.0391773338,0.39,0.38,12316000.0,12383000.0,https://www.sec.gov/Archives/edgar/data/1084991/000108499124000017/0001084991-24-000017-index.htm,https://www.sec.gov/Archives/edgar/data/1084991/000108499124000017/ngs-20231231.htm
2022-12-31,NGS,USD,0001084991,2023-03-31,2023-03-31 16:10:06,2022,FY,84825000.0,70473000.0,14352000.0,0.1691954023,125000.0,0.0,0.0,13642000.0,83000,13725000.0,84198000.0,364000.0,364000.0,24116000.0,24439000.0,0.2904214559,431000.0,0.0050810492,-472000.0,-41000.0,-0.0004833481,528000.0,-569000.0,-0.0067079281,-0.0462,-0.0462,12305000.0,12305000.0,https://www.sec.gov/Archives/edgar/data/1084991/000108499123000032/0001084991-23-000032-index.htm,https://www.sec.gov/Archives/edgar/data/1084991/000108499123000032/ngs-20221231.htm
2021-12-31,NGS,USD,0001084991,2022-04-29,2022-04-29 16:03:20,2021,FY,72420000.0,70762000.0,1658000.0,0.023,125000.0,0.0,0.0,10762000.0,208000,10970000.0,81732000.0,65000.0,65000.0,25397000.0,13676000.0,0.2315934825,-8625000.0,-0.1190969345,622000.0,-11786000.0,-0.162745098,-2603000.0,-9183000.0,-0.1268019884,-0.7,-0.7,13100000.0,13100000.0,https://www.sec.gov/Archives/edgar/data/1084991/000108499122000036/0001084991-22-000036-index.htm,https://www.sec.gov/Archives/edgar/data/1084991/000108499122000036/ngs-form10xkxayrended12x31.htm
2020-12-31,NGS,USD,0001084991,2021-03-31,2021-03-31 14:37:29,2020,FY,68055000.0,60629000.0,7426000.0,0.1091176255,125000.0,0.0,0.0,10550000.0,184000,10734000.0,71363000.0,14000.0,14000.0,25198000.0,22228000.0,0.3308941297,-2679000.0,-0.0393652193,615000.0,-2984000.0,-0.0438468885,-4792000.0,1808000.0,0.0265667475,0.14,0.14,13224000.0,13261000.0,https://www.sec.gov/Archives/edgar/data/1084991/000108499121000026/0001084991-21-000026-index.htm,https://www.sec.gov/Archives/edgar/data/1084991/000108499121000026/ngs-20201231.htm
2024-04-26,MDT,USD,0001613103,2024-06-20,2024-06-20 16:16:51,2024,FY,32364000000.0,11216000000.0,21148000000.0,0.6534420962,2735000000.0,0.0,0.0,10736000000.0,2533000000,16129000000.0,27220000000.0,0.0,719000000.0,2647000000.0,8203000000.0,0.2534606353,5144000000.0,0.1589420344,-307000000.0,4837000000.0,0.1494561859,1133000000.0,3676000000.0,0.1135829934,2.77,2.76,1327700000.0,1330200000.0,https://www.sec.gov/Archives/edgar/data/1613103/000161310324000072/0001613103-24-000072-index.htm,https://www.sec.gov/Archives/edgar/data/1613103/000161310324000072/mdt-20240426.htm
2023-04-28,MDT,USD,0001613103,2023-06-22,2023-06-22 16:32:12,2023,FY,31227000000.0,10719000000.0,20508000000.0,0.657,2696000000.0,0.0,0.0,10415000000.0,1567000000,14678000000.0,25397000000.0,386000000.0,636000000.0,2697000000.0,8475000000.0,0.289557114,5485000000.0,0.1756492779,-121000000.0,5364000000.0,0.171774426,1580000000.0,3758000000.0,0.1203445736,2.83,2.82,1329800000.0,1332800000.0,https://www.sec.gov/Archives/edgar/data/1613103/000161310323000040/0001613103-23-000040-index.htm,https://www.sec.gov/Archives/edgar/data/1613103/000161310323000040/mdt-20230428.htm
2022-04-29,MDT,USD,0001613103,2022-06-23,2022-06-23 16:13:25,2022,FY,31686000000.0,10145000000.0,21541000000.0,0.679827053,2746000000.0,0.0,0.0,10292000000.0,2595000000,15633000000.0,25778000000.0,367000000.0,553000000.0,2707000000.0,9554000000.0,0.281891056,5752000000.0,0.1815312756,-235000000.0,5517000000.0,0.174114751,456000000.0,5039000000.0,0.1590292243,3.75,3.73,1342400000.0,1351400000.0,https://www.sec.gov/Archives/edgar/data/1613103/000161310322000023/0001613103-22-000023-index.htm,https://www.sec.gov/Archives/edgar/data/1613103/000161310322000023/mdt-20220429.htm
2021-04-30,MDT,USD,0001613103,2021-06-25,2021-06-25 16:51:46,2021,FY,30117000000.0,10483000000.0,19634000000.0,0.652,2493000000.0,0.0,0.0,10148000000.0,2098000000,14739000000.0,25222000000.0,192000000.0,925000000.0,2702000000.0,8192000000.0,0.2634060497,4484000000.0,0.1488860112,-589000000.0,3895000000.0,0.1293289504,265000000.0,3606000000.0,0.1197330411,2.68,2.66,1344900000.0,1354000000.0,https://www.sec.gov/Archives/edgar/data/1613103/000161310321000027/0001613103-21-000027-index.htm,https://www.sec.gov/Archives/edgar/data/1613103/000161310321000027/mdt-20210430.htm
2020-04-24,MDT,USD,0001613103,2020-06-19,2020-06-19 16:28:08,2020,FY,28913000000.0,9424000000.0,19489000000.0,0.6740566527,2331000000.0,0.0,0.0,10109000000.0,1827000000,14267000000.0,23691000000.0,300000000.0,1092000000.0,2663000000.0,7825000000.0,0.2850274963,4791000000.0,0.1657040086,-736000000.0,4055000000.0,0.1402483312,-751000000.0,4789000000.0,0.1656348355,3.57,3.54,1340700000.0,1351100000.0,https://www.sec.gov/Archives/edgar/data/1613103/000161310320000021/0001613103-20-000021-index.htm,https://www.sec.gov/Archives/edgar/data/1613103/000161310320000021/mdt-20200424.htm
2023-12-31,BMA,ARS,0000000000,2023-12-31,2023-12-30 19:00:00,2023,FY,3150385438.0,-2825637892562.0,2828788278000.0,897.918,0.0,414779565000.0,9292109000.0,424071674000.0,2395245848000,2819317522000.0,3150385438.0,2456942237000.0,1630769916000.0,58098766000.0,772191402999.0,245.1101359487,714744123209.0,226.8751355271,-64921209.0,714679202000.0,226.8545281411,282321067000.0,587324400000.0,186.4293787407,918.54,918.54,639413000.0,639413000.0,,
2022-12-31,BMA,ARS,0000000000,2022-12-31,2022-12-30 19:00:00,2022,FY,1508339512000.0,0.0,1508339512000.0,1.0,0.0,343645369000.0,7395622000.0,351040991000.0,-1675225067000,-1324184076000.0,-1324184076000.0,1907263992000.0,956458308000.0,47485393000.0,47234343826.0,0.1535734012,184155436000.0,0.1220915016,184177495000.0,184177495000.0,0.1221061263,57205169000.0,126950267000.0,0.0841655781,198.54,198.54,639413000.0,639413000.0,,
2021-12-31,BMA,ARS,0000000000,2021-12-31,2021-12-30 19:00:00,2021,FY,1129102711000.0,0.0,1129102711000.0,1.0,0.0,345427999000.0,5293379000.0,350721378000.0,-1333884624000,-983163246000.0,-983163246000.0,1367473535000.0,572592780000.0,43224593000.0,35788039000.0,0.1675348541,145939465000.0,0.1292526035,52122265000.0,145943999000.0,0.1292566191,7194479000.0,138744986000.0,0.1228807483,216.99,216.99,639413000.0,639413000.0,,
2020-12-31,BMA,ARS,0000000000,2020-12-31,2020-12-30 19:00:00,2020,FY,409066064000.0,0.0,409066064000.0,1.0,0.0,109919689000.0,1269859000.0,111189548000.0,-404994422000,-293804874000.0,-293804874000.0,461853526000.0,178866319000.0,12944070000.0,12819002984.0,0.3134096697,115261190000.0,0.2817666879,1066000.0,115262256000.0,0.2817692939,38361162000.0,76900028000.0,0.1879892633,120.34,120.34,639000000.0,639000000.0,,
2019-12-31,BMA,ARS,0000000000,2019-12-31,2019-12-29 19:00:00,2019,FY,139320896000.0,0.0,139320896000.0,1.0,0.0,0.0,0.0,0.0,-14388467000,14388467000.0,93573906000.0,4642237751.0,3401616000.0,1366128000.0,49454227000.0,0.354966329,45746990000.0,0.3283569896,-47149261646.0,48088099000.0,0.3451607073,7968699000.0,40799776000.0,0.2928474993,63.81,63.81,639402000.0,639402000.0,,
2025-01-31,HQY,USD,0001428336,2025-03-18,2025-03-18 16:22:42,2025,FY,1199774000.0,422515000.0,777259000.0,0.6478378428,239513000.0,132260000.0,90739000.0,222999000.0,152413000,614925000.0,1037440000.0,13914000.0,60634000.0,162451000.0,339119000.0,0.2826523995,162334000.0,0.1353038156,-46300000.0,116034000.0,0.0967132143,19331000.0,96703000.0,0.0806010132,1.11,1.09,86870000.0,88828000.0,https://www.sec.gov/Archives/edgar/data/1428336/000142833625000009/0001428336-25-000009-index.htm,https://www.sec.gov/Archives/edgar/data/1428336/000142833625000009/hqy-20250131.htm
2024-01-31,HQY,USD,0001428336,2024-03-22,2024-03-22 16:01:19,2024,FY,999587000.0,376950000.0,622637000.0,0.6228942553,218811000.0,103656000.0,79273000.0,182929000.0,0,504280000.0,871453000.0,12138000.0,55455000.0,153078000.0,282416000.0,0.282532686,128133999.0,0.1281869402,-53093999.0,75040000.0,0.0750710043,19328000.0,55712000.0,0.0557350186,0.65,0.64,85564000.0,86957000.0,https://www.sec.gov/Archives/edgar/data/1428336/000142833624000016/0001428336-24-000016-index.htm,https://www.sec.gov/Archives/edgar/data/1428336/000142833624000016/hqy-20240131.htm
2023-01-31,HQY,USD,0001428336,2023-03-30,2023-03-30 16:09:51,2023,FY,861748000.0,371657000.0,490091000.0,0.569,193375000.0,95628000.0,68849000.0,164477000.0,94586000,452438000.0,824095000.0,1763000.0,48424000.0,161201000.0,171529000.0,0.2322314644,38924000.0,0.0451686572,-47153000.0,-38096000.0,-0.0442078195,-11953000.0,-26143000.0,-0.0303371751,-0.31,-0.31,84442000.0,84442000.0,https://www.sec.gov/Archives/edgar/data/1428336/000142833623000014/0001428336-23-000014-index.htm,https://www.sec.gov/Archives/edgar/data/1428336/000142833623000014/hqy-20230131.htm
2022-01-31,HQY,USD,0001428336,2022-03-31,2022-03-31 16:04:24,2022,FY,756556000.0,332850000.0,423706000.0,0.5600457864,157364000.0,84379000.0,58605000.0,142984000.0,82791000,383139000.0,715989000.0,1501000.0,36572000.0,137188000.0,102970000.0,0.2271133928,34636000.0,0.0457811451,-42503000.0,-66741000.0,-0.088216867,-22452000.0,-44289000.0,-0.0585402799,-0.53,-0.53,83133000.0,83133000.0,https://www.sec.gov/Archives/edgar/data/1428336/000142833622000009/0001428336-22-000009-index.htm,https://www.sec.gov/Archives/edgar/data/1428336/000142833622000009/hqy-20220131.htm
2021-01-31,HQY,USD,0001428336,2021-03-31,2021-03-31 16:04:51,2021,FY,733570000.0,318236000.0,415334000.0,0.566,124809000.0,84493000.0,49964000.0,134457000.0,76064000,335330000.0,653566000.0,1045000.0,34881000.0,115904000.0,154925000.0,0.2715241899,83278000.0,0.1135242717,-29874000.0,4140000.0,0.0056436332,-4694000.0,8834000.0,0.0120424772,0.12,0.12,74235000.0,75679000.0,https://www.sec.gov/Archives/edgar/data/1428336/000142833621000011/0001428336-21-000011-index.htm,https://www.sec.gov/Archives/edgar/data/1428336/000142833621000011/hqy-20210131.htm
2024-12-31,RVMD,USD,0001628171,2025-02-26,2025-02-26 16:10:31,2024,FY,0.0,0.0,0.0,0.0,592225000.0,97299000.0,0.0,97299000.0,0,689524000.0,0.0,86883000.0,0.0,0.0,-689524000.0,0.0,-689524000.0,0.0,88678000.0,-600846000.0,0.0,753000.0,-600093000.0,0.0,-3.58,-3.58,167737672.0,167737672.0,https://www.sec.gov/Archives/edgar/data/1628171/000095017025027736/0000950170-25-027736-index.htm,https://www.sec.gov/Archives/edgar/data/1628171/000095017025027736/rvmd-20241231.htm
2023-12-31,RVMD,USD,0001628171,2024-02-26,2024-02-26 16:08:29,2023,FY,11580000.0,0.0,11580000.0,1.0,423144000.0,75621000.0,0.0,75621000.0,0,498765000.0,498765000.0,47482000.0,303000.0,9309000.0,-430582000.0,-37.1832469775,-487185000.0,-42.0712435233,47294000.0,-439891000.0,-37.9871329879,-3524000.0,-436367000.0,-37.6828151986,-3.86,-3.86,113149869.0,113149869.0,https://www.sec.gov/Archives/edgar/data/1628171/000095017024020145/0000950170-24-020145-index.htm,https://www.sec.gov/Archives/edgar/data/1628171/000095017024020145/rvmd-20231231.htm
2022-12-31,RVMD,USD,0001628171,2023-02-27,2023-02-27 16:07:50,2022,FY,35380000.0,9656000.0,25724000.0,0.7270774449,253073000.0,40586000.0,0.0,40586000.0,0,293659000.0,293659000.0,9154000.0,0.0,9656000.0,-239469000.0,-7.0414075749,-258279000.0,-7.3001413228,9154000.0,-249125000.0,-7.0414075749,-420000.0,-248705000.0,-7.0295364613,-3.08,-3.08,80626525.0,80626525.0,https://www.sec.gov/Archives/edgar/data/1628171/000095017023004645/0000950170-23-004645-index.htm,https://www.sec.gov/Archives/edgar/data/1628171/000095017023004645/rvmd-20221231.htm
2021-12-31,RVMD,USD,0001628171,2022-02-28,2022-02-28 16:16:03,2021,FY,29390000.0,7332000.0,22058000.0,0.751,186948000.0,30450000.0,0.0,30450000.0,0,217398000.0,217398000.0,929000.0,12000.0,7332000.0,-179747000.0,-6.3653963933,-188008000.0,-6.3970057843,917000.0,-187091000.0,-6.3658046955,-7320000.0,-179771000.0,-6.1167403879,-2.47,-2.47,72806079.0,72806079.0,https://www.sec.gov/Archives/edgar/data/1628171/000095017022002297/0000950170-22-002297-index.htm,https://www.sec.gov/Archives/edgar/data/1628171/000095017022002297/rvmd-20211231.htm
2020-12-31,RVMD,USD,0001628171,2021-03-02,2021-03-02 16:11:22,2020,FY,42983000.0,132252000.0,-89269000.0,-2.0768443338,132252000.0,21428000.0,0.0,21428000.0,0,153680000.0,153680000.0,2238000.0,71000.0,6545000.0,-101914000.0,-2.5232999093,-110697000.0,-2.5753670056,2167000.0,-108530000.0,-2.5249517251,-371000.0,-108159000.0,-2.5163204057,-1.62,-1.62,66599748.0,66599748.0,https://www.sec.gov/Archives/edgar/data/1628171/000156459021010276/0001564590-21-010276-index.htm,https://www.sec.gov/Archives/edgar/data/1628171/000156459021010276/rvmd-10k_20201231.htm
2024-12-31,HBAN,USD,0000049196,2025-02-14,2025-02-14 13:01:14,2024,FY,9921000000.0,0.0,9921000000.0,1.0,0.0,2815000000.0,116000000.0,116000000.0,0,116000000.0,116000000.0,9921000000.0,4576000000.0,0.0,0.0,0.0,9805000000.0,0.9883076303,-7402000000.0,2403000000.0,0.2422134865,443000000.0,1940000000.0,0.195544804,1.43,1.41,1451421000.0,1476442000.0,https://www.sec.gov/Archives/edgar/data/49196/000004919625000020/0000049196-25-000020-index.htm,https://www.sec.gov/Archives/edgar/data/49196/000004919625000020/hban-20241231.htm
2023-12-31,HBAN,USD,0000049196,2024-02-16,2024-02-16 14:05:33,2023,FY,6945000000.0,0.0,6945000000.0,1.0,0.0,2831000000.0,115000000.0,2946000000.0,4414000000,7360000000.0,7360000000.0,8916000000.0,3477000000.0,0.0,0.0,0.0,2384000000.0,0.3432685385,0.0,2384000000.0,0.3432685385,413000000.0,1951000000.0,0.2809215263,1.26,1.24,1446449000.0,1468016000.0,https://www.sec.gov/Archives/edgar/data/49196/000004919624000020/0000049196-24-000020-index.htm,https://www.sec.gov/Archives/edgar/data/49196/000004919624000020/hban-20231231.htm
2022-12-31,HBAN,USD,0000049196,2023-02-17,2023-02-17 15:08:18,2022,FY,7254000000.0,5969000000.0,1285000000.0,0.1771436449,0.0,2468000000.0,91000000.0,2559000000.0,-1231000000,91000000.0,91000000.0,5969000000.0,696000000.0,280000000.0,3248000000.0,0.5421836228,3835000000.0,0.5286738351,-534000000.0,2764000000.0,0.3810311552,515000000.0,2238000000.0,0.3085194376,1.47,1.45,1441279000.0,1465220000.0,https://www.sec.gov/Archives/edgar/data/49196/000004919623000020/0000049196-23-000020-index.htm,https://www.sec.gov/Archives/edgar/data/49196/000004919623000020/hban-20221231.htm
2021-12-31,HBAN,USD,0000049196,2022-02-18,2022-02-18 15:44:27,2021,FY,5991000000.0,0.0,5991000000.0,1.0,0.0,2386000000.0,89000000.0,2475000000.0,-6877000000,-4402000000.0,-4402000000.0,4191000000.0,89000000.0,267000000.0,1982000000.0,0.2800867969,1589000000.0,0.2652311801,-414000000.0,1591000000.0,0.2655650142,294000000.0,1295000000.0,0.2161575697,0.91,0.9,1262435000.0,1286733000.0,https://www.sec.gov/Archives/edgar/data/49196/000004919622000023/0000049196-22-000023-index.htm,https://www.sec.gov/Archives/edgar/data/49196/000004919622000023/hban-20211231.htm
2020-12-31,HBAN,USD,0000049196,2021-02-26,2021-02-26 17:19:33,2020,FY,4815000000.0,0.0,4815000000.0,1.0,0.0,1724000000.0,38000000.0,1762000000.0,-5605000000,-3843000000.0,-3843000000.0,3647000000.0,423000000.0,160000000.0,1339000000.0,0.210384216,972000000.0,0.2018691589,-283000000.0,972000000.0,0.2018691589,155000000.0,817000000.0,0.1696780893,0.7,0.69,1017117000.0,1032683000.0,https://www.sec.gov/Archives/edgar/data/49196/000004919621000018/0000049196-21-000018-index.htm,https://www.sec.gov/Archives/edgar/data/49196/000004919621000018/hban-20201231.htm
2023-12-31,ORKT,SGD,0000000000,2023-12-31,2023-12-30 19:00:00,2023,FY,6089596.0,3216975.0,2872621.0,0.471726039,576556.0,2218984.0,713503.0,2932487.0,714027,4223070.0,7440045.0,0.0,36616.0,288766.0,-982311.0,-0.1613097158,-1350449.0,-0.2217633157,42756.0,-1307693.0,-0.2147421602,0.0,-1307693.0,-0.2147421602,-0.0654,-0.0654,20000198.0,20000000.0,,
2022-12-31,ORKT,SGD,0000000000,2022-12-31,2022-12-30 19:00:00,2022,FY,7152092.0,2946087.0,4206005.0,0.5880803826,49079.0,1401343.0,720097.0,2121440.0,56355,2252326.0,5198413.0,0.0,17268.0,227302.0,2232457.0,0.3128225979,1808184.0,0.2528188955,179703.0,1987887.0,0.2779448307,73623.0,1987887.0,0.2779448307,0.0994,0.0994,20000070.0,20000000.0,,
2021-12-31,ORKT,SGD,0000000000,2021-12-31,2021-12-30 19:00:00,2021,FY,4912511.0,2624755.0,2287756.0,0.466,62357.0,1399114.0,886658.0,2285772.0,26418,2222249.0,4847004.0,0.0,20570.0,169556.0,261481.0,0.0532275653,-229929.0,-0.0468047807,301284.0,71355.0,0.0145251583,46988.0,71355.0,0.0145251583,0.0036,0.0036,20004205.0,20000000.0,,
2024-12-31,DINO,USD,0001915657,2025-02-20,2025-02-20 14:43:59,2024,FY,28580000000.0,25371000000.0,3209000000.0,0.1122813156,0.0,0.0,0.0,447000000.0,2501000000,2948000000.0,28319000000.0,75000000.0,165000000.0,832000000.0,1215000000.0,0.0425122463,261000000.0,0.0091322603,-43000000.0,218000000.0,0.0076277117,41000000.0,177000000.0,0.0061931421,0.92,0.92,192073000.0,192073000.0,https://www.sec.gov/Archives/edgar/data/1915657/000191565725000019/0001915657-25-000019-index.htm,https://www.sec.gov/Archives/edgar/data/1915657/000191565725000019/dino-20241231.htm
2023-12-31,DINO,USD,0001915657,2024-02-21,2024-02-21 16:42:25,2023,FY,31964395000.0,26825441000.0,5138954000.0,0.161,0.0,0.0,0.0,498240000.0,2438148000,2936388000.0,29761829000.0,93468000.0,190796000.0,770573000.0,3115926000.0,0.0974811505,2202566000.0,0.0689068571,-50059000.0,2152507000.0,0.0673407709,441612000.0,1589666000.0,0.0497323976,8.29,8.29,190035000.0,190035000.0,https://www.sec.gov/Archives/edgar/data/1915657/000191565724000040/0001915657-24-000040-index.htm,https://www.sec.gov/Archives/edgar/data/1915657/000191565724000040/dino-20231231.htm
2022-12-31,DINO,USD,0001915657,2023-02-28,2023-02-28 12:01:03,2022,FY,38204839000.0,31389212000.0,6815627000.0,0.1783969565,0.0,0.0,0.0,426485000.0,2334893000,2761378000.0,34150590000.0,30179000.0,175628000.0,656787000.0,4764041000.0,0.1069018508,4054249000.0,0.1061187301,-118203000.0,3936046000.0,0.1030248027,894872000.0,2922668000.0,0.0764999428,14.28,14.28,202566000.0,202566000.0,https://www.sec.gov/Archives/edgar/data/1915657/000191565723000015/0001915657-23-000015-index.htm,https://www.sec.gov/Archives/edgar/data/1915657/000191565723000015/dino-20221231.htm
2021-12-31,DINO,USD,0001915657,2021-12-31,2021-12-31 00:00:00,2021,FY,18389142000.0,15760468000.0,2628674000.0,0.143,0.0,0.0,0.0,362010000.0,1517478000,1879488000.0,17639956000.0,4019000.0,125175000.0,503539000.0,1427682000.0,0.0416352759,262098000.0,0.0142528673,37966000.0,787152000.0,0.0428052598,123898000.0,558324000.0,0.0303616123,3.39,3.39,162569000.0,162569000.0,,
2020-12-31,DINO,USD,0001915657,2020-12-31,2020-12-31 00:00:00,2020,FY,11183643000.0,9758216000.0,1425427000.0,0.1274564111,0.0,0.0,0.0,313600000.0,1300277000,1613877000.0,11372093000.0,7633000.0,126527000.0,520912000.0,-103856999.0,-0.0148740442,-188450000.0,-0.0168505021,-13303000.0,-747046000.0,-0.0667980907,-232147000.0,-514899000.0,-0.0460403645,-3.18,-3.18,161983000.0,161983000.0,,
2024-06-30,EVI,USD,0000065312,2024-10-25,2024-10-25 15:37:53,2024,FY,353563000.0,248310000.0,105253000.0,0.297692349,0.0,0.0,0.0,93625000.0,0,93625000.0,341935000.0,0.0,2744000.0,5983000.0,17611000.0,0.0498100763,11628000.0,0.0328880567,-2744000.0,8884000.0,0.0251270636,3238000.0,5646000.0,0.0159688655,0.39,0.37,12677000.0,13153000.0,https://www.sec.gov/Archives/edgar/data/65312/000117494724001167/0001174947-24-001167-index.htm,https://www.sec.gov/Archives/edgar/data/65312/000117494724001167/form10ka-33042_evi.htm
2023-06-30,EVI,USD,0000065312,2023-10-27,2023-10-27 13:44:24,2023,FY,354173000.0,250490000.0,103683000.0,0.293,0.0,86399000.0,778000.0,87177000.0,0,87177000.0,337667000.0,2507000.0,2507000.0,6024000.0,22530000.0,0.0636129801,16506000.0,0.0466043431,-2507000.0,13999000.0,0.0395258814,4280000.0,9719000.0,0.0274413916,0.68,0.67,12553000.0,12804000.0,https://www.sec.gov/Archives/edgar/data/65312/000117494723001245/0001174947-23-001245-index.htm,https://www.sec.gov/Archives/edgar/data/65312/000117494723001245/form10ka-30951_evi.htm
2022-06-30,EVI,USD,0000065312,2022-09-13,2022-09-13 16:14:09,2022,FY,267316000.0,193609000.0,73707000.0,0.2757298478,0.0,66686000.0,632000.0,67318000.0,0,67318000.0,260927000.0,679000.0,679000.0,5345000.0,6389000.0,0.043386853,6389000.0,0.0239005522,-679000.0,5710000.0,0.0213604872,1615000.0,4095000.0,0.0153189484,0.3,0.29,12367000.0,12650000.0,https://www.sec.gov/Archives/edgar/data/65312/000117494722001008/0001174947-22-001008-index.htm,https://www.sec.gov/Archives/edgar/data/65312/000117494722001008/evi10k0622.htm
2021-06-30,EVI,USD,0000065312,2021-10-28,2021-10-28 16:30:09,2021,FY,242005000.0,182165000.0,59840000.0,0.247,0.0,56159000.0,435000.0,56594000.0,0,56594000.0,238759000.0,0.0,635000.0,4651000.0,15174000.0,0.0036321564,-3717000.0,-0.0153591868,6642000.0,9888000.0,0.0408586599,1504000.0,8384000.0,0.0346439123,0.63,0.61,12142000.0,12578000.0,https://www.sec.gov/Archives/edgar/data/65312/000117494721000933/0001174947-21-000933-index.htm,https://www.sec.gov/Archives/edgar/data/65312/000117494721000933/form10ka-26871_evi.htm
2020-06-30,EVI,USD,0000065312,2020-09-14,2020-09-14 17:15:03,2020,FY,235802000.0,180595000.0,55207000.0,0.2341243925,0.0,52050000.0,377000.0,52427000.0,0,52427000.0,233022000.0,1432000.0,1432000.0,3714000.0,6476000.0,0.0274637196,2780000.0,0.0117895523,-1432000.0,1348000.0,0.0057166606,573000.0,775000.0,0.0032866558,0.0602,0.0586,11841000.0,12171000.0,https://www.sec.gov/Archives/edgar/data/65312/000117494720000945/0001174947-20-000945-index.htm,https://www.sec.gov/Archives/edgar/data/65312/000117494720000945/evi10k0620.htm
2024-12-31,INTT,USD,0001036262,2025-03-13,2025-03-13 16:05:39,2024,FY,130690000.0,75266000.0,55424000.0,0.4240875354,8548000.0,26104000.0,17378000.0,43482000.0,0,52030000.0,127296000.0,0.0,846000.0,5392000.0,9692000.0,0.0741602265,3394000.0,0.0259698523,60000.0,3454000.0,0.026428954,563000.0,2891000.0,0.0221210498,0.24,0.24,12151913.0,12239158.0,https://www.sec.gov/Archives/edgar/data/1036262/000143774925007520/0001437749-25-007520-index.htm,https://www.sec.gov/Archives/edgar/data/1036262/000143774925007520/intt20241231_10k.htm
2023-12-31,INTT,USD,0001036262,2024-03-27,2024-03-27 17:03:15,2023,FY,123302000.0,66324000.0,56978000.0,0.462,7618000.0,21316000.0,17605000.0,38921000.0,0,46539000.0,112863000.0,0.0,679000.0,4683000.0,16409000.0,0.1330797554,10439000.0,0.0846620493,609000.0,11048000.0,0.0896011419,1706000.0,9342000.0,0.0757651944,0.82,0.79,11461399.0,11779912.0,https://www.sec.gov/Archives/edgar/data/1036262/000143774924009626/0001437749-24-009626-index.htm,https://www.sec.gov/Archives/edgar/data/1036262/000143774924009626/intt20231231_10k.htm
2022-12-31,INTT,USD,0001036262,2023-03-22,2023-03-22 16:20:49,2022,FY,116828000.0,63388000.0,53440000.0,0.45742459,7529000.0,19287000.0,15903000.0,35190000.0,-576000,42719000.0,106107000.0,635000.0,635000.0,4744000.0,10721000.0,0.1322884925,10721000.0,0.0917673845,-576000.0,10145000.0,0.0868370596,1684000.0,8461000.0,0.0724227069,0.79,0.78,10673017.0,10862538.0,https://www.sec.gov/Archives/edgar/data/1036262/000143774923007539/0001437749-23-007539-index.htm,https://www.sec.gov/Archives/edgar/data/1036262/000143774923007539/intt20221231_10k.htm
2021-12-31,INTT,USD,0001036262,2022-03-23,2022-03-23 07:46:05,2021,FY,84878000.0,43654000.0,41224000.0,0.486,5531000.0,15865000.0,11083000.0,26948000.0,-57000,32479000.0,76133000.0,89000.0,89000.0,3145000.0,11547000.0,0.1063997738,5886000.0,0.0693465916,-57000.0,8402000.0,0.0989891374,1119000.0,7283000.0,0.0858055091,0.7,0.68,10462246.0,10729862.0,https://www.sec.gov/Archives/edgar/data/1036262/000143774922006956/0001437749-22-006956-index.htm,https://www.sec.gov/Archives/edgar/data/1036262/000143774922006956/intt20211231_10k.htm
2020-12-31,INTT,USD,0001036262,2021-03-23,2021-03-23 16:20:31,2020,FY,53823000.0,29719000.0,24104000.0,0.4478382847,5070000.0,11444000.0,7522000.0,18966000.0,-14000,24036000.0,53755000.0,0.0,0.0,3157000.0,1926000.0,0.0251379522,-1821000.0,-0.0338331197,-14000.0,-1231000.0,-0.0228712632,-336000.0,-895000.0,-0.0166285789,-0.0873,-0.0873,10256560.0,10256560.0,https://www.sec.gov/Archives/edgar/data/1036262/000143774921006901/0001437749-21-006901-index.htm,https://www.sec.gov/Archives/edgar/data/1036262/000143774921006901/intt20201231_10k.htm
2023-03-31,GEMZ,USD,0001104023,2023-03-31,2023-03-29 20:00:00,2022,FY,0.0,0.0,0.0,0.0,0.0,0.0,0.0,0.0,0,0.0,0.0,0.0,0.0,228485.0,0.0,0.0,0.0,0.0,0.0,0.0,0.0,0.0,0.0,0.0,0.0,0.0,0.0,0.0,,
2022-03-31,GEMZ,USD,0001104023,2022-03-31,2022-03-29 20:00:00,2021,FY,1438.7479999999998,65.706,1373.042,0.954,0.0,956.92,0.0,956.92,0,1296.818,1362.524,0.0,0.0,-76.225,-0.000999999999990564,-6.95e-07,76.225,0.052980091,-339.89799999999985,76.224,0.052979396,-0.000999999999990564,76.224,0.052979396,0.0008,0.0008,101496.0,101414.0,,
2021-03-31,GEMZ,USD,0001104023,2021-03-31,2021-03-29 20:00:00,2020,FY,836.5089999999999,259.396,577.1129999999998,0.6899065043,0.0,209.27499999999998,0.0,209.27499999999998,0,309.96000000000004,569.356,0.0,0.0,-267.15299999999996,0.0,0.0,267.15299999999996,0.3193665579,-100.68499999999995,267.15299999999996,0.3193665579,0.0,267.15299999999996,0.3193665579,0.0028,0.0028,96479.0,96466.0,,
2020-03-31,GEMZ,USD,0001104023,2020-03-31,2020-03-29 20:00:00,2019,FY,0.0,0.0,0.0,0.0,0.0,0.0,0.0,0.0,0,0.0,0.0,0.0,0.0,171860.0,0.0,0.0,0.0,0.0,0.0,0.0,0.0,0.0,0.0,0.0,0.0,0.0,0.0,0.0,,
2019-03-31,GEMZ,USD,0001104023,2019-03-31,2019-03-29 20:00:00,2018,FY,0.0,0.0,0.0,0.0,0.0,0.0,0.0,0.0,0,0.0,0.0,0.0,0.0,161141.0,0.0,0.0,0.0,0.0,0.0,0.0,0.0,0.0,0.0,0.0,0.0,0.0,0.0,0.0,,
2024-12-31,AIP,USD,0001667011,2025-02-18,2025-02-18 17:09:18,2024,FY,57724000.0,5962000.0,51762000.0,0.8967154043,45007000.0,17555000.0,20796000.0,38351000.0,0,83358000.0,89320000.0,0.0,244000.0,3362000.0,-24834000.0,-0.430219666,-31596000.0,-0.5473633151,3156000.0,-28440000.0,-0.4926893493,2500000.0,-33638000.0,-0.582738549,-0.86,-0.86,38914197.0,38914197.0,https://www.sec.gov/Archives/edgar/data/1667011/000166701125000010/0001667011-25-000010-index.htm,https://www.sec.gov/Archives/edgar/data/1667011/000166701125000010/aip-20241231.htm
2023-12-31,AIP,USD,0001667011,2024-02-20,2024-02-20 17:05:39,2023,FY,53666000.0,5077000.0,48589000.0,0.905,45128000.0,17944000.0,20659000.0,38603000.0,0,83731000.0,88808000.0,0.0,211000.0,3069000.0,-28515000.0,-0.5313420042,-35142000.0,-0.6548280103,3347000.0,-31795000.0,-0.5924607759,1677000.0,-36869000.0,-0.6870085343,-1.03,-1.03,35675689.0,35675689.0,https://www.sec.gov/Archives/edgar/data/1667011/000166701124000010/0001667011-24-000010-index.htm,https://www.sec.gov/Archives/edgar/data/1667011/000166701124000010/aip-20231231.htm
2022-12-31,AIP,USD,0001667011,2023-03-01,2023-02-28 19:04:09,2022,FY,50378000.0,4281000.0,46097000.0,0.9150224304,41167000.0,16367000.0,17419000.0,33786000.0,1425000,74953000.0,79234000.0,1425000.0,89000.0,2077999.0,-25353000.0,-0.5028385406,-28856000.0,-0.5727897098,1336000.0,-27520000.0,-0.5462701973,-417000.0,-27103000.0,-0.5379927746,-0.83,-0.83,32578775.0,32578775.0,https://www.sec.gov/Archives/edgar/data/1667011/000166701123000009/0001667011-23-000009-index.htm,https://www.sec.gov/Archives/edgar/data/1667011/000166701123000009/aip-20221231.htm
2021-12-31,AIP,USD,0001667011,2022-03-07,2022-03-07 16:13:15,2021,FY,37864000.0,3731000.0,34133000.0,0.901,30812000.0,13360000.0,11726000.0,25086000.0,0,55898000.0,59629000.0,21000.0,589000.0,1480000.0,-20275000.0,-0.5356803296,-21765000.0,-0.5748204099,-579000.0,-22344000.0,-0.5901119797,1040000.0,-23384000.0,-0.6175787027,-0.74,-0.74,31530682.0,31530682.0,https://www.sec.gov/Archives/edgar/data/1667011/000166701122000010/0001667011-22-000010-index.htm,https://www.sec.gov/Archives/edgar/data/1667011/000166701122000010/aip-20211231.htm
2020-12-31,AIP,USD,0001667011,2020-12-31,2020-12-31 00:00:00,2020,FY,31812000.0,1491000.0,30321000.0,0.953130894,17020000.0,7329000.0,9749000.0,17078000.0,0,34098000.0,35589000.0,50000.0,50000.0,936000.0,-1248000.0,-0.1394128002,-3777000.0,-0.1187287816,1543000.0,-2234000.0,-0.0702250723,1026000.0,-3260000.0,-0.1024770527,-0.1,-0.1,31530682.0,31530682.0,,
2024-12-31,JVSAU,USD,0001866001,2025-03-11,2025-03-11 06:25:37,2024,FY,0.0,0.0,0.0,0.0,0.0,0.0,0.0,0.0,0,0.0,0.0,0.0,0.0,0.0,-806106.0,0.0,-806106.0,0.0,2808667.0,2002561.0,0.0,0.0,2002561.0,0.0,0.37,0.37,5388661.0,5388661.0,https://www.sec.gov/Archives/edgar/data/1866001/000121390025022424/0001213900-25-022424-index.htm,https://www.sec.gov/Archives/edgar/data/1866001/000121390025022424/ea0233902-10ka1_jvspac.htm
2023-12-31,JVSAU,USD,0000000000,2023-12-31,2023-12-30 19:00:00,2023,FY,0.0,0.0,0.0,0.0,0.0,0.0,0.0,76827.0,0,76827.0,76827.0,0.0,0.0,1.4551915228366852e-11,-76827.0,0.0,-76827.00000000001,0.0,1.4551915228366852e-11,-76827.0,0.0,0.0,-76827.0,0.0,-0.0115,-0.0115,6707500.0,6707500.0,,
2022-12-31,JVSAU,USD,0000000000,2022-12-31,2022-12-30 19:00:00,2022,FY,0.0,0.0,0.0,0.0,0.0,0.0,0.0,2240.0,0,2240.0,2240.0,0.0,0.0,2.2399999999999998,-2240.0,0.0,-2240.0,0.0,-4.547473508864641e-13,-2240.0,0.0,-2.2399999999997817,-2240.0,0.0,-0.0003,-0.0003,7686250.0,7686250.0,,
2021-12-31,JVSAU,USD,0000000000,2021-12-31,2021-12-29 19:00:00,2021,FY,0.0,0.0,0.0,0.0,0.0,0.0,0.0,43255.0,0,43255.0,43255.0,0.0,0.0,4.298,-43260.0,0.0,-43260.0,0.0,5.0,-43255.0,0.0,-4.298000000002503,-43255.0,0.0,-0.0064,-0.0064,6707500.0,6707500.0,,
2024-12-31,IOVA,USD,0001425205,2025-02-27,2025-02-27 17:15:54,2024,FY,164070000.0,123995000.0,40075000.0,0.2442555007,282336000.0,0.0,0.0,153017000.0,0,435353000.0,559348000.0,20273000.0,0.0,0.0,-395278000.0,-2.4092033888,-395278000.0,-2.4092033888,20273000.0,-375005000.0,-2.2856402755,-2828000.0,-372177000.0,-2.2684037301,-1.28,-1.28,289877000.0,289877000.0,https://www.sec.gov/Archives/edgar/data/1425205/000155837025001834/0001558370-25-001834-index.htm,https://www.sec.gov/Archives/edgar/data/1425205/000155837025001834/iova-20241231x10k.htm
2023-12-31,IOVA,USD,0001425205,2024-02-28,2024-02-28 17:15:45,2023,FY,1189000.0,10755000.0,-9566000.0,-8.045,344077000.0,27699000.0,79217000.0,106916000.0,0,450993000.0,461748000.0,13043000.0,0.0,33127000.0,-427432000.0,-359.4886459209,-460559000.0,-387.3498738436,13043000.0,-447516000.0,-376.3801513877,-3479000.0,-444037000.0,-373.4541631623,-1.89,-1.89,235131000.0,235131000.0,https://www.sec.gov/Archives/edgar/data/1425205/000155837024002036/0001558370-24-002036-index.htm,https://www.sec.gov/Archives/edgar/data/1425205/000155837024002036/iova-20231231x10k.htm
2022-12-31,IOVA,USD,0001425205,2023-02-28,2023-02-28 17:15:47,2022,FY,0.0,21135000.0,-21135000.0,0.0,294781000.0,104097000.0,0.0,104097000.0,0,398878000.0,398878000.0,2985000.0,2985000.0,21135000.0,-374758000.0,0.0,-398878000.0,0.0,2985000.0,-395893000.0,0.0,-5970000.0,-389923000.0,0.0,-2.45,-2.45,159259000.0,159259000.0,https://www.sec.gov/Archives/edgar/data/1425205/000155837023002419/0001558370-23-002419-index.htm,https://www.sec.gov/Archives/edgar/data/1425205/000155837023002419/iova-20221231x10k.htm
2021-12-31,IOVA,USD,0001425205,2022-02-24,2022-02-24 17:14:55,2021,FY,0.0,13980000.0,-13980000.0,0.0,259039000.0,83664000.0,0.0,83664000.0,0,342703000.0,342703000.0,451000.0,0.0,13980000.0,-328272000.0,0.0,-342703000.0,0.0,451000.0,-342252000.0,0.0,-14431000.0,-327821000.0,0.0,-2.14,-2.14,153406000.0,153406000.0,https://www.sec.gov/Archives/edgar/data/1425205/000155837022001976/0001558370-22-001976-index.htm,https://www.sec.gov/Archives/edgar/data/1425205/000155837022001976/iova-20211231x10k.htm
2020-12-31,IOVA,USD,0001425205,2021-02-25,2021-02-25 17:15:37,2020,FY,0.0,8712000.0,-8712000.0,0.0,201727000.0,60210000.0,0.0,60210000.0,0,261937000.0,261937000.0,2356000.0,0.0,8712000.0,-250869000.0,0.0,-261937000.0,0.0,2356000.0,-259581000.0,0.0,-2356000.0,-257225000.0,0.0,-1.86,-1.86,138301000.0,138301000.0,https://www.sec.gov/Archives/edgar/data/1425205/000155837021001858/0001558370-21-001858-index.htm,https://www.sec.gov/Archives/edgar/data/1425205/000155837021001858/iova-20201231x10k.htm
2024-12-31,TRTX-PC,USD,0001630472,2025-02-18,2025-02-18 16:49:48,2024,FY,44823000.0,0.0,44823000.0,1.0,0.0,10042000.0,0.0,10042000.0,0,10042000.0,10042000.0,307146000.0,-198854000.0,0.0,0.0,0.0,34781000.0,0.7759632332,39953000.0,74734000.0,1.6673136559,-399000.0,59666000.0,1.3311469558,0.77,0.77,77730715.0,77730715.0,https://www.sec.gov/Archives/edgar/data/1630472/000163047225000005/0001630472-25-000005-index.htm,https://www.sec.gov/Archives/edgar/data/1630472/000163047225000005/trtx-20241231.htm
2023-12-31,TRTX-PC,USD,0001630472,2024-02-20,2024-02-20 16:12:22,2023,FY,27704000.0,14560000.0,13144000.0,0.474,0.0,11874000.0,0.0,11874000.0,0,10540000.0,25100000.0,362550000.0,273862000.0,3053000.0,0.0,0.0,2604000.0,0.0939936471,-118975000.0,-116371000.0,-4.2005125614,259000.0,-116630000.0,-4.2098613919,-1.5,-1.5,77575788.0,77575788.0,https://www.sec.gov/Archives/edgar/data/1630472/000163047224000006/0001630472-24-000006-index.htm,https://www.sec.gov/Archives/edgar/data/1630472/000163047224000006/trtx-20231231.htm
2022-12-31,TRTX-PC,USD,0001630472,2023-02-21,2023-02-21 16:27:52,2022,FY,156270000.0,13291000.0,142979000.0,0.9149484866,-0.1947472923597277,9451000.0,0.0,9451000.0,-14186000,9134000000.0,9134000000.0,302860000.0,160755000.0,217781000.0,76556000000.0,489.8956933513,87641000000.0,560.8306136814,-46245000.0,-59536000.0,-0.3809816344,530000.0,-60066000.0,-0.3843732002,-0.78,-0.78,76656756.0,76656756.0,https://www.sec.gov/Archives/edgar/data/1630472/000163047223000005/0001630472-23-000005-index.htm,https://www.sec.gov/Archives/edgar/data/1630472/000163047223000005/trtx-20221231.htm
2021-12-31,TRTX-PC,USD,0001630472,2022-02-23,2022-02-22 21:43:19,2021,FY,169813000.0,15790000.0,154023000.0,0.907,0.5799826354991878,10155000.0,0.0,10155000.0,-40354000,-30199000.0,-30199000.0,240161000.0,85090000.0,31807000.0,139614000.0,0.8221632031,139614000.0,0.8221632031,15790000.0,139614000.0,0.8221632031,1064000.0,138550000.0,0.8158974872,1.7,1.7,81270114.0,81684388.0,https://www.sec.gov/Archives/edgar/data/1630472/000156459022006015/0001564590-22-006015-index.htm,https://www.sec.gov/Archives/edgar/data/1630472/000156459022006015/trtx-10k_20211231.htm
2020-12-31,TRTX-PC,USD,0001630472,2021-02-24,2021-02-24 16:18:41,2020,FY,-27664000.0,22006000.0,-49670000.0,1.7954742626,-1.6893654407761223,9365000.0,0.0,9365000.0,-118222000,-108857000.0,-108857000.0,283672000.0,107237000.0,110096000.0,-136521000.0,4.9349696356,-136521000.0,4.9349696356,-40361000.0,-136521000.0,4.9349696356,305000.0,-136826000.0,4.9459947947,-1.79,-1.78,76616748.0,76656756.0,https://www.sec.gov/Archives/edgar/data/1630472/000156459021008107/0001564590-21-008107-index.htm,https://www.sec.gov/Archives/edgar/data/1630472/000156459021008107/trtx-10k_20201231.htm
2024-06-30,GSCCF,USD,0000000000,2024-06-30,2024-06-28 20:00:00,2024,FY,0.0,264488.0,-264488.0,0.0,0.0,0.0,0.0,5344000.0,0,5344000.0,5344000.0,1315320.0,11189.0,264488.0,-7684405.0,0.0,-5344000.0,0.0,-2481000.0,-7825000.0,0.0,135081.0,-7825000.0,0.0,-0.0036,-0.0036,2145599000.0,2145062281.0,,
2023-06-30,GSCCF,USD,0000000000,2023-06-30,2023-06-29 20:00:00,2023,FY,0.0,51486.0,-51486.0,0.0,0.0,9599000.0,0.0,9599000.0,0,9651000.0,9651000.0,1510000.0,10000.0,51486.0,-6260507.0,0.0,-9696000.0,0.0,3305000.0,-6391000.0,0.0,10000.0,-6391000.0,0.0,-0.003,-0.003,2098194055.0,2098194055.0,,
2022-06-30,GSCCF,USD,0000000000,2022-06-30,2022-06-30 00:00:00,2022,FY,0.0,165604.0,-165604.0,0.0,0.0,11782000.0,0.0,11782000.0,0,11955000.0,11955000.0,111000.0,5000.0,165604.0,-11799000.0,0.0,-11972000.0,0.0,3469000.0,-8503000.0,0.0,5000.0,-8503000.0,0.0,-0.0042,-0.0042,2014426374.0,2014426374.0,,
2021-06-30,GSCCF,USD,0000000000,2021-06-30,2021-06-30 00:00:00,2021,FY,0.0,43543.0,-43543.0,0.0,0.0,6682394.0,0.0,6682394.0,43577,6728226.0,6728226.0,29302.0,1102963.0,43543.0,-7684684.0,0.0,-6655346.5168,0.0,-1072252.0,-7758309.791429,0.0,1146540.0,-7758309.791429,0.0,-0.0044,-0.0044,1749258484.0,1749258484.0,,
2020-06-30,GSCCF,USD,0000000000,2020-06-30,2020-06-30 00:00:00,2020,FY,0.0,35113.0,-35113.0,0.0,0.0,5676984.0,0.0,5676984.0,94822,5767684.0,5767684.0,495413.0,19239.0,35113.0,-3695186.0,0.0,-5177448.723675,0.0,1427870.0,-3742055.175731,0.0,114061.0,-3742055.175731,0.0,-0.0023,-0.0023,1597009728.0,1597009728.0,,
2023-07-31,MVT,USD,0000897269,2023-07-31,2023-07-30 20:00:00,2022,FY,-2533093.0,0.0,-2533093.0,-6.968047758214957,0.0,251509.0,0.0,251509.0,0,272798.0,-14210864.0,17322178.0,6375656.0,-15268648.0,-24320278.0,9.6010205705,15268648.0,-6.0276697302,-18074539.0,-2805891.0,1.1076936378,-24320278.0,-2805891.0,1.1076936378,-0.13,-0.13,21105956.0,21105970.0,,
2022-04-30,MVT,USD,0000897269,2022-04-30,2022-04-29 20:00:00,2021,FY,-42250057.0,0.0,-42250057.0,1.0,0.0,271386.0,0.0,271386.0,29686,301072.0,-378955.0,18756783.0,1900322.0,-15015708.0,-4705692.0,0.1113771752,15015708.0,-0.3554008933,-1180660.0,-42551129.0,1.0071259549,51680485.0,-42551129.0,1.0071259549,-1.99,-1.99,21369803.0,21382477.0,,
2021-04-30,MVT,USD,0000897269,2021-04-30,2021-04-29 20:00:00,2020,FY,57639104.0,37537669.0,20101435.0,0.3487464864,0.0,263573.0,0.0,263573.0,33126,296699.0,39081824.0,20100793.0,1840854.0,-17200696.0,38300855.0,0.6644942815,17200696.0,0.2984206,40141709.0,57342405.0,0.9948524703,38300855.0,57342405.0,0.9948524703,2.69,2.69,21316879.0,21316879.0,,
2020-04-30,MVT,USD,0000897269,2020-04-30,2020-04-29 20:00:00,2019,FY,-12469731.0,0.0,-12469731.0,-1.7175241390532001,0.0,285263.0,0.0,285263.0,23900,309163.0,-30182841.0,21296316.0,4013117.0,-18556739.0,-35348750.0,2.8347644388,18556739.0,-1.4881426873,-31335633.0,-12778894.0,1.0247930769,-35348750.0,-12778894.0,1.0247930769,-0.59,-0.59,21339875.0,21659142.0,,
2019-04-30,MVT,USD,0000897269,2019-04-30,2019-04-29 20:00:00,2018,FY,20221734.0,0.0,20221734.0,1.1617912687408507,0.0,275616.0,0.0,275616.0,25725,301341.0,1224364.0,23397199.0,4797406.0,-20650425.0,-5527438.0,-0.2733414454,20650425.0,1.0211995173,-730032.0,19920393.0,0.9850981622,-5527438.0,19920393.0,0.9850981622,0.94,0.94,21191907.0,21191907.0,,
2024-12-31,AHT-PH,USD,0001232582,2025-03-21,2025-03-21 16:27:37,2024,FY,1172459000.0,0.0,1172459000.0,1.0,0.0,24366000.0,0.0,24366000.0,790990000,815356000.0,913251000.0,6942000.0,-259768000.0,152776000.0,-171006000.0,-0.1458524349,259208000.0,0.2210806519,-323222000.0,-64014000.0,-0.0545980712,-997000.0,-63017000.0,-0.0537477217,-13.39,-13.39,4706000.0,4706000.0,https://www.sec.gov/Archives/edgar/data/1232582/000123258225000055/0001232582-25-000055-index.htm,https://www.sec.gov/Archives/edgar/data/1232582/000123258225000055/aht-20241231.htm
2023-12-31,AHT-PH,USD,0001232582,2024-03-14,2024-03-14 16:41:36,2023,FY,1367533000.0,1033490000.0,334043000.0,0.244,0.0,16181000.0,0.0,16181000.0,176319000,192500000.0,1235956000.0,8978000.0,366148000.0,187807000.0,305613000.0,0.2234776053,130443000.0,0.0953856324,-310277000.0,-179834000.0,-0.1315024939,900000.0,-178489000.0,-0.130518971,-51.53,-5.17,3463850.0,34523000.0,https://www.sec.gov/Archives/edgar/data/1232582/000123258224000035/0001232582-24-000035-index.htm,https://www.sec.gov/Archives/edgar/data/1232582/000123258224000035/aht-20231231.htm
2022-12-31,AHT-PH,USD,0001232582,2023-03-10,2023-03-10 16:18:52,2022,FY,1240859000.0,953228000.0,287631000.0,0.2317999064,-0.10857156211946724,9879000.0,10100000.0,9879000.0,201797000,211676000.0,1164904000.0,4777000.0,217323000.0,1154123000.0,294171000.0,0.2202643491,76255000.0,0.0614533964,-210977000.0,-134722000.0,-0.1085715621,6336000.0,-141058000.0,-0.1136777023,-41.08,-41.08,3433900.0,3433900.0,https://www.sec.gov/Archives/edgar/data/1232582/000123258223000032/0001232582-23-000032-index.htm,https://www.sec.gov/Archives/edgar/data/1232582/000123258223000032/aht-20221231.htm
2021-12-31,AHT-PH,USD,0001232582,2022-02-28,2022-02-28 16:33:46,2021,FY,805411000.0,697023000.0,108388000.0,0.135,-0.32914872034278153,16153000.0,6800000.0,16153000.0,218851000,235004000.0,932027000.0,207000.0,143508000.0,917534000.0,110001000.0,0.099369142,-138818000.0,-0.1723567222,-139933000.0,-265100000.0,-0.3291487203,5948000.0,-271048000.0,-0.3365337697,-79.68,-79.64,3401591.0,3403550.0,https://www.sec.gov/Archives/edgar/data/1232582/000123258222000038/0001232582-22-000038-index.htm,https://www.sec.gov/Archives/edgar/data/1232582/000123258222000038/aht-20211231.htm
2020-12-31,AHT-PH,USD,0001232582,2021-03-16,2021-03-15 17:49:08,2020,FY,508238000.0,564391000.0,-56153000.0,-0.1104856386,-1.248543005442332,28048000.0,4300000.0,28048000.0,252765000,280813000.0,845204000.0,672000.0,230856000.0,827532000.0,-66529000.0,-0.2311908988,-465367000.0,-0.9156477871,-169190000.0,-634557000.0,-1.2485430054,-1335000.0,-633222000.0,-1.2459162833,-4018.93,-4018.93,157560.0,157560.0,https://www.sec.gov/Archives/edgar/data/1232582/000123258221000060/0001232582-21-000060-index.htm,https://www.sec.gov/Archives/edgar/data/1232582/000123258221000060/aht-20201231.htm
2023-12-31,NUGN,USD,0001593549,2024-04-08,2024-04-08 08:00:56,2023,FY,2005789.0,2940555.0,-934766.0,-0.4660340644,0.0,5266899.0,339230.0,5601230.0,0,5611386.0,8551941.0,0.0,10443.0,1839634.0,-4696072.0,-2.3412592252,-6546439.0,-3.2637725105,287.0,-6546152.0,-3.2636294246,0.0,-6546152.0,-3.2636294246,-0.0081,-0.0081,812799962.0,812799962.0,https://www.sec.gov/Archives/edgar/data/1593549/000149315224013415/0001493152-24-013415-index.htm,https://www.sec.gov/Archives/edgar/data/1593549/000149315224013415/form10-ka.htm
2022-12-31,NUGN,USD,0001593549,2023-08-25,2023-08-25 14:47:31,2022,FY,1966202.0,2071289.0,-105087.0,-0.0534466957,0.0,482347.0,55112.0,482347.0,100277,482347.0,2553636.0,,,1677410.0,1190256.0,0.5543560631,-587434.0,-0.298765844,100277.0,-487157.0,-0.247765489,-100276.0,-386881.0,-0.1967656426,-0.0017,-0.0017,227001268.0,227001268.0,https://www.sec.gov/Archives/edgar/data/1593549/000149315223030188/0001493152-23-030188-index.htm,https://www.sec.gov/Archives/edgar/data/1593549/000149315223030188/form10-ka.htm
2021-12-31,NUGN,USD,0001593549,2021-12-31,2021-12-31 00:00:00,2021,FY,1840866.0,1059589.0,781277.0,0.424,0.0,995876.0,0.0,995876.0,-281,995876.0,2055465.0,0.0,0.0,714589.0,499990.0,0.2716058638,-214599.0,-0.116575025,-280.0,-214880.0,-0.1167276706,-1.0,-214879.0,-0.1167271273,-0.0003,-0.0003,765895614.0,765895614.0,,
2020-12-31,NUGN,USD,0001593549,2020-12-31,2020-12-29 19:00:00,2020,FY,0.0,0.0,0.0,0.0,0.0,5000.0,0.0,5000.0,0,5000.0,5000.0,0.0,0.0,5000.0,0.0,0.0,-5000.0,0.0,0.0,-5000.0,0.0,0.0,-5000.0,0.0,0.0,0.0,833333333.0,763090000.0,,
2019-12-31,NUGN,USD,0001593549,2019-12-31,2019-12-29 19:00:00,2019,FY,0.0,0.0,0.0,0.0,0.0,0.0,0.0,0.0,0,0.0,0.0,0.0,0.0,171860.0,0.0,0.0,0.0,0.0,0.0,0.0,0.0,0.0,0.0,0.0,0.0,0.0,59254155.0,59254155.0,,
2024-12-31,ECX,CNY,0001861974,2024-12-31,2024-12-31 00:00:00,2024,FY,5561300000.0,4407100000.0,1154200000.0,0.2075414022,1259700000.0,0.0,0.0,776700000.0,0,2036400000.0,6443500000.0,0.0,0.0,85799000.0,-796401000.0,-0.143204107,-882200000.0,-0.1586319745,-106200000.0,-988400000.0,-0.177728229,1500000.0,-932300000.0,-0.1676406596,-2.77,-2.77,336641857.0,336641846.0,,
2023-12-31,ECX,CNY,0001861974,2024-04-03,2024-04-03 16:35:47,2023,FY,4666147000.0,3396118000.0,1270029000.0,0.2721793805,1264308000.0,146230000.0,17651000.0,928761000.0,-5327000,2187742000.0,5583860000.0,30501000.0,79309000.0,124641000.0,-814873000.0,-0.1746350897,-917713000.0,-0.1966746868,-101110000.0,-1018823000.0,-0.2183435284,-3643000.0,-940191000.0,-0.2014919376,-2.79,-2.79,337407236.0,337407225.0,https://www.sec.gov/Archives/edgar/data/1861974/000162828024014607/0001628280-24-014607-index.htm,https://www.sec.gov/Archives/edgar/data/1861974/000162828024014607/exc-20231231.htm
2022-12-31,ECX,CNY,0001861974,2023-04-24,2023-04-24 16:02:52,2022,FY,3557100000.0,2566600000.0,990500000.0,0.2784571702,1210900000.0,1180200000.0,86600000.0,1266800000.0,20900000,2448400000.0,5015000000.0,12400000.0,51100000.0,116534000.0,-1417004000.0,-0.4391217565,-1466300000.0,-0.4122178179,50140000.0,-1519600000.0,-0.4272019342,21600000.0,-1541200000.0,-0.4332742965,-6.44,-6.44,239296386.0,239296386.0,https://www.sec.gov/Archives/edgar/data/1861974/000110465923048955/0001104659-23-048955-index.htm,https://www.sec.gov/Archives/edgar/data/1861974/000110465923048955/ecx-20221231x20f.htm
2021-12-31,ECX,CNY,0001861974,2021-12-31,2021-12-31 00:00:00,2021,FY,2779063000.0,1961870000.0,817193000.0,0.294,1209385000.0,506873000.0,82827000.0,589700000.0,207000,1794578000.0,3756448000.0,11783000.0,131666000.0,65160000.0,-973152000.0,-0.3248943979,-981685000.0,-0.3532431615,-169719000.0,-1181985000.0,-0.425317814,3447000.0,-1179615000.0,-0.4244650085,-3.5,-3.5,337395390.0,337395390.0,,
2020-12-31,ECX,CNY,0001861974,2020-12-31,2020-12-31 00:00:00,2020,FY,2241063000.0,1689675000.0,551388000.0,0.2460385986,706018000.0,215008000.0,60643000.0,275651000.0,-200000,975671000.0,2665346000.0,28480000.0,59128000.0,58958000.0,-321690000.0,-0.1503291072,-430481000.0,-0.1920878619,-9295000.0,-439776000.0,-0.1962354472,228000.0,-439659000.0,-0.1961832398,-1.3,-1.3,337395390.0,337395390.0,,
2025-02-01,JWN,USD,0000072333,2025-03-21,2025-03-21 16:35:46,2024,FY,15016000000.0,14980500000.0,35500000.0,0.0023641449,0.0,0.0,0.0,5125000000.0,0,5125000000.0,20105500000.0,0.0,-102000000.0,0.0,0.0,0.0,-5089500000.0,-0.3389384656,5482500000.0,393000000.0,0.0261720831,-99000000.0,294000000.0,0.0195791156,1.79,1.74,164300000.0,168900000.0,https://www.sec.gov/Archives/edgar/data/72333/000007233325000039/0000072333-25-000039-index.htm,https://www.sec.gov/Archives/edgar/data/72333/000007233325000039/jwn-20250201.htm
2024-02-03,JWN,USD,0000072333,2024-03-19,2024-03-19 17:28:26,2023,FY,14693000000.0,9303000000.0,5390000000.0,0.367,0.0,4542000000.0,313000000.0,4855000000.0,0,5139000000.0,14128000000.0,33000000.0,137000000.0,770000000.0,1054000000.0,0.0717348397,535000000.0,0.0364118968,-388000000.0,147000000.0,0.0100047642,13000000.0,134000000.0,0.0091199891,0.83,0.82,161800000.0,163400000.0,https://www.sec.gov/Archives/edgar/data/72333/000007233324000031/0000072333-24-000031-index.htm,https://www.sec.gov/Archives/edgar/data/72333/000007233324000031/jwn-20240203.htm
2023-01-28,JWN,USD,0000072333,2023-03-10,2023-03-10 17:26:18,2022,FY,15530000000.0,10019000000.0,5511000000.0,0.3548615583,0.0,4737000000.0,309000000.0,5046000000.0,0,5046000000.0,15065000000.0,10000000.0,128000000.0,789000000.0,1264000000.0,0.0807469414,465000000.0,0.0299420476,-128000000.0,337000000.0,0.0216999356,92000000.0,245000000.0,0.0157759176,1.53,1.51,160100000.0,162100000.0,https://www.sec.gov/Archives/edgar/data/72333/000007233323000037/0000072333-23-000037-index.htm,https://www.sec.gov/Archives/edgar/data/72333/000007233323000037/jwn-20230128.htm
2022-01-29,JWN,USD,0000072333,2022-03-11,2022-03-11 17:25:20,2021,FY,14789000000.0,9344000000.0,5445000000.0,0.368,0.0,4653000000.0,300000000.0,4953000000.0,0,4953000000.0,14297000000.0,1000000.0,246000000.0,790000000.0,1283000000.0,0.0866860504,492000000.0,0.0332679694,-246000000.0,246000000.0,0.0166339847,68000000.0,178000000.0,0.0120359727,1.12,1.1,159000000.0,162500000.0,https://www.sec.gov/Archives/edgar/data/72333/000007233322000060/0000072333-22-000060-index.htm,https://www.sec.gov/Archives/edgar/data/72333/000007233322000060/jwn-20220129.htm
2021-01-30,JWN,USD,0000072333,2021-03-16,2021-03-15 19:53:18,2020,FY,10715000000.0,7600000000.0,3115000000.0,0.2907139524,0.0,3879000000.0,283000000.0,4162000000.0,0,4162000000.0,11762000000.0,3000000.0,181000000.0,839000000.0,-205000000.0,-0.0190387308,-1047000000.0,-0.0977134858,-269000000.0,-1228000000.0,-0.114605693,-538000000.0,-690000000.0,-0.064395707,-4.39,-4.39,157200000.0,157200000.0,https://www.sec.gov/Archives/edgar/data/72333/000007233321000099/0000072333-21-000099-index.htm,https://www.sec.gov/Archives/edgar/data/72333/000007233321000099/jwn-20210130.htm
2024-12-31,HHH,USD,0001467831,2025-02-26,2025-02-26 16:06:37,2024,FY,1750689000.0,1018738000.0,731951000.0,0.4180931051,0.0,91752000.0,0.0,91752000.0,80278000,172030000.0,1190768000.0,25349000.0,164926000.0,180118000.0,710443000.0,0.4058076563,559921000.0,0.3198289359,-194522000.0,365399000.0,0.2087172536,80184000.0,197703000.0,0.1129286812,3.94,3.94,50116150.0,50116150.0,https://www.sec.gov/Archives/edgar/data/1981792/000162828025008128/0001628280-25-008128-index.htm,https://www.sec.gov/Archives/edgar/data/1981792/000162828025008128/hhh-20241231.htm
2023-12-31,HHH,USD,0001467831,2024-02-27,2024-02-27 16:08:01,2023,FY,1024102000.0,590135000.0,433967000.0,0.424,0.0,91193000.0,0.0,91193000.0,870986000,962179000.0,1552314000.0,25750000.0,156951000.0,215744000.0,-342196000.0,-0.3341424975,-528212000.0,-0.5157806547,-187053000.0,-715265000.0,-0.6984314062,-163735000.0,-551773000.0,-0.5387871521,-11.13,-11.13,49575292.0,49575292.0,https://www.sec.gov/Archives/edgar/data/1981792/000162828024007207/0001628280-24-007207-index.htm,https://www.sec.gov/Archives/edgar/data/1981792/000162828024007207/hhh-20231231.htm
2022-12-31,HHH,USD,0001467831,2022-12-31,2022-12-31 00:00:00,2022,FY,1608488000.0,974871000.0,633617000.0,0.3939208748,0.15275431478470786,81772000.0,0.0,81772000.0,1909000,294160000.0,1269031000.0,3818000.0,110891000.0,1265316000.0,556388000.0,0.3289343781,369135000.0,0.2294919204,-123999000.0,245136000.0,0.15240151,60500000.0,184533000.0,0.1147245115,3.65,3.65,50513000.0,50558000.0,,
2021-12-31,HHH,USD,0001467831,2021-12-31,2021-12-31 00:00:00,2021,FY,1427901000.0,927894000.0,500007000.0,0.35,0.044924102895594946,81990000.0,0.0,81990000.0,-11515000,298146000.0,1226040000.0,107000.0,130036000.0,1224478000.0,399265000.0,0.2781817507,241872000.0,0.1693898947,-177795000.0,64077000.0,0.0448749598,15153000.0,56100000.0,0.0392884381,1.03,1.03,54596000.0,54649000.0,,
2020-12-31,HHH,USD,0001467831,2020-12-31,2020-12-31 00:00:00,2020,FY,699489000.0,497506000.0,201983000.0,0.2887579362,0.012123135603276106,109402000.0,0.0,109402000.0,130000,332748000.0,830254000.0,2368000.0,132257000.0,830254000.0,358204000.0,0.5149030221,-119561000.0,-0.1709262047,128041000.0,8480000.0,0.0121231356,11653000.0,-26154000.0,-0.037390152,-0.5,-0.5,52308000.0,52308000.0,,
2023-12-31,SPRB,USD,0001683553,2024-03-18,2024-03-18 16:05:38,2023,FY,10089000.0,49432000.0,-39343000.0,-3.8995936168,49432000.0,12650000.0,0.0,12650000.0,0,62082000.0,62082000.0,4557000.0,483000.0,70000.0,-47366000.0,-4.6948161364,-51993000.0,-5.1534344335,4074000.0,-47919000.0,-4.7496283081,0.0,-47919000.0,-4.7496283081,-1.24,-1.24,38510220.0,38510220.0,https://www.sec.gov/Archives/edgar/data/1683553/000095017024032819/0000950170-24-032819-index.htm,https://www.sec.gov/Archives/edgar/data/1683553/000095017024032819/sprb-20231231.htm
2022-12-31,SPRB,USD,0001683553,2023-03-16,2023-03-16 16:11:28,2022,FY,0.0,429000.0,-429000.0,0.0,35198000.0,12085000.0,0.0,12085000.0,0,47283000.0,47283000.0,1523000.0,420000.0,429000.0,-45331000.0,0.0,-47283000.0,0.0,1103000.0,-46180000.0,0.0,-1103000.0,-45077000.0,0.0,-1.92,-1.92,23527116.0,23527116.0,https://www.sec.gov/Archives/edgar/data/1683553/000095017023008456/0000950170-23-008456-index.htm,https://www.sec.gov/Archives/edgar/data/1683553/000095017023008456/sprb-20221231.htm
2021-12-31,SPRB,USD,0001683553,2022-03-14,2022-03-14 16:26:37,2021,FY,0.0,381000.0,-381000.0,0.0,30698000.0,11368000.0,0.0,11368000.0,119000,42066000.0,42066000.0,119000.0,345000.0,381000.0,-41566000.0,0.0,-42066000.0,0.0,-226000.0,-42292000.0,0.0,396000.0,-42688000.0,0.0,-1.83,-1.83,23361416.0,23361416.0,https://www.sec.gov/Archives/edgar/data/1683553/000095017022003582/0000950170-22-003582-index.htm,https://www.sec.gov/Archives/edgar/data/1683553/000095017022003582/sprb-20211231.htm
2020-12-31,SPRB,USD,0001683553,2021-03-22,2021-03-22 16:35:56,2020,FY,0.0,102000.0,-102000.0,0.0,23854000.0,5562000.0,0.0,5562000.0,200000,29416000.0,29416000.0,123000.0,323000.0,102000.0,-29114000.0,0.0,-29416000.0,0.0,-123000.0,-29539000.0,0.0,487000.0,-30026000.0,0.0,-1.29,-1.29,23260399.0,23260399.0,https://www.sec.gov/Archives/edgar/data/1683553/000156459021014593/0001564590-21-014593-index.htm,https://www.sec.gov/Archives/edgar/data/1683553/000156459021014593/sprb-10k_20201231.htm
2019-12-31,SPRB,USD,0001683553,2019-12-31,2019-12-31 00:00:00,2019,FY,0.0,12000.0,-12000.0,0.0,10817000.0,2290000.0,0.0,2290000.0,84000,13107000.0,13107000.0,19000.0,65000.0,12000.0,-13095000.0,0.0,-13107000.0,0.0,19000.0,-13088000.0,0.0,149000.0,-13237000.0,0.0,-0.59,-0.59,22263593.0,22263593.0,,
2022-12-31,BSPK,USD,0001409197,2023-04-27,2023-04-27 12:58:59,2022,FY,3407.0,1149.0,2258.0,0.6627531553,0.0,4022913.0,0.0,4022913.0,81700,4104613.0,4105762.0,1128.0,197.0,-66700.0,-4087355.0,-1199.6932785442,-4020655.0,-1180.1159377752,-95572.0,-4116227.0,-1208.1675961256,95375.0,-4211602.0,-1236.1614323452,-0.45,-0.45,9355061.0,9367458.0,https://www.sec.gov/Archives/edgar/data/1409197/000121390023033118/0001213900-23-033118-index.htm,https://www.sec.gov/Archives/edgar/data/1409197/000121390023033118/f10k2022_bespoke.htm
2021-08-31,BSPK,USD,0001409197,2021-12-13,2021-12-13 16:55:04,2021,FY,35566.0,13569.0,21997.0,0.618,0.0,984330.0,0.0,984330.0,3244,987574.0,1001143.0,0.0,0.0,3244.0,-962333.0,-27.0576674352,-965577.0,-27.148878142,0.0,-965577.0,-27.148878142,0.0,-965577.0,-27.148878142,-0.17,-0.17,5732303.0,5732303.0,https://www.sec.gov/Archives/edgar/data/1409197/000121390021065002/0001213900-21-065002-index.htm,https://www.sec.gov/Archives/edgar/data/1409197/000121390021065002/f10k2021_bespoke.htm
2020-08-31,BSPK,USD,0001409197,2020-12-18,2020-12-17 18:34:15,2020,FY,8054.0,3505.0,4549.0,0.5648125155,0.0,4017275.0,0.0,4017275.0,2797,4020072.0,4023577.0,0.0,535688.0,2797.0,-4012726.0,-498.2277129377,-4015523.0,-498.5749937919,-89595.0,-4640806.0,-576.2113235659,89595.0,-4640806.0,-576.2113235659,-1.76,-1.76,2641136.0,2641137.0,https://www.sec.gov/Archives/edgar/data/1409197/000121390020043297/0001213900-20-043297-index.htm,https://www.sec.gov/Archives/edgar/data/1409197/000121390020043297/f10k2020_bespokeextracts.htm
2019-08-31,BSPK,USD,0001409197,2019-12-16,2019-12-16 14:11:49,2019,FY,62103.0,71413.0,-9310.0,-0.1499122426,0.0,-3026889.0,0.0,-3026889.0,-76000,-3023544.0,-2952131.0,0.0,357473.0,3345.0,2941579.0,47.3661336811,3014234.0,48.5360449576,-76000.0,2580761.0,41.5561406051,433473.0,2580761.0,41.5561406051,1.92,1.92,1346414.0,1346414.0,https://www.sec.gov/Archives/edgar/data/1409197/000121390019026230/0001213900-19-026230-index.htm,https://www.sec.gov/Archives/edgar/data/1409197/000121390019026230/f10k2019_bespokeextracts.htm
2018-08-31,BSPK,USD,0001409197,2018-12-14,2018-12-14 16:33:19,2018,FY,15919.0,22925.0,-7006.0,-0.4401030215,0.0,7111977.0,68229.0,7180206.0,3346,7183552.0,7206477.0,0.0,419000.0,3346.0,-7187212.0,-451.4863998995,-7190558.0,-451.6965889817,-419000.0,-7609558.0,-478.0173377725,419000.0,-7609558.0,-478.0173377725,-9.67,-9.67,786853.0,786854.0,https://www.sec.gov/Archives/edgar/data/1409197/000121390018017377/0001213900-18-017377-index.htm,https://www.sec.gov/Archives/edgar/data/1409197/000121390018017377/f10k2018_bespokeextracts.htm
2024-12-31,FMCKN,USD,0001026214,2025-02-13,2025-02-13 07:59:26,2024,FY,23912000000.0,0.0,23912000000.0,1.0,0.0,1677000000.0,0.0,1677000000.0,22235000000,23912000000.0,23912000000.0,117877000000.0,98140000000.0,0.0,0.0,0.0,-225836000000.0,-9.4444630311,240614000000.0,14778000000.0,0.6180160589,2920000000.0,11858000000.0,0.4959016393,7.33,7.33,3234000000.0,3234000000.0,https://www.sec.gov/Archives/edgar/data/1026214/000102621425000040/0001026214-25-000040-index.htm,https://www.sec.gov/Archives/edgar/data/1026214/000102621425000040/fmcc-20241231.htm
2023-12-31,FMCKN,USD,0001026214,2024-02-14,2024-02-14 07:54:29,2023,FY,22101000000.0,872000000.0,21229000000.0,0.961,0.0,1606000000.0,0.0,1606000000.0,0,21229000000.0,1606000000.0,105363000000.0,86821000000.0,0.0,0.0,0.0,20495000000.0,0.9273336048,-7296000000.0,13199000000.0,0.5972127958,2661000000.0,10538000000.0,0.476811004,-0.0513,-0.0513,3234000000.0,3234000000.0,https://www.sec.gov/Archives/edgar/data/1026214/000102621424000025/0001026214-24-000025-index.htm,https://www.sec.gov/Archives/edgar/data/1026214/000102621424000025/fmcc-20231231.htm
2022-12-31,FMCKN,USD,0001026214,2023-02-22,2023-02-22 07:58:44,2022,FY,21264000000.0,0.0,21264000000.0,1.0,0.1426674535261139,1509000000.0,0.0,1509000000.0,54284000000,55793000000.0,55793000000.0,83458000000.0,65453000000.0,4279000000.0,0.0,3.623824304,77057000000.0,3.623824304,-65453000000.0,11604000000.0,0.5457110609,2277000000.0,9327000000.0,0.4386286682,2.88,2.88,3234000000.0,3234000000.0,https://www.sec.gov/Archives/edgar/data/1026214/000102621423000037/0001026214-23-000037-index.htm,https://www.sec.gov/Archives/edgar/data/1026214/000102621423000037/fmcc-20221231.htm
2021-12-31,FMCKN,USD,0001026214,2022-02-10,2022-02-10 07:57:53,2021,FY,21951000000.0,0.0,21951000000.0,1.0,0.24420771875702946,2651000000.0,0.0,2651000000.0,-9403000000,-6752000000.0,-6752000000.0,61527000000.0,43947000000.0,3092000000.0,0.0,0.6924058129,15199000000.0,0.6924058129,-43947000000.0,15199000000.0,0.6924058129,3090000000.0,12109000000.0,0.5516377386,3.74,3.74,3234000000.0,3234000000.0,https://www.sec.gov/Archives/edgar/data/1026214/000102621422000031/0001026214-22-000031-index.htm,https://www.sec.gov/Archives/edgar/data/1026214/000102621422000031/fmcc-20211231.htm
2020-12-31,FMCKN,USD,0001026214,2021-02-11,2021-02-11 07:57:45,2020,FY,16659000000.0,0.0,16659000000.0,1.0,0.1344492519266349,2137000000.0,0.0,2137000000.0,-9567000000,-7430000000.0,-7430000000.0,62340000000.0,49569000000.0,10789000000.0,0.0,0.5539948376,9229000000.0,0.5539948376,-48625000000.0,9229000000.0,0.5539948376,1903000000.0,7326000000.0,0.4397622907,2.27,2.27,3234000000.0,3234000000.0,https://www.sec.gov/Archives/edgar/data/1026214/000102621421000033/0001026214-21-000033-index.htm,https://www.sec.gov/Archives/edgar/data/1026214/000102621421000033/fmcc-20201231.htm
2024-09-30,BEN,USD,0000038777,2024-11-12,2024-11-12 14:07:56,2024,FY,8478000000.0,4494700000.0,3983300000.0,0.4698395848,0.0,2812100000.0,1863100000.0,4675200000.0,-1099500000,3575700000.0,8070400000.0,0.0,97200000.0,389200000.0,796800000.0,0.0939844303,407600000.0,0.0480773767,415600000.0,823200000.0,0.0970983723,215300000.0,464800000.0,0.054824251,0.85,0.85,509500000.0,510300000.0,https://www.sec.gov/Archives/edgar/data/38777/000003877724000206/0000038777-24-000206-index.htm,https://www.sec.gov/Archives/edgar/data/38777/000003877724000206/ben-20240930.htm
2023-09-30,BEN,USD,0000038777,2023-11-14,2023-11-13 18:13:39,2023,FY,7849400000.0,3494000000.0,4355400000.0,0.555,0.17945467682439883,793900000.0,1613100000.0,2407000000.0,59300000,3253100000.0,6747100000.0,0.0,123700000.0,6483900000.0,1945500000.0,0.1838866665,1102300000.0,0.1404311158,313400000.0,1415700000.0,0.1803577343,312300000.0,882800000.0,0.1124671949,1.72,1.72,490000000.0,490800000.0,https://www.sec.gov/Archives/edgar/data/38777/000003877723000169/0000038777-23-000169-index.htm,https://www.sec.gov/Archives/edgar/data/38777/000003877723000169/ben-20230930.htm
2022-09-30,BEN,USD,0000038777,2022-11-14,2022-11-14 17:11:49,2022,FY,8275300000.0,4935400000.0,3339900000.0,0.4035986611,0.21090501103671996,1284000000.0,1845600000.0,1284000000.0,282000000,1566000000.0,6501400000.0,0.0,98200000.0,6253800000.0,2358100000.0,0.2484381231,1773900000.0,0.2143608087,-44500000.0,1729400000.0,0.2089833601,396200000.0,1291900000.0,0.1561151862,2.53,2.53,488700000.0,489300000.0,https://www.sec.gov/Archives/edgar/data/38777/000003877722000198/0000038777-22-000198-index.htm,https://www.sec.gov/Archives/edgar/data/38777/000003877722000198/ben-20220930.htm
2021-09-30,BEN,USD,0000038777,2021-11-19,2021-11-19 14:47:37,2021,FY,8425500000.0,5077100000.0,3348400000.0,0.397,0.286999201540557,1241400000.0,2105800000.0,1241400000.0,232000000,1473400000.0,6550500000.0,8800000.0,85400000.0,6342800000.0,2840200000.0,0.2500741796,1875000000.0,0.2225387217,569200000.0,2444200000.0,0.2900955433,349600000.0,1831200000.0,0.2173402172,3.58,3.57,489900000.0,490600000.0,https://www.sec.gov/Archives/edgar/data/38777/000003877721000205/0000038777-21-000205-index.htm,https://www.sec.gov/Archives/edgar/data/38777/000003877721000205/ben-20210930.htm
2020-09-30,BEN,USD,0000038777,2020-11-23,2020-11-20 20:08:41,2020,FY,5566500000.0,3577000000.0,1989500000.0,0.3574059104,0.18341531974701336,886600000.0,2105800000.0,886600000.0,54000000,940600000.0,4517600000.0,14300000.0,33400000.0,4153200000.0,1428000000.0,0.1981316806,1048900000.0,0.1884307913,-31000000.0,1017900000.0,0.1828617623,230800000.0,798900000.0,0.143519267,1.59,1.59,491900000.0,491900000.0,https://www.sec.gov/Archives/edgar/data/38777/000003877720000203/0000038777-20-000203-index.htm,https://www.sec.gov/Archives/edgar/data/38777/000003877720000203/form10-k93020.htm
2024-12-31,SKT,USD,0000899715,2025-02-21,2025-02-21 16:25:48,2024,FY,526063000.0,158729000.0,367334000.0,0.6982699791,0.0,78020000.0,0.0,78020000.0,0,78020000.0,236749000.0,0.0,60637000.0,138690000.0,302087000.0,0.574241108,289314000.0,0.5499607461,-186554000.0,102760000.0,0.1953378208,0.0,98595000.0,0.1874205181,0.91,0.9,108972000.0,110193000.0,https://www.sec.gov/Archives/edgar/data/899715/000089971525000036/0000899715-25-000036-index.htm,https://www.sec.gov/Archives/edgar/data/899715/000089971525000036/skt-20241231.htm
2023-12-31,SKT,USD,0000899715,2024-02-21,2024-02-21 16:08:59,2023,FY,464407000.0,145547000.0,318860000.0,0.687,0.0,76130000.0,0.0,76130000.0,0,97462000.0,348166000.0,0.0,47928000.0,108889000.0,242730000.0,0.5226665403,133841000.0,0.288197637,-29959000.0,103882000.0,0.2236874121,0.0,99151000.0,0.2135002272,0.94,0.92,104682000.0,106532000.0,https://www.sec.gov/Archives/edgar/data/899715/000089971524000044/0000899715-24-000044-index.htm,https://www.sec.gov/Archives/edgar/data/899715/000089971524000044/skt-20231231.htm
2022-12-31,SKT,USD,0000899715,2023-02-27,2023-02-27 09:09:52,2022,FY,442613000.0,143936000.0,298677000.0,0.6748039484,0.19391884106431578,71532000.0,19848000.0,71532000.0,111904000,183436000.0,327372000.0,46967000.0,46967000.0,327372000.0,241768000.0,0.5462288726,129864000.0,0.2934030406,-141314000.0,85831000.0,0.1939188411,47801000.0,38030000.0,0.0859215613,0.37,0.36,103687000.0,105636000.0,https://www.sec.gov/Archives/edgar/data/899715/000089971523000044/0000899715-23-000044-index.htm,https://www.sec.gov/Archives/edgar/data/899715/000089971523000044/skt-20221231.htm
2021-12-31,SKT,USD,0000899715,2022-11-28,2022-11-28 16:15:40,2021,FY,426525000.0,140736000.0,285789000.0,0.67,0.03112270860974856,65817000.0,20632000.0,65817000.0,110008000,175825000.0,316561000.0,52866000.0,52866000.0,316561000.0,227281000.0,0.5328667722,117273000.0,0.2749498857,-261790000.0,9558000.0,0.022409003,60615000.0,-51057000.0,-0.1197045894,-0.51,-0.5,100418000.0,101979000.0,https://www.sec.gov/Archives/edgar/data/899715/000089971522000195/0000899715-22-000195-index.htm,https://www.sec.gov/Archives/edgar/data/899715/000089971522000195/skt-20211231.htm
2020-12-31,SKT,USD,0000899715,2021-02-23,2021-02-23 17:00:14,2020,FY,389991000.0,137135000.0,252856000.0,0.6483636802,-0.08904653340390017,47733000.0,20435000.0,47733000.0,117143000,164876000.0,302011000.0,63142000.0,63142000.0,302011000.0,207174000.0,0.5312276437,90031000.0,0.2308540453,-128044000.0,-38013000.0,-0.0974714801,63458000.0,-101471000.0,-0.2601880556,-1.1,-1.1,92618000.0,92618000.0,https://www.sec.gov/Archives/edgar/data/899715/000089971521000065/0000899715-21-000065-index.htm,https://www.sec.gov/Archives/edgar/data/899715/000089971521000065/skt-20201231.htm
2024-12-31,KEP,KRW,0000887225,2024-12-31,2024-12-31 00:00:00,2024,FY,93398896000000.0,82171320000000.0,11227576000000.0,0.1202110141,555997000000.0,22883000000.0,465977000000.0,2226143000000.0,80726000000,2862866000000.0,85034186000000.0,0.0,0.0,13345124000000.0,21709834000000.0,0.2324420837,8364710000000.0,0.0895589815,-3108181000000.0,5256529000000.0,0.056280419,1634561000000.0,3491698000000.0,0.0373847888,5439.09,5439.09,641964077.0,641964077.0,,
2023-12-31,KEP,KRW,0000000000,2024-04-30,2024-04-30 16:09:43,2023,FY,87476410000000.0,89699527000000.0,-2223117000000.0,-0.025413903,50048000000.0,2281898000000.0,36145000000.0,2318043000000.0,-346192000000,2021899000000.0,91721426000000.0,429620000000.0,4451659000000.0,13032263000000.0,9929945000000.0,0.1135156895,-4245016000000.0,-0.0485275516,-3308961000000.0,-7553977000000.0,-0.0863544469,-2837833000000.0,-4822549000000.0,-0.0551297087,-7512.18,-7512.18,641964077.0,641964077.0,https://www.sec.gov/Archives/edgar/data/887225/000119312524125063/0001193125-24-125063-index.htm,https://www.sec.gov/Archives/edgar/data/887225/000119312524125063/d75992d20f.htm
2022-12-31,KEP,KRW,0000000000,2022-12-31,2022-12-30 19:00:00,2022,FY,71257863000000.0,100903594000000.0,-29645731000000.0,-0.4160345224,48000000.0,1909017000000.0,461059000000.0,2370076000000.0,605320000000,2975444000000.0,103879038000000.0,340753000000.0,2818546000000.0,12460926000000.0,-19872122000000.0,-0.2541471388,-32655153000000.0,-0.4582673634,-1188466000000.0,-33843619000000.0,-0.4749457474,-9414511000000.0,-24429108000000.0,-0.34282684,-38053.7,-38053.7,641964077.0,641964077.0,,
2021-12-31,KEP,KRW,0000000000,2021-12-31,2021-12-30 19:00:00,2021,FY,60574819000000.0,63559178000000.0,-2984359000000.0,-0.049,694278000000.0,1874937000000.0,446595000000.0,2875784000000.0,123508000000,2875784000000.0,66434962000000.0,1402614000000.0,3245777000000.0,11941106000000.0,6230995000000.0,0.1336725084,-3841084000000.0,-0.0634105733,-1362223000000.0,-7085214000000.0,-0.1169663256,-1855989000000.0,-5229225000000.0,-0.0863267128,-8145.67,-8145.67,641964077.0,641964077.0,,
2020-12-31,KEP,KRW,0000000000,2020-12-31,2020-12-30 19:00:00,2020,FY,58569314000000.0,51804596000000.0,6764718000000.0,0.1154993552,705214000000.0,1796033000000.0,405125000000.0,2678443000000.0,10345000000,2678443000000.0,54483039000000.0,1510249000000.0,2896443000000.0,11546566000000.0,16258856000000.0,0.2976643367,5885977000000.0,0.1004959184,-2893230000000.0,2991533000000.0,0.0510767977,899064000000.0,1992077000000.0,0.0340122987,3101.96,3101.96,641964077.0,641964077.0,,
2024-12-31,KTTA,USD,0001841330,2025-03-24,2025-03-24 16:55:36,2024,FY,0.0,0.0,0.0,0.0,7198494000.0,0.0,0.0,7051468000.0,0,14249962000.0,0.0,0.0,0.0,0.0,-14249962000.0,0.0,-14249962000.0,0.0,345378000.0,-13904584000.0,0.0,0.0,-13904584000.0,0.0,-12685.72,-12685.72,1096082.0,1096082.0,https://www.sec.gov/Archives/edgar/data/1841330/000101376225001646/0001013762-25-001646-index.htm,https://www.sec.gov/Archives/edgar/data/1841330/000101376225001646/ea0230888-10k_pasithea.htm
2023-12-31,KTTA,USD,0001841330,2024-03-29,2024-03-28 20:11:52,2023,FY,0.0,648454.0,-648454.0,0.0,8100765.0,7878596000.0,-7871365858.0,7878596.0,0,15979361.0,15979361.0,0.0,0.0,648454.0,-15330907.0,0.0,-15979361.0,0.0,471613.0,-15507748.0,0.0,0.0,-15961658.0,0.0,-12.65,-13.01,1262000.0,1226600.0,https://www.sec.gov/Archives/edgar/data/1841330/000121390024027508/0001213900-24-027508-index.htm,https://www.sec.gov/Archives/edgar/data/1841330/000121390024027508/ea0200415-10k_pasithea.htm
2022-12-31,KTTA,USD,0001841330,2023-03-30,2023-03-30 17:22:12,2022,FY,486559.0,113195.0,373364.0,0.7673560658,2665427.0,9923544.0,2600714.0,12524258.0,44723,15189685.0,15302880.0,102.0,102.0,5094.0,-12583876.0,-30.2927784709,-14816321.0,-30.4512320191,861086.0,-13936452.0,-28.6428819527,-879971.0000000005,-13056481.0,-26.8343222507,-10.34,-10.34,1262339.0,1262339.0,https://www.sec.gov/Archives/edgar/data/1841330/000121390023024755/0001213900-23-024755-index.htm,https://www.sec.gov/Archives/edgar/data/1841330/000121390023024755/f10k2022_pasitheathera.htm
2021-12-31,KTTA,USD,0001841330,2022-03-30,2022-03-30 16:11:17,2021,FY,15062.0,17275.0,-2213.0,-0.147,0.0,0.0,0.0,4505200.0,0,4505200.0,4522475.0,508.0,508.0,1379.0,-4506034.0,-299.1657150445,-4507413.0,-299.2572699509,2333892.0,-2173521.0,-144.3049395831,508.0,-2174029.0,-144.3386668437,-1.89,-1.89,1150418.0,1150418.0,https://www.sec.gov/Archives/edgar/data/1841330/000121390022016160/0001213900-22-016160-index.htm,https://www.sec.gov/Archives/edgar/data/1841330/000121390022016160/f10k2021_pasitheathera.htm
2020-12-31,KTTA,USD,0001841330,2020-12-31,2020-12-30 19:00:00,2020,FY,0.0,0.0,0.0,0.0,0.0,0.0,0.0,40984.0,0,40984.0,40984.0,0.0,0.0,61476.0,0.0,0.0,-40980.0,0.0,-4.0,-40984.0,0.0,-61476.0,-40984.0,0.0,-0.0595,-0.0595,688918.0,688918.0,,
2023-12-31,GNRV,USD,0001418489,2023-12-31,2023-12-29 19:00:00,2023,FY,26615000.0,0.0,26615000.0,1.0,0.0,10319000.0,0.0,10319000.0,2886000,12921000.0,13205000.0,25738000.0,13410000.0,473000.0,0.0,0.0,0.0,0.0,-1500000.0,-1500000.0,-0.0563591959,-287000.0,-7300000.0,-0.2742814203,-1.04,-1.04,7038301.0,7038301.0,,
2022-12-31,GNRV,USD,0001418489,2022-12-31,2022-12-31 00:00:00,2022,FY,16124000.0,0.0,16124000.0,1.0,0.0,12346000.0,0.0,12346000.0,-27194000,-14848000.0,-14848000.0,19073000.0,4083000.0,488000.0,2264000.0,0.1119449268,1276000.0,0.0791366906,-1584000.0,-2807000.0,-0.1740883156,-633000.0,-2174000.0,-0.134830067,-0.31,-0.31,6962466.0,7022466.0,,
2021-12-31,GNRV,USD,0001418489,2021-12-31,2021-12-31 00:00:00,2021,FY,16736000.0,0.0,16736000.0,1.0,0.0,8891000.0,0.0,8891000.0,-21384000,-12493000.0,-12493000.0,16085000.0,2530000.0,270000.0,4513000.0,0.2696582218,4243000.0,0.2535253346,-1531000.0,4243000.0,0.2535253346,926000.0,3317000.0,0.1981955067,0.49,0.47,6749388.0,7073892.0,,
2020-12-31,GNRV,USD,0001418489,2020-12-31,2020-12-31 00:00:00,2020,FY,15540000.0,0.0,15540000.0,1.0,0.0,7658000.0,0.0,7658000.0,-19325000,-11667000.0,-11667000.0,15085000.0,3859000.0,171000.0,4044000.0,0.2602316602,3873000.0,0.2492277992,-1131000.0,3873000.0,0.2492277992,842000.0,3031000.0,0.195045045,0.45,0.43,6732716.0,7078016.0,,
2019-12-31,GNRV,USD,0001418489,2019-12-31,2019-12-31 00:00:00,2019,FY,10678000.0,0.0,10678000.0,1.0,0.0,5890000.0,0.0,5890000.0,-14603000,-8713000.0,-8713000.0,13189000.0,4300000.0,177000.0,2142000.0,0.2005993632,1965000.0,0.1840232253,-954000.0,1965000.0,0.1840232253,424000.0,1541000.0,0.1443154149,0.23,0.22,6727211.0,7072511.0,,
2024-12-31,VAC,USD,0001524358,2025-02-28,2025-02-28 15:10:24,2024,FY,4967000000.0,3112000000.0,1855000000.0,0.3734648681,0.0,243000000.0,919000000.0,1162000000.0,693000000,1855000000.0,4967000000.0,0.0,162000000.0,146000000.0,113000000.0,0.022750151,-501000000.0,-0.1008657137,630000000.0,129000000.0,0.0259714113,-89000000.0,218000000.0,0.0438896718,6.16,5.18,35400000.0,42100000.0,https://www.sec.gov/Archives/edgar/data/1524358/000152435825000044/0001524358-25-000044-index.htm,https://www.sec.gov/Archives/edgar/data/1524358/000152435825000044/vac-20241231.htm
2023-12-31,VAC,USD,0001524358,2024-02-27,2024-02-27 16:44:46,2023,FY,4727000000.0,2909000000.0,1818000000.0,0.385,0.0,273000000.0,823000000.0,1096000000.0,0,1818000000.0,4140000000.0,0.0,145000000.0,135000000.0,722000000.0,0.1527395811,587000000.0,0.1241802412,-189000000.0,398000000.0,0.0841971652,146000000.0,254000000.0,0.0537338693,6.96,5.84,36500000.0,43500000.0,https://www.sec.gov/Archives/edgar/data/1524358/000152435824000006/0001524358-24-000006-index.htm,https://www.sec.gov/Archives/edgar/data/1524358/000152435824000006/vac-20231231.htm
2022-12-31,VAC,USD,0001524358,2023-02-27,2023-02-27 17:22:17,2022,FY,4617000000.0,2683000000.0,1934000000.0,0.418886723,0.125,249000000.0,807000000.0,1056000000.0,132000000,1188000000.0,3871000000.0,118000000.0,118000000.0,3859000000.0,919000000.0,0.1990470002,787000000.0,0.1704570067,-347000000.0,531000000.0,0.1150097466,178000000.0,391000000.0,0.0846870262,9.68,8.65,40400000.0,45200000.0,https://www.sec.gov/Archives/edgar/data/1524358/000152435823000009/0001524358-23-000009-index.htm,https://www.sec.gov/Archives/edgar/data/1524358/000152435823000009/vac-20221231.htm
2021-12-31,VAC,USD,0001524358,2022-03-01,2022-03-01 16:18:40,2021,FY,3890000000.0,2437000000.0,1453000000.0,0.374,0.032647814910025705,227000000.0,617000000.0,844000000.0,146000000,990000000.0,3427000000.0,164000000.0,164000000.0,3427000000.0,560000000.0,0.1439588689,414000000.0,0.1064267352,-482000000.0,127000000.0,0.0326478149,74000000.0,49000000.0,0.012596401,1.15,1.13,42500000.0,43300000.0,https://www.sec.gov/Archives/edgar/data/1524358/000152435822000013/0001524358-22-000013-index.htm,https://www.sec.gov/Archives/edgar/data/1524358/000152435822000013/vac-20211231.htm
2020-12-31,VAC,USD,0001524358,2021-03-01,2021-03-01 16:39:39,2020,FY,2886000000.0,2157000000.0,729000000.0,0.2525987526,-0.11781011781011781,154000000.0,419000000.0,573000000.0,123000000,696000000.0,2853000000.0,150000000.0,150000000.0,2853000000.0,126000000.0,0.0436590437,3000000.0,0.001039501,-496000000.0,-340000000.0,-0.1178101178,-84000000.0,-256000000.0,-0.0887040887,-6.2,-6.2,41300000.0,41300000.0,https://www.sec.gov/Archives/edgar/data/1524358/000152435821000016/0001524358-21-000016-index.htm,https://www.sec.gov/Archives/edgar/data/1524358/000152435821000016/vac-20201231.htm
2024-03-31,MAV,USD,0001258943,2024-03-31,2024-03-30 20:00:00,2023,FY,19571094.0,15010728.0,4560366.0,0.2330153848,0.0,2785667.0,7501.0,2793168.0,0,2793168.0,2793168.0,19571094.0,7469215.0,-16777926.0,-5454186.0,-0.2786858006,16777926.0,0.8572809471,-12923401.0,3854525.0,0.1969498997,0.0,3854525.0,0.1969498997,0.16,0.16,23914459.0,23914439.0,,
2023-03-31,MAV,USD,0001258943,2023-03-31,2023-03-30 20:00:00,2022,FY,-20070998.0,-37625868.0,17554870.0,-0.8746386204,0.0,626424.0,0.0,626424.0,0,641696.0,-33491738.0,17554870.0,4775825.0,-14569405.0,30176057.0,1.9958112696,14569405.0,-0.725893401,-95964430.0,-20712694.0,1.0319713051,-40057924.0,-20712694.0,1.0319713051,-0.87,-0.87,23807694.0,23914439.0,,
2022-03-31,MAV,USD,0001258943,2022-03-31,2022-03-30 20:00:00,2021,FY,-20331940.0,-37364815.0,17032875.0,-0.838,0.0,934324.0,0.0,934324.0,0,934324.0,-36675339.0,17032875.0,1623800.0,-13266997.0,28553172.0,1.7783379746,13266997.0,-0.652519976,-95995894.0,-21266264.0,1.0459535096,-36157061.0,-21266264.0,1.0459535096,-0.89,-0.89,23894679.0,23894679.0,,
2021-03-31,MAV,USD,0001258943,2021-03-31,2021-03-30 20:00:00,2020,FY,23402247.0,5589733.0,17812514.0,0.7611454575,0.0,700236.0,0.0,700236.0,16667,716903.0,6718830.0,17812514.0,1846000.0,-14396896.0,0.0,0.2752918555,14396896.0,0.6151928915,8288448.0,22685344.0,0.9693660613,6442448.0,22685344.0,0.9693660613,0.95,0.95,23879309.0,23879309.0,,
2020-03-31,MAV,USD,0001258943,2020-03-31,2020-03-30 20:00:00,2019,FY,13609943.0,0.0,13609943.0,1.0,0.0,473626.0,0.0,473626.0,11540,485166.0,-1832433.0,19239061.0,4281850.0,-16082705.0,1323922.0,-0.5319477091,16082705.0,1.1816879027,-2957928.0,13124777.0,0.9643520917,-7239778.0,13124777.0,0.9643520917,0.55,0.55,23863231.0,23863231.0,,
2024-12-31,BGB,USD,0001546429,2024-12-31,2024-12-31 00:00:00,2024,FY,61718357.0,0.0,61718357.0,1.0,0.0,2702966.0,0.0,2702966.0,59015391,61718357.0,61718357.0,87121845.0,20664461.0,0.0,0.0,0.0,-152990808.0,-2.4788541924,208821751.0,55830943.0,0.9046083809,0.0,55830943.0,0.9046083809,1.25,1.25,44664382.0,44664382.0,,
2023-12-31,BGB,USD,0001546429,2023-12-31,2023-12-29 19:00:00,2023,FY,86431148.0,39186583.0,47244565.0,0.5466150351,0.0,3456411.0,0.0,3456411.0,82974737,86431148.0,86431148.0,82756354.0,17179353.0,0.0,100151442.0,1.1587424709,100151442.0,1.1587424709,-19502200.0,80649242.0,0.9331039083,0.0,80649242.0,0.9331039083,1.81,1.81,44557592.0,44557592.0,,
2022-12-31,BGB,USD,0001546429,2022-12-31,2022-12-31 00:00:00,2022,FY,-67288962.0,10901390.0,-78190352.0,1.1620085921,0.0,2414307.0,0.0,2414307.0,1738471,4152778.0,4152778.0,63092689.0,8134264.0,228485.0,-63307476.0,0.940830028,-63307476.0,0.940830028,-9859638.0,-71441740.0,1.0617155901,-228485.0,-71441740.0,1.0617155901,-1.6,-1.6,44664382.0,44664382.0,,
2021-12-31,BGB,USD,0001546429,2021-12-31,2021-12-31 00:00:00,2021,FY,55284554.0,11786668.0,43497886.0,0.787,0.0,2308544.0,0.0,2308544.0,1736855,4045399.0,4045399.0,59233768.0,3835759.0,236558.0,51239155.0,0.9268258726,51239155.0,0.9268258726,0.0,51239155.0,0.9268258726,-5777893.0,51239155.0,0.9268258726,1.15,1.15,44664382.0,44664382.0,,
2020-12-31,BGB,USD,0001546429,2020-12-31,2020-12-31 00:00:00,2020,FY,5492260.0,11118569.0,-5626309.0,-1.0244068926,0.0,2418728.0,0.0,2418728.0,1736710,4155438.0,4155438.0,66916349.0,5419172.0,206297.0,1336822.0,0.2434010772,1336822.0,0.2434010772,0.0,1336822.0,0.2434010772,-7330935.0,1336822.0,0.2434010772,0.0299,0.0299,44664382.0,44664382.0,,
2024-02-29,IIM,USD,0000885601,2024-02-29,2024-02-27 19:00:00,2023,FY,44596054.0,0.0,44596054.0,1.0,0.0,5564311.0,0.0,5564311.0,0,5564311.0,5564311.0,44574291.0,14123685.0,-17615176.0,21416567.0,0.4802345741,39031743.0,0.8752286245,7292882.0,46324625.0,1.0387606267,0.0,46324625.0,1.0387606267,0.98,0.98,47068439.0,47068439.0,,
2023-02-28,IIM,USD,0000885601,2023-02-28,2023-02-27 19:00:00,2022,FY,-87474418.0,-133028768.0,45554350.0,-0.5207733991,0.0,355000.0,0.0,355000.0,-83585171,379709.0,-123017125.0,45550892.0,10391352.0,-39436623.0,-87854127.0,1.573969912,39436623.0,-0.4508360719,-353911663.0,-87854127.0,1.0043408005,-137682102.0,-87854127.0,1.0043408005,-1.87,-1.87,47068439.0,47068439.0,,
2022-02-28,IIM,USD,0000885601,2022-02-28,2022-02-27 19:00:00,2021,FY,-3597444.0,11248372.0,-14845816.0,4.127,0.0,281557.0,0.0,281557.0,28719,310276.0,-46588857.0,46781530.0,4100392.0,-39554574.0,0.0,13.2212443057,39554574.0,-10.9951882503,-82824196.0,-3907720.0,1.0862490146,-47562686.0,-3907720.0,1.0862490146,-0.083,-0.083,47068439.0,47068439.0,,
2021-02-28,IIM,USD,0000885601,2021-02-28,2021-02-27 19:00:00,2020,FY,4824264.0,-43487146.0,48311410.0,10.0142550242,0.0,360868.0,0.0,360868.0,-25919328,384460.0,-37967114.0,48311410.0,5904492.0,-41169079.0,-30824783.0,-8.8373619271,41169079.0,8.5337533352,-36729275.0,4439804.0,0.9203070147,-42633767.0,4439804.0,0.9203070147,0.0944,0.0944,47056518.0,47056518.0,,
2020-02-29,IIM,USD,0000885601,2020-02-29,2020-02-28 19:00:00,2019,FY,102653497.0,18395110.0,84258387.0,0.8208038641,0.0,512475.0,0.0,512475.0,562027,562027.0,63151079.0,50075366.0,11134976.0,-42718417.0,0.0,0.4699116777,42718417.0,0.4161418583,59373053.0,102091470.0,0.9945250087,48238077.0,102091470.0,0.9945250087,2.17,2.17,47056518.0,47056518.0,,
2023-12-31,ATMVR,USD,0001937891,2024-04-16,2024-04-16 17:26:18,2023,FY,0.0,0.0,0.0,0.0,0.0,0.0,0.0,676318.0,0,676318.0,676318.0,0.0,0.0,3580492.0,2904174.0,0.0,-676318.0,0.0,3580492.0,2904174.0,0.0,0.0,2904174.0,0.0,0.32,0.32,9150000.0,9150717.0,https://www.sec.gov/Archives/edgar/data/1937891/000149315224014881/0001493152-24-014881-index.htm,https://www.sec.gov/Archives/edgar/data/1937891/000149315224014881/form10-k.htm
2022-12-31,ATMVR,USD,0001937891,2023-03-31,2023-03-31 16:31:25,2022,FY,0.0,0.0,0.0,0.0,0.0,0.0,0.0,80806.0,0,80806.0,80806.0,38228.0,0.0,80806.0,0.0,0.0,-80806.0,0.0,38228.0,-42578.0,0.0,-80.80599999999686,-42578.0,0.0,-0.0046,-0.0046,9180500.0,9180500.0,https://www.sec.gov/Archives/edgar/data/1937891/000149315223010328/0001493152-23-010328-index.htm,https://www.sec.gov/Archives/edgar/data/1937891/000149315223010328/form10-k.htm
2024-12-31,DLR-PK,USD,0001297996,2025-02-25,2025-02-24 21:40:43,2024,FY,5554968000.0,0.0,5554968000.0,1.0,0.0,480023000.0,0.0,480023000.0,4603081000,5083104000.0,5083104000.0,0.0,452836000.0,1771797000.0,1866691000.0,0.3360399196,471864000.0,0.0849445037,75866000.0,547730000.0,0.0986018281,-54760000.0,602490000.0,0.1084596707,1.86,1.82,323336000.0,331547000.0,https://www.sec.gov/Archives/edgar/data/1297996/000155837025001424/0001558370-25-001424-index.htm,https://www.sec.gov/Archives/edgar/data/1297996/000155837025001424/dlr-20241231x10k.htm
2023-12-31,DLR-PK,USD,0001297996,2024-02-23,2024-02-23 07:24:51,2023,FY,5477061000.0,2598071000.0,2878990000.0,0.526,0.0,449056000.0,0.0,449056000.0,1905473000,2354529000.0,4922809000.0,0.0,437741000.0,1694859000.0,3158491000.0,0.5766762503,524461000.0,0.0957559173,501430000.0,1025891000.0,0.1873068421,75579000.0,948838000.0,0.1732385307,3.1,3.0,298603000.0,309065000.0,https://www.sec.gov/Archives/edgar/data/1297996/000155837024001575/0001558370-24-001575-index.htm,https://www.sec.gov/Archives/edgar/data/1297996/000155837024001575/dlr-20231231x10k.htm
2022-12-31,DLR-PK,USD,0001297996,2023-02-27,2023-02-24 21:24:08,2022,FY,4691834000.0,2001447000.0,2690387000.0,0.5734190511,0.08778550136258018,414783000.0,0.0,414783000.0,1590371000,2005154000.0,4006601000.0,0.0,299132000.0,4030100000.0,2239667000.0,0.4813870226,589969000.0,0.1257437923,-178093000.0,411878000.0,0.0877861408,31551000.0,377684000.0,0.0804981591,1.18,1.11,286334000.0,297919000.0,https://www.sec.gov/Archives/edgar/data/1297996/000155837023002087/0001558370-23-002087-index.htm,https://www.sec.gov/Archives/edgar/data/1297996/000155837023002087/dlr-20221231x10k.htm
2021-12-31,DLR-PK,USD,0001297996,2022-02-25,2022-02-25 17:19:45,2021,FY,4427883000.0,1760895000.0,2666988000.0,0.602,0.41107938287425005,410737000.0,0.0,410737000.0,1489182000,1899919000.0,3660814000.0,0.0,293846000.0,3668156000.0,2246358000.0,0.5230452114,694009000.0,0.1567360746,1126202000.0,1820211000.0,0.41107929,72799000.0,1709259000.0,0.3860217174,5.95,5.94,282474927.0,283221968.0,https://www.sec.gov/Archives/edgar/data/1297996/000155837022002195/0001558370-22-002195-index.htm,https://www.sec.gov/Archives/edgar/data/1297996/000155837022002195/dlr-20211231x10k.htm
2020-12-31,DLR-PK,USD,0001297996,2021-03-01,2021-03-01 17:05:19,2020,FY,3903609000.0,1500861000.0,2402748000.0,0.6155196384,0.1026683256442948,358181000.0,0.0,358181000.0,1367453000,1725634000.0,3226495000.0,20222000.0,333021000.0,3232939000.0,2037049000.0,0.5139054654,557530000.0,0.1428242429,-156749000.0,400782000.0,0.1026696065,38047000.0,356398000.0,0.0912996153,1.37,1.36,260098978.0,262522508.0,https://www.sec.gov/Archives/edgar/data/1297996/000155837021002191/0001558370-21-002191-index.htm,https://www.sec.gov/Archives/edgar/data/1297996/000155837021002191/dlr-20201231x10k.htm
2024-12-31,STEL,USD,0001473844,2025-03-03,2025-03-03 16:09:26,2024,FY,602400000.0,0.0,602400000.0,1.0,0.0,9424000.0,4127000.0,13551000.0,0,13551000.0,13551000.0,602400000.0,194408000.0,0.0,0.0,0.0,588849000.0,0.9775049801,-443889000.0,144960000.0,0.2406374502,29957000.0,115003000.0,0.1909080345,2.15,2.15,53541000.0,53580000.0,https://www.sec.gov/Archives/edgar/data/1473844/000147384425000014/0001473844-25-000014-index.htm,https://www.sec.gov/Archives/edgar/data/1473844/000147384425000014/stel-20241231.htm
2023-12-31,STEL,USD,0001473844,2024-02-29,2024-02-29 16:01:21,2023,FY,461321000.0,-129496000.0,590817000.0,1.281,0.0,168066000.0,3627000.0,171693000.0,289628000,461321000.0,461321000.0,590817000.0,154058000.0,34467000.0,196351000.0,0.4256277083,177439000.0,0.3846323926,-15555000.0,161884000.0,0.3509140056,31387000.0,130497000.0,0.2828767821,2.45,2.45,53229000.0,53313000.0,https://www.sec.gov/Archives/edgar/data/1473844/000147384424000010/0001473844-24-000010-index.htm,https://www.sec.gov/Archives/edgar/data/1473844/000147384424000010/stel-20231231.htm
2022-12-31,STEL,USD,0001473844,2023-03-15,2023-03-15 16:06:24,2022,FY,309312000.0,0.0,309312000.0,1.0,0.0,112468000.0,2460000.0,114928000.0,-48729000,6043000.0,6043000.0,322994000.0,34036000.0,14254000.0,0.0,0.3582596214,96560000.0,0.3121767018,-24138000.0,62524000.0,0.2021389406,11092000.0,51432000.0,0.1662787089,1.48,1.47,34738000.0,35007000.0,https://www.sec.gov/Archives/edgar/data/1473844/000147384423000013/0001473844-23-000013-index.htm,https://www.sec.gov/Archives/edgar/data/1473844/000147384423000013/stel-20221231.htm
2021-12-31,STEL,USD,0001473844,2021-12-31,2021-12-31 00:00:00,2021,FY,140640000.0,0.0,140640000.0,1.0,0.0,79014000.0,1551000.0,80565000.0,-175687000,-95122000.0,-95122000.0,132093000.0,5926000.0,7550000.0,0.0,0.3288964733,45518000.0,0.323649033,-2011000.0,45518000.0,0.323649033,9920000.0,35598000.0,0.2531143345,1.24,1.23,28660000.0,28872000.0,,
2020-12-31,STEL,USD,0001473844,2020-12-31,2020-12-31 00:00:00,2020,FY,141940000.0,0.0,141940000.0,1.0,0.0,64334000.0,1500000.0,65834000.0,-175379000,-109545000.0,-109545000.0,138693000.0,10087000.0,5601000.0,37996000.0,0.234190503,32395000.0,0.2282302381,0.0,32395000.0,0.2282302381,6034000.0,26361000.0,0.185719318,0.91,0.9,28957000.0,29142000.0,,
2023-12-31,BCAX,USD,0002023658,2023-12-31,2023-12-31 00:00:00,2023,FY,0.0,0.0,0.0,0.0,30617000.0,9272000.0,0.0,9272000.0,0,39889000.0,39889000.0,1314000.0,0.0,19000.0,-51961000.0,0.0,-39889000.0,0.0,-12091000.0,-51980000.0,0.0,5000.0,-51985000.0,0.0,-1.0,-1.0,51760925.0,51760925.0,,
2022-12-31,BCAX,USD,0002023658,2022-12-31,2022-12-31 00:00:00,2022,FY,0.0,0.0,0.0,0.0,31312000.0,6344000.0,0.0,6344000.0,0,37656000.0,37656000.0,4000.0,112000.0,10000.0,-37722000.0,0.0,-37656000.0,0.0,-188000.0,-37844000.0,0.0,1000.0,-37845000.0,0.0,-0.73,-0.73,51760925.0,51760925.0,,
2024-06-30,NEOV,USD,0001748137,2024-09-27,2024-09-27 16:30:18,2024,FY,2645072.0,2134725.0,510347.0,0.192942574,19154.0,2828147.0,0.0,2828147.0,0,2847301.0,4982026.0,33644.0,0.0,33644.0,-2303310.0,-0.8707929312,-2336954.0,-0.8835124337,33644.0,-2303310.0,-0.8707929312,0.0,-2303310.0,-0.8707929312,-0.0693,-0.0693,33213306.0,33213306.0,https://www.sec.gov/Archives/edgar/data/1748137/000168316824006718/0001683168-24-006718-index.htm,https://www.sec.gov/Archives/edgar/data/1748137/000168316824006718/neovolta_10k-063024.htm
2023-06-30,NEOV,USD,0001748137,2023-09-22,2023-09-22 17:00:25,2023,FY,3455813.0,2767818.0,687995.0,0.199,29936.0,3293758.0,0.0,3293758.0,0,3323694.0,6091512.0,4134.0,4134.0,1529289.0,-2635699.0,-0.7626856546,-2635699.0,-0.7626856546,-4134.0,-2639833.0,-0.7638818999,-1529289.0,-2639833.0,-0.7638818999,-0.0824,-0.0824,32025620.0,32025620.0,https://www.sec.gov/Archives/edgar/data/1748137/000168316823006642/0001683168-23-006642-index.htm,https://www.sec.gov/Archives/edgar/data/1748137/000168316823006642/neovolta_i10k-063023.htm
2022-06-30,NEOV,USD,0001748137,2022-09-27,2022-09-27 08:00:37,2022,FY,4473514.0,3806381.0,667133.0,0.149129521,68503.0,6353920.0,0.0,6353920.0,0,6422423.0,10228804.0,49544.0,49544.0,5755290.0,-5755290.0,-1.2865255367,-5755290.0,-1.2865255367,-49544.0,-5804834.0,-1.2976004993,-5755290.0,-5804834.0,-1.2976004993,-0.28,-0.28,20554985.0,20554985.0,https://www.sec.gov/Archives/edgar/data/1748137/000168316822006609/0001683168-22-006609-index.htm,https://www.sec.gov/Archives/edgar/data/1748137/000168316822006609/neovolta_i10k-063022.htm
2021-06-30,NEOV,USD,0001748137,2021-06-30,2021-06-30 00:00:00,2021,FY,4823510.0,4175795.0,647715.0,0.134,42801.0,8255865.0,0.0,8255865.0,0,8298666.0,12474461.0,24521.0,24521.0,21780.0,-7599571.0,-1.5816637677,-7650951.0,-1.5861791517,5079.0,-7645872.0,-1.585126184,24521.0,-7670393.0,-1.5902098265,-0.43,-0.43,17889327.0,17889327.0,,
2020-06-30,NEOV,USD,0001748137,2020-06-30,2020-06-29 20:00:00,2020,FY,2011644.0,1773049.0,238595.0,0.1186069702,162697.0,1507211.0,0.0,1507211.0,0,1669908.0,3442957.0,25297.0,25297.0,1431313.0,0.0,-0.7115125738,-1431310.0,-0.7115125738,-25300.0,-1456610.0,-0.7240893518,-1431313.0,-1456610.0,-0.7240893518,-0.12,-0.12,12404725.0,12404725.0,,
2023-12-31,SBYSF,ZAR,0000000000,2023-12-31,2023-12-30 19:00:00,2023,FY,113684000000.0,100902000000.0,12782000000.0,0.1124344675,0.0,217000000.0,0.0,217000000.0,12565000000,12782000000.0,113684000000.0,1030000000.0,2312000000.0,10012000000.0,-26082000000.0,-0.2294254249,-82461000000.0,-0.7253527321,42615000000.0,-39846000000.0,-0.3504978713,-2416000000.0,-37772000000.0,-0.332254319,-13.34,-13.34,2830528158.0,2830567000.0,,
2022-12-31,SBYSF,ZAR,0000000000,2022-12-31,2022-12-30 19:00:00,2022,FY,138288000000.0,103458000000.0,34830000000.0,0.2518656716,0.0,7000000.0,0.0,7000000.0,601000000,608000000.0,104066000000.0,1203000000.0,2135000000.0,7087000000.0,37126000000.0,0.2462180377,34222000000.0,0.2474690501,-4814000000.0,27904000000.0,0.2017817887,8924000000.0,18396000000.0,0.1330267268,6.51,6.5,2826085000.0,2830781000.0,,
2021-12-31,SBYSF,ZAR,0000000000,2021-12-31,2021-12-30 19:00:00,2021,FY,172194000000.0,112020000000.0,60174000000.0,0.349,0.0,369000000.0,0.0,369000000.0,1189000000,1558000000.0,113578000000.0,1202000000.0,1763000000.0,8293000000.0,57613000000.0,0.3484906559,51715000000.0,0.3003298605,-4158000000.0,47557000000.0,0.2761826777,13761000000.0,33054000000.0,0.1919579079,11.4,11.29,2898804000.0,2927246000.0,,
2020-12-31,SBYSF,ZAR,0000000000,2020-12-31,2020-12-30 19:00:00,2020,FY,127392400000.0,85133800000.0,42258600000.0,0.3317199456,0.0,564700000.0,0.0,564700000.0,689000000,1253700000.0,86387500000.0,1065400000.0,2349300000.0,7593000000.0,45423000000.0,0.332796148,34803300000.0,0.2731976162,676500000.0,35479800000.0,0.2785079801,4858200000.0,29312000000.0,0.230092219,10.55,10.55,2728891000.0,2777952000.0,,
2019-12-31,SBYSF,ZAR,0000000000,2019-12-31,2019-12-30 19:00:00,2019,FY,72925400000.0,63745500000.0,9179900000.0,0.1258806945,0.0,323700000.0,0.0,323700000.0,1446400000,1770100000.0,65515600000.0,560400000.0,2500000000.0,7214100000.0,8414000000.0,0.1027899744,281900000.0,0.0038655942,-1581900000.0,-1300200000.0,-0.0178291789,-1733000000.0,432800000.0,0.005934832,0.17,0.17,2507583000.0,2578954000.0,,
2023-12-31,SMID,USD,0000924719,2024-05-23,2024-05-23 16:15:26,2023,FY,59580000.0,48928000.0,10652000.0,0.1787848271,0.0,5990000.0,3544000.0,9534000.0,0,9534000.0,58462000.0,24000.0,255000.0,2378000.0,3956000.0,0.0663981202,1118000.0,0.0187646861,205000.0,1323000.0,0.0222054381,528000.0,795000.0,0.0133434038,0.15,0.15,5258000.0,5292000.0,https://www.sec.gov/Archives/edgar/data/924719/000165495424006855/0001654954-24-006855-index.htm,https://www.sec.gov/Archives/edgar/data/924719/000165495424006855/smid_10k.htm
2022-12-31,SMID,USD,0000924719,2023-04-17,2023-04-17 17:30:27,2022,FY,50131000.0,40662000.0,9469000.0,0.188885121,0.0,5551000.0,3064000.0,8615000.0,228000,8615000.0,49277000.0,14000.0,260000.0,2892000.0,4097000.0,0.0793321498,854000.0,0.0170353673,91000.0,945000.0,0.0188506114,145000.0,800000.0,0.0159581895,0.15,0.15,5233000.0,5253000.0,https://www.sec.gov/Archives/edgar/data/924719/000165495423004852/0001654954-23-004852-index.htm,https://www.sec.gov/Archives/edgar/data/924719/000165495423004852/smid_10k.htm
2021-12-31,SMID,USD,0000924719,2022-03-31,2022-03-31 13:46:56,2021,FY,50642000.0,36222000.0,14420000.0,0.285,0.0,5416000.0,2836000.0,8252000.0,72000,8252000.0,44474000.0,35000.0,190000.0,2671000.0,8839000.0,0.176651791,6168000.0,0.1217961376,2926000.0,9094000.0,0.1795742664,1524000.0,7570000.0,0.1494806682,1.45,1.45,5205000.0,5232000.0,https://www.sec.gov/Archives/edgar/data/924719/000165495422004286/0001654954-22-004286-index.htm,https://www.sec.gov/Archives/edgar/data/924719/000165495422004286/smid_10k.htm
2020-12-31,SMID,USD,0000924719,2021-03-30,2021-03-30 07:21:17,2020,FY,43862000.0,32820000.0,11042000.0,0.2517441065,0.0,4989000.0,2294000.0,7283000.0,82000,7283000.0,40103000.0,35000.0,217000.0,2412000.0,6171000.0,0.143358716,3759000.0,0.0857006064,33000.0,3792000.0,0.0864529661,1127000.0,2665000.0,0.0607587433,0.51,0.51,5185000.0,5187000.0,https://www.sec.gov/Archives/edgar/data/924719/000165495421003448/0001654954-21-003448-index.htm,https://www.sec.gov/Archives/edgar/data/924719/000165495421003448/smid-12312020x10k.htm
2019-12-31,SMID,USD,0000924719,2020-03-26,2020-03-26 09:24:20,2019,FY,46691000.0,36722000.0,9969000.0,0.2135100983,0.0,4887000.0,2536000.0,7423000.0,55000,7423000.0,44145000.0,40000.0,179000.0,1793000.0,4339000.0,0.0949647684,2546000.0,0.05452871,-48000.0,2508000.0,0.0537148487,549000.0,1949000.0,0.04174252,0.38,0.38,5142000.0,5147000.0,https://www.sec.gov/Archives/edgar/data/924719/000165495420003266/0001654954-20-003266-index.htm,https://www.sec.gov/Archives/edgar/data/924719/000165495420003266/smid-12312019x10k.htm
2024-03-31,CRVL,USD,0000874866,2024-05-24,2024-05-24 16:31:07,2024,FY,795311000.0,623618000.0,171693000.0,0.216,0.0,76592000.0,0.0,76592000.0,0,76592000.0,700210000.0,0.0,0.0,26252000.0,121353000.0,0.1525855923,95101000.0,0.1195771214,0.0,95101000.0,0.1195771214,18849000.0,76252000.0,0.0958769588,1.335,1.32,51366000.0,52041000.0,https://www.sec.gov/Archives/edgar/data/874866/000095017024064645/0000950170-24-064645-index.htm,https://www.sec.gov/Archives/edgar/data/874866/000095017024064645/crvl-20240331.htm
2023-03-31,CRVL,USD,0000874866,2023-05-26,2023-05-26 16:31:50,2023,FY,718562000.0,560303000.0,158259000.0,0.22,0.0,73705000.0,0.0,73705000.0,0,73705000.0,634008000.0,0.0,0.0,25121000.0,109675000.0,0.1176711265,59433000.0,0.0827110256,25121000.0,84554000.0,0.1176711265,18189000.0,66365000.0,0.0923580707,1.149,1.131,51984000.0,52776000.0,https://www.sec.gov/Archives/edgar/data/874866/000095017023024535/0000950170-23-024535-index.htm,https://www.sec.gov/Archives/edgar/data/874866/000095017023024535/crvl-20230331.htm
2022-03-31,CRVL,USD,0000874866,2022-05-27,2022-05-27 16:42:27,2022,FY,646230000.0,494116000.0,152114000.0,0.2353867818,0.0,67602000.0,0.0,67602000.0,0,67602000.0,561718000.0,0.0,0.0,23916000.0,108428000.0,0.130776968,60596000.0,0.0937684725,23916000.0,84512000.0,0.130776968,18102000.0,66410000.0,0.1027652693,1.122,1.098,53259000.0,54381000.0,https://www.sec.gov/Archives/edgar/data/874866/000095017022010872/0000950170-22-010872-index.htm,https://www.sec.gov/Archives/edgar/data/874866/000095017022010872/crvl-20220331.htm
2021-03-31,CRVL,USD,0000874866,2021-05-28,2021-05-28 16:19:00,2021,FY,552644000.0,429020000.0,123624000.0,0.224,0.0,64449000.0,0.0,64449000.0,0,64449000.0,493469000.0,0.0,0.0,23436000.0,82611000.0,0.1070761648,35739000.0,0.0646691179,23436000.0,59175000.0,0.1070761648,12819000.0,46356000.0,0.0838804004,0.7769999999999999,0.7649999999999999,53790000.0,54498000.0,https://www.sec.gov/Archives/edgar/data/874866/000156459021030813/0001564590-21-030813-index.htm,https://www.sec.gov/Archives/edgar/data/874866/000156459021030813/crvl-10k_20210331.htm
2020-03-31,CRVL,USD,0000874866,2020-08-21,2020-08-21 16:15:38,2020,FY,592225000.0,466304000.0,125921000.0,0.2126235806,0.0,65210000.0,0.0,65210000.0,0,65210000.0,531514000.0,0.0,0.0,22516000.0,83227000.0,0.1025134028,38195000.0,0.064494069,0.0,60711000.0,0.1025134028,13334000.0,47377000.0,0.0799983115,0.7769999999999999,0.7649999999999999,54978000.0,55806000.0,https://www.sec.gov/Archives/edgar/data/874866/000156459020040951/0001564590-20-040951-index.htm,https://www.sec.gov/Archives/edgar/data/874866/000156459020040951/crvl-10ka_20200331.htm
2024-12-31,AIQUF,EUR,0000000000,2024-12-31,2024-12-31 00:00:00,2024,FY,27057800000.0,10008200000.0,17049600000.0,0.6301177479,0.0,0.0,0.0,0.0,12104000000,12104000000.0,22112200000.0,-160000000.0,258400000.0,2505100000.0,7290700000.0,0.2694491052,4945600000.0,0.1827790877,-418400000.0,4527200000.0,0.1673158941,1086500000.0,3306100000.0,0.1221865784,5.72,5.72,577629064.0,578222154.0,,
2023-12-31,AIQUF,EUR,0000000000,2023-12-31,2023-12-29 19:00:00,2023,FY,27607600000.0,11146800000.0,16460800000.0,0.596,309000000.0,0.0,0.0,5134600000.0,6445700000,11889300000.0,23036100000.0,98400000.0,514600000.0,2482000000.0,6902800000.0,0.2500325997,4571500000.0,0.1655884611,-416200000.0,4155300000.0,0.1505129022,971800000.0,3078000000.0,0.1114910387,5.34,5.34,576793343.0,576438335.0,,
2022-12-31,AIQUF,EUR,0000000000,2022-12-31,2022-12-31 00:00:00,2022,FY,29934000000.0,13813000000.0,16121000000.0,0.5385514799,308000000.0,0.0,0.0,3766200000.0,244300000,11259200000.0,25072200000.0,33000000.0,366200000.0,2465900000.0,7307900000.0,0.2441337609,4291100000.0,0.1433520412,-386000000.0,3905100000.0,0.1304570054,1002300000.0,2758800000.0,0.0921627581,5.28,5.27,522069020.0,523925143.0,,
2021-12-31,AIQUF,EUR,0000000000,2021-12-31,2021-12-31 00:00:00,2021,FY,23334800000.0,9388700000.0,13946100000.0,0.598,304000000.0,0.0,0.0,3173200000.0,226800000,9785800000.0,19174500000.0,12200000.0,333900000.0,2172500000.0,6107700000.0,0.2682002846,4009600000.0,0.1718291993,-408300000.0,3601300000.0,0.1543317277,914800000.0,2572200000.0,0.1102302141,4.95,4.93,519479360.0,521757060.0,,
2020-12-31,AIQUF,EUR,0000000000,2020-12-31,2020-12-31 00:00:00,2020,FY,20485200000.0,7197700000.0,13287500000.0,0.6486390174,303000000.0,0.0,0.0,3033300000.0,216100000,9497900000.0,16695600000.0,15800000.0,420400000.0,2137900000.0,5768500000.0,0.2884033351,3650100000.0,0.1781822975,-439900000.0,3210200000.0,0.1567082577,678200000.0,2435100000.0,0.1188711851,4.69,4.67,518763753.0,521531783.0,,
2024-12-31,OMAB,MXN,0001378239,2024-12-31,2024-12-31 00:00:00,2024,FY,15072956000.0,5230384000.0,9842572000.0,0.6529954708,0.0,1011911000.0,0.0,1011911000.0,747449000,1759360000.0,6989744000.0,0.0,0.0,756983000.0,8840195000.0,0.586493784,8083212000.0,0.5362725135,-1013974000.0,7069238000.0,0.4690014354,2133014000.0,4928804000.0,0.3269965095,12.76,12.76,386169429.0,386169425.0,,
2023-12-31,OMAB,MXN,0000000000,2023-12-31,2023-12-30 19:00:00,2023,FY,14457080000.0,4946696000.0,9510384000.0,0.658,0.0,661447000.0,0.0,661447000.0,782028000,1443475000.0,6390171000.0,297910000.0,1269440000.0,641343000.0,8970651000.0,0.6205022729,8066909000.0,0.5579902027,-1007041000.0,7059868000.0,0.4883329137,2039442000.0,5011842000.0,0.3466704203,12.98,12.98,386169425.0,386169425.0,,
2022-12-31,OMAB,MXN,0000000000,2022-12-31,2022-12-30 19:00:00,2022,FY,11934768000.0,4596338000.0,7338430000.0,0.6148783118,0.0,667600000.0,0.0,667600000.0,606384000,1273984000.0,5870322000.0,171312000.0,934102000.0,551200000.0,6778127000.0,0.5686744811,6064486000.0,0.508136061,-771661000.0,5292825000.0,0.4434795046,1375520000.0,3900967000.0,0.3268573801,10.1,10.1,386169425.0,386169425.0,,
2021-12-31,OMAB,MXN,0000000000,2021-12-31,2021-12-30 19:00:00,2021,FY,8720010000.0,3570893000.0,5149117000.0,0.59,0.0,586542000.0,0.0,586542000.0,453464000,1040006000.0,4610899000.0,129479000.0,516676000.0,487230000.0,4839715000.0,0.5420977728,4110389000.0,0.4713743448,-274580000.0,3835809000.0,0.4398858488,972179000.0,2857265000.0,0.3276676288,7.35,7.35,388634783.0,388634783.0,,
2020-12-31,OMAB,MXN,0000000000,2020-12-31,2020-12-30 19:00:00,2020,FY,5367466000.0,2847702000.0,2519764000.0,0.4694513202,0.0,518058000.0,0.0,518058000.0,280366000,798424000.0,3646126000.0,111889000.0,420499000.0,435344000.0,2348223000.0,0.4226763616,1721468000.0,0.320722665,-229088000.0,1492380000.0,0.2780418171,394501000.0,1094358000.0,0.2038872719,2.8,2.8,390313970.0,390313970.0,,
2024-12-31,TXRH,USD,0001289460,2025-02-28,2025-02-28 11:41:54,2024,FY,5373332000.0,4426076000.0,947256000.0,0.176,0.0,223264000.0,0.0,223264000.0,207473000,430737000.0,4856813000.0,0.0,0.0,178157000.0,695902000.0,0.1295103299,516519000.0,0.0961263886,7971000.0,524490000.0,0.0976098257,80145000.0,433592000.0,0.0806933203,6.5,6.47,66752000.0,67010999.0,https://www.sec.gov/Archives/edgar/data/1289460/000155837025001904/0001558370-25-001904-index.htm,https://www.sec.gov/Archives/edgar/data/1289460/000155837025001904/txrh-20241231x10k.htm
2023-12-26,TXRH,USD,0001289460,2024-02-23,2024-02-23 11:25:35,2023,FY,4631672000.0,3896590000.0,735082000.0,0.159,0.0,198382000.0,0.0,198382000.0,182711000,381093000.0,4277683000.0,0.0,0.0,153202000.0,507466000.0,0.1095643215,353989000.0,0.0764279077,4335000.0,358324000.0,0.0773638548,44649000.0,304876000.0,0.0658241775,4.56,4.54,66893000.0,67149000.0,https://www.sec.gov/Archives/edgar/data/1289460/000155837024001595/0001558370-24-001595-index.htm,https://www.sec.gov/Archives/edgar/data/1289460/000155837024001595/txrh-20231226x10k.htm
2022-12-27,TXRH,USD,0001289460,2023-02-24,2023-02-24 10:02:52,2022,FY,4014919000.0,3361290000.0,653629000.0,0.1628000465,0.0,172712000.0,25000000.0,172712000.0,159120000,331832000.0,3693122000.0,124000.0,124000.0,137237000.0,459034000.0,0.114640669,320197000.0,0.0797517957,1115000.0,321312000.0,0.0800295099,43715000.0,269818000.0,0.0672038465,3.99,3.97,67643000.0,67920000.0,https://www.sec.gov/Archives/edgar/data/1289460/000155837023001979/0001558370-23-001979-index.htm,https://www.sec.gov/Archives/edgar/data/1289460/000155837023001979/txrh-20221227x10k.htm
2021-12-28,TXRH,USD,0001289460,2022-02-25,2022-02-25 16:01:36,2021,FY,3463946000.0,2857444000.0,606502000.0,0.175,0.0,157480000.0,21100000.0,157480000.0,151096000,308576000.0,3166020000.0,3663000.0,3663000.0,126761000.0,424687000.0,0.1224181901,297192000.0,0.0857957947,-4300000.0,292892000.0,0.0845544359,39578000.0,245294000.0,0.0708134596,3.52,3.5,69709000.0,70098000.0,https://www.sec.gov/Archives/edgar/data/1289460/000155837022002141/0001558370-22-002141-index.htm,https://www.sec.gov/Archives/edgar/data/1289460/000155837022002141/txrh-20211228x10k.htm
2020-12-29,TXRH,USD,0001289460,2021-02-26,2021-02-26 13:52:49,2020,FY,2398123000.0,2114537000.0,283586000.0,0.1182533173,0.0,119503000.0,13800000.0,119503000.0,137976000,257479000.0,2372016000.0,4091000.0,4091000.0,117877000.0,143984000.0,0.0609839445,23844000.0,0.0099427761,-4591000.0,19253000.0,0.0080283622,-15672000.0,31255000.0,0.0130331096,0.45,0.45,69438000.0,69893000.0,https://www.sec.gov/Archives/edgar/data/1289460/000155837021001970/0001558370-21-001970-index.htm,https://www.sec.gov/Archives/edgar/data/1289460/000155837021001970/txrh-20201229x10k.htm
2024-12-31,ROP,USD,0000882835,2025-02-24,2025-02-24 17:06:17,2024,FY,7039200000.0,2160900000.0,4878300000.0,0.6930190931,0.0,0.0,0.0,2881500000.0,0,2881500000.0,5042400000.0,0.0,259200000.0,0.0,1996800000.0,0.2836685987,1996800000.0,0.2836685987,-29600000.0,1967200000.0,0.2794635754,417900000.0,1549300000.0,0.2200960336,14.35,14.35,107965156.0,108000000.0,https://www.sec.gov/Archives/edgar/data/882835/000088283525000008/0000882835-25-000008-index.htm,https://www.sec.gov/Archives/edgar/data/882835/000088283525000008/rop-20241231.htm
2023-12-31,ROP,USD,0000882835,2024-02-22,2024-02-22 17:05:32,2023,FY,6177800000.0,1870600000.0,4307200000.0,0.697,646100000.0,0.0,0.0,1915900000.0,0,2562000000.0,4432600000.0,0.0,164700000.0,755200000.0,2663000000.0,0.4310596005,1745200000.0,0.2824953867,-2100000.0,1743100000.0,0.2821554599,374700000.0,1384200000.0,0.2240603451,12.98,12.89,106600000.0,107400000.0,https://www.sec.gov/Archives/edgar/data/882835/000088283524000008/0000882835-24-000008-index.htm,https://www.sec.gov/Archives/edgar/data/882835/000088283524000008/rop-20231231.htm
2022-12-31,ROP,USD,0000882835,2023-02-27,2023-02-27 16:48:06,2022,FY,5371800000.0,1619000000.0,3752800000.0,0.6986112662,529799999.0,0.0,0.0,2228300000.0,-50100000,2228300000.0,3847300000.0,0.0,192400000.0,650100000.0,2124500000.0,0.3954912692,1524500000.0,0.2837968651,-242500000.0,1282000000.0,0.2386537101,296400000.0,985600000.0,0.1834766745,9.31,9.23,105900000.0,106800000.0,https://www.sec.gov/Archives/edgar/data/882835/000088283523000016/0000882835-23-000016-index.htm,https://www.sec.gov/Archives/edgar/data/882835/000088283523000016/rop-20221231.htm
2021-12-31,ROP,USD,0000882835,2022-02-22,2022-02-22 17:02:07,2021,FY,5777800000.0,1860400000.0,3917400000.0,0.678,484800000.0,0.0,0.0,2337700000.0,24900000,2337700000.0,4198100000.0,0.0,234100000.0,615900000.0,1951500000.0,0.3874658174,1480200000.0,0.2561874762,-209300000.0,1271000000.0,0.2199799232,288400000.0,1152600000.0,0.1994876943,10.42,10.3,105300000.0,106500000.0,https://www.sec.gov/Archives/edgar/data/882835/000088283522000012/0000882835-22-000012-index.htm,https://www.sec.gov/Archives/edgar/data/882835/000088283522000012/rop-20211231.htm
2020-12-31,ROP,USD,0000882835,2021-02-22,2021-02-22 08:59:47,2020,FY,5527100000.0,1984100000.0,3543000000.0,0.6410233215,423600000.0,0.0,0.0,2111900000.0,-2900000,2111900000.0,4096000000.0,0.0,218900000.0,512900000.0,1782800000.0,0.3526261511,1431100000.0,0.2589242098,-379700000.0,1209300000.0,0.2187946663,259600000.0,949700000.0,0.1718260932,9.08,8.98,104600000.0,105700000.0,https://www.sec.gov/Archives/edgar/data/882835/000088283521000011/0000882835-21-000011-index.htm,https://www.sec.gov/Archives/edgar/data/882835/000088283521000011/rop-20201231.htm
2024-12-31,LBTYA,USD,0001570585,2025-02-18,2025-02-18 16:16:10,2024,FY,4341900000.0,1450700000.0,2891200000.0,0.6658835993,0.0,854900000.0,301500000.0,1156400000.0,1794900000,2951300000.0,4402000000.0,199300000.0,574700000.0,1002000000.0,3415000000.0,0.7865220295,-60100000.0,-0.0138418665,1898400000.0,1838300000.0,0.4233860752,-30800000.0,1588000000.0,0.3657385016,4.37,4.37,363156702.0,363156702.0,https://www.sec.gov/Archives/edgar/data/1570585/000157058525000021/0001570585-25-000021-index.htm,https://www.sec.gov/Archives/edgar/data/1570585/000157058525000021/lbtya-20241231.htm
2023-12-31,LBTYA,USD,0001570585,2024-03-26,2024-03-26 16:44:22,2023,FY,7491400000.0,2384700000.0,5106700000.0,0.682,0.0,1429100000.0,343600000.0,1772700000.0,3578500000,5351200000.0,7735900000.0,212700000.0,907900000.0,2315200000.0,-420500000.0,-0.0561310302,-244500000.0,-0.0326374242,-3479700000.0,-3724200000.0,-0.4971300424,149600000.0,-4051700000.0,-0.5408468377,-9.52,-9.52,425679037.0,425679037.0,https://www.sec.gov/Archives/edgar/data/1570585/000157058524000100/0001570585-24-000100-index.htm,https://www.sec.gov/Archives/edgar/data/1570585/000157058524000100/lbtya-20231231.htm
2022-12-31,LBTYA,USD,0001570585,2023-03-28,2023-03-28 16:52:50,2022,FY,7195700000.0,2085700000.0,5110000000.0,0.7101463374,0.0,1295000000.0,328400000.0,1623400000.0,3254700000,4878100000.0,6963800000.0,76600000.0,589300000.0,2187400000.0,4200900000.0,0.176480398,-901500000.0,-0.1252831552,1277400000.0,1424200000.0,0.19792376,318900000.0,1105300000.0,0.1536056256,2.26,2.22,489555582.0,496988850.0,https://www.sec.gov/Archives/edgar/data/1570585/000157058523000085/0001570585-23-000085-index.htm,https://www.sec.gov/Archives/edgar/data/1570585/000157058523000085/lbtya-20221231.htm
2021-12-31,LBTYA,USD,0001570585,2022-02-17,2022-02-17 17:27:57,2021,FY,10311300000.0,3017600000.0,7293700000.0,0.707,0.0,1751700000.0,416100000.0,2167800000.0,3824600000,5992400000.0,9010000000.0,13900000.0,882100000.0,2435000000.0,3655000000.0,1.418424447,12272100000.0,1.1901603096,12680500000.0,14000800000.0,1.3578113332,473300000.0,13426800000.0,1.3021442495,24.16,23.59,555695224.0,569114223.0,https://www.sec.gov/Archives/edgar/data/1570585/000157058522000038/0001570585-22-000038-index.htm,https://www.sec.gov/Archives/edgar/data/1570585/000157058522000038/lbtya-20211231.htm
2020-12-31,LBTYA,USD,0001570585,2021-03-30,2021-03-30 16:47:34,2020,FY,11980100000.0,3437000000.0,8543100000.0,0.7131075701,0.0,1801600000.0,424300000.0,2225900000.0,4100900000,6326800000.0,9763800000.0,57100000.0,1188500000.0,2340400000.0,1726199999.0,0.3654727423,2117700000.0,0.1767681405,-3831900000.0,-1723600000.0,-0.1438719209,-256900000.0,-1466700000.0,-0.1224280265,-2.44,-2.44,602083910.0,602083910.0,https://www.sec.gov/Archives/edgar/data/1570585/000157058521000073/0001570585-21-000073-index.htm,https://www.sec.gov/Archives/edgar/data/1570585/000157058521000073/lbtya-20201231.htm
2024-12-31,FDBC,USD,0001098151,2025-03-13,2025-03-13 17:12:02,2024,FY,107022000.0,0.0,107022000.0,1.0,0.0,30072000.0,2881000.0,2881000.0,0,2881000.0,2881000.0,107022000.0,45157000.0,0.0,0.0,0.0,104141000.0,0.9730803012,-80269000.0,23872000.0,0.2230569416,3078000.0,20794000.0,0.1942964998,3.6,3.6,5775588.0,5776514.0,https://www.sec.gov/Archives/edgar/data/1098151/000143774925007555/0001437749-25-007555-index.htm,https://www.sec.gov/Archives/edgar/data/1098151/000143774925007555/fdbc20241231_10k.htm
2023-12-31,FDBC,USD,0001098151,2024-03-20,2024-03-20 15:47:58,2023,FY,72696000.0,354000.0,72342000.0,0.9951304061,0.0,26766000.0,3171000.0,44914000.0,0,44914000.0,44914000.0,93835000.0,31788000.0,5703000.0,0.0,0.0,27428000.0,0.3772972378,-7172000.0,20256000.0,0.2786398151,2045999.0,18210000.0,0.2504952129,3.21,3.19,5672897.0,5716702.0,https://www.sec.gov/Archives/edgar/data/1098151/000143774924008680/0001437749-24-008680-index.htm,https://www.sec.gov/Archives/edgar/data/1098151/000143774924008680/fdbc20231231_10k.htm
2022-12-31,FDBC,USD,0001098151,2023-03-20,2023-03-20 15:03:42,2022,FY,88916000.0,0.0,88916000.0,1.0,0.0,32545000.0,3381000.0,35926000.0,-16015999,3381000.0,3381000.0,78672000.0,6398000.0,5255000.0,40723000.0,0.4708488911,36611000.0,0.4117481668,-6816000.0,35468000.0,0.3988933375,5447000.0,30021000.0,0.3376332719,5.32,5.29,5644599.0,5679139.0,https://www.sec.gov/Archives/edgar/data/1098151/000143774923007221/0001437749-23-007221-index.htm,https://www.sec.gov/Archives/edgar/data/1098151/000143774923007221/fdbc20221231_10k.htm
2021-12-31,FDBC,USD,0001098151,2022-03-23,2022-03-23 16:51:04,2021,FY,80116000.0,0.0,80116000.0,1.0,0.0,30613000.0,3253000.0,33866000.0,-85973000,-52107000.0,-52107000.0,65468000.0,3639000.0,5423000.0,33432000.0,0.4172949224,28009000.0,0.3496055719,-9315000.0,28009000.0,0.3496055719,4001000.0,24008000.0,0.299665485,4.51,4.48,5321687.0,5363162.0,https://www.sec.gov/Archives/edgar/data/1098151/000109815122000006/0001098151-22-000006-index.htm,https://www.sec.gov/Archives/edgar/data/1098151/000109815122000006/fdbc-20211231x10k.htm
2020-12-31,FDBC,USD,0001098151,2021-03-19,2021-03-19 17:14:36,2020,FY,58853000.0,0.0,58853000.0,1.0,0.0,24056000.0,2269000.0,26325000.0,-69894000,-43569000.0,-43569000.0,49496000.0,5311000.0,4539000.0,19823000.0,0.3368222521,15284000.0,0.2596978914,-7050000.0,15284000.0,0.2596978914,2249000.0,13035000.0,0.2214840365,2.84,2.82,4586224.0,4616364.0,https://www.sec.gov/Archives/edgar/data/1098151/000109815121000013/0001098151-21-000013-index.htm,https://www.sec.gov/Archives/edgar/data/1098151/000109815121000013/fdbc-20201231x10k.htm
2024-12-31,FPH,USD,0001574197,2025-02-24,2025-02-21 20:48:39,2024,FY,237926000.0,119095000.0,118831000.0,0.4994452057,0.0,0.0,0.0,51233000.0,67598000,118831000.0,237926000.0,10858000.0,0.0,19363000.0,86961000.0,0.3654959946,0.0,0.0,205096000.0,205096000.0,0.8620159209,-27462000.0,68297000.0,0.2870514362,3.36,1.58,69248097.0,146968714.0,https://www.sec.gov/Archives/edgar/data/1574197/000157419725000006/0001574197-25-000006-index.htm,https://www.sec.gov/Archives/edgar/data/1574197/000157419725000006/fph-20241231.htm
2023-12-31,FPH,USD,0001574197,2024-03-04,2024-03-01 20:10:32,2023,FY,211732000.0,133988000.0,77744000.0,0.367,0.0,51577000.0,0.0,51577000.0,0,51577000.0,185483000.0,7230000.0,0.0,19934000.0,46101000.0,0.2177327943,26249000.0,0.123972758,83049000.0,109298000.0,0.5162091701,-4418000.0,55394000.0,0.261623184,1.53,0.76,72431666.0,145154895.0,https://www.sec.gov/Archives/edgar/data/1574197/000157419724000018/0001574197-24-000018-index.htm,https://www.sec.gov/Archives/edgar/data/1574197/000157419724000018/fph-20231231.htm
2022-12-31,FPH,USD,0001574197,2023-03-06,2023-03-03 21:39:38,2022,FY,42694000.0,27495000.0,15199000.0,0.355998501,-0.848948329976109,54346000.0,245000.0,54591000.0,245000,54591000.0,82086000.0,826000.0,826000.0,82086000.0,-22201000.0,-0.467395887,-36901000.0,-0.8643134867,2902000.0,-36245000.0,-0.84894833,-1471000.0,-34774000.0,-0.8144938399,-0.24,-0.24,143514974.0,143514974.0,https://www.sec.gov/Archives/edgar/data/1574197/000157419723000011/0001574197-23-000011-index.htm,https://www.sec.gov/Archives/edgar/data/1574197/000157419723000011/fph-20221231.htm
2021-12-31,FPH,USD,0001574197,2022-03-11,2022-03-11 16:44:15,2021,FY,224394000.0,144293000.0,80101000.0,0.357,0.05786696613991461,76828000.0,290000.0,77118000.0,3720000,77118000.0,221411000.0,94000.0,0.0,221411000.0,2983000.0,0.0132935818,-23005000.0,-0.1025205665,9712000.0,12985000.0,0.0578669661,-325000.0,13310000.0,0.0593153115,0.2,0.2,67394794.0,67394794.0,https://www.sec.gov/Archives/edgar/data/1574197/000157419722000016/0001574197-22-000016-index.htm,https://www.sec.gov/Archives/edgar/data/1574197/000157419722000016/fph-20211231.htm
2020-12-31,FPH,USD,0001574197,2021-03-10,2021-03-09 18:17:46,2020,FY,153619000.0,111366000.0,42253000.0,0.2750506122,0.01847427727038973,0.0,0.0,83504000.0,356000,83504000.0,194870000.0,1369000.0,0.0,194870000.0,-27109000.0,-0.2685279816,-55393000.0,-0.3605869066,44089000.0,2838000.0,0.0184742773,1744000.0,1094000.0,0.0071215149,0.0165,0.0164,66427873.0,66722187.0,https://www.sec.gov/Archives/edgar/data/1574197/000157419721000007/0001574197-21-000007-index.htm,https://www.sec.gov/Archives/edgar/data/1574197/000157419721000007/fph-20201231.htm
2023-12-31,FHSEY,CNY,0000000000,2023-12-31,2023-12-30 19:00:00,2023,FY,266250000.0,194991000.0,71259000.0,0.2676394366,0.0,57981000.0,3056000.0,61037000.0,51629000,112666000.0,307657000.0,1454000.0,6373000.0,13954000.0,-25099000.0,-0.0942685446,-41407000.0,-0.1555192488,-4019000.0,-45426000.0,-0.1706140845,-867000.0,-72189000.0,-0.2711323944,-1.02,-1.59,45322643.0,28946233.0,,
2022-12-31,FHSEY,CNY,0000000000,2022-12-31,2022-12-31 00:00:00,2022,FY,342506000.0,213622000.0,128884000.0,0.3762970576,0.0,54595000.0,3101000.0,57696000.0,1069000,55660000.0,269282000.0,1422000.0,9546000.0,12700000.0,85247000.0,0.2210618208,73224000.0,0.2137889555,-7417000.0,66114000.0,0.1930301951,20017000.0,37325000.0,0.1089761931,1.29,1.26,28946233.0,29562900.0,,
2021-12-31,FHSEY,CNY,0000000000,2021-12-31,2021-12-31 00:00:00,2021,FY,400227000.0,273746000.0,126481000.0,0.316,0.0,61819000.0,7076000.0,68895000.0,3576000,65971000.0,339717000.0,1125000.0,12913000.0,14312000.0,91736000.0,0.1629350344,60509000.0,0.1511867015,-5698000.0,52298000.0,0.1306708443,1577000.0,52693000.0,0.1316577842,1.88,1.84,27975001.0,28591667.0,,
2020-12-31,FHSEY,CNY,0000000000,2020-12-31,2020-12-31 00:00:00,2020,FY,445834000.0,287233000.0,158601000.0,0.3557400288,0.0,60475000.0,7625000.0,68100000.0,1699000,58915000.0,346148000.0,1155000.0,5368000.0,11625000.0,107614000.0,0.2299959178,99686000.0,0.223594432,-3362000.0,96324000.0,0.2160535087,15404000.0,80818000.0,0.1812737476,2.79,2.79,28946233.0,28946233.0,,
2019-12-31,FHSEY,CNY,0000000000,2019-12-31,2019-12-31 00:00:00,2019,FY,336519000.0,231993000.0,104526000.0,0.310609505,0.0,57284000.0,4834000.0,62118000.0,-217000,55512000.0,287505000.0,983000.0,1407000.0,12843000.0,74874000.0,0.1901527105,39014000.0,0.1159340186,-4928000.0,37060000.0,0.1101275114,5370000.0,31605000.0,0.0939174311,1.18,1.18,26825660.0,26825660.0,,
2021-12-31,SMKG,USD,0000900475,2021-12-31,2021-12-30 19:00:00,2021,FY,405412.0,0.0,405412.0,1.0,3600.0,889580.0,1173.0,890753.0,0,1394353.0,894353.0,0.0,0.0,184346.0,-804595.0,-1.9846353833,-488941.0,-1.2060348485,-500000.0,-988941.0,-2.4393481199,0.0,-988941.0,-2.4393481199,-0.0021,-0.0021,470464360.0,470464360.0,,
2020-12-31,SMKG,USD,0000900475,2020-12-31,2020-12-30 19:00:00,2020,FY,448681.0,0.0,448681.0,1.0,0.0,2024077.0,14140.0,2031656.0,0,2031656.0,2038217.0,0.0,146500.0,6561.0,-1582975.0,-3.5280745117,-1589540.0,-3.5426951442,-146500.0,-1736037.0,-3.8692010582,-4.0,-1736037.0,-3.8692010582,-0.0039,-0.0039,442857680.0,442857680.0,,
2019-12-31,SMKG,USD,0000900475,2019-12-31,2019-12-29 19:00:00,2019,FY,216443.0,24662.0,191781.0,0.8860577612,0.0,791377.0,1807.0,773652.0,0,773652.0,793184.0,0.0,3594.0,19532.0,539154.0,-2.5743960304,-576740.0,-2.6646276387,1096362.0,519622.0,2.4007336805,-3595.0000000001746,519622.0,2.4007336805,0.0013,0.0013,405042840.0,405042840.0,,
2018-12-31,SMKG,USD,0000900475,2018-12-31,2018-12-30 19:00:00,2018,FY,60566.0,23463.0,37103.0,0.6126044315,0.0,199755.0,136619.0,1006868.0,0,1006868.0,1030331.0,0.0,0.0,904947.0,-70086.0,-16.0117887924,-969770.0,-16.0117887924,-5263.0,-975033.0,-16.0986857313,-904947.0,-975033.0,-16.0986857313,-0.0027,-0.0027,367292840.0,367292840.0,,
2017-12-31,SMKG,USD,0000900475,2017-12-31,2017-12-30 19:00:00,2017,FY,95233.0,31215.0,64018.0,0.672224964,0.0,401276.0,109865.0,612041.0,0,612041.0,643256.0,0.0,0.0,1074.0,-548023.0,-5.7545178667,-548020.0,-5.7545178667,-4236.0,-552256.0,-5.7989982464,-1074.0,-552256.0,-5.7989982464,-0.0027,-0.0027,208000000.0,208000000.0,,
2024-12-31,HFRO,USD,0001710680,2024-12-31,2024-12-31 00:00:00,2024,FY,-23811383.0,0.0,-23811383.0,1.0,0.0,5341093.0,0.0,5341093.0,-29152476,-23811383.0,-23811383.0,31052532.0,321146.0,0.0,0.0,0.0,58299422.0,-2.4483845394,-87770279.0,-29470857.0,1.2376793486,0.0,-29470857.0,1.2376793486,-0.56,-0.56,66114497.0,66114497.0,,
2023-12-31,HFRO,USD,0001710680,2023-12-31,2023-12-30 19:00:00,2023,FY,-1012393.0,0.0,-1012393.0,1.0,0.0,4904131.0,0.0,4904131.0,-5916524,-1012393.0,-1012393.0,38185127.0,1401126.0,-1.0,-4890801.0,4.8309312688,-4890800.0,4.830930281,-9194883.0,-14085683.0,13.9132560182,-167895.0,-6291927.0,6.214905674,-0.23,-0.23,61242100.0,61242100.0,,
2022-12-31,HFRO,USD,0001710680,2022-12-31,2022-12-31 00:00:00,2022,FY,44535929.0,11523831.0,33012098.0,0.7412464215,0.0,5485654.0,0.0,5485654.0,351138,5836792.0,5836792.0,28849660.0,384897.0,44920826.0,39084034.0,0.8775843432,-5836792.0,-0.1310580498,11523831.0,38699137.0,0.8689419502,-44920826.0,83619963.0,1.8775843432,1.23,1.19,68121308.0,70239516.0,,
2021-12-31,HFRO,USD,0001710680,2021-12-31,2021-12-31 00:00:00,2021,FY,146480635.0,11143929.0,135336706.0,0.924,0.0,8272174.0,0.0,8272174.0,211911,8484085.0,8484085.0,26275245.0,587426.0,236558.0,137996550.0,0.9420805009,137996550.0,0.9420805009,0.0,137996550.0,0.9420805009,7793756.0,137996550.0,0.9420805009,1.82,1.82,69648259.0,71539997.0,,
2020-12-31,HFRO,USD,0001710680,2020-12-31,2020-12-31 00:00:00,2020,FY,41919065.0,13584157.0,28334908.0,0.6759432254,0.0,7682103.0,0.0,7682103.0,358187,8040290.0,8040290.0,48833696.0,7794173.0,206297.0,33878775.0,0.8081949108,33878775.0,0.8081949108,0.0,33878775.0,0.8081949108,7793756.0,26085019.0,0.622271012,0.37,0.36,71350322.0,72458386.0,,
2023-12-31,IMII,USD,0001416090,2024-05-02,2024-05-02 17:12:23,2023,FY,12654951.0,0.0,12654951.0,1.0,0.0,1065893.0,2219442.0,3285335.0,-2218717,1066618.0,1066618.0,277651.0,0.0,725.0,6314674.0,0.4989884196,-3286060.0,-0.25966596,9308847.0,6022787.0,0.4759233758,0.0,5511535.0,0.4355240095,0.0024,0.0024,2330753561.0,2330753561.0,https://www.sec.gov/Archives/edgar/data/1416090/000109690624001010/0001096906-24-001010-index.htm,https://www.sec.gov/Archives/edgar/data/1416090/000109690624001010/form_10k.htm
2022-12-31,IMII,USD,0001416090,2023-04-17,2023-04-17 17:31:11,2022,FY,725.0,725.0,0.0,0.0,0.0,745131.0,0.0,745131.0,725,745131.0,745856.0,2880.5420000000004,2880542.0,725.0,-745131.0,-1027.7668965517,-745856.0,-1028.7668965517,-2287108.0,-3032964.0,-4183.3986206897,520743.0,-3553707.0,-4901.6648275862,-0.0165,-0.0165,215083605.0,215083605.0,https://www.sec.gov/Archives/edgar/data/1416090/000149315223012623/0001493152-23-012623-index.htm,https://www.sec.gov/Archives/edgar/data/1416090/000149315223012623/form10-k.htm
2021-12-31,IMII,USD,0001416090,2022-04-15,2022-04-15 15:38:19,2021,FY,4725778.0,3294258.0,1431520.0,0.303,0.0,1167986.0,0.0,1167986.0,-1213817,1167986.0,4462244.0,3453.9939999999997,3453994.0,2789.0,1403340.0,-0.1902425378,263534.0,0.0557652095,-1360656.0,-2311576.0,-0.4891418937,529638.0,-2841214.0,-0.6012161384,-0.022,-0.022,129346480.0,129346480.0,https://www.sec.gov/Archives/edgar/data/1416090/000149315222010072/0001493152-22-010072-index.htm,https://www.sec.gov/Archives/edgar/data/1416090/000149315222010072/form10-k.htm
2020-12-31,IMII,USD,0001416090,2021-04-15,2021-04-15 17:08:58,2020,FY,4143908.0,2834484.0,1309424.0,0.3159877102,0.0,1272523.0,0.0,1272523.0,21113,1272523.0,4107007.0,2194192.0,4793005.0,49794.0,7184380.0,0.0260160216,58014.0,0.0139998282,2304676.0,2341577.0,0.5650649097,4813396.0,-2471819.0,-0.5964946616,-0.0361,-0.0046,68440532.0,538868082.0,https://www.sec.gov/Archives/edgar/data/1416090/000149315221008929/0001493152-21-008929-index.htm,https://www.sec.gov/Archives/edgar/data/1416090/000149315221008929/form10k.htm
2019-12-31,IMII,USD,0001416090,2020-03-30,2020-03-30 14:48:07,2019,FY,4955027.0,3691845.0,1263182.0,0.2549293879,0.0,2066886.0,0.0,2066886.0,67988,2066886.0,5758731.0,25509.0,8488221.0,212006.0,10720346.0,-0.1056926632,-803704.0,-0.1621997216,-14197130.0,-6973968.0,-1.4074530775,8557173.0,-15531141.0,-3.1344210637,-0.27,-0.27,57056526.0,57056526.0,https://www.sec.gov/Archives/edgar/data/1416090/000149315220005161/0001493152-20-005161-index.htm,https://www.sec.gov/Archives/edgar/data/1416090/000149315220005161/form10-k.htm
2024-12-31,WTRG,USD,0000078128,2025-02-27,2025-02-27 16:48:54,2024,FY,2086113000.0,0.0,2086113000.0,1.0,0.0,0.0,0.0,0.0,1328445000,1328445000.0,1328445000.0,3318000.0,302467000.0,369552000.0,1245497000.0,0.5970419627,757668000.0,0.3631960493,-184190000.0,573478000.0,0.2749026539,-21836000.0,595314000.0,0.285369968,2.17,2.17,273914000.0,274421000.0,https://www.sec.gov/Archives/edgar/data/78128/000156276225000036/0001562762-25-000036-index.htm,https://www.sec.gov/Archives/edgar/data/78128/000156276225000036/wtrg-20241231x10k.htm
2023-12-31,WTRG,USD,0000078128,2024-02-29,2024-02-29 11:08:08,2023,FY,2053824000.0,927824000.0,1126000000.0,0.548,0.0,0.0,0.0,3783000.0,430120000,433903000.0,1361727000.0,3401000.0,283362000.0,343695000.0,1058838000.0,0.5155446621,692097000.0,0.3369797023,-260316000.0,431781000.0,0.2102327171,-66445000.0,498226000.0,0.2425845642,1.86,1.86,267171000.0,267659000.0,https://www.sec.gov/Archives/edgar/data/78128/000156276224000047/0001562762-24-000047-index.htm,https://www.sec.gov/Archives/edgar/data/78128/000156276224000047/wtrg-20231231x10k.htm
2022-12-31,WTRG,USD,0000078128,2023-03-01,2023-03-01 16:24:47,2022,FY,2288032000.0,1215644000.0,1072388000.0,0.4686944938,0.0,0.0,0.0,8087999.0,387536000,387536000.0,1603180000.0,3675000.0,238116000.0,321177000.0,990452000.0,0.4410821177,661187000.0,0.2889762905,-210279000.0,450908000.0,0.1970724186,-14329000.0,465237000.0,0.2033350058,1.77,1.77,262245999.0,262868000.0,https://www.sec.gov/Archives/edgar/data/78128/000156276223000064/0001562762-23-000064-index.htm,https://www.sec.gov/Archives/edgar/data/78128/000156276223000064/wtrg-20221231x10k.htm
2021-12-31,WTRG,USD,0000078128,2022-03-01,2022-03-01 15:12:53,2021,FY,1878144000.0,890842000.0,987302000.0,0.526,0.0,0.0,0.0,7691000.0,384593000,384593000.0,1275435000.0,2384000.0,207709000.0,297952000.0,908352000.0,0.4823341554,602709000.0,0.3209067036,-180709000.0,422000000.0,0.2246899066,-9612000.0,431612000.0,0.2298077251,1.68,1.67,257487000.0,258180000.0,https://www.sec.gov/Archives/edgar/data/78128/000156276222000068/0001562762-22-000068-index.htm,https://www.sec.gov/Archives/edgar/data/78128/000156276222000068/wtrg-20211231x10k.htm
2020-12-31,WTRG,USD,0000078128,2021-03-01,2021-03-01 16:44:56,2020,FY,1462698000.0,694356000.0,768342000.0,0.525290935,0.0,0.0,0.0,785000.0,333656000,333656000.0,1028012000.0,5363000.0,188435000.0,257059000.0,716357000.0,0.4765966727,434686000.0,0.2971809629,-169715000.0,264971000.0,0.1811522269,-19878000.0,284849000.0,0.1947421819,1.14,1.12,249768000.0,254629000.0,https://www.sec.gov/Archives/edgar/data/78128/000156276221000081/0001562762-21-000081-index.htm,https://www.sec.gov/Archives/edgar/data/78128/000156276221000081/wtrg-20201231x10k.htm
2023-12-31,OCS,CHF,0001953530,2024-03-19,2024-03-19 06:45:47,2023,FY,883000.0,29247000.0,-28364000.0,-32.1223103058,29247000.0,17487000.0,0.0,17487000.0,5616000,52350000.0,81597000.0,114000.0,0.0,125000.0,-45726000.0,-51.7848244621,-80714000.0,-91.4088335221,-7981000.0,-88695000.0,-100.4473386183,107000.0,-88802000.0,-100.5685164213,-2.97,-2.97,29899653.0,29899651.0,https://www.sec.gov/Archives/edgar/data/1953530/000095017024033144/0000950170-24-033144-index.htm,https://www.sec.gov/Archives/edgar/data/1953530/000095017024033144/ocs-20231231.htm
2022-12-31,OCS,CHF,0001953530,2023-03-28,2023-03-28 17:12:12,2022,FY,912000.0,22224000.0,-21312000.0,-23.3684210526,22224000.0,6743000.0,0.0,6743000.0,0,32376000.0,32376000.0,126000.0,6442000.0,299000.0,-31951000.0,-35.0339912281,-32376000.0,-35.5,-6267000.0,-38643000.0,-42.3717105263,55000.0,-38698000.0,-42.4320175439,-1.18,-1.18,32733373.0,32733373.0,https://www.sec.gov/Archives/edgar/data/1953530/000095017023010352/0000950170-23-010352-index.htm,https://www.sec.gov/Archives/edgar/data/1953530/000095017023010352/ocs-20221231.htm
2021-12-31,OCS,CHF,0001953530,2021-12-31,2021-12-31 00:00:00,2021,FY,960000.0,9568000.0,-8608000.0,-8.967,9568000.0,4097000.0,0.0,4097000.0,0,13232000.0,13232000.0,21000.0,5120000.0,235000.0,-12976000.0,-13.5166666667,-13232000.0,-13.7833333333,-5293000.0,-18524000.0,-19.2958333333,27000.0,-18552000.0,-19.325,-0.57,-0.57,32733373.0,32733373.0,,
2020-12-31,OCS,CHF,0001953530,2020-12-31,2020-12-31 00:00:00,2020,FY,993000.0,9337000.0,-8344000.0,-8.4028197382,9337000.0,3515000.0,0.0,3515000.0,0,12336000.0,12336000.0,10000.0,2628000.0,228000.0,-12097000.0,-12.1822759315,-12336000.0,-12.4229607251,-2454000.0,-14790000.0,-14.8942598187,83000.0,-14873000.0,-14.9778449144,-0.45,-0.45,32733373.0,32733373.0,,
