date,symbol,reportedCurrency,cik,fillingDate,acceptedDate,calendarYear,period,cashAndCashEquivalents,shortTermInvestments,cashAndShortTermInvestments,netReceivables,inventory,otherCurrentAssets,totalCurrentAssets,propertyPlantEquipmentNet,goodwill,intangibleAssets,goodwillAndIntangibleAssets,longTermInvestments,taxAssets,otherNonCurrentAssets,totalNonCurrentAssets,otherAssets,totalAssets,accountPayables,shortTermDebt,taxPayables,deferredRevenue,otherCurrentLiabilities,totalCurrentLiabilities,longTermDebt,deferredRevenueNonCurrent,deferredTaxLiabilitiesNonCurrent,otherNonCurrentLiabilities,totalNonCurrentLiabilities,otherLiabilities,capitalLeaseObligations,totalLiabilities,preferredStock,commonStock,retainedEarnings,accumulatedOtherComprehensiveIncomeLoss,othertotalStockholdersEquity,totalStockholdersEquity,totalEquity,totalLiabilitiesAndStockholdersEquity,minorityInterest,totalLiabilitiesAndTotalEquity,totalInvestments,totalDebt,netDebt,link,finalLink
2024-12-31,CC,USD,0001627223,2025-02-18,2025-02-18 06:14:44,2024,FY,713000000.0,0,713000000.0,770000000.0,1472000000.0,71000000.0,3026000000.0,3441000000.0,46000000,3000000.0,49000000.0,152000000.0,291000000.0,556000000.0,4489000000.0,0.0,7515000000.0,1142000000.0,54000000,44000000,0.0,563000000.0,1803000000.0,4248000000,0,35000000,824000000,5107000000.0,0.0,194000000,6910000000.0,0.0,2000000.0,1718000000.0,-367000000.0,-749000000.0,604000000.0,605000000.0,7515000000.0,1000000.0,7515000000.0,152000000.0,4355000000,3642000000.0,https://www.sec.gov/Archives/edgar/data/1627223/000095017025021787/0000950170-25-021787-index.htm,https://www.sec.gov/Archives/edgar/data/1627223/000095017025021787/cc-20241231.htm
2023-12-31,CC,USD,0001627223,2024-03-27,2024-03-27 16:08:25,2023,FY,1203000000.0,0,1203000000.0,610000000.0,1352000000.0,670000000.0,3835000000.0,3476000000.0,102000000,3000000.0,105000000.0,158000000.0,303000000.0,374000000.0,4416000000.0,0.0,8251000000.0,1134000000.0,106000000,28000000,0.0,1218000000.0,2486000000.0,4193000000,0,44000000,789000000,5026000000.0,0.0,307000000,7512000000.0,0.0,2000000.0,1782000000.0,-274000000.0,-773000000.0,737000000.0,739000000.0,8251000000.0,2000000.0,8251000000.0,158000000.0,4299000000,3096000000.0,https://www.sec.gov/Archives/edgar/data/1627223/000095017024037171/0000950170-24-037171-index.htm,https://www.sec.gov/Archives/edgar/data/1627223/000095017024037171/cc-20231231.htm
2022-12-31,CC,USD,0001627223,2023-02-10,2023-02-10 16:06:58,2022,FY,1102000000.0,0,1102000000.0,626000000.0,1404000000.0,82000000.0,3214000000.0,3411000000.0,102000000,13000000.0,115000000.0,175000000.0,152000000.0,573000000.0,4426000000.0,0.0,7640000000.0,1233000000.0,141000000,42000000,61000000.0,475000000.0,1891000000.0,3788000000,0,61000000,793000000,4642000000.0,0.0,247000000,6533000000.0,0.0,2000000.0,2170000000.0,-343000000.0,-722000000.0,1107000000.0,1107000000.0,7640000000.0,0.0,7640000000.0,175000000.0,3813000000,2711000000.0,https://www.sec.gov/Archives/edgar/data/1627223/000095017023002467/0000950170-23-002467-index.htm,https://www.sec.gov/Archives/edgar/data/1627223/000095017023002467/cc-20221231.htm
2021-12-31,CC,USD,0001627223,2022-02-11,2022-02-11 16:20:04,2021,FY,1451000000.0,0,1451000000.0,720000000.0,1099000000.0,150000000.0,3345000000.0,3381000000.0,102000000,6000000.0,108000000.0,169000000.0,171000000.0,376000000.0,4205000000.0,0.0,7550000000.0,1162000000.0,84000000,64000000,3000000.0,545000000.0,1858000000.0,3903000000,2000000,49000000,656000000,4610000000.0,0.0,238000000,6468000000.0,0.0,2000000.0,1746000000.0,-364000000.0,-303000000.0,1081000000.0,1082000000.0,7550000000.0,1000000.0,7550000000.0,169000000.0,3928000000,2477000000.0,https://www.sec.gov/Archives/edgar/data/1627223/000156459022004791/0001564590-22-004791-index.htm,https://www.sec.gov/Archives/edgar/data/1627223/000156459022004791/cc-10k_20211231.htm
2020-12-31,CC,USD,0001627223,2021-02-12,2021-02-12 16:33:01,2020,FY,1105000000.0,0,1105000000.0,511000000.0,939000000.0,156000000.0,2633000000.0,3710000000.0,153000000,14000000.0,167000000.0,167000000.0,95000000.0,310000000.0,4449000000.0,0.0,7082000000.0,820000000.0,78000000,88000000,7000000.0,449000000.0,1442000000.0,4199000000,5000000,36000000,585000000,4825000000.0,0.0,251000000,6267000000.0,0.0,2000000.0,1303000000.0,-310000000.0,-182000000.0,813000000.0,815000000.0,7082000000.0,2000000.0,7082000000.0,167000000.0,4277000000,3172000000.0,https://www.sec.gov/Archives/edgar/data/1627223/000156459021005805/0001564590-21-005805-index.htm,https://www.sec.gov/Archives/edgar/data/1627223/000156459021005805/cc-10k_20201231.htm
2024-12-31,EFX,USD,0000033185,2025-02-20,2025-02-20 16:25:43,2024,FY,169900000.0,0,169900000.0,957600000.0,0.0,233100000.0,1360600000.0,3332100000.0,6547800000,94700000.0,6642500000.0,0.0,0.0,424200000.0,10398800000.0,0.0,11759400000.0,138200000.0,687700000,0,115500000.0,870100000.0,1811500000.0,4322800000,0,351600000,353900000,5028300000.0,0.0,0,6839800000.0,0.0,236600000.0,6018600000.0,-722700000.0,-735600000.0,4796900000.0,4902100000.0,11759400000.0,105200000.0,11759400000.0,0.0,5010500000,4840600000.0,https://www.sec.gov/Archives/edgar/data/33185/000003318525000025/0000033185-25-000025-index.htm,https://www.sec.gov/Archives/edgar/data/33185/000003318525000025/efx-20241231.htm
2023-12-31,EFX,USD,0000033185,2024-02-22,2024-02-22 16:20:17,2023,FY,216800000.0,0,216800000.0,908200000.0,0.0,231300000.0,1356300000.0,1834000000.0,6829900000,1953600000.0,8783500000.0,0.0,0.0,306200000.0,10923700000.0,0.0,12280000000.0,197600000.0,963400000,0,109500000.0,748500000.0,2019000000.0,4747800000,0,474900000,350800000,5573500000.0,0.0,0,7592500000.0,0.0,236600000.0,5608600000.0,-431200000.0,-879900000.0,4534100000.0,4687500000.0,12280000000.0,153400000.0,12280000000.0,1383900000.0,5711200000,5494400000.0,https://www.sec.gov/Archives/edgar/data/33185/000003318524000017/0000033185-24-000017-index.htm,https://www.sec.gov/Archives/edgar/data/33185/000003318524000017/efx-20231231.htm
2022-12-31,EFX,USD,0000033185,2023-02-23,2023-02-23 16:36:35,2022,FY,285200000.0,0,285200000.0,857700000.0,134300000.0,227600000.0,1370500000.0,1587000000.0,6383900000,1913300000.0,8297200000.0,74500000.0,460300000.0,-241600000.0,10177400000.0,0.0,11547900000.0,250800000.0,967200000,0,132900000.0,664300000.0,2015200000.0,4820100000,460300000,460300000,279000000,5559400000.0,0.0,0,7574600000.0,0.0,236600000.0,5256000000.0,-473700000.0,-1062400000.0,3956500000.0,3973300000.0,11547900000.0,16800000.0,11547900000.0,74500000.0,5787300000,5502100000.0,https://www.sec.gov/Archives/edgar/data/33185/000003318523000012/0000033185-23-000012-index.htm,https://www.sec.gov/Archives/edgar/data/33185/000003318523000012/efx-20221231.htm
2021-12-31,EFX,USD,0000033185,2022-02-24,2022-02-24 16:55:14,2021,FY,224700000.0,0,224700000.0,727600000.0,108400000.0,168600000.0,1120900000.0,1315900000.0,6258100000,1992900000.0,8251000000.0,-358200000.0,358200000.0,353100000.0,9920000000.0,0.0,11040900000.0,211600000.0,824800000,0,121300000.0,1133600000.0,2291300000.0,4470100000,130100000,358200000,320100000,5148400000.0,0.0,0,7439700000.0,0.0,236600000.0,4751600000.0,-295400000.0,-1108400000.0,3584400000.0,3601200000.0,11040900000.0,16800000.0,11040900000.0,-358200000.0,5294900000,5070200000.0,https://www.sec.gov/Archives/edgar/data/33185/000003318522000014/0000033185-22-000014-index.htm,https://www.sec.gov/Archives/edgar/data/33185/000003318522000014/efx-20211231.htm
2020-12-31,EFX,USD,0000033185,2021-02-25,2021-02-25 16:41:22,2020,FY,1684600000.0,0,1684600000.0,630600000.0,104100000.0,163100000.0,2478300000.0,1139400000.0,4495800000,1092700000.0,5588500000.0,-332300000.0,332300000.0,405600000.0,7133500000.0,0.0,9611800000.0,159100000.0,1101100000,0,108300000.0,1114600000.0,2483100000.0,3277300000,130700000,332300000,308800000,3918400000.0,0.0,0,6401500000.0,0.0,236600000.0,4185400000.0,-171400000.0,-1082200000.0,3168400000.0,3210300000.0,9611800000.0,41900000.0,9611800000.0,-332300000.0,4378400000,2693800000.0,https://www.sec.gov/Archives/edgar/data/33185/000003318521000025/0000033185-21-000025-index.htm,https://www.sec.gov/Archives/edgar/data/33185/000003318521000025/efx-20201231.htm
2024-01-31,PPIH,USD,0000914122,2024-05-30,2024-05-30 14:17:36,2023,FY,5845000.0,0,5845000.0,66340000.0,15541000.0,11092000.0,98818000.0,44087000.0,2222000,0.0,2222000.0,0.0,7919000.0,2665000.0,56893000.0,0.0,155711000.0,25323000.0,10616999,2380000,3357000.0,16065001.0,57742000.0,22287000,0,1217000,2487000,25991000.0,0.0,19084999,83733000.0,0.0,80000.0,12088000.0,-5551000.0,59095000.0,65712000.0,71978000.0,155711000.0,6266000.0,155711000.0,1700000.0,32791000,26946000.0,https://www.sec.gov/Archives/edgar/data/914122/000143774924018710/0001437749-24-018710-index.htm,https://www.sec.gov/Archives/edgar/data/914122/000143774924018710/ppih20240131_10ka.htm
2023-01-31,PPIH,USD,0000914122,2023-04-27,2023-04-27 16:17:01,2022,FY,5773000.0,0,5773000.0,56770000.0,14738000.0,8377000.0,85658000.0,31045000.0,2227000,0.0,2227000.0,2900000.0,696000.0,440000.0,37308000.0,0.0,122966000.0,14754000.0,11362000,2324000,3694000.0,11656000.0,43790000.0,17856000,0,909000,2627000,21392000.0,0.0,14379000,65182000.0,0.0,80000.0,1617000.0,-6449000.0,62536000.0,57784000.0,57784000.0,122966000.0,0.0,122966000.0,2900000.0,29382000,23609000.0,https://www.sec.gov/Archives/edgar/data/914122/000143774923011368/0001437749-23-011368-index.htm,https://www.sec.gov/Archives/edgar/data/914122/000143774923011368/ppih20230131_10k.htm
2022-01-31,PPIH,USD,0000914122,2022-04-19,2022-04-19 16:17:16,2021,FY,8214000.0,0,8214000.0,49414000.0,13760000.0,7001000.0,78389000.0,35969000.0,2342000,0.0,2342000.0,4300000.0,811000.0,1590000.0,45012000.0,0.0,123401000.0,13618000.0,8880000,2020000,4349000.0,13879000.0,38397000.0,25656000,0,712000,4179000,30547000.0,0.0,22093000,68944000.0,0.0,82000.0,-2295000.0,-3104000.0,59774000.0,54457000.0,54457000.0,123401000.0,0.0,123401000.0,4300000.0,34536000,26322000.0,https://www.sec.gov/Archives/edgar/data/914122/000143774922009216/0001437749-22-009216-index.htm,https://www.sec.gov/Archives/edgar/data/914122/000143774922009216/ppih20220131_10k.htm
2021-01-31,PPIH,USD,0000914122,2021-04-15,2021-04-15 16:26:12,2020,FY,7174000.0,0,7174000.0,29480000.0,12157000.0,5064000.0,53875000.0,40281000.0,2332000,0.0,2332000.0,2700000.0,823000.0,2680000.0,48816000.0,0.0,102691000.0,10365000.0,8169000,1155000,2850000.0,8563000.0,28252000.0,19442000,4120000,914000,4770000,25126000.0,0.0,14576000,53378000.0,0.0,82000.0,-8357000.0,-3287000.0,60875000.0,49313000.0,49313000.0,102691000.0,0.0,102691000.0,2700000.0,27611000,20437000.0,https://www.sec.gov/Archives/edgar/data/914122/000143774921009033/0001437749-21-009033-index.htm,https://www.sec.gov/Archives/edgar/data/914122/000143774921009033/ppih20210131_10k.htm
2020-01-31,PPIH,USD,0000914122,2020-04-21,2020-04-21 09:11:55,2019,FY,13371000.0,0,13371000.0,31568000.0,14498000.0,4818000.0,64255000.0,40104000.0,2254000,0.0,2254000.0,2100000.0,293000.0,3219000.0,47970000.0,0.0,112225000.0,9577000.0,11075000,664000,3375000.0,11523000.0,32839000.0,17931000,4199000,1052000,4774000,23757000.0,0.0,12254000,56596000.0,0.0,80000.0,-715000.0,-3760000.0,60024000.0,55629000.0,55629000.0,112225000.0,0.0,112225000.0,2100000.0,29006000,15635000.0,https://www.sec.gov/Archives/edgar/data/914122/000143774920008088/0001437749-20-008088-index.htm,https://www.sec.gov/Archives/edgar/data/914122/000143774920008088/ppih20191226_10k.htm
2024-07-31,MHN,USD,0001038186,2024-07-31,2024-07-30 20:00:00,2024,FY,0.0,4635138,4635138.0,6124756.0,-4635138.0,772001.0,6896757.0,0.0,0,0.0,0.0,606596963.0,0.0,4635138.0,611232101.0,0.0,618128858.0,4305875.0,1600946,0,661832.0,1538848.0,8769333.0,243343383,0,0,0,243343383.0,0.0,-661832,252112716.0,0.0,419590001.0,-53573859.0,2.8421709430404007e-08,0.0,366016142.0,366016142.0,618128858.0,0.0,618128858.0,611232101.0,245606161,244904161.0,,
2023-07-31,MHN,USD,0001038186,2023-07-31,2023-07-30 20:00:00,2023,FY,-14537162.0,14537162,14537162.0,6311131.0,0.0,374090.0,6685221.0,0.0,0,0.0,0.0,604164724.0,0.0,14537162.0,618701886.0,0.0,625387107.0,2906468.0,50346,0,-50346.0,-2956814.0,11925135.0,250611642,0,0,-250611642,243327736.0,0.0,0,255252871.0,0.0,424314725.0,-54180489.0,-2.1316282072803006e-08,0.0,370134236.0,370134236.0,625387107.0,0.0,625387107.0,618701886.0,250661988,265199150.0,,
2022-07-31,MHN,USD,0001038186,2022-07-31,2022-07-30 20:00:00,2022,FY,-620554.0,620554,620554.0,6750397.0,0.0,1516746.0,8267143.0,0.0,0,0.0,0.0,603141627.0,0.0,63630601.0,666772228.0,0.0,675039371.0,920000.0,36526761,0,0.0,2545551.0,39992312.0,243309872,0,0,0,243309872.0,0.0,0,283302184.0,0.0,432587216.0,-40850029.0,-7.105427357601002e-09,0.0,391737187.0,391737187.0,675039371.0,0.0,675039371.0,620554.0,279836633,280457187.0,,
2021-08-31,MHN,USD,0001038186,2021-08-31,2021-08-31 00:00:00,2021,FY,-4480163.0,4480163,4480163.0,7984091.0,0.0,561767.0,7984091.0,0.0,0,0.0,0.0,773663471.0,0.0,-773663471.0,773663471.0,520137.0,782167699.0,8218321.0,0,0,-48157456.0,-8218321.0,8218321.0,299670357,0,0,-299670357,243294580.0,-243294580.0,0,8218321.0,0.0,432601346.0,40787467.0,4.973799150320701e-08,-5.960464477539063e-08,473388813.0,473388813.0,782167699.0,0.0,782167699.0,773663471.0,299670357,304150520.0,,
2020-08-31,MHN,USD,0001038186,2020-08-31,2020-08-31 00:00:00,2020,FY,0.0,0,0.0,8482875.0,0.0,57035.0,8482875.0,0.0,0,0.0,0.0,766378439.0,0.0,-766378439.0,766378439.0,57035.0,774918349.0,2632997.0,0,0,-61102763.0,-2632997.0,2632997.0,351388,0,0,-351388,351388.0,307429495.0,0,310413880.0,0.0,432616787.0,31887682.0,-1.7763568394002505e-08,0.0,464504469.0,464504469.0,774918349.0,0.0,774918349.0,766378439.0,351388,351388.0,,
2024-12-31,IMCR,USD,0001671927,2025-02-26,2025-02-26 07:00:54,2024,FY,455731000.0,364645000,820376000.0,63009000.0,5446000.0,41033000.0,929864000.0,47735000.0,0,0.0,0.0,0.0,14790000.0,17117000.0,79642000.0,0.0,1009506000.0,25100000.0,3094000,0,5434000.0,178553000.0,212181000.0,40162000,0,0,396447000,436609000.0,0.0,1547000,648790000.0,0.0,135000.0,-795761000.0,-33763000.0,1190105000.0,360716000.0,360716000.0,1009506000.0,0.0,1009506000.0,364645000.0,41709000,-414022000.0,https://www.sec.gov/Archives/edgar/data/1671927/000167192725000006/0001671927-25-000006-index.htm,https://www.sec.gov/Archives/edgar/data/1671927/000167192725000006/imcr-20241231.htm
2023-12-31,IMCR,USD,0001671927,2024-02-28,2024-02-28 07:33:51,2023,FY,442626000.0,0,442626000.0,61435000.0,4501000.0,20258000.0,528820000.0,42735000.0,0,0.0,0.0,0.0,10973000.0,14473000.0,68181000.0,0.0,597001000.0,17798000.0,1388000,1807000,0.0,118028000.0,139021000.0,82644000,5515000,0,978000,89137000.0,0.0,36021000,228158000.0,0.0,105113.0,-744674000.0,-36261000.0,1149672887.0,368843000.0,368843000.0,597001000.0,0.0,597001000.0,0.0,84032000,-358594000.0,https://www.sec.gov/Archives/edgar/data/1671927/000114036124009921/0001140361-24-009921-index.htm,https://www.sec.gov/Archives/edgar/data/1671927/000114036124009921/ef20015345_10k.htm
2022-12-31,IMCR,GBP,0001671927,2023-03-01,2023-03-01 09:13:51,2022,FY,332539000.0,0,332539000.0,27781356.0,943000.0,13730000.0,391881000.0,31645000.0,409590,410.0,410000.0,137000.0,4240000.0,7205000.0,43637000.0,0.0,435518000.0,14450000.0,-15863000,927000,6408000.0,58075000.0,83090000.0,31760000,4331000,0,36670000,73672000.0,0.0,33642000,156762000.0,0.0,97000.0,-261253000.0,334750000.0,1022687000.0,278756000.0,278756000.0,435518000.0,0.0,435518000.0,137000.0,69303000,-263236000.0,https://www.sec.gov/Archives/edgar/data/1671927/000114036123009313/0001140361-23-009313-index.htm,https://www.sec.gov/Archives/edgar/data/1671927/000114036123009313/brhc10048769_20f.htm
2021-12-31,IMCR,GBP,0001671927,2022-03-03,2022-03-03 07:09:56,2021,FY,237886000.0,0,237886000.0,24840000.0,-18793000.0,26484000.0,262726000.0,31537000.0,0,0.0,31537000.0,4935000.0,2575000.0,-31537000.0,39047000.0,0.0,301773000.0,10120927.0,10287096,532000,24450000.0,45774067.0,61180000.0,84461629,6408000,0,8725403,69046000.0,0.0,35913838,130226000.0,0.0,88000.0,-481392000.0,386256000.0,494886598.0,171547000.0,171547000.0,301773000.0,0.0,301773000.0,4935000.0,63836000,-174050000.0,https://www.sec.gov/Archives/edgar/data/1671927/000114036122007578/0001140361-22-007578-index.htm,https://www.sec.gov/Archives/edgar/data/1671927/000114036122007578/brhc10034614_20f.htm
2020-12-31,IMCR,GBP,0001671927,2021-03-25,2021-03-25 07:01:19,2020,FY,129716000.0,0,129716000.0,2051000.0,-21164000.0,27671000.0,152931000.0,36847000.0,0,0.0,0.0,973000.0,2230000.0,4213000.0,44263000.0,0.0,197194000.0,7881216.0,12623337,620000,27118000.0,36549174.0,54998000.0,84282540,24868000,-24868000,34078799,86850000.0,0.0,37113809,141848000.0,0.0,1000.0,-349869000.0,163000.0,20080904.0,55346000.0,55346000.0,197194000.0,0.0,197194000.0,973000.0,63887000,-65829000.0,https://www.sec.gov/Archives/edgar/data/1671927/000114036121009904/0001140361-21-009904-index.htm,https://www.sec.gov/Archives/edgar/data/1671927/000114036121009904/brhc10022122_20f.htm
2024-12-31,CORZ,USD,0001839341,2025-02-27,2025-02-26 19:42:47,2024,FY,836197000.0,0,836197000.0,1025000.0,0.0,66740000.0,903962000.0,670814000.0,0,0.0,0.0,0.0,0.0,24039000.0,694853000.0,0.0,1598815000.0,19265000.0,27933000,0,18134000.0,69230000.0,134562000.0,1171836000,0,0,1112597000,2284433000.0,0.0,0,2418995000.0,0.0,3000.0,-3735218000.0,0.0,2915035000.0,-820180000.0,-820180000.0,1598815000.0,0.0,1598815000.0,0.0,1199769000,363572000.0,https://www.sec.gov/Archives/edgar/data/1839341/000162828025008302/0001628280-25-008302-index.htm,https://www.sec.gov/Archives/edgar/data/1839341/000162828025008302/core-20241231.htm
2023-12-31,CORZ,USD,0001839341,2024-03-13,2024-03-12 17:48:18,2023,FY,50409000.0,0,50409000.0,7159000.0,0.0,39448000.0,97016000.0,593275000.0,0,2247000.0,2247000.0,0.0,0.0,19618000.0,615140000.0,0.0,712156000.0,154751000.0,144206000,3694000,9830000.0,175942000.0,488423000.0,721339000,0,0,99335000,820674000.0,0.0,57105000,1309097000.0,0.0,36000.0,-2420237000.0,0.0,1823260000.0,-596941000.0,-596941000.0,712156000.0,0.0,712156000.0,2284000.0,865545000,815136000.0,https://www.sec.gov/Archives/edgar/data/1839341/000162828024010682/0001628280-24-010682-index.htm,https://www.sec.gov/Archives/edgar/data/1839341/000162828024010682/core-20231231.htm
2022-12-31,CORZ,USD,0001839341,2023-04-04,2023-04-03 21:36:30,2022,FY,52240000.0,0,52240000.0,257000.0,0.0,68961000.0,85102000.0,711564000.0,0,1704000.0,1704000.0,0.0,0.0,9316000.0,722584000.0,0.0,807686000.0,53641000.0,37011000,4720000,78185000.0,13232000.0,186789000.0,720000,0,0,1029522999,1030242999.0,1.0,1489000,1217032000.0,0.0,36000.0,-2173750000.0,0.0,1764368000.0,-409346000.0,-409346000.0,807686000.0,0.0,807686000.0,0.0,37731000,-14509000.0,https://www.sec.gov/Archives/edgar/data/1839341/000162828023010454/0001628280-23-010454-index.htm,https://www.sec.gov/Archives/edgar/data/1839341/000162828023010454/core-20221231.htm
2021-12-31,CORZ,USD,0001839341,2022-03-30,2022-03-30 09:12:19,2021,FY,131678000.0,0,131678000.0,1682000.0,0.0,637007000.0,756560000.0,597304000.0,1055760000,8195000.0,1063955000.0,0.0,0.0,21045000.0,1682304000.0,0.0,2438864000.0,11617000.0,104448000,5736000,141932000.0,56556000.0,320289000.0,714358000,0,0,18531000,732889000.0,0.0,90597000,1053178000.0,44476000.0,44503000.0,-27432000.0,-10966000.0,1335105000.0,1385686000.0,1385686000.0,2438864000.0,0.0,2438864000.0,0.0,818806000,687128000.0,https://www.sec.gov/Archives/edgar/data/1839341/000119312522088850/0001193125-22-088850-index.htm,https://www.sec.gov/Archives/edgar/data/1839341/000119312522088850/d268076d10k.htm
2020-12-31,CORZ,USD,0001839341,2020-12-31,2020-12-30 19:00:00,2020,FY,8671000.0,0,8671000.0,1107000.0,58310000.0,61141000.0,70919000.0,88244000.0,58241000,6674000.0,64915000.0,0.0,0.0,1499000.0,154658000.0,0.0,225577000.0,3057000.0,18161999,1645000,44843000.0,46783001.0,69647000.0,22127000,0,0,44579000,66706000.0,0.0,4409000,136353000.0,44476000.0,1000.0,-74744000.0,-1.4210854715202004e-08,163966999.0,89224000.0,89224000.0,225577000.0,0.0,225577000.0,0.0,40289000,31618000.0,,
2024-04-30,BKGFY,GBP,0001447137,2024-04-30,2024-04-28 20:00:00,2024,FY,1192000000.0,0,1192000000.0,72500000.0,5283900000.0,54500000.0,6602900000.0,32299999.0,17200000,0.0,17200000.0,227000000.0,0.0,116900001.0,393400000.0,0.0,6996300000.0,736600000.0,2100000,9500000,0.0,1201000000.0,1949200000.0,662300000,0,0,824300000,1486600000.0,0.0,4400000,3435800000.0,0.0,6200000.0,4440500000.0,0.0,-886200000.0,3560500000.0,3560500000.0,6996300000.0,0.0,6996300000.0,227000000.0,664400000,-527600000.0,,
2023-04-30,BKGFY,GBP,0001447137,2023-04-30,2023-04-29 20:00:00,2023,FY,1070400000.0,0,1070400000.0,48200000.0,5302100000.0,44100000.0,6464800000.0,39800000.0,17200000,17200000.0,34400000.0,223400000.0,114500000.0,-17200001.0,394899999.0,1.0,6859700000.0,602600000.0,2200000,3700000,88400000.0,1277500000.0,1886000000.0,662900000,0,0,978500000,1641400000.0,0.0,5100000,3527400000.0,0.0,6300000.0,3251000000.0,25200000.0,-886300000.0,3332300000.0,3332300000.0,6859700000.0,0.0,6859700000.0,223400000.0,665100000,-405300000.0,,
2022-04-30,BKGFY,GBP,0001447137,2022-04-30,2022-04-29 20:00:00,2022,FY,928900000.0,0,928900000.0,150200000.0,5134000000.0,0.0,6213100000.0,46300000.0,17200000,17200000.0,34400000.0,190400000.0,120700000.0,-17200001.0,374599999.0,1.0,6587700000.0,635500000.0,2100000,25600000,148300000.0,1306300000.0,1969500000.0,663800000,0,0,818300000,1482100000.0,0.0,5900000,3451600000.0,0.0,6500000.0,3054800000.0,25000000.0,-886500000.0,3136100000.0,3136100000.0,6587700000.0,0.0,6587700000.0,190400000.0,665900000,-263000000.0,,
2021-04-30,BKGFY,GBP,0001447137,2021-04-30,2021-04-29 20:00:00,2021,FY,1428200000.0,0,1428200000.0,83300000.0,3652500000.0,0.0,5164000000.0,49200000.0,17200000,17200000.0,34400000.0,281700000.0,40100000.0,-17200001.0,388199999.0,1.0,5552200000.0,509200000.0,1500000,17000000,0.0,1154300000.0,1682000000.0,301700000,0,0,393100000,694800000.0,0.0,3200000,2376800000.0,0.0,6600000.0,3094100000.0,24900000.0,-886600000.0,3175400000.0,3175400000.0,5552200000.0,0.0,5552200000.0,281700000.0,303200000,-1125000000.0,,
2020-04-30,BKGFY,GBP,0001447137,2020-04-30,2020-04-29 20:00:00,2020,FY,1638900000.0,0,1638900000.0,73400000.0,3554900000.0,0.0,5267200000.0,51000000.0,17200000,17200000.0,34400000.0,261800000.0,53600000.0,-17200000.0,383600000.0,0.0,5650800000.0,586000000.0,201200000,23000000,0.0,1114000000.0,1924200000.0,301300000,0,0,323699999,624999999.0,1.0,2500000,2549200000.0,0.0,6800000.0,3020300000.0,24700000.0,-886800000.0,3101600000.0,3101600000.0,5650800000.0,0.0,5650800000.0,261800000.0,502500000,-1136400000.0,,
2023-12-31,DLOC,USD,0001407878,2024-03-29,2024-03-29 16:26:09,2023,FY,44104.0,0,44104.0,0.0,0.0,0.0,44104.0,0.0,0,4000.0,4000.0,0.0,0.0,500.0,4500.0,0.0,48604.0,124342.0,287494,0,0.0,2245703.0,2657539.0,599124,0,0,0,599124.0,0.0,0,3256663.0,5924100.0,733767.0,-54887744.0,-7.105427357601002e-09,45021818.00000001,-3208059.0,-3208059.0,48604.0,0.0,48604.0,0.0,886618,842514.0,https://www.sec.gov/Archives/edgar/data/1407878/000149315224011984/0001493152-24-011984-index.htm,https://www.sec.gov/Archives/edgar/data/1407878/000149315224011984/form10-k.htm
2022-12-31,DLOC,USD,0001407878,2023-03-20,2023-03-20 06:39:55,2022,FY,31113.0,0,31113.0,0.0,0.0,0.0,31113.0,0.0,0,6000.0,6000.0,0.0,0.0,500.0,6500.0,0.0,37613.0,113187.0,104016,0,0.0,1300620.0,1517823.0,399233,0,0,5484100,5883333.0,-2.3283064365386963e-10,0,7401156.0,5484100.0,604150.0,-50164550.0,-5484100.0,47680957.0,-7363543.0,-7363543.0,37613.0,0.0,37613.0,0.0,503249,472136.0,https://www.sec.gov/Archives/edgar/data/1407878/000147793223001568/0001477932-23-001568-index.htm,https://www.sec.gov/Archives/edgar/data/1407878/000147793223001568/dloc_10k.htm
2021-12-31,DLOC,USD,0001407878,2022-03-28,2022-03-28 15:21:47,2021,FY,68366.0,0,68366.0,0.0,0.0,0.0,68366.0,0.0,0,8000.0,8000.0,0.0,0.0,-8000.0,8000.0,0.0,76366.0,127067.0,191254,0,62233.0,6017447.0,6335768.0,199343,0,0,4986200,5185543.0,0.0,0,11521311.0,4986200.0,276383.0,-51133564.0,-4986200.0,39412236.0,-11444945.0,-11444945.0,76366.0,0.0,76366.0,0.0,390597,322231.0,https://www.sec.gov/Archives/edgar/data/1407878/000147793222001669/0001477932-22-001669-index.htm,https://www.sec.gov/Archives/edgar/data/1407878/000147793222001669/dloc_10k.htm
2020-12-31,DLOC,USD,0001407878,2021-03-29,2021-03-29 13:06:52,2020,FY,18605.0,0,18605.0,0.0,0.0,0.0,18605.0,0.0,0,0.0,0.0,0.0,0.0,0.0,0.0,0.0,18605.0,168946.0,2599528,0,824531.0,12186622.0,14955096.0,0,0,0,0,1505500.0,-1505500.0,0,14955096.0,15.0,133338.0,-38013037.0,0.0,22943208.0,-14936491.0,-14936491.0,18605.0,0.0,18605.0,0.0,2599528,2580923.0,https://www.sec.gov/Archives/edgar/data/1407878/000147793221001746/0001477932-21-001746-index.htm,https://www.sec.gov/Archives/edgar/data/1407878/000147793221001746/dloc_10k.htm
2019-12-31,DLOC,USD,0001407878,2020-04-14,2020-04-14 12:20:32,2019,FY,8275.0,0,8275.0,0.0,0.0,2808.0,11083.0,8303.0,0,0.0,0.0,0.0,0.0,-8303.0,8303.0,0.0,19386.0,116478.0,2474213,0,584942.0,6755837.0,9346528.0,0,0,0,0,0.0,0.0,7708,9346528.0,17.0,1049.0,-35265842.0,0.0,25937634.0,-9327142.0,-9327142.0,19386.0,0.0,19386.0,0.0,2474213,2465938.0,https://www.sec.gov/Archives/edgar/data/1407878/000147793220001921/0001477932-20-001921-index.htm,https://www.sec.gov/Archives/edgar/data/1407878/000147793220001921/dloc_10k.htm
2024-12-31,AWK,USD,0001410636,2025-02-19,2025-02-19 16:27:57,2024,FY,96000000.0,0,96000000.0,756000000.0,103000000.0,260000000.0,1215000000.0,28127000000.0,1144000000,0.0,1144000000.0,0.0,0.0,2344000000.0,31615000000.0,0.0,32830000000.0,346000000.0,1516000000,156000000,0.0,1132000000.0,3150000000.0,12594000000,0,2881000000,3873000000,19348000000.0,0.0,76000000,22498000000.0,3000000.0,2000000.0,2112000000.0,12000000.0,8203000000.0,10332000000.0,10332000000.0,32830000000.0,0.0,32830000000.0,0.0,14110000000,14014000000.0,https://www.sec.gov/Archives/edgar/data/1410636/000141063625000022/0001410636-25-000022-index.htm,https://www.sec.gov/Archives/edgar/data/1410636/000141063625000022/awk-20241231.htm
2023-12-31,AWK,USD,0001410636,2024-02-14,2024-02-14 16:28:14,2023,FY,330000000.0,62000000,330000000.0,727000000.0,112000000.0,220000000.0,1389000000.0,25524000000.0,1143000000,0.0,1143000000.0,111000000.0,0.0,2131000000.0,28909000000.0,0.0,30298000000.0,294000000.0,654000000,67000000,0.0,1136000000.0,2151000000.0,11791000000,0,0,6559000000,18350000000.0,0.0,73000000,20501000000.0,0.0,2000000.0,1659000000.0,-26000000.0,8162000000.0,9797000000.0,9797000000.0,30298000000.0,0.0,30298000000.0,202000000.0,12442000000,12112000000.0,https://www.sec.gov/Archives/edgar/data/1410636/000141063624000050/0001410636-24-000050-index.htm,https://www.sec.gov/Archives/edgar/data/1410636/000141063624000050/awk-20231231.htm
2022-12-31,AWK,USD,0001410636,2023-02-15,2023-02-15 16:31:32,2022,FY,85000000.0,67000000,85000000.0,609000000.0,98000000.0,359000000.0,1250000000.0,23305000000.0,1143000000,0.0,1143000000.0,147000000.0,2437000000.0,-495000000.0,26537000000.0,0.0,27787000000.0,254000000.0,1456000000,49000000,2437000000.0,1052000000.0,2811000000.0,10999000000,0,2437000000,3847000000,17283000000.0,0.0,70000000,20094000000.0,3000000.0,2000000.0,1267000000.0,-23000000.0,6447000000.0,7693000000.0,7693000000.0,27787000000.0,0.0,27787000000.0,214000000.0,12452000000,12367000000.0,https://www.sec.gov/Archives/edgar/data/1410636/000141063623000020/0001410636-23-000020-index.htm,https://www.sec.gov/Archives/edgar/data/1410636/000141063623000020/awk-20221231.htm
2021-12-31,AWK,USD,0001410636,2022-02-16,2022-02-16 16:32:28,2021,FY,116000000.0,17000000,116000000.0,568000000.0,57000000.0,776000000.0,1554000000.0,21176000000.0,1139000000,0.0,1139000000.0,-2421000000.0,2421000000.0,2206000000.0,24521000000.0,0.0,26075000000.0,235000000.0,641000000,176000000,965000000.0,1089000000.0,2141000000.0,10424000000,2172000000,2421000000,6212000000,16636000000.0,0.0,81000000,18777000000.0,3000000.0,2000000.0,925000000.0,-45000000.0,6416000000.0,7298000000.0,7298000000.0,26075000000.0,0.0,26075000000.0,-2421000000.0,11062000000,10946000000.0,https://www.sec.gov/Archives/edgar/data/1410636/000141063622000048/0001410636-22-000048-index.htm,https://www.sec.gov/Archives/edgar/data/1410636/000141063622000048/awk-20211231.htm
2020-12-31,AWK,USD,0001410636,2021-02-24,2021-02-24 16:32:18,2020,FY,547000000.0,11000000,547000000.0,527000000.0,47000000.0,774000000.0,1906000000.0,19805000000.0,1504000000,55000000.0,1559000000.0,-2113000000.0,2113000000.0,1496000000.0,22860000000.0,0.0,24766000000.0,189000000.0,1611000000,50000000,729000000.0,1031000000.0,2881000000.0,9414000000,2432000000,2113000000,6017000000,15431000000.0,0.0,82000000,18312000000.0,4000000.0,2000000.0,102000000.0,-49000000.0,6399000000.0,6454000000.0,6454000000.0,24766000000.0,0.0,24766000000.0,-2113000000.0,11021000000,10474000000.0,https://www.sec.gov/Archives/edgar/data/1410636/000141063621000101/0001410636-21-000101-index.htm,https://www.sec.gov/Archives/edgar/data/1410636/000141063621000101/awk-20201231.htm
2024-03-31,SMPNY,JPY,0001669414,2024-03-31,2024-03-29 20:00:00,2024,FY,1231345000000.0,0,1231345000000.0,0.0,0.0,0.0,1231345000000.0,371581000000.0,170645000000,348275000000.0,518920000000.0,11424810000000.0,0.0,12710928000000.0,25026239000000.0,-11424806000000.0,14832778000000.0,0.0,0,0,0.0,0.0,57943000000.0,682349000000,0,0,11278475000000,11960824000000.0,-54247000000.0,0,11964520000000.0,0.0,100045000000.0,1291783000000.0,0.0,1460306000000.0,2852134000000.0,2868257000000.0,14816654000000.0,16123000000.0,14816654000000.0,11424810000000.0,682349000000,-548996000000.0,,
2023-03-31,SMPNY,JPY,0001669414,2023-03-31,2023-03-30 20:00:00,2023,FY,1246638000000.0,167774000000,1246638000000.0,0.0,0.0,0.0,1246638000000.0,360880000000.0,197729000000,345393000000.0,543122000000.0,9808182000000.0,98173000000.0,-9906353000000.0,904004000000.0,12309590000000.0,14460232000000.0,0.0,0,0,0.0,0.0,2970255000000.0,609051000000,614569000000,4642000000,-609051000000,614131000000.0,-2970255000000.0,0,614131000000.0,1188382000000.0,100045000000.0,1035772000000.0,666043000000.0,792542000000.0,1854425000000.0,1868900000000.0,14445755000000.0,14475000000.0,14445755000000.0,9808182000000.0,609051000000,-637587000000.0,,
2022-03-31,SMPNY,JPY,0001669414,2022-03-31,2022-03-30 20:00:00,2022,FY,1170892000000.0,150388000000,1170892000000.0,0.0,0.0,0.0,1170892000000.0,353436000000.0,151012000000,277253000000.0,428265000000.0,9542035000000.0,31741000000.0,-9573773000000.0,781704000000.0,11835239000000.0,13787835000000.0,0.0,0,0,0.0,0.0,2369530000000.0,539742000000,534698000000,5424000000,-539742000000,11747046000000.0,-2369530000000.0,0,11747046000000.0,1238151000000.0,100045000000.0,1028109000000.0,790412000000.0,109997000000.0,2028563000000.0,2040787000000.0,13787835000000.0,12224000000.0,13787835000000.0,9542035000000.0,539742000000,-631150000000.0,,
2021-03-31,SMPNY,JPY,0001669414,2021-03-31,2021-03-30 20:00:00,2021,FY,1068985000000.0,82424000000,1068985000000.0,0.0,0.0,0.0,1068985000000.0,362194000000.0,163555000000,258682000000.0,422237000000.0,9036200000000.0,6652000000.0,-9042850000000.0,784433000000.0,11265238000000.0,13118656000000.0,0.0,0,0,0.0,0.0,2023611000000.0,529591000000,488394000000,72109000000,-529591000000,11087488000000.0,-2023611000000.0,0,11087488000000.0,1146399000000.0,100045000000.0,876066000000.0,872428000000.0,170288000000.0,2018827000000.0,2031167000000.0,13118656000000.0,12340000000.0,13118656000000.0,9036200000000.0,529591000000,-539394000000.0,,
2020-03-31,SMPNY,JPY,0001669414,2020-03-31,2020-03-30 20:00:00,2020,FY,925014000000.0,33003000000,958017000000.0,0.0,0.0,0.0,925014000000.0,374392000000.0,172665000000,235323000000.0,407988000000.0,8003389000000.0,70886000000.0,-8074274000000.0,782381000000.0,10270441000000.0,11977836000000.0,0.0,0,0,0.0,0.0,1779555000000.0,504089000000,595860000000,125000000,-504089000000,10365252000000.0,-1779555000000.0,0,10365252000000.0,1094254000000.0,100045000000.0,788922000000.0,503294000000.0,205287000000.0,1597548000000.0,1612581000000.0,11977836000000.0,15033000000.0,11977836000000.0,8036392000000.0,504089000000,-420925000000.0,,
2024-12-31,FROG,USD,0001800667,2025-02-14,2025-02-14 16:43:43,2024,FY,49869000.0,472138000,522007000.0,90712000.0,0.0,36508000.0,649227000.0,19870000.0,371512000,60826000.0,432338000.0,0.0,0.0,28471000.0,480679000.0,0.0,1129906000.0,10649000.0,7794000,0,247187000.0,51885000.0,317515000.0,6182000,0,0,32683000,38865000.0,0.0,0,356380000.0,0.0,315000.0,-359668000.0,655000.0,1132224000.0,773526000.0,773526000.0,1129906000.0,0.0,1129906000.0,472138000.0,13976000,-35893000.0,https://www.sec.gov/Archives/edgar/data/1800667/000095017025021340/0000950170-25-021340-index.htm,https://www.sec.gov/Archives/edgar/data/1800667/000095017025021340/frog-20241231.htm
2023-12-31,FROG,USD,0001800667,2024-02-15,2024-02-15 16:08:38,2023,FY,84765000.0,460245000,545010000.0,76437000.0,0.0,24354000.0,645801000.0,29090000.0,247955000,25768000.0,273723000.0,0.0,0.0,23942000.0,326755000.0,0.0,972556000.0,16970000.0,22789000,0,201118000.0,35815000.0,262175000.0,13954000,12987000,0,4317000,31258000.0,0.0,22226000,293433000.0,0.0,297000.0,-290432000.0,1013000.0,968245000.0,679123000.0,679123000.0,972556000.0,0.0,972556000.0,460245000.0,22226000,-62539000.0,https://www.sec.gov/Archives/edgar/data/1800667/000095017024015873/0000950170-24-015873-index.htm,https://www.sec.gov/Archives/edgar/data/1800667/000095017024015873/frog-20231231.htm
2022-12-31,FROG,USD,0001800667,2023-02-09,2023-02-09 16:07:23,2022,FY,45595000.0,397605000,443200000.0,62117000.0,0.0,26705000.0,532022000.0,32623000.0,247955000,37544000.0,285499000.0,0.0,0.0,21077000.0,339199000.0,0.0,871221000.0,14867000.0,14264000,0,158725000.0,21716000.0,209572000.0,16829000,16990000,0,3057000,36876000.0,0.0,23961000,246448000.0,0.0,283000.0,-229176000.0,-2772000.0,856438000.0,624773000.0,624773000.0,871221000.0,0.0,871221000.0,397605000.0,23961000,-21634000.0,https://www.sec.gov/Archives/edgar/data/1800667/000095017023002329/0000950170-23-002329-index.htm,https://www.sec.gov/Archives/edgar/data/1800667/000095017023002329/frog-20221231.htm
2021-12-31,FROG,USD,0001800667,2022-02-11,2022-02-11 16:03:46,2021,FY,68284000.0,352844000,421128000.0,50483000.0,0.0,27411000.0,499022000.0,32688000.0,247776000,47980000.0,295756000.0,243000.0,-243000.0,25062000.0,353506000.0,0.0,852528000.0,10868000.0,14586000,701000,129149000.0,19960000.0,175264000.0,20014000,17957000,0,712000,38683000.0,0.0,27307000,213947000.0,0.0,272000.0,-138992000.0,611000.0,776690000.0,638581000.0,638581000.0,852528000.0,0.0,852528000.0,352844000.0,27307000,-40977000.0,https://www.sec.gov/Archives/edgar/data/1800667/000095017022001123/0000950170-22-001123-index.htm,https://www.sec.gov/Archives/edgar/data/1800667/000095017022001123/frog-20211231.htm
2020-12-31,FROG,USD,0001800667,2021-02-12,2021-02-12 16:07:26,2020,FY,164461000.0,433595000,598056000.0,37048000.0,1.0,17457000.0,652561000.0,4963000.0,17320000,4047000.0,21367000.0,264000.0,-264000.0,10340000.0,36670000.0,0.0,689231000.0,9911000.0,0,9186000,91750000.0,11853000.0,122700000.0,0,11087000,0,1550000,12637000.0,0.0,0,135337000.0,0.0,257000.0,-74789000.0,372000.0,628054000.0,553894000.0,553894000.0,689231000.0,0.0,689231000.0,433595000.0,0,-164461000.0,https://www.sec.gov/Archives/edgar/data/1800667/000119312521041470/0001193125-21-041470-index.htm,https://www.sec.gov/Archives/edgar/data/1800667/000119312521041470/d98623d10k.htm
2024-12-31,CERS,USD,0001020214,2025-02-26,2025-02-26 17:03:43,2024,FY,20266000.0,60186000,80452000.0,29777000.0,38150000.0,3643000.0,152022000.0,15538000.0,1316000,0.0,1316000.0,0.0,0.0,32041000.0,48895000.0,0.0,200917000.0,21695000.0,21572000,0,1398000.0,18943000.0,63608000.0,11663000,0,0,68750000,80413000.0,0.0,0,144021000.0,0.0,186000.0,-1065528000.0,-400000.0,1121887000.0,56145000.0,56896000.0,200917000.0,751000.0,200917000.0,60186000.0,33235000,12969000.0,https://www.sec.gov/Archives/edgar/data/1020214/000095017025027906/0000950170-25-027906-index.htm,https://www.sec.gov/Archives/edgar/data/1020214/000095017025027906/cers-20241231.htm
2023-12-31,CERS,USD,0001020214,2024-03-05,2024-03-05 16:58:55,2023,FY,11647000.0,54205000,65852000.0,35500000.0,39868000.0,3221000.0,144441000.0,19353000.0,1316000,0.0,1316000.0,0.0,0.0,32638000.0,53307000.0,0.0,197748000.0,23842000.0,22452000,0,2001999.0,19225001.0,67521000.0,73547000,0,0,3236000,76783000.0,0.0,16203000,144304000.0,0.0,181000.0,-1044609999.0,-1274000.0,1098352999.0,52650000.0,53444000.0,197748000.0,794000.0,197748000.0,54205000.0,95999000,84352000.0,https://www.sec.gov/Archives/edgar/data/1020214/000095017024026195/0000950170-24-026195-index.htm,https://www.sec.gov/Archives/edgar/data/1020214/000095017024026195/cers-20231231.htm
2022-12-31,CERS,USD,0001020214,2023-03-01,2023-03-01 16:24:26,2022,FY,35585000.0,66569000,102154000.0,34426000.0,29003000.0,4561000.0,170144000.0,23481000.0,1316000,0.0,1316000.0,1773000.0,-1773000.0,23151000.0,47948000.0,0.0,218092000.0,33002000.0,60369000,0,589000.0,23098000.0,117058000.0,44302000,0,0,-11830000,32472000.0,0.0,17434000,149530000.0,0.0,177000.0,-1007121000.0,-2787000.0,1077341000.0,67610000.0,68562000.0,218092000.0,952000.0,218092000.0,66569000.0,87237000,51652000.0,https://www.sec.gov/Archives/edgar/data/1020214/000095017023005558/0000950170-23-005558-index.htm,https://www.sec.gov/Archives/edgar/data/1020214/000095017023005558/cers-20221231.htm
2021-12-31,CERS,USD,0001020214,2022-02-22,2022-02-22 17:14:46,2021,FY,48759000.0,80600000,129359000.0,25129000.0,26793000.0,11642000.0,187102000.0,25179000.0,1316000,0.0,1316000.0,2855000.0,-2855000.0,23902000.0,50397000.0,0.0,237499000.0,35608000.0,18507000,0,673000.0,23768000.0,78556000.0,87244000,0,0,-13918000,73326000.0,0.0,18165000,151882000.0,0.0,174000.0,-964342000.0,-149000.0,1048936000.0,84619000.0,85617000.0,237499000.0,998000.0,237499000.0,80600000.0,87586000,38827000.0,https://www.sec.gov/Archives/edgar/data/1020214/000095017022001641/0000950170-22-001641-index.htm,https://www.sec.gov/Archives/edgar/data/1020214/000095017022001641/cers-20211231.htm
2020-12-31,CERS,USD,0001020214,2021-02-25,2021-02-25 17:20:41,2020,FY,36594000.0,97000000,133594000.0,21166000.0,23254000.0,10834000.0,183431000.0,26989000.0,1316000,0.0,1316000.0,2309000.0,-2309000.0,9679000.0,37984000.0,0.0,221415000.0,24213000.0,12346000,0,577000.0,22838000.0,59974000.0,73334000,0,0,-15699000,57635000.0,0.0,18788000,117609000.0,0.0,168000.0,-909968000.0,674000.0,1012932000.0,103806000.0,103806000.0,221415000.0,0.0,221415000.0,97000000.0,66892000,30298000.0,https://www.sec.gov/Archives/edgar/data/1020214/000156459021008958/0001564590-21-008958-index.htm,https://www.sec.gov/Archives/edgar/data/1020214/000156459021008958/cers-10k_20201231.htm
2024-12-31,PLBC,USD,0001168455,2025-03-19,2025-03-19 12:15:34,2024,FY,82018000.0,370228000,463350000.0,0.0,0.0,0.0,463350000.0,0.0,5502000,0.0,5502000.0,0.0,0.0,0.0,5502000.0,1068180000.0,1537032000.0,0.0,0,0,0.0,0.0,0.0,39759000,0,0,-39759000,39759000.0,1445426000.0,24759000,1445426000.0,0.0,0.0,0.0,-25145000.0,1674486000.0,1649341000.0,1649341000.0,1537032000.0,0.0,1537032000.0,370228000.0,39759000,-42259000.0,https://www.sec.gov/Archives/edgar/data/1168455/000143774925008351/0001437749-25-008351-index.htm,https://www.sec.gov/Archives/edgar/data/1168455/000143774925008351/plbc20241231_10k.htm
2023-12-31,PLBC,USD,0001168455,2024-03-20,2024-03-20 11:31:04,2023,FY,85655000.0,0,85655000.0,0.0,0.0,0.0,85655000.0,21874000.0,5502000,0.0,5502000.0,7605000.0,0.0,1001539000.0,1036520000.0,488241000.0,1610416000.0,0.0,0,0,0.0,1251000.0,1251000.0,90000000,0,0,1371848000,1461848000.0,0.0,0,1463099000.0,0.0,28033000.0,151748000.0,-32464000.0,0.0,147317000.0,147317000.0,1610416000.0,0.0,1610416000.0,7605000.0,90000000,4345000.0,https://www.sec.gov/Archives/edgar/data/1168455/000143774924008616/0001437749-24-008616-index.htm,https://www.sec.gov/Archives/edgar/data/1168455/000143774924008616/plbc20231231_10k.htm
2022-12-31,PLBC,USD,0001168455,2023-03-16,2023-03-16 09:01:19,2022,FY,183426000.0,444703000,628129000.0,0.0,-190859000.0,0.0,675153000.0,18100000.0,5502000,0.0,5502000.0,444703000.0,22086000.0,-22086000.0,468305000.0,477586000.0,1621044000.0,15297000.0,0,0,-19163000.0,-15216000.0,15297000.0,10310000,-2469000,2469000,1491649000,15297000.0,1471446000.0,0,1502040000.0,0.0,27372000.0,128388000.0,-36756000.0,0.0,119004000.0,119004000.0,1621044000.0,0.0,1621044000.0,889406000.0,10310000,-173116000.0,https://www.sec.gov/Archives/edgar/data/1168455/000143774923006797/0001437749-23-006797-index.htm,https://www.sec.gov/Archives/edgar/data/1168455/000143774923006797/plbc20221231b_10k.htm
2021-12-31,PLBC,USD,0001168455,2022-03-17,2022-03-17 12:00:59,2021,FY,380584000.0,305914000,686498000.0,0.0,-386871000.0,0.0,715155000.0,16424000.0,5502000,0.0,5502000.0,305914000.0,6987000.0,-6987000.0,327840000.0,571079000.0,1614074000.0,13400000.0,0,0,13400000.0,-13322000.0,30683000.0,10310000,7876000,2434000,1469604000,10310000.0,1438999000.0,0,1479992000.0,0.0,26801000.0,105681000.0,1600000.0,0.0,134082000.0,134082000.0,1614074000.0,0.0,1614074000.0,611828000.0,10310000,-370274000.0,https://www.sec.gov/Archives/edgar/data/1168455/000143774922006531/0001437749-22-006531-index.htm,https://www.sec.gov/Archives/edgar/data/1168455/000143774922006531/plbc20211231_10k.htm
2020-12-31,PLBC,USD,0001168455,2021-03-03,2021-03-03 09:52:17,2020,FY,184909000.0,179613000,364522000.0,0.0,-190714000.0,0.0,382836000.0,14016000.0,0,0.0,188063000.0,179613000.0,5566000.0,-193629000.0,193629000.0,535111000.0,1111576000.0,8260000.0,0,0,13260000.0,-8191000.0,27138000.0,10310000,6675000,3635000,1001043000,10310000.0,973974000.0,0,1011422000.0,0.0,7656000.0,87753000.0,4745000.0,0.0,100154000.0,100154000.0,1111576000.0,0.0,1111576000.0,359226000.0,10310000,-174599000.0,https://www.sec.gov/Archives/edgar/data/1168455/000143774921004784/0001437749-21-004784-index.htm,https://www.sec.gov/Archives/edgar/data/1168455/000143774921004784/plbc20201231_10k.htm
2024-02-03,DDT,USD,0000028917,2024-03-29,2024-03-29 15:25:10,2023,FY,808287000.0,148036000,956323000.0,60547000.0,1093999000.0,97341000.0,2208210000.0,42681000.0,0,0.0,0.0,0.0,63951000.0,1134064000.0,1240696000.0,0.0,3448906000.0,0.0,11252000,33959000,0.0,782545000.0,827756000.0,353189000,0,0,570893000,924082000.0,0.0,0,1751838000.0,0.0,1240000.0,6048288000.0,-87208000.0,-4265252000.0,1697068000.0,1697068000.0,3448906000.0,0.0,3448906000.0,148036000.0,364441000,-443846000.0,https://www.sec.gov/Archives/edgar/data/28917/000002891724000011/0000028917-24-000011-index.htm,https://www.sec.gov/Archives/edgar/data/28917/000002891724000011/dds-20240203x10k.htm
2023-01-28,DDT,USD,0000028917,2023-03-27,2023-03-27 17:16:24,2022,FY,650336000.0,148902000,799238000.0,56952000.0,1120208000.0,95448000.0,2071846000.0,33821000.0,0,0.0,0.0,0.0,42278000.0,1181205000.0,1257304000.0,0.0,3329150000.0,828484000.0,9702000,20775000,42278000.0,0.0,858961000.0,345518000,0,0,526033000,871551000.0,0.0,0,1730512000.0,0.0,1200000.0,5648700000.0,-65722000.0,-3985540000.0,1598638000.0,1598638000.0,3329150000.0,0.0,3329150000.0,148902000.0,355220000,-295116000.0,https://www.sec.gov/Archives/edgar/data/28917/000002891723000007/0000028917-23-000007-index.htm,https://www.sec.gov/Archives/edgar/data/28917/000002891723000007/dds-20230128x10k.htm
2022-01-29,DDT,USD,0000028917,2022-03-29,2022-03-29 16:59:33,2021,FY,716759000.0,0,716759000.0,39777000.0,1080178000.0,77937000.0,1914651000.0,42941000.0,0,0.0,0.0,0.0,28931000.0,1259034000.0,1330906000.0,0.0,3245557000.0,0.0,101312000,23441000,0.0,841433000.0,966186000.0,352216000,0,0,475937000,828153000.0,0.0,0,1794339000.0,0.0,1240000.0,5027922000.0,-22798000.0,-3555146000.0,1451218000.0,1451218000.0,3245557000.0,0.0,3245557000.0,0.0,453528000,-263231000.0,https://www.sec.gov/Archives/edgar/data/28917/000002891722000009/0000028917-22-000009-index.htm,https://www.sec.gov/Archives/edgar/data/28917/000002891722000009/dds-20220129.htm
2021-01-30,DDT,USD,0000028917,2021-03-29,2021-03-29 17:14:08,2020,FY,360339000.0,0,360339000.0,36693000.0,1087763000.0,177145000.0,1661940000.0,47612000.0,0,0.0,0.0,0.0,23453000.0,1359510000.0,1430575000.0,0.0,3092515000.0,0.0,14514000,118439000,0.0,639924000.0,772877000.0,399241000,0,0,479389000,365849000.0,512781000.0,0,1651507000.0,0.0,1200000.0,4471269000.0,-34935000.0,-2996526000.0,1441008000.0,1441008000.0,3092515000.0,0.0,3092515000.0,0.0,413755000,53416000.0,https://www.sec.gov/Archives/edgar/data/28917/000002891721000066/0000028917-21-000066-index.htm,https://www.sec.gov/Archives/edgar/data/28917/000002891721000066/dds-20210130.htm
2020-02-01,DDT,USD,0000028917,2020-03-31,2020-03-31 16:22:02,2019,FY,277077000.0,0,277077000.0,46160000.0,1465007000.0,59838000.0,1848082000.0,1458176000.0,0,0.0,0.0,0.0,3490000.0,120509000.0,1582175000.0,0.0,3430257000.0,892789000.0,1219000,22158000,3490000.0,11164000.0,930820000.0,365709000,528299000,3490000,510469000,642800000.0,233378000.0,0,1806998000.0,0.0,1199000.0,4556494000.0,-31059000.0,-2903375000.0,1623259000.0,1623259000.0,3430257000.0,0.0,3430257000.0,0.0,366928000,89851000.0,https://www.sec.gov/Archives/edgar/data/28917/000002891720000041/0000028917-20-000041-index.htm,https://www.sec.gov/Archives/edgar/data/28917/000002891720000041/dds-02012020x10k.htm
2024-12-31,CQP,USD,0001383650,2025-02-20,2025-02-19 17:41:19,2024,FY,270000000.0,109000000,379000000.0,381000000.0,151000000.0,414000000.0,1325000000.0,15839000000.0,0,0.0,0.0,0.0,0.0,289000000.0,16128000000.0,0.0,17453000000.0,62000000.0,351000000,0,123000000.0,1176000000.0,1712000000.0,0,0,0,16250000000,16250000000.0,0.0,0,17962000000.0,0.0,0.0,0.0,0.0,0.0,-509000000.0,-509000000.0,17453000000.0,0.0,17453000000.0,109000000.0,351000000,-28000000.0,https://www.sec.gov/Archives/edgar/data/1383650/000138365025000007/0001383650-25-000007-index.htm,https://www.sec.gov/Archives/edgar/data/1383650/000138365025000007/cqp-20241231.htm
2023-12-31,CQP,USD,0001383650,2024-02-22,2024-02-21 17:39:40,2023,FY,575000000.0,0,575000000.0,651000000.0,142000000.0,213000000.0,1581000000.0,16293000000.0,0,0.0,0.0,0.0,0.0,228000000.0,16521000000.0,0.0,18102000000.0,69000000.0,300000000,0,117000000.0,1080000000.0,1566000000.0,15691000000,0,0,1629000000,17320000000.0,0.0,85000000,18886000000.0,0.0,0.0,0.0,0.0,845000000.0,845000000.0,845000000.0,18886000000.0,0.0,18886000000.0,0.0,15991000000,15416000000.0,https://www.sec.gov/Archives/edgar/data/1383650/000138365024000013/0001383650-24-000013-index.htm,https://www.sec.gov/Archives/edgar/data/1383650/000138365024000013/cqp-20231231.htm
2022-12-31,CQP,USD,0001383650,2023-02-23,2023-02-22 19:28:52,2022,FY,904000000.0,0,904000000.0,1178000000.0,160000000.0,378000000.0,2620000000.0,16814000000.0,0,8000000.0,8000000.0,28000000.0,-36000000.0,199000000.0,17013000000.0,0.0,19633000000.0,32000000.0,10000000,0,147000000.0,2232000000.0,2421000000.0,16296000000,0,0,3047000000,19343000000.0,0.0,108000000,21764000000.0,0.0,0.0,0.0,-1118000000.0,0.0,-2131000000.0,-3144000000.0,19633000000.0,-1013000000.0,19633000000.0,28000000.0,16306000000,15402000000.0,https://www.sec.gov/Archives/edgar/data/1383650/000138365023000008/0001383650-23-000008-index.htm,https://www.sec.gov/Archives/edgar/data/1383650/000138365023000008/cqp-20221231.htm
2021-12-31,CQP,USD,0001383650,2022-02-24,2022-02-23 21:37:13,2021,FY,876000000.0,0,876000000.0,813000000.0,176000000.0,347000000.0,2212000000.0,16928000000.0,0,0.0,0.0,33000000.0,0.0,185000000.0,17146000000.0,0.0,19358000000.0,21000000.0,16000000,0,156000000.0,1152000000.0,1345000000.0,17266000000,0,0,29000000,17295000000.0,0.0,97000000,18640000000.0,0.0,1024000000.0,0.0,1024000000.0,-306000000.0,718000000.0,412000000.0,19358000000.0,-306000000.0,19358000000.0,33000000.0,17274000000,16398000000.0,https://www.sec.gov/Archives/edgar/data/1383650/000138365022000005/0001383650-22-000005-index.htm,https://www.sec.gov/Archives/edgar/data/1383650/000138365022000005/cqp-20211231.htm
2020-12-31,CQP,USD,0001383650,2021-02-24,2021-02-23 19:35:47,2020,FY,1210000000.0,0,1210000000.0,502000000.0,107000000.0,316000000.0,2135000000.0,16822000000.0,0,6000000.0,6000000.0,11000000.0,-11000000.0,182000000.0,17010000000.0,0.0,19145000000.0,12000000.0,14000000,0,138000000.0,719000000.0,883000000.0,17670000000,0,0,53000000,17723000000.0,0.0,97000000,18606000000.0,0.0,714000000.0,0.0,714000000.0,-175000000.0,539000000.0,364000000.0,19145000000.0,-175000000.0,19145000000.0,11000000.0,17677000000,16467000000.0,https://www.sec.gov/Archives/edgar/data/1383650/000138365021000005/0001383650-21-000005-index.htm,https://www.sec.gov/Archives/edgar/data/1383650/000138365021000005/cqp-20201231.htm
2024-12-31,MLYS,USD,0001933414,2025-02-12,2025-02-12 09:22:29,2024,FY,114091000.0,84096000,198187000.0,0.0,0.0,7164000.0,205351000.0,53000.0,0,0.0,0.0,0.0,0.0,499000.0,552000.0,0.0,205903000.0,479000.0,0,0,0.0,14167000.0,14646000.0,0,0,0,0,0.0,0.0,0,14646000.0,0.0,5000.0,-302518000.0,0.0,493770000.0,191257000.0,191257000.0,205903000.0,0.0,205903000.0,84096000.0,0,-114091000.0,https://www.sec.gov/Archives/edgar/data/1933414/000193341425000009/0001933414-25-000009-index.htm,https://www.sec.gov/Archives/edgar/data/1933414/000193341425000009/mlys-20241231.htm
2023-12-31,MLYS,USD,0001933414,2024-03-21,2024-03-21 07:14:48,2023,FY,49304000.0,187263000,236567000.0,0.0,0.0,12536000.0,249103000.0,0.0,0,0.0,0.0,2482000.0,0.0,51000.0,2533000.0,0.0,251636000.0,601000.0,0,0,0.0,9881000.0,10482000.0,0,0,0,0,0.0,0.0,0,10482000.0,0.0,4000.0,-124708000.0,0.0,365858000.0,241154000.0,241154000.0,251636000.0,0.0,251636000.0,189745000.0,0,-49304000.0,https://www.sec.gov/Archives/edgar/data/1933414/000162828024012358/0001628280-24-012358-index.htm,https://www.sec.gov/Archives/edgar/data/1933414/000162828024012358/mlys-20231231.htm
2022-12-31,MLYS,USD,0001933414,2023-03-15,2023-03-15 17:17:07,2022,FY,87701000.0,22409000,110110000.0,0.0,0.0,2701000.0,110110000.0,0.0,0,0.0,0.0,0.0,0.0,4332000.0,4332000.0,1.4551915228366852e-11,114442000.0,1907000.0,0,0,0.0,6160000.0,8067000.0,0,0,0,0,158644000.0,0.0,0,166711000.0,158644000.0,1000.0,-52810000.0,-158644000.0,52809000.0,-52269000.0,-52269000.0,114442000.0,0.0,114442000.0,22409000.0,0,-87701000.0,https://www.sec.gov/Archives/edgar/data/1933414/000193341423000012/0001933414-23-000012-index.htm,https://www.sec.gov/Archives/edgar/data/1933414/000193341423000012/mlys2022123110k.htm
2021-12-31,MLYS,USD,0001933414,2021-12-31,2021-12-31 00:00:00,2021,FY,10612000.0,0,10612000.0,0.0,0.0,460000.0,11122000.0,0.0,0,0.0,0.0,0.0,0.0,3000.0,3000.0,0.0,11125000.0,763000.0,0,0,0.0,4291000.0,5054000.0,0,0,0,0,28996000.0,0.0,0,34050000.0,28996000.0,1000.0,-23011000.0,-3.552713678800501e-12,-28995999.999999993,-22925000.0,-22925000.0,11125000.0,0.0,11125000.0,0.0,0,-10612000.0,,
2020-12-31,MLYS,USD,0001933414,2020-12-31,2020-12-31 00:00:00,2020,FY,1409000.0,0,1409000.0,0.0,0.0,57000.0,1466000.0,0.0,0,0.0,0.0,0.0,0.0,20000.0,20000.0,0.0,1486000.0,529000.0,4500000,0,0.0,54000.0,5083000.0,0,0,0,0,0.0,0.0,0,5083000.0,0.0,1000.0,-3603000.0,4.440892098500626e-13,5000.0,-3597000.0,-3597000.0,1486000.0,0.0,1486000.0,0.0,4500000,3091000.0,,
2023-12-31,GPAK,USD,0000000000,2024-07-03,2024-07-03 16:18:20,2023,FY,3371123.0,0,3371123.0,10.6714095153,0.0,164022.0,3535145.0,0.0,0,0.0,0.0,1422.8546020454,0.0,452999.0,454422.0,0.0,3989567.0,0.0,0,0,0.0,201280.0,201280.0,0,0,0,0,0.0,0.0,0,201280.0,0.0,9.0991551801,-2362440.0,-3561.0,6154581.90084482,3788590.0,3788588.0,3989567.0,-1.0778123609999999,3989567.0,1422.8546020454,0,-3371123.0,https://www.sec.gov/Archives/edgar/data/1948884/000116169724000295/0001161697-24-000295-index.htm,https://www.sec.gov/Archives/edgar/data/1948884/000116169724000295/form_10-k.htm
2022-12-31,GPAK,USD,0000000000,2022-12-31,2022-12-30 19:00:00,2022,FY,90277.0,0,90277.0,0.0,-5705.0,167736.0,258013.0,0.0,0,0.0,0.0,0.0,0.0,715.7636664826001,715.7636664826001,-715.7636664826132,258013.0,10750.0,0,0,-10750.0,14688.0,25438.0,0,0,0,0,0.0,0.0,0,25438.0,0.0,2388.0,-311632.0,0.0,541819.0,232575.0,232575.0,258013.0,0.0,258013.0,0.0,10750,-79527.0,,
2021-12-31,GPAK,USD,0000000000,2021-12-31,2021-12-30 19:00:00,2021,FY,0.0,0,0.0,2207.0,0.0,0.0,2207.0,0.0,0,0.0,0.0,0.0,0.0,0.0,0.0,0.0,2207.0,0.0,0,0,0.0,0.0,0.0,0,0,0,0,0.0,0.0,0,0.0,0.0,2207.0,0.0,0.0,0.0,2207.0,2207.0,2207.0,0.0,2207.0,0.0,0,0.0,,
2024-12-31,PRME,USD,0001894562,2025-02-28,2025-02-28 08:13:01,2024,FY,182476000.0,2998000,185474000.0,0.0,0.0,26412000.0,211886000.0,71560000.0,0,0.0,0.0,0.0,0.0,14062000.0,85622000.0,0.0,297508000.0,11351000.0,3614000,0,7092000.0,15904000.0,37961000.0,37180000,0,0,69218000,106398000.0,0.0,0,144359000.0,0.0,2000.0,-687212000.0,1000.0,840358000.0,153149000.0,153149000.0,297508000.0,0.0,297508000.0,2998000.0,40794000,-141682000.0,https://www.sec.gov/Archives/edgar/data/1894562/000162828025008884/0001628280-25-008884-index.htm,https://www.sec.gov/Archives/edgar/data/1894562/000162828025008884/prme-20241231.htm
2023-12-31,PRME,USD,0001894562,2024-03-01,2024-03-01 08:04:30,2023,FY,41574000.0,80091000,121665000.0,0.0,0.0,21311000.0,142976000.0,36600000.0,0,0.0,0.0,0.0,0.0,14275000.0,50875000.0,0.0,193851000.0,19537000.0,9276000,0,0.0,27610000.0,56423000.0,4357000,0,0,0,4357000.0,0.0,13633000,60780000.0,0.0,2000.0,-491330000.0,-15000.0,624414000.0,133071000.0,133071000.0,193851000.0,0.0,193851000.0,80091000.0,13633000,-27941000.0,https://www.sec.gov/Archives/edgar/data/1894562/000162828024008116/0001628280-24-008116-index.htm,https://www.sec.gov/Archives/edgar/data/1894562/000162828024008116/prme-20231231.htm
2022-12-31,PRME,USD,0001894562,2023-03-09,2023-03-09 15:02:21,2022,FY,187620000.0,106301000,293921000.0,0.0,0.0,2697000.0,293921000.0,48554000.0,0,0.0,-13496000.0,13496000.0,70600000.0,-52761000.0,66393000.0,0.0,360314000.0,4332000.0,11694000,0,0.0,10688000.0,26714000.0,17051000,-279,279000,0,17330000.0,316270000.0,28745000,360314000.0,360314000.0,2000.0,-293197000.0,-384000.0,609849000.0,-293581000.0,-293581000.0,360314000.0,0.0,360314000.0,106301000.0,28745000,-158875000.0,https://www.sec.gov/Archives/edgar/data/1894562/000162828023007266/0001628280-23-007266-index.htm,https://www.sec.gov/Archives/edgar/data/1894562/000162828023007266/prme-20221231.htm
2021-12-31,PRME,USD,0001894562,2021-12-31,2021-12-31 00:00:00,2021,FY,185420000.0,84200000,269620000.0,0.0,0.0,1918000.0,270579000.0,15678000.0,0,0.0,0.0,13125000.0,0.0,2474000.0,31277000.0,0.0,301856000.0,1435000.0,7336000,0,36913000.0,49212000.0,57983000.0,3070000,-1243,1243000,0,4313000.0,0.0,10406000,62296000.0,395800000.0,1000.0,-171376000.0,-27000.0,15162000.0,239560000.0,239560000.0,301856000.0,0.0,301856000.0,84200000.0,10406000,-175014000.0,,
2020-12-31,PRME,USD,0001894562,2020-12-31,2020-12-31 00:00:00,2020,FY,36975000.0,16353000,53328000.0,0.0,0.0,74000.0,53402000.0,596000.0,0,0.0,0.0,0.0,0.0,785000.0,1381000.0,0.0,54783000.0,250000.0,0,0,-17515.0,19192000.0,19442000.0,0,0,1867000,0,1867000.0,0.0,0,21309000.0,31136000.0,1000.0,-6009000.0,-1000.0,8346000.0,33474000.0,33474000.0,54783000.0,0.0,54783000.0,16353000.0,17515,-36957485.0,,
2024-12-31,DLR-PJ,USD,0001297996,2025-02-25,2025-02-24 21:40:43,2024,FY,3870891000.0,0,3870891000.0,1257464000.0,0.0,0.0,5128355000.0,1178853000.0,8929431000,2178054000.0,11107485000.0,2639800000.0,0.0,25229123000.0,40155261000.0,0.0,45283616000.0,2056215000.0,1611308000,0,539802000.0,418661000.0,4625986000.0,16397288000,0,1084562000,0,17481850000.0,0.0,1294219000,22107836000.0,731690000.0,3337000.0,0.0,-1182283000.0,21787653000.0,21340397000.0,22773582000.0,45283616000.0,1433185000.0,45283616000.0,2639800000.0,18008596000,14137705000.0,https://www.sec.gov/Archives/edgar/data/1297996/000155837025001424/0001558370-25-001424-index.htm,https://www.sec.gov/Archives/edgar/data/1297996/000155837025001424/dlr-20241231x10k.htm
2023-12-31,DLR-PJ,USD,0001297996,2024-02-23,2024-02-23 07:24:51,2023,FY,1625495000.0,0,1625495000.0,1278110000.0,0.0,478503000.0,3382108000.0,1414256000.0,9239871000,2500237000.0,11740108000.0,2295889000.0,0.0,25280897000.0,40731150000.0,0.0,44113258000.0,2168984000.0,1323387000,0,0.0,356925000.0,3849296000.0,17987065000,0,1151096000,129480000,19267641000.0,0.0,1727792000,23116937000.0,731690000.0,3088000.0,0.0,-6014041000.0,24396797000.0,19117534000.0,20996321000.0,44113258000.0,1878787000.0,44113258000.0,2295889000.0,18968001000,17342506000.0,https://www.sec.gov/Archives/edgar/data/1297996/000155837024001575/0001558370-24-001575-index.htm,https://www.sec.gov/Archives/edgar/data/1297996/000155837024001575/dlr-20231231x10k.htm
2022-12-31,DLR-PJ,USD,0001297996,2023-02-27,2023-02-24 21:24:08,2022,FY,141773000.0,17120000,141773000.0,969292000.0,1712655000.0,0.0,1111065000.0,1351329000.0,9208497000,3092627000.0,12301124000.0,1991426000.0,41484998000.0,-16754944000.0,40373933000.0,0.0,41484998000.0,1868885000.0,117456000,0,369654000.0,354381000.0,4383051000.0,17950391000,21862854000,1192752000,9335000,17479802000.0,0.0,1471044000,21862853000.0,731690000.0,2887000.0,-4698313000.0,-595798000.0,22044209000.0,17583334000.0,19622145000.0,41484998000.0,2038811000.0,41484998000.0,1991426000.0,18067847000,17926074000.0,https://www.sec.gov/Archives/edgar/data/1297996/000155837023002087/0001558370-23-002087-index.htm,https://www.sec.gov/Archives/edgar/data/1297996/000155837023002087/dlr-20221231x10k.htm
2021-12-31,DLR-PJ,USD,0001297996,2022-02-25,2022-02-25 17:19:45,2021,FY,142698000.0,0,142698000.0,671721000.0,1.0,0.0,814419000.0,1405441000.0,7937440000,2735486000.0,10672926000.0,1807689000.0,21309626000.0,359459000.0,35555141000.0,0.0,36369560000.0,1543623000.0,0,0,336578000.0,675307000.0,2280524000.0,14960397000,17845778000,666451000,-61594000,15565254000.0,0.0,1512187000,17845778000.0,731690000.0,2824000.0,-3631929000.0,-173880000.0,21075863000.0,18004568000.0,18523782000.0,36369560000.0,519214000.0,36369560000.0,1807689000.0,14960397000,14817699000.0,https://www.sec.gov/Archives/edgar/data/1297996/000155837022002195/0001558370-22-002195-index.htm,https://www.sec.gov/Archives/edgar/data/1297996/000155837022002195/dlr-20211231x10k.htm
2020-12-31,DLR-PJ,USD,0001297996,2021-03-01,2021-03-01 17:05:19,2020,FY,108501000.0,0,108501000.0,603111000.0,0.0,0.0,711612000.0,1386959000.0,8330996000,3166198000.0,11497194000.0,1148158000.0,21111134000.0,221234000.0,35364679000.0,0.0,36076291000.0,1420162000.0,0,0,371659000.0,1052050000.0,2843871000.0,14241524000,-698308000,698308000,0,14744073000.0,0.0,1468712000,17587944000.0,950940000.0,2788000.0,-3997938000.0,135010000.0,20626897000.0,17717697000.0,18488347000.0,36076291000.0,770650000.0,36076291000.0,1148158000.0,14773429000,14664928000.0,https://www.sec.gov/Archives/edgar/data/1297996/000155837021002191/0001558370-21-002191-index.htm,https://www.sec.gov/Archives/edgar/data/1297996/000155837021002191/dlr-20201231x10k.htm
2023-12-31,CABA,USD,0001759138,2024-03-21,2024-03-21 07:24:40,2023,FY,193238000.0,48011000,241249000.0,0.0,0.0,3241000.0,244490000.0,7451000.0,0,0.0,0.0,0.0,0.0,1709000.0,9160000.0,0.0,253650000.0,4547000.0,3560000,0,0.0,7887000.0,15994000.0,1458000,0,0,0,1458000.0,0.0,5018000,17452000.0,0.0,0.0,-233237000.0,39000.0,469396000.0,236198000.0,236198000.0,253650000.0,0.0,253650000.0,48011000.0,5018000,-188220000.0,https://www.sec.gov/Archives/edgar/data/1759138/000095017024034422/0000950170-24-034422-index.htm,https://www.sec.gov/Archives/edgar/data/1759138/000095017024034422/caba-20231231.htm
2022-12-31,CABA,USD,0001759138,2023-03-16,2023-03-16 07:24:55,2022,FY,81607000.0,24940000,106547000.0,0.0,0.0,2287000.0,108834000.0,7569000.0,0,0.0,0.0,0.0,0.0,565000.0,8134000.0,0.0,116968000.0,2463000.0,4358000,0,0.0,2668000.0,9489000.0,2959000,0,0,0,2959000.0,0.0,5138000,12448000.0,0.0,0.0,-165562000.0,-47000.0,270129000.0,104520000.0,104520000.0,116968000.0,0.0,116968000.0,24940000.0,5138000,-76469000.0,https://www.sec.gov/Archives/edgar/data/1759138/000095017023008298/0000950170-23-008298-index.htm,https://www.sec.gov/Archives/edgar/data/1759138/000095017023008298/caba-20221231.htm
2021-12-31,CABA,USD,0001759138,2022-03-17,2022-03-17 08:24:46,2021,FY,122222000.0,0,122222000.0,0.0,0.0,2319000.0,124541000.0,1438000.0,0,0.0,0.0,0.0,0.0,357000.0,1795000.0,0.0,126336000.0,2333000.0,0,0,0.0,6047000.0,8380000.0,0,0,0,0,0.0,0.0,0,8380000.0,0.0,0.0,-112587000.0,0.0,230543000.0,117956000.0,117956000.0,126336000.0,0.0,126336000.0,0.0,0,-122222000.0,https://www.sec.gov/Archives/edgar/data/1759138/000156459022010726/0001564590-22-010726-index.htm,https://www.sec.gov/Archives/edgar/data/1759138/000156459022010726/caba-10k_20211231.htm
2020-12-31,CABA,USD,0001759138,2021-03-16,2021-03-16 08:15:40,2020,FY,101429000.0,7233000,108662000.0,0.0,0.0,1851000.0,113535000.0,890000.0,0,0.0,0.0,0.0,0.0,299000.0,1189000.0,0.0,114724000.0,1243000.0,0,0,0.0,3937000.0,5180000.0,0,0,0,0,0.0,0.0,0,5180000.0,0.0,0.0,-66298000.0,6000.0,175836000.0,109544000.0,109544000.0,114724000.0,0.0,114724000.0,7233000.0,0,-101429000.0,https://www.sec.gov/Archives/edgar/data/1759138/000156459021013329/0001564590-21-013329-index.htm,https://www.sec.gov/Archives/edgar/data/1759138/000156459021013329/caba-10k_20201231.htm
2019-12-31,CABA,USD,0001759138,2020-03-30,2020-03-30 10:37:17,2019,FY,136204000.0,0,136204000.0,0.0,0.0,1588000.0,140552000.0,815000.0,0,0.0,0.0,0.0,0.0,101000.0,916000.0,0.0,141468000.0,920000.0,0,0,0.0,2227000.0,3147000.0,0,0,0,0,0.0,0.0,0,3147000.0,141468000.0,0.0,-32959000.0,0.0,171280000.0,138321000.0,138321000.0,141468000.0,0.0,141468000.0,0.0,0,-136204000.0,https://www.sec.gov/Archives/edgar/data/1759138/000156459020013929/0001564590-20-013929-index.htm,https://www.sec.gov/Archives/edgar/data/1759138/000156459020013929/caba-10k_20191231.htm
2024-09-29,SBUX,USD,0000829224,2024-11-20,2024-11-20 16:08:06,2024,FY,3286200000.0,257000000,3543200000.0,1213800000.0,1777300000.0,313100000.0,6847400000.0,17951700000.0,3315700000,100900000.0,3416600000.0,739900000.0,1766700000.0,617000000.0,24491900000.0,0.0,31339300000.0,1595500000.0,4175100000,0,1781200000.0,1518200000.0,9070000000.0,23091100000,0,0,6619800000,29710900000.0,0.0,10234700000,38780900000.0,0.0,1100000.0,-7343800000.0,-428800000.0,322600000.0,-7448900000.0,-7441600000.0,31339300000.0,7300000.0,31339300000.0,996900000.0,25803100000,22516900000.0,https://www.sec.gov/Archives/edgar/data/829224/000082922424000057/0000829224-24-000057-index.htm,https://www.sec.gov/Archives/edgar/data/829224/000082922424000057/sbux-20240929.htm
2023-10-01,SBUX,USD,0000829224,2023-11-17,2023-11-17 17:31:27,2023,FY,3551500000.0,401500000,3953000000.0,1184100000.0,1806400000.0,359900000.0,7303400000.0,15799700000.0,3218300000,120500000.0,3338800000.0,687300000.0,1769800000.0,546500000.0,22142100000.0,0.0,29445500000.0,1544300000.0,4402700000,402000000,1700200000.0,1763900000.0,9345300000.0,21472400000,6101800000,14600000,513800000,28088000000.0,0.0,9200100000,37433300000.0,0.0,1100000.0,-7255800000.0,-778200000.0,38100000.0,-7994800000.0,-7987800000.0,29445500000.0,7000000.0,29445500000.0,1088800000.0,24599800000,21048300000.0,https://www.sec.gov/Archives/edgar/data/829224/000082922423000058/0000829224-23-000058-index.htm,https://www.sec.gov/Archives/edgar/data/829224/000082922423000058/sbux-20231001.htm
2022-10-02,SBUX,USD,0000829224,2022-11-18,2022-11-18 16:35:30,2022,FY,2818400000.0,364500000,3182900000.0,1175500000.0,2176600000.0,483700000.0,7018700000.0,14576100000.0,3283500000,155900000.0,3439400000.0,590300000.0,1799700000.0,554200000.0,20959700000.0,0.0,27978400000.0,1441400000.0,4415400000,333800000,1641900000.0,1876900000.0,9151800000.0,20635100000,6279700000,0,610500000,27525300000.0,0.0,8760900000,36677100000.0,0.0,1100000.0,-8449800000.0,-463200000.0,205300000.0,-8706600000.0,-8698700000.0,27978400000.0,7900000.0,27978400000.0,954800000.0,23804800000,20986400000.0,https://www.sec.gov/Archives/edgar/data/829224/000082922422000058/0000829224-22-000058-index.htm,https://www.sec.gov/Archives/edgar/data/829224/000082922422000058/sbux-20221002.htm
2021-10-03,SBUX,USD,0000829224,2021-11-19,2021-11-19 16:46:02,2021,FY,6455700000.0,162200000,6617900000.0,940000000.0,1603900000.0,594600000.0,9756400000.0,14605500000.0,3677300000,349900000.0,4027200000.0,550200000.0,1874800000.0,578500000.0,21636200000.0,0.0,31392600000.0,1211600000.0,3501500000,348000000,1596100000.0,1998100000.0,8151400000.0,21354900000,6463000000,0,737800000,28555700000.0,0.0,8989300000,36707100000.0,0.0,1200000.0,-6315700000.0,147200000.0,846100000.0,-5321200000.0,-5314500000.0,31392600000.0,6700000.0,31392600000.0,712400000.0,23605100000,17149400000.0,https://www.sec.gov/Archives/edgar/data/829224/000082922421000086/0000829224-21-000086-index.htm,https://www.sec.gov/Archives/edgar/data/829224/000082922421000086/sbux-20211003.htm
2020-09-27,SBUX,USD,0000829224,2020-11-12,2020-11-12 16:59:07,2020,FY,4350900000.0,281200000,4632100000.0,883400000.0,1551400000.0,967000000.0,7806400000.0,14375500000.0,3597200000,552100000.0,4149300000.0,684800000.0,1789900000.0,568600000.0,21568100000.0,0.0,29374500000.0,997900000.0,2937500000,98200000,1456500000.0,2854700000.0,7346800000.0,22321300000,6598500000,281800000,907300000,29827100000.0,0.0,8910500000,37173900000.0,0.0,1200000.0,-7815600000.0,-364600000.0,373900000.0,-7805100000.0,-7799400000.0,29374500000.0,5700000.0,29374500000.0,966000000.0,25258800000,20907900000.0,https://www.sec.gov/Archives/edgar/data/829224/000082922420000078/0000829224-20-000078-index.htm,https://www.sec.gov/Archives/edgar/data/829224/000082922420000078/sbux-20200927.htm
2024-12-31,TIXT,USD,0001825155,2025-02-13,2025-02-13 07:00:55,2024,FY,174000000.0,0,174000000.0,478000000.0,0.0,55000000.0,707000000.0,456000000.0,1926000000,1379000000.0,3305000000.0,0.0,12000000.0,41000000.0,3814000000.0,0.0,4521000000.0,36000000.0,116000000,68000000,12000000.0,513000000.0,745000000.0,1409000000,0,256000000,166000000,1831000000.0,0.0,0,2576000000.0,0.0,1656000000.0,286000000.0,-66000000.0,69000000.0,1945000000.0,1945000000.0,4521000000.0,0.0,4521000000.0,0.0,1525000000,1351000000.0,https://www.sec.gov/Archives/edgar/data/1825155/000162828025005299/0001628280-25-005299-index.htm,https://www.sec.gov/Archives/edgar/data/1825155/000162828025005299/tixt-20241231.htm
2023-12-31,TIXT,USD,0001825155,2024-02-09,2024-02-09 07:01:14,2023,FY,127000000.0,4000000,131000000.0,512000000.0,0.0,100000000.0,743000000.0,517000000.0,1963000000,1546000000.0,3509000000.0,17000000.0,28851627.0,8148373.0,4080000000.0,0.0,4823000000.0,37000000.0,122000000,57000000,4000000.0,429000000.0,649000000.0,1628772087,-772087,290000000,218227913,2137000000.0,0.0,238772087,2786000000.0,0.0,1648000000.0,347000000.0,-13000000.0,55000000.0,2037000000.0,2037000000.0,4823000000.0,0.0,4823000000.0,21000000.0,1750000000,1623000000.0,https://www.sec.gov/Archives/edgar/data/1825155/000162828024003978/0001628280-24-003978-index.htm,https://www.sec.gov/Archives/edgar/data/1825155/000162828024003978/tixt-20231231.htm
2022-12-31,TIXT,USD,0001825155,2023-02-09,2023-02-09 07:00:58,2022,FY,125000000.0,0,125000000.0,516000000.0,19000000.0,74000000.0,695000000.0,449000000.0,1350000000,1008000000.0,2358000000.0,12994105.0,14000000.0,27005895.0,2861000000.0,0.0,3556000000.0,39000000.0,83000000,67000000,5000000.0,363000000.0,552000000.0,1056920204,0,264000000,-154920204,1166000000.0,0.0,175920204,1718000000.0,0.0,1503000000.0,292000000.0,-12000000.0,55000000.0,1838000000.0,1838000000.0,3556000000.0,0.0,3556000000.0,12994105.0,964000000,839000000.0,https://www.sec.gov/Archives/edgar/data/1825155/000162828023002855/0001628280-23-002855-index.htm,https://www.sec.gov/Archives/edgar/data/1825155/000162828023002855/tixt-20221231.htm
2021-12-31,TIXT,USD,0001825155,2022-02-10,2022-02-10 16:06:29,2021,FY,115000000.0,0,115000000.0,473000000.0,3000000.0,73000000.0,627000000.0,405000000.0,1380000000,1158000000.0,2538000000.0,0.0,23000000.0,33000000.0,2999000000.0,0.0,3626000000.0,79000000.0,330000000,67000000,7000000.0,331000000.0,807000000.0,985775300,27000000,305000000,151224700,1164000000.0,0.0,165775300,1971000000.0,0.0,1490000000.0,107000000.0,34000000.0,24000000.0,1655000000.0,1655000000.0,3626000000.0,0.0,3626000000.0,0.0,1148000000,1033000000.0,https://www.sec.gov/Archives/edgar/data/1825155/000162828022002202/0001628280-22-002202-index.htm,https://www.sec.gov/Archives/edgar/data/1825155/000162828022002202/tixt-20211231.htm
2020-12-31,TIXT,USD,0001825155,2021-02-23,2021-02-23 07:10:04,2020,FY,152500000.0,2000000,152500000.0,363000000.0,1800000.0,81000000.0,548200000.0,362100000.0,1500000000,1294300000.0,2794300000.0,0.0,6500000.0,33700000.0,3196600000.0,0.0,3744800000.0,56000000.0,92000000,101000000,7600000.0,243000000.0,505100000.0,1679000000,76900000,366200000,413000000,2128800000.0,0.0,209000000,2633900000.0,0.0,989000000.0,32500000.0,89400000.0,0.0,1110900000.0,1110900000.0,3744800000.0,0.0,3744800000.0,2000000.0,1765700000,1613200000.0,https://www.sec.gov/Archives/edgar/data/1825155/000110465921026450/0001104659-21-026450-index.htm,https://www.sec.gov/Archives/edgar/data/1825155/000110465921026450/tm216141d1_20f.htm
2023-09-30,XSNX,USD,0001039466,2024-04-24,2024-04-24 12:03:56,2023,FY,21415.0,0,21415.0,0.0,0.0,40833.0,62248.0,0.0,0,0.0,0.0,0.0,0.0,0.0,0.0,0.0,62248.0,514686.0,2199880,0,0.0,5146166.0,7860732.0,0,0,0,0,0.0,0.0,0,7860732.0,4747114.0,43683197.0,-66902466.0,0.0,10673671.0,-7798484.0,-7798484.0,62248.0,0.0,62248.0,0.0,2199880,2178465.0,https://www.sec.gov/Archives/edgar/data/1039466/000118518524000423/0001185185-24-000423-index.htm,https://www.sec.gov/Archives/edgar/data/1039466/000118518524000423/novaccess20230930_10ka.htm
2022-09-30,XSNX,USD,0001039466,2023-01-10,2023-01-10 16:43:26,2022,FY,64251.0,0,64251.0,0.0,0.0,60650.0,124901.0,0.0,0,0.0,0.0,0.0,0.0,0.0,0.0,60650.0,124901.0,375682.0,1289495,0,0.0,3112790.0,4777967.0,0,0,0,0,1665177.0,-1665177.0,0,4777967.0,6.0,43225982.0,-62177520.0,0.0,14298466.0,-4653066.0,-4653066.0,124901.0,0.0,124901.0,0.0,1289495,1225244.0,https://www.sec.gov/Archives/edgar/data/1039466/000118518523000020/0001185185-23-000020-index.htm,https://www.sec.gov/Archives/edgar/data/1039466/000118518523000020/novaccess20220930_10k.htm
2021-09-30,XSNX,USD,0001039466,2022-01-13,2022-01-13 16:23:37,2021,FY,180668.0,0,180668.0,0.0,0.0,27466.0,208134.0,0.0,0,0.0,0.0,0.0,0.0,0.0,0.0,27466.0,208134.0,143074.0,141656,0,758996.0,3685618.0,3970348.0,165880,0,0,0,165880.0,0.0,0,4136228.0,250.0,41882535.0,-60461561.0,9299284.0,14650682.0,-3928094.0,-3928094.0,208134.0,0.0,208134.0,0.0,307536,126868.0,https://www.sec.gov/Archives/edgar/data/1039466/000118518522000056/0001185185-22-000056-index.htm,https://www.sec.gov/Archives/edgar/data/1039466/000118518522000056/novaccess20210930_10k.htm
2020-09-30,XSNX,USD,0001039466,2021-03-30,2021-03-29 19:38:50,2020,FY,178.0,0,178.0,0.0,0.0,0.0,178.0,0.0,0,0.0,0.0,0.0,0.0,0.0,0.0,0.0,178.0,88519.0,127991,0,249233.0,3238398.0,3454908.0,115000,0,0,0,115000.0,4.547473508864641e-13,0,3569908.0,250.0,33369424.0,-57949086.0,9299284.0,21009682.0,-3569730.0,-3569730.0,178.0,0.0,178.0,0.0,242991,242813.0,https://www.sec.gov/Archives/edgar/data/1039466/000118518521000410/0001185185-21-000410-index.htm,https://www.sec.gov/Archives/edgar/data/1039466/000118518521000410/novaccess20200930_10k.htm
2019-09-30,XSNX,USD,0001039466,2019-12-20,2019-12-20 16:31:35,2019,FY,7964.0,0,7964.0,198083.0,0.0,6575.0,212622.0,2570.0,0,0.0,0.0,0.0,0.0,0.0,2570.0,0.0,215192.0,129425.0,55417,0,33138.0,2067283.0,2285263.0,165880,0,0,0,165880.0,0.0,0,2451143.0,50.0,33369424.0,-44752523.0,3811700.0,9147098.0,-2235951.0,-2235951.0,215192.0,0.0,215192.0,0.0,221297,213333.0,https://www.sec.gov/Archives/edgar/data/1039466/000118518519001754/0001185185-19-001754-index.htm,https://www.sec.gov/Archives/edgar/data/1039466/000118518519001754/xsunx20190930_10k.htm
2023-12-31,JZ,CNY,0001852440,2024-04-09,2024-04-09 16:01:36,2023,FY,18175959.0,4223894,22399853.0,4912020.0,0.0,79854146.0,122348959.0,7818302.0,0,1257860.0,1257860.0,0.0,0.0,20261499.0,29337661.0,0.0,151686620.0,11524904.0,25350252,6672792,86731977.0,32314785.0,162594710.0,4035598,0,2274256,0,6309854.0,0.0,7518474,168904564.0,0.0,77747.0,-291805140.0,6096465.0,262125616.0,-23505312.0,-17217944.0,151686620.0,6287368.0,151686620.0,4223894.0,29385850,11209891.0,https://www.sec.gov/Archives/edgar/data/1852440/000121390024031584/0001213900-24-031584-index.htm,https://www.sec.gov/Archives/edgar/data/1852440/000121390024031584/ea0202512-20f_jianzhie.htm
2022-12-31,JZ,CNY,0001852440,2023-09-28,2023-09-28 16:02:01,2022,FY,65055278.0,4080000,69135278.0,21395798.0,399439.0,260840817.0,351771332.0,153880.0,0,214441815.0,214441815.0,151779105.0,9176875.0,-1.0,375551674.0,0.0,727323006.0,8037004.0,28009457,5234184,290028010.0,29662889.0,360971544.0,0,0,0,0,0.0,0.0,0,360971544.0,0.0,77747.0,81822029.0,26119934.0,242093942.0,350113652.0,366351462.0,727323006.0,16237810.0,727323006.0,4080000.0,28009457,-37045821.0,https://www.sec.gov/Archives/edgar/data/1852440/000121390023080459/0001213900-23-080459-index.htm,https://www.sec.gov/Archives/edgar/data/1852440/000121390023080459/f20f2022_jianzhi.htm
2021-12-31,JZ,CNY,0001852440,2021-12-31,2021-12-31 00:00:00,2021,FY,61266782.0,11430000,72696782.0,104775266.0,1960277.0,301575091.0,483625331.0,514741.0,7712011,367376751.0,375088762.0,232109316.0,388321.0,-232109316.0,375991824.0,0.0,859617155.0,24286309.0,47301009,6412655,327299227.0,33389958.0,438689158.0,0,0,2191500,0,2191500.0,0.0,295367,440880658.0,45984876.0,46048167.0,280983836.0,23999537.0,123630088.0,405077448.0,418736497.0,859617155.0,13659049.0,859617155.0,11430000.0,47301009,-13965773.0,,
2020-12-31,JZ,CNY,0001852440,2020-12-31,2020-12-31 00:00:00,2020,FY,20948687.0,70680000,91628687.0,115461410.0,1975932.0,4933629.0,213999658.0,2880222.0,7712011,215515426.0,223227437.0,174540869.0,323643.0,-174540869.0,226431302.0,0.0,440430960.0,23227252.0,2033929,4712622,8298472.0,35527533.0,72895984.0,282867,-2775900,2775900,0,3058767.0,0.0,2316796,75954751.0,45984876.0,46048167.0,235347520.0,21166090.0,119889965.0,355489515.0,364476209.0,440430960.0,8986694.0,440430960.0,70680000.0,2316796,-18631891.0,,
2019-12-31,JZ,CNY,0001852440,2019-12-31,2019-12-31 00:00:00,2019,FY,88143749.0,20840000,108983749.0,84090108.0,3853652.0,18594883.0,215522392.0,6975288.0,7712011,132623279.0,140335290.0,108246994.0,862628.0,-108246994.0,148173206.0,0.0,363695598.0,15305715.0,3567924,9940786,17821535.0,33778019.0,80413979.0,2320110,-3360300,3360300,0,5680410.0,0.0,5888034,86094389.0,45984876.0,46048167.0,155103985.0,19121117.0,117809601.0,273201007.0,277601209.0,363695598.0,4400202.0,363695598.0,20840000.0,5888034,-82255715.0,,
2024-10-31,CGO,USD,0001285650,2024-10-31,2024-10-31 00:00:00,2024,FY,18.0,0,18.0,1466932.0,0.0,-1466932.0,18.0,0.0,0,0.0,0.0,171043168.0,0.0,-171043168.0,179473748.0,179473766.0,179473766.0,938369.0,0,0,0.0,-938369.0,0.0,0,0,0,0,0.0,63556611.0,0,63556611.0,0.0,114769615.0,1147540.0,0.0,0.0,115917155.0,115917155.0,179473766.0,0.0,179473766.0,171043168.0,0,-18.0,,
2023-10-31,CGO,USD,0001285650,2023-10-31,2023-10-30 20:00:00,2023,FY,120.0,0,120.0,650170.0,707850.0,-707850.0,650290.0,0.0,0,0.0,0.0,132749523.0,0.0,-132749523.0,132749523.0,4538184.0,137937997.0,820805.0,0,0,0.0,-820805.0,0.0,0,0,0,0,0.0,48358802.0,0,48358802.0,0.0,114926525.0,-25347330.0,0.0,0.0,89579195.0,89579195.0,137937997.0,0.0,137937997.0,132749523.0,30100000,-120.0,,
2022-10-31,CGO,USD,0001285650,2022-10-31,2022-10-31 00:00:00,2022,FY,1040.0,0,1040.0,2456972.0,7513078.0,-7514118.0,2456972.0,0.0,0,0.0,0.0,131063503.0,0.0,-131063503.0,131063503.0,5163558.0,138684033.0,1215387.0,0,0,0.0,-1215387.0,1329314.0,0,0,0,0,1329314.0,41839784.0,0,44498412.0,0.0,117810923.0,-23625302.0,0.0,0.0,94185621.0,94185621.0,138684033.0,0.0,138684033.0,131063503.0,26000000,25998960.0,,
2021-10-31,CGO,USD,0001285650,2021-10-31,2021-10-31 00:00:00,2021,FY,4573370.0,0,4573370.0,555217.0,5128609.0,-5128609.0,5128587.0,0.0,0,0.0,0.0,213722795.0,0.0,-213722795.0,213722795.0,123179.0,218974561.0,1599436.0,0,0,0.0,-1599436.0,1778799.0,67389011,0,0,-67389011,50500000.0,17998976.0,0,70277775.0,0.0,120704091.0,27992695.0,0.0,0.0,148696786.0,148696786.0,218974561.0,0.0,218974561.0,213722795.0,50500000,45926630.0,,
2020-10-31,CGO,USD,0001285650,2020-10-31,2020-10-31 00:00:00,2020,FY,229422.0,1286333,229422.0,1019264.0,2535019.0,-3821352.0,1248686.0,0.0,0,0.0,0.0,156437113.0,0.0,-156437113.0,156437113.0,89845.0,157775644.0,987338.0,0,0,0.0,-987338.0,1124872.0,48929102,0,0,-48929102,37000000.0,12768806.0,0,50893678.0,5946561.0,112954101.0,-125574.0,-5946561.0,-5946561.0,106881966.0,106881966.0,157775644.0,0.0,157775644.0,156437113.0,37000000,36770578.0,,
2024-12-31,IGIC,USD,0001794338,2024-12-31,2024-12-31 00:00:00,2024,FY,155200000.0,0,155200000.0,0.0,0.0,0.0,155200000.0,0.0,0,67099999.0,67099999.0,0.0,0.0,1815300001.0,1882400000.0,0.0,2037600000.0,0.0,0,0,0.0,0.0,0.0,0,0,0,1382800000,1382800000.0,0.0,0,1382800000.0,0.0,500000.0,531700000.0,-18600000.0,141200000.0,654800000.0,654800000.0,2037600000.0,0.0,2037600000.0,0.0,0,-155200000.0,,
2023-12-31,IGIC,USD,0001794338,2024-04-08,2024-04-08 16:05:52,2023,FY,177022000.0,120616000,297638000.0,0.0,0.0,0.0,572327000.0,26105000.0,0,65272000.0,65272000.0,119719000.0,0.0,733381000.0,944477000.0,0.0,1516804000.0,89704000.0,0,2854000,0.0,489981000.0,582539000.0,0,0,0,393835000,393835000.0,0.0,0,976374000.0,0.0,445000.0,423049000.0,-20638000.0,137574000.0,540430000.0,540430000.0,1516804000.0,0.0,1516804000.0,240335000.0,2133000,-177022000.0,https://www.sec.gov/Archives/edgar/data/1794338/000121390024031166/0001213900-24-031166-index.htm,https://www.sec.gov/Archives/edgar/data/1794338/000121390024031166/ea0202289-20f_internat.htm
2022-12-31,IGIC,USD,0001794338,2023-04-06,2023-04-06 06:22:11,2022,FY,138000000.0,507290000,138000000.0,404814000.0,137287031000.0,0.0,137943000000.0,13400000.0,44000,3556000.0,3600000.0,6000000.0,5656000000.0,16981000000.0,22660000000.0,-159041900000.0,1561100000.0,90354000.0,986000,1114000,0.0,-92454000.0,87786000.0,2088000,16800000,0,1150197000,87786000.0,955728000.0,3074000,1131300000.0,0.0,500000.0,307200000.0,-37800000.0,147920000.0,429800000.0,429800000.0,1561100000.0,0.0,1561100000.0,555800000.0,3074000,-134926000.0,https://www.sec.gov/Archives/edgar/data/1794338/000121390023027735/0001213900-23-027735-index.htm,https://www.sec.gov/Archives/edgar/data/1794338/000121390023027735/f20f2022_international.htm
2021-12-31,IGIC,USD,0001794338,2022-04-01,2022-04-01 09:45:51,2021,FY,242100000.0,439212000,242100000.0,0.0,-429376000.0,0.0,421500000.0,14900000.0,-21000,4321000.0,4300000.0,5700000.0,471000.0,-471000.0,24900000.0,1005500000.0,1451900000.0,100778000.0,1001000,1254000,88499000.0,-103033000.0,89500000.0,6505000,13700000,14000,-6519000,17467000.0,943033000.0,3753000,1050000000.0,0.0,500000.0,232500000.0,9400000.0,159545000.0,401900000.0,401900000.0,1451900000.0,0.0,1451900000.0,492200000.0,3753000,-238347000.0,https://www.sec.gov/Archives/edgar/data/1794338/000121390022017213/0001213900-22-017213-index.htm,https://www.sec.gov/Archives/edgar/data/1794338/000121390022017213/f20f2021_international.htm
2020-12-31,IGIC,USD,0001794338,2021-04-02,2021-04-01 20:16:15,2020,FY,133400000.0,412601000,133400000.0,0.0,-307381000.0,0.0,300000000.0,13200000.0,-10000,4710000.0,4700000.0,11600000.0,0.0,-29500000.0,29500000.0,949700000.0,1279200000.0,88472000.0,761000,1490000,82739000.0,-90723000.0,83500000.0,2193000,11000000,100000,-2193000,14054000.0,787046000.0,2193000,884600000.0,0.0,500000.0,209400000.0,17900000.0,157677000.0,394600000.0,394600000.0,1279200000.0,0.0,1279200000.0,469700000.0,2954000,-130446000.0,https://www.sec.gov/Archives/edgar/data/1794338/000121390021019770/0001213900-21-019770-index.htm,https://www.sec.gov/Archives/edgar/data/1794338/000121390021019770/f20f2020_international.htm
2024-12-31,LXFR,USD,0001096056,2025-02-25,2025-02-25 16:35:32,2024,FY,4099999.0,1,4100000.0,63400000.0,83600000.0,24700000.0,175800000.0,74300000.0,67000000,11500000.0,78500000.0,400000.0,4100000.0,49300000.0,206600000.0,0.0,382400000.0,29600000.0,7100000,5600000,0.0,51400000.0,93700000.0,52700000,0,14000000,2500000,69200000.0,0.0,14700000,162900000.0,0.0,26500000.0,108700000.0,-116100000.0,200400000.0,219500000.0,219500000.0,382400000.0,0.0,382400000.0,400000.0,59800000,55700000.0,https://www.sec.gov/Archives/edgar/data/1096056/000109605625000015/0001096056-25-000015-index.htm,https://www.sec.gov/Archives/edgar/data/1096056/000109605625000015/lxfr-20241231.htm
2023-12-31,LXFR,USD,0001096056,2024-02-27,2024-02-27 16:46:13,2023,FY,2300000.0,0,2300000.0,61000000.0,95900000.0,9600000.0,168800000.0,79200000.0,67500000,12000000.0,79500000.0,400000.0,3900000.0,40300000.0,203300000.0,0.0,372100000.0,26500000.0,9300000,0,0.0,29000000.0,64800000.0,82600000,0,10200000,1900000,94700000.0,0.0,19700000,159500000.0,0.0,26500000.0,104300000.0,-117900000.0,199700000.0,212600000.0,212600000.0,372100000.0,0.0,372100000.0,400000.0,91900000,89600000.0,https://www.sec.gov/Archives/edgar/data/1096056/000109605624000011/0001096056-24-000011-index.htm,https://www.sec.gov/Archives/edgar/data/1096056/000109605624000011/lxfr-20231231.htm
2022-12-31,LXFR,USD,0001096056,2023-03-01,2023-03-01 07:56:37,2022,FY,12600000.0,0,12600000.0,67800000.0,111100000.0,10300000.0,201100000.0,97500000.0,65600000,12500000.0,78100000.0,400000.0,3000000.0,27000000.0,206000000.0,0.0,407100000.0,37800000.0,29700000,1800000,0.0,40900000.0,110200000.0,74400000,0,9900000,5300000,89600000.0,0.0,22900000,199800000.0,0.0,26500000.0,120200000.0,-139400000.0,200000000.0,207300000.0,207300000.0,407100000.0,0.0,407100000.0,400000.0,81200000,68600000.0,https://www.sec.gov/Archives/edgar/data/1096056/000109605623000009/0001096056-23-000009-index.htm,https://www.sec.gov/Archives/edgar/data/1096056/000109605623000009/lxfr-20221231.htm
2021-12-31,LXFR,USD,0001096056,2022-02-24,2022-02-24 16:54:57,2021,FY,6200000.0,0,6200000.0,45900000.0,90500000.0,20600000.0,163200000.0,100100000.0,69700000,13700000.0,83400000.0,400000.0,8000000.0,13700000.0,205600000.0,0.0,368800000.0,31700000.0,3000000,3000000,28200000.0,46200000.0,83900000.0,69400000,1900000,2700000,3700000,75800000.0,0.0,12800000,159700000.0,0.0,26500000.0,107500000.0,-135000000.0,210100000.0,209100000.0,209100000.0,368800000.0,0.0,368800000.0,400000.0,59600000,53400000.0,https://www.sec.gov/Archives/edgar/data/1096056/000109605622000015/0001096056-22-000015-index.htm,https://www.sec.gov/Archives/edgar/data/1096056/000109605622000015/lxfr-20211231.htm
2020-12-31,LXFR,USD,0001096056,2021-03-02,2021-03-02 16:43:15,2020,FY,1500000.0,0,1500000.0,33800000.0,68800000.0,46800000.0,150900000.0,95500000.0,70200000,12800000.0,83000000.0,500000.0,16500000.0,0.0,195500000.0,0.0,346400000.0,18600000.0,2900000,400000,19000000.0,43500000.0,65400000.0,60100000,50800000,2000000,51800000,113900000.0,0.0,9600000,179300000.0,0.0,26600000.0,91200000.0,-165800000.0,215100000.0,167100000.0,167100000.0,346400000.0,0.0,346400000.0,500000.0,53400000,51900000.0,https://www.sec.gov/Archives/edgar/data/1096056/000109605621000010/0001096056-21-000010-index.htm,https://www.sec.gov/Archives/edgar/data/1096056/000109605621000010/lxfr-20201231.htm
2024-09-30,ESE,USD,0000866706,2024-11-29,2024-11-29 13:44:55,2024,FY,65963000.0,0,65963000.0,371214000.0,209164000.0,22308000.0,668649000.0,208340000.0,539899000,407602000.0,947501000.0,0.0,0.0,14130000.0,1169971000.0,0.0,1838620000.0,98371000.0,20000000,0,0.0,231483000.0,349854000.0,136810000,0,75333000,39273000,251416000.0,0.0,0,601270000.0,0.0,308000.0,1082950000.0,-10775000.0,164867000.0,1237350000.0,1237350000.0,1838620000.0,0.0,1838620000.0,0.0,156810000,90847000.0,https://www.sec.gov/Archives/edgar/data/866706/000141057824002064/0001410578-24-002064-index.htm,https://www.sec.gov/Archives/edgar/data/866706/000141057824002064/ese-20240930x10k.htm
2023-09-30,ESE,USD,0000866706,2023-11-29,2023-11-29 14:58:06,2023,FY,41866000.0,0,41866000.0,337190000.0,184067000.0,17972000.0,581095000.0,195323000.0,503177000,392124000.0,895301000.0,0.0,0.0,11495000.0,1102119000.0,0.0,1683214000.0,86973000.0,20000000,0,112277000.0,95401000.0,314651000.0,136961000,0,75531000,24929000,237421000.0,0.0,54961000,552072000.0,0.0,308000.0,989315000.0,-23969000.0,165488000.0,1131142000.0,1131142000.0,1683214000.0,0.0,1683214000.0,0.0,138554000,96688000.0,https://www.sec.gov/Archives/edgar/data/866706/000141057823002596/0001410578-23-002596-index.htm,https://www.sec.gov/Archives/edgar/data/866706/000141057823002596/ese-20230930x10k.htm
2022-09-30,ESE,USD,0000866706,2022-11-29,2022-11-29 15:14:06,2022,FY,97724000.0,0,97724000.0,289799000.0,162403000.0,22696000.0,572622000.0,185123000.0,492709000,394464000.0,887173000.0,0.0,0.0,9538000.0,1081834000.0,0.0,1654456000.0,78746000.0,26503000,0,125009000.0,81368000.0,318129000.0,157853000,0,82023000,48294000,288170000.0,0.0,31356000,606299000.0,0.0,307000.0,905022000.0,-31764000.0,174592000.0,1048157000.0,1048157000.0,1654456000.0,0.0,1654456000.0,0.0,177853000,80129000.0,https://www.sec.gov/Archives/edgar/data/866706/000141057822003540/0001410578-22-003540-index.htm,https://www.sec.gov/Archives/edgar/data/866706/000141057822003540/ese-20220930x10k.htm
2021-09-30,ESE,USD,0000866706,2021-11-29,2021-11-29 16:53:54,2021,FY,56232000.0,0,56232000.0,240112000.0,147148000.0,22662000.0,466154000.0,186111000.0,504853000,409250000.0,914103000.0,0.0,0.0,10977000.0,1111191000.0,0.0,1577345000.0,56669000.0,20000000,0,108814000.0,92281000.0,277764000.0,189382000,0,73560000,16943000,279885000.0,0.0,55382000,557649000.0,0.0,307000.0,830989000.0,-2161000.0,190561000.0,1019696000.0,1019696000.0,1577345000.0,0.0,1577345000.0,0.0,182032000,125800000.0,https://www.sec.gov/Archives/edgar/data/866706/000141057821000447/0001410578-21-000447-index.htm,https://www.sec.gov/Archives/edgar/data/866706/000141057821000447/ese-20210930x10k.htm
2020-09-30,ESE,USD,0000866706,2020-11-30,2020-11-30 16:09:37,2020,FY,52560000.0,0,52560000.0,238384000.0,136189000.0,17053000.0,446630000.0,161260000.0,408063000,346632000.0,754695000.0,0.0,0.0,10938000.0,926893000.0,0.0,1373523000.0,50525000.0,22368000,0,100551000.0,82040000.0,256029000.0,85113000,0,60938000,9848000,155899000.0,0.0,45113000,411928000.0,0.0,306000.0,778398000.0,-3657000.0,186548000.0,961595000.0,961595000.0,1373523000.0,0.0,1373523000.0,0.0,79153000,26593000.0,https://www.sec.gov/Archives/edgar/data/866706/000110465920130486/0001104659-20-130486-index.htm,https://www.sec.gov/Archives/edgar/data/866706/000110465920130486/ese-20200930x10k.htm
2024-09-30,SR,USD,0001126956,2024-11-20,2024-11-20 10:43:44,2024,FY,4500000.0,0,4500000.0,289400000.0,263900000.0,213500000.0,771300000.0,7198600000.0,1171600000,0.0,1171600000.0,115300000.0,0.0,1603900000.0,10089400000.0,0.0,10860700000.0,237200000.0,989000000,105200000,78300000.0,294200000.0,1703900000.0,3704400000,0,808400000,1411300000,5924100000.0,0.0,0,7628000000.0,242000000.0,57700000.0,1018700000.0,12100000.0,1902200000.0,3232700000.0,3232700000.0,10860700000.0,0.0,10860700000.0,115300000.0,4693400000,4688900000.0,https://www.sec.gov/Archives/edgar/data/1126956/000143774924035823/0001437749-24-035823-index.htm,https://www.sec.gov/Archives/edgar/data/3146/000143774924035823/spre20240930_10k.htm
2023-09-30,SR,USD,0001126956,2023-11-16,2023-11-16 12:29:39,2023,FY,5600000.0,0,5600000.0,310500000.0,279500000.0,481300000.0,1076900000.0,6478000000.0,1171600000,0.0,1171600000.0,102600000.0,0.0,1484500000.0,9236700000.0,0.0,10313600000.0,253100000.0,1112100000,104100000,48600000.0,237500000.0,1755400000.0,3624200000,0,743700000,1256500000,5624400000.0,16500000.0,70200000,7396300000.0,242000000.0,53200000.0,958000000.0,47600000.0,1616500000.0,2917300000.0,2933800000.0,10313600000.0,16500000.0,10313600000.0,102600000.0,4666100000,4660500000.0,https://www.sec.gov/Archives/edgar/data/1126956/000143774923032284/0001437749-23-032284-index.htm,https://www.sec.gov/Archives/edgar/data/3146/000143774923032284/spre20230930_10k.htm
2022-09-30,SR,USD,0001126956,2022-11-16,2022-11-16 13:24:49,2022,FY,6500000.0,87800000,6500000.0,644000000.0,422300000.0,519200000.0,1592000000.0,5861800000.0,1171600000,0.0,1171600000.0,87800000.0,1112400000.0,258100000.0,8491700000.0,0.0,10083700000.0,617400000.0,1318700000,90100000,46900000.0,280500000.0,2353600000.0,3032200000,0,675100000,1191200000,4898500000.0,0.0,73700000,7252100000.0,242000000.0,1623800000.0,905500000.0,47200000.0,1571300000.0,2818500000.0,2831600000.0,10083700000.0,13100000.0,10083700000.0,579200000.0,4277200000,4270700000.0,https://www.sec.gov/Archives/edgar/data/1126956/000143774922027522/0001437749-22-027522-index.htm,https://www.sec.gov/Archives/edgar/data/3146/000143774922027522/spre20220930_10k.htm
2021-09-30,SR,USD,0001126956,2021-11-22,2021-11-22 12:17:34,2021,FY,4300000.0,0,4300000.0,605500000.0,305000000.0,401700000.0,1316500000.0,5055700000.0,1171600000,0.0,1171600000.0,554200000.0,993500000.0,264900000.0,8039900000.0,0.0,9356400000.0,409900000.0,727800000,78800000,61000000.0,330800000.0,1608300000.0,2992800000,1386200000,612300000,1484800000,5089900000.0,0.0,53700000,6698200000.0,242000000.0,1569600000.0,843000000.0,3600000.0,1517900000.0,2658200000.0,2668000000.0,9356400000.0,9800000.0,9356400000.0,554200000.0,3666900000,3662600000.0,https://www.sec.gov/Archives/edgar/data/1126956/000156459021057844/0001564590-21-057844-index.htm,https://www.sec.gov/Archives/edgar/data/3146/000156459021057844/sr-10k_20210930.htm
2020-09-30,SR,USD,0001126956,2020-11-18,2020-11-18 11:58:31,2020,FY,4100000.0,0,4100000.0,263300000.0,191500000.0,131700000.0,590600000.0,4680100000.0,1171600000,0.0,1171600000.0,504000000.0,1069400000.0,225500000.0,7650600000.0,0.0,8241200000.0,243300000.0,708400000,71400000,75900000.0,350200000.0,1449200000.0,2482100000,1196200000,511400000,1276200000,4269700000.0,0.0,58400000,5718900000.0,242000000.0,1600800000.0,720700000.0,-41200000.0,1549200000.0,2522300000.0,2525700000.0,8241200000.0,3400000.0,8241200000.0,504000000.0,3132100000,3128000000.0,https://www.sec.gov/Archives/edgar/data/1126956/000156459020054448/0001564590-20-054448-index.htm,https://www.sec.gov/Archives/edgar/data/3146/000156459020054448/sr-10k_20200930.htm
2023-12-31,RSMXF,CAD,0001858994,2023-12-31,2023-12-30 19:00:00,2023,FY,57886.0,0,57886.0,53252.0,0.0,102489.0,213627.0,6414285.0,0,0.0,0.0,0.0,0.0,111149.0,6525434.0,0.0,6739061.0,534976.0,0,0,0.0,0.0,534976.0,0,0,0,0,0.0,0.0,0,534976.0,0.10200000000077125,14618102.0,-10480993.0,2066976.0,-0.10199999995529652,6204085.0,6204085.0,6739061.0,0.0,6739061.0,0.0,0,-57886.0,,
2022-12-31,RSMXF,CAD,0001858994,2022-12-31,2022-12-31 00:00:00,2022,FY,1110463.0,0,1110463.0,175361.0,0.0,270566.0,1637671.0,2565290.0,0,0.0,0.0,0.0,0.0,10000.0,2575290.0,0.0,4212961.0,375881.0,0,0,0.0,0.0,375881.0,0,0,0,0,0.0,0.0,0,375881.0,0.0,9780720.0,-7294901.0,1201261.0,150000.0,3837080.0,3837080.0,4212961.0,0.0,4212961.0,0.0,0,-1110463.0,,
2021-12-31,RSMXF,CAD,0001858994,2021-12-31,2021-12-31 00:00:00,2021,FY,1478.0,0,1478.0,67492.0,0.0,10000.0,78970.0,1005882.0,0,0.0,0.0,0.0,0.0,10000.0,1015882.0,0.0,1094852.0,458156.0,53750,0,-458156.0,0.0,511906.0,0,0,0,0,0.0,0.0,0,511906.0,0.0,4718756.0,-4143189.0,7379.0,0.0,582946.0,582946.0,1094852.0,0.0,1094852.0,0.0,53750,52272.0,,
2020-12-31,RSMXF,CAD,0001858994,2020-12-31,2020-12-31 00:00:00,2020,FY,12798.0,0,12798.0,37311.0,1.0,14384.0,64493.0,1155179.0,0,0.0,0.0,0.0,0.0,10000.0,1165179.0,0.0,1229672.0,269177.0,0,0,0.0,0.0,269177.0,0,0,0,0,0.0,0.0,0,269177.0,0.0,3989231.0,-3036115.0,7379.0,0.0,960495.0,960495.0,1229672.0,0.0,1229672.0,0.0,0,-12798.0,,
2019-12-31,RSMXF,CAD,0001858994,2019-12-31,2019-12-29 19:00:00,2019,FY,2535.0,0,2535.0,7219.0,-7.218999999999141,7.218999999997,9754.0,926213.0,0,0.0,0.0,0.0,0.0,10000.0,936213.0,0.0,945967.0,131810.0,0,0,0.0,205060.0,336870.0,0,0,0,0,0.0,0.0,0,336870.0,0.0,2861060.0,-2274463.0,22500.0,0.0,609097.0,609097.0,945967.0,0.0,945967.0,0.0,0,-2535.0,,
2024-12-31,ALE,USD,0000066756,2025-02-13,2025-02-12 19:11:23,2024,FY,32799999.0,0,32799999.0,148100000.0,154600000.0,99700000.0,435200000.0,5181500000.0,0,0.0,155300000.0,340100000.0,0.0,642200000.0,6319100000.0,0.0,6754300000.0,113600000.0,94700000,54600000,0.0,141300000.0,404200000.0,1704700000,0,253400000,1001500000,2959600000.0,0.0,0,3363800000.0,0.0,1823200000.0,1042900000.0,-18100000.0,0.0,2848000000.0,2848400000.0,6212200000.0,400000.0,6212200000.0,340100000.0,1799400000,1766600000.0,https://www.sec.gov/Archives/edgar/data/66756/000006675625000013/0000066756-25-000013-index.htm,https://www.sec.gov/Archives/edgar/data/66756/000006675625000013/ale-20241231.htm
2023-12-31,ALE,USD,0000066756,2024-02-20,2024-02-20 06:05:44,2023,FY,71900000.0,0,71900000.0,137200000.0,175400000.0,83600000.0,468100000.0,5024100000.0,154900000,500000.0,155400000.0,331200000.0,12800000.0,664800000.0,6188300000.0,0.0,6656400000.0,102200000.0,111400000,51000000,0.0,113000000.0,377600000.0,1679900000,0,192700000,999600000,2872200000.0,-500000.0,0,3249300000.0,0.0,1803700000.0,1026400000.0,-20500000.0,0.0,2809600000.0,3407100000.0,6059400000.0,597500000.0,6059400000.0,331200000.0,1791300000,1719400000.0,https://www.sec.gov/Archives/edgar/data/66756/000006675624000007/0000066756-24-000007-index.htm,https://www.sec.gov/Archives/edgar/data/66756/000006675624000007/ale-20231231.htm
2022-12-31,ALE,USD,0000066756,2023-02-16,2023-02-15 18:08:58,2022,FY,36400000.0,0,36400000.0,137900000.0,455900000.0,87800000.0,718000000.0,5016700000.0,0,155600000.0,155600000.0,322700000.0,158100000.0,474500000.0,6127600000.0,0.0,6845600000.0,103000000.0,275800000,69100000,150700000.0,268300000.0,716200000.0,1657500000,0,158100000,965500000,2781100000.0,0.0,12500000,3497300000.0,0.0,1781500000.0,934800000.0,-24400000.0,0.0,2691900000.0,3348300000.0,6845600000.0,656400000.0,6845600000.0,322700000.0,1933300000,1896900000.0,https://www.sec.gov/Archives/edgar/data/66756/000006675623000005/0000066756-23-000005-index.htm,https://www.sec.gov/Archives/edgar/data/66756/000006675623000005/ale-20221231.htm
2021-12-31,ALE,USD,0000066756,2022-02-16,2022-02-15 17:41:34,2021,FY,45100000.0,0,45100000.0,123700000.0,97700000.0,24800000.0,291300000.0,5116600000.0,-186500000,800000.0,-185700000.0,318000000.0,185700000.0,709100000.0,6143700000.0,0.0,6435000000.0,111000000.0,219000000,65100000,27200000.0,148300000.0,543400000.0,1774800000,900100000,185700000,984800000,2945300000.0,0.0,16400000,3488700000.0,0.0,1536700000.0,900200000.0,-23800000.0,0.0,2413100000.0,2946300000.0,6435000000.0,533200000.0,6435000000.0,318000000.0,1993800000,1948700000.0,https://www.sec.gov/Archives/edgar/data/66756/000006675622000014/0000066756-22-000014-index.htm,https://www.sec.gov/Archives/edgar/data/66756/000006675622000014/ale-20211231.htm
2020-12-31,ALE,USD,0000066756,2021-02-17,2021-02-16 18:14:10,2020,FY,44300000.0,0,44300000.0,111900000.0,74200000.0,24500000.0,254900000.0,4863200000.0,0,0.0,-195700000.0,301200000.0,195700000.0,665300000.0,5829700000.0,0.0,6084600000.0,110000000.0,209600000,59400000,79200000.0,80600000.0,459600000.0,1609700000,917200000,195700000,1215100000,2824800000.0,0.0,22400000,3284400000.0,0.0,1460900000.0,864800000.0,-31100000.0,0.0,2294600000.0,2800200000.0,6084600000.0,505600000.0,6084600000.0,301200000.0,1819300000,1775000000.0,https://www.sec.gov/Archives/edgar/data/66756/000006675621000025/0000066756-21-000025-index.htm,https://www.sec.gov/Archives/edgar/data/66756/000006675621000025/ale-20201231.htm
2024-06-30,IMTH,USD,0001331612,2024-10-16,2024-10-15 18:35:52,2024,FY,113489.0,0,113489.0,170290.0,0.0,0.0,283779.0,360141.0,0,0.0,0.0,0.0,0.0,7961.0,368102.0,0.0,651881.0,1317085.0,1667379,0,0.0,1123842.0,4108306.0,526537,0,0,1500000,2026537.0,0.0,315691,6134843.0,0.0,24.0,-44561210.0,0.0,39078224.0,-5482962.0,-5482962.0,651881.0,0.0,651881.0,0.0,2193916,2080427.0,https://www.sec.gov/Archives/edgar/data/1331612/000147793224006452/0001477932-24-006452-index.htm,https://www.sec.gov/Archives/edgar/data/1331612/000147793224006452/imth_10k.htm
2023-06-30,IMTH,USD,0001331612,2023-10-13,2023-10-13 15:25:28,2023,FY,157589.0,0,157589.0,233935.0,-9294.0,2250.0,393774.0,727951.0,177777,3143369.0,3321146.0,0.0,0.0,6716.0,4055813.0,0.0,4449587.0,1086905.0,1496860,0,712541.0,991951.0,3575716.0,682408,0,0,1499849,2182257.0,0.0,532564,5757973.0,7.450580596923828e-09,21.0,-36622313.0,-7.105427357601002e-09,35313906.00000001,-1308386.0,-1308386.0,4449587.0,0.0,4449587.0,0.0,2179268,2021679.0,https://www.sec.gov/Archives/edgar/data/1331612/000147793223007626/0001477932-23-007626-index.htm,https://www.sec.gov/Archives/edgar/data/1331612/000147793223007626/imth_10k.htm
2022-06-30,IMTH,USD,0001331612,2022-10-13,2022-10-13 15:34:14,2022,FY,301337.0,0,301337.0,213574.0,-27289.0,27289.0,514911.0,942907.0,177777,3157733.0,3335510.0,0.0,0.0,6716.0,4285133.0,0.0,4800044.0,1516700.0,1674162,0,0.0,661565.0,3852427.0,877552,0,0,1480504,2358056.0,0.0,776541,6210483.0,0.9999999925494194,21.0,-32974366.0,7.105427357601002e-09,31563906.0,-1410439.0,-1410439.0,4800044.0,0.0,4800044.0,0.0,2344629,2043292.0,https://www.sec.gov/Archives/edgar/data/1331612/000147793222007620/0001477932-22-007620-index.htm,https://www.sec.gov/Archives/edgar/data/1331612/000147793222007620/imth_10k.htm
2021-06-30,IMTH,USD,0001331612,2021-10-13,2021-10-13 17:28:55,2021,FY,433435.0,0,433435.0,178555.0,-63453.0,50732.0,677188.0,1083101.0,3473264,0.0,3473264.0,14466.0,-14466.0,10331.0,4566696.0,0.0,5243884.0,698166.0,1224919,0,529664.0,869186.0,2792271.0,2395571,0,0,0,2507058.0,0.0,757313,5299329.0,0.9999999981373549,16.0,-14916012.0,1.7763568394002505e-09,14860551.0,-55445.0,-55445.0,5243884.0,0.0,5243884.0,14466.0,2238996,1805561.0,https://www.sec.gov/Archives/edgar/data/1331612/000147793221007237/0001477932-21-007237-index.htm,https://www.sec.gov/Archives/edgar/data/1331612/000147793221007237/frhv_10k.htm
2020-06-30,IMTH,USD,0001331612,2020-06-30,2020-06-30 00:00:00,2020,FY,766.0,0,766.0,0.0,0.0,0.0,766.0,0.0,0,0.0,0.0,0.0,0.0,0.0,0.0,0.0,766.0,80986.0,2868174,0,819916.0,1090220.0,4039381.0,0,0,0,0,0.0,0.0,0,4039381.0,47.0,2922.0,-11651055.0,-2922.0,7609471.0,-4038615.0,-4038615.0,766.0,0.0,766.0,0.0,2868174,2867408.0,,
2024-07-31,QZMRF,CAD,0000811522,2024-11-29,2024-11-29 09:55:25,2024,FY,1906327.0,0,1906327.0,83451.0,0.0,19891.0,2009669.0,1004366.0,0,0.0,0.0,0.0,0.0,0.0,1004366.0,0.0,3014035.0,226060.0,12216,0,0.0,84596.0,322872.0,10169,0,0,0,10169.0,0.0,22385,333041.0,0.0,33312270.0,-32073376.0,0.0,1442100.0,2680994.0,2680994.0,3014035.0,0.0,3014035.0,0.0,22385,-1883942.0,https://www.sec.gov/Archives/edgar/data/811522/000165495424014995/0001654954-24-014995-index.htm,https://www.sec.gov/Archives/edgar/data/811522/000165495424014995/qzm_20f.htm
2023-07-31,QZMRF,CAD,0000811522,2023-11-28,2023-11-28 14:25:25,2023,FY,97469.0,0,97469.0,4030.0,0.0,19891.0,121390.0,742211.0,0,0.0,0.0,0.0,0.0,0.0,742211.0,1.1368683772161603e-13,863601.0,23121.0,10368,0,0.0,17029.0,50518.0,22385,0,0,0,22385.0,0.0,32753,72903.0,0.0,28995261.0,-29636574.0,0.0,1432011.0,790698.0,790698.0,863601.0,0.0,863601.0,0.0,32753,-64716.0,https://www.sec.gov/Archives/edgar/data/811522/000165495423014842/0001654954-23-014842-index.htm,https://www.sec.gov/Archives/edgar/data/811522/000165495423014842/qzm_20f.htm
2022-07-31,QZMRF,CAD,0000811522,2022-11-28,2022-11-28 17:10:47,2022,FY,321791.0,0,321791.0,17865.0,0.0,791.0,340447.0,502106.0,0,0.0,0.0,0.0,0.0,-5.684341886080802e-14,502106.0,1.1368683772161603e-13,842553.0,170736.0,8580,0,0.0,120219.0,299535.0,32753,0,0,0,32753.0,0.0,41333,332288.0,0.0,28445261.0,-28726147.0,791151.0,0.0,510265.0,510265.0,842553.0,0.0,842553.0,0.0,41333,-280458.0,https://www.sec.gov/Archives/edgar/data/811522/000165495422015798/0001654954-22-015798-index.htm,https://www.sec.gov/Archives/edgar/data/811522/000165495422015798/qzm_20f.htm
2021-07-31,QZMRF,CAD,0000811522,2021-11-29,2021-11-29 13:21:18,2021,FY,206443.0,0,206443.0,3347.0,0.0,1765.0,211555.0,387001.0,0,0.0,0.0,0.0,0.0,-5.684341886080802e-14,387001.0,-1.1368683772161603e-13,598556.0,24423.0,7466,36452,0.0,25367.0,93708.0,41333,0,0,0,41333.0,0.0,48799,135041.0,0.0,27599806.0,-27728302.0,592011.0,0.0,463515.0,463515.0,598556.0,0.0,598556.0,0.0,48799,-157644.0,https://www.sec.gov/Archives/edgar/data/811522/000165495421012651/0001654954-21-012651-index.htm,https://www.sec.gov/Archives/edgar/data/811522/000165495421012651/qzm_20f.htm
2020-07-31,QZMRF,CAD,0000811522,2020-11-24,2020-11-24 12:20:39,2020,FY,206529.0,0,206529.0,0.0,0.0,7209.0,218558.0,1.0,0,0.0,0.0,0.0,0.0,0.0,1.0,0.0,218559.0,4176.0,0,0,0.0,75832.0,80008.0,0,0,0,0,0.0,0.0,0,80008.0,0.0,27158423.0,-27611883.0,592011.0,0.0,138551.0,138551.0,218559.0,0.0,218559.0,0.0,0,-206529.0,https://www.sec.gov/Archives/edgar/data/811522/000165495420012873/0001654954-20-012873-index.htm,https://www.sec.gov/Archives/edgar/data/811522/000165495420012873/qzm_20f.htm
2024-12-31,SUNS,USD,0002012706,2025-03-06,2025-03-06 07:30:27,2024,FY,184626770.0,0,184626770.0,1138561.0,0.0,1058601.0,185765331.0,0.0,0,0.0,0.0,0.0,0.0,0.0,0.0,131770449.0,317535780.0,357417.0,198840000,0,0.0,4182218.0,203379635.0,0,0,0,18398,18398.0,0.0,0,203398033.0,0.0,70047.0,-954334.0,0.0,115022034.0,114137747.0,114137747.0,317535780.0,0.0,317535780.0,0.0,198840000,14213230.0,https://www.sec.gov/Archives/edgar/data/2012706/000201270625000004/0002012706-25-000004-index.htm,https://www.sec.gov/Archives/edgar/data/2012706/000201270625000004/suns-20241231.htm
2023-12-31,SUNS,USD,0001508171,2023-12-31,2023-12-30 19:00:00,2023,FY,31244622.0,0,31244622.0,0.0,0.0,0.0,31244622.0,0.0,0,0.0,0.0,0.0,0.0,0.0,0.0,0.0,31244622.0,10000.0,0,0,0.0,-10000.0,10000.0,0,0,0,0,10000.0,-10000.0,0,10000.0,0.0,0.0,0.0,1.6653345369377348e-09,31234622.0,31234622.0,31234622.0,31244622.0,0.0,31244622.0,0.0,0,-31244622.0,,
2024-12-31,OC,USD,0001370946,2025-02-24,2025-02-24 06:03:31,2024,FY,361000000.0,0,361000000.0,1244000000.0,1587000000.0,186000000.0,3378000000.0,4578000000.0,2843000000,2688000000.0,5531000000.0,0.0,54000000.0,534000000.0,10697000000.0,0.0,14075000000.0,1430000000.0,125000000,102000000,0.0,640000000.0,2297000000.0,375000000,0,719000000,5564000000,6658000000.0,0.0,0,8955000000.0,0.0,1000000.0,-691000000.0,0.0,5767000000.0,5077000000.0,5120000000.0,14075000000.0,43000000.0,14075000000.0,0.0,500000000,139000000.0,https://www.sec.gov/Archives/edgar/data/1370946/000137094625000077/0001370946-25-000077-index.htm,https://www.sec.gov/Archives/edgar/data/1370946/000137094625000077/oc-20241231.htm
2023-12-31,OC,USD,0001370946,2024-02-14,2024-02-14 06:06:49,2023,FY,1615000000.0,0,1615000000.0,987000000.0,1198000000.0,117000000.0,3917000000.0,4063000000.0,1392000000,1528000000.0,2920000000.0,0.0,24000000.0,313000000.0,7320000000.0,0.0,11237000000.0,1216000000.0,493000000,91000000,0.0,524000000.0,2324000000.0,2780000000,0,427000000,496000000,3703000000.0,0.0,349000000,6027000000.0,0.0,1000000.0,4794000000.0,-503000000.0,874000000.0,5166000000.0,5210000000.0,11237000000.0,44000000.0,11237000000.0,29000000.0,3273000000,1658000000.0,https://www.sec.gov/Archives/edgar/data/1370946/000137094624000046/0001370946-24-000046-index.htm,https://www.sec.gov/Archives/edgar/data/1370946/000137094624000046/oc-20231231.htm
2022-12-31,OC,USD,0001370946,2023-02-15,2023-02-15 06:08:42,2022,FY,1099000000.0,0,1099000000.0,961000000.0,1334000000.0,162000000.0,3556000000.0,3933000000.0,1383000000,1602000000.0,2985000000.0,27000000.0,16000000.0,235000000.0,7196000000.0,0.0,10752000000.0,1345000000.0,80000000,108000000,16000000.0,571000000.0,2104000000.0,3144000000,388000000,388000000,495000000,4027000000.0,0.0,204000000,6131000000.0,0.0,1000000.0,3794000000.0,-681000000.0,1461000000.0,4575000000.0,4621000000.0,10752000000.0,46000000.0,10752000000.0,27000000.0,3196000000,2097000000.0,https://www.sec.gov/Archives/edgar/data/1370946/000137094623000010/0001370946-23-000010-index.htm,https://www.sec.gov/Archives/edgar/data/1370946/000137094623000010/oc-20221231.htm
2021-12-31,OC,USD,0001370946,2022-02-16,2022-02-16 06:16:53,2021,FY,959000000.0,11000000,959000000.0,939000000.0,1078000000.0,121000000.0,3097000000.0,4031000000.0,990000000,1617000000.0,2607000000.0,46000000.0,31000000.0,203000000.0,6918000000.0,0.0,10015000000.0,1095000000.0,123000000,70000000,0.0,409000000.0,1697000000.0,3069000000,234000000,376000000,538000000,3983000000.0,0.0,183000000,5680000000.0,0.0,1000000.0,2706000000.0,-581000000.0,2170000000.0,4296000000.0,4335000000.0,10015000000.0,39000000.0,10015000000.0,46000000.0,3118000000,2159000000.0,https://www.sec.gov/Archives/edgar/data/1370946/000137094622000010/0001370946-22-000010-index.htm,https://www.sec.gov/Archives/edgar/data/1370946/000137094622000010/oc-20211231.htm
2020-12-31,OC,USD,0001370946,2021-02-17,2021-02-17 06:10:33,2020,FY,717000000.0,0,717000000.0,919000000.0,855000000.0,115000000.0,2606000000.0,3963000000.0,989000000,1667000000.0,2656000000.0,55000000.0,28000000.0,173000000.0,6875000000.0,0.0,9481000000.0,875000000.0,74000000,61000000,197000000.0,430000000.0,1440000000.0,3225000000,330000000,332000000,543000000,4100000000.0,0.0,173000000,5540000000.0,0.0,1000000.0,1829000000.0,-588000000.0,2659000000.0,3901000000.0,3941000000.0,9481000000.0,40000000.0,9481000000.0,55000000.0,3225000000,2508000000.0,https://www.sec.gov/Archives/edgar/data/1370946/000137094621000011/0001370946-21-000011-index.htm,https://www.sec.gov/Archives/edgar/data/1370946/000137094621000011/oc-20201231.htm
2024-12-31,PCG-PC,USD,0001004980,2025-02-13,2025-02-12 21:41:44,2024,FY,235000000.0,0,235000000.0,0.0,0.0,16000000.0,251000000.0,0.0,0,0.0,0.0,42829000000.0,0.0,808000000.0,43637000000.0,89772000000.0,133660000000.0,36000000.0,1523000000,1000000,0.0,14770000000.0,16330000000.0,7160000000,0,0,79769000000,86929000000.0,0.0,443000000,103259000000.0,1579000000.0,70641000000.0,-2966000000.0,-19000000.0,-39086000000.0,30149000000.0,30401000000.0,133660000000.0,252000000.0,133660000000.0,42829000000.0,8240000000,8005000000.0,https://www.sec.gov/Archives/edgar/data/1004980/000100498025000010/0001004980-25-000010-index.htm,https://www.sec.gov/Archives/edgar/data/75488/000100498025000010/pcg-20241231.htm
2023-12-31,PCG-PC,USD,0001004980,2024-02-22,2024-02-21 21:28:44,2023,FY,635000000.0,0,635000000.0,10456000000.0,870000000.0,2422000000.0,14383000000.0,82919000000.0,0,0.0,0.0,3574000000.0,0.0,24822000000.0,111315000000.0,0.0,125698000000.0,2309000000.0,5686000000,1000000,0.0,9318000000.0,17314000000.0,52047000000,0,0,31045000000,83092000000.0,0.0,1411000000,100406000000.0,0.0,30374000000.0,-5321000000.0,-13000000.0,0.0,25040000000.0,25292000000.0,125698000000.0,252000000.0,125698000000.0,3574000000.0,57733000000,57098000000.0,https://www.sec.gov/Archives/edgar/data/1004980/000100498024000014/0001004980-24-000014-index.htm,https://www.sec.gov/Archives/edgar/data/75488/000100498024000014/pcg-20231231.htm
2022-12-31,PCG-PC,USD,0001004980,2023-02-23,2023-02-22 22:00:15,2022,FY,734000000.0,0,734000000.0,8837000000.0,842000000.0,2402000000.0,12815000000.0,77519000000.0,0,0.0,0.0,3297000000.0,423000000.0,24590000000.0,105829000000.0,0.0,118644000000.0,5324000000.0,4554000000,0,423000000.0,5910000000.0,15788000000.0,48985000000,0,2732000000,28064000000,79781000000.0,0.0,1474000000,95569000000.0,0.0,32887000000.0,-7542000000.0,-5000000.0,-2517000000.0,22823000000.0,23075000000.0,118644000000.0,252000000.0,118644000000.0,3297000000.0,53539000000,52805000000.0,https://www.sec.gov/Archives/edgar/data/1004980/000100498023000029/0001004980-23-000029-index.htm,https://www.sec.gov/Archives/edgar/data/75488/000100498023000029/pcg-20221231.htm
2021-12-31,PCG-PC,USD,0001004980,2022-02-10,2022-02-10 08:07:20,2021,FY,165000000.0,0,165000000.0,8335000000.0,596000000.0,3997000000.0,11086000000.0,71060000000.0,0,0.0,-297000000.0,3798000000.0,297000000.0,17233000000.0,92091000000.0,0.0,103177000000.0,2855000000.0,7133000000,0,2199000000.0,7439000000.0,17310000000.0,39035000000,18061000000,3409000000,25642000000,60257000000.0,0.0,1278000000,77567000000.0,258000000.0,1322000000.0,-4247000000.0,-9000000.0,-4854000000.0,25610000000.0,25862000000.0,103177000000.0,252000000.0,103177000000.0,3798000000.0,41548000000,41383000000.0,https://www.sec.gov/Archives/edgar/data/1004980/000100498022000009/0001004980-22-000009-index.htm,https://www.sec.gov/Archives/edgar/data/75488/000100498022000009/pcg-20211231.htm
2020-12-31,PCG-PC,USD,0001004980,2021-02-25,2021-02-25 08:28:21,2020,FY,484000000.0,0,484000000.0,6139000000.0,628000000.0,2351000000.0,9602000000.0,67877000000.0,0,0.0,-237000000.0,3538000000.0,237000000.0,16839000000.0,88254000000.0,0.0,97856000000.0,4227000000.0,4108000000,0,2323000000.0,5246000000.0,13581000000.0,38501000000,19280000000,1398000000,24521000000,63022000000.0,0.0,1746000000,76603000000.0,258000000.0,30224000000.0,-9196000000.0,-27000000.0,0.0,21001000000.0,21253000000.0,97856000000.0,252000000.0,97856000000.0,3538000000.0,42604000000,42120000000.0,https://www.sec.gov/Archives/edgar/data/1004980/000100498021000007/0001004980-21-000007-index.htm,https://www.sec.gov/Archives/edgar/data/75488/000100498021000007/pcg-20201231.htm
2023-12-31,TRLC,USD,0001550453,2024-03-29,2024-03-29 16:53:01,2023,FY,980741.0,0,980741.0,15894031.0,0.0,0.0,16874772.0,0.0,0,0.0,0.0,42978708.0,0.0,218903859.0,261882567.0,0.0,278757339.0,1206930.0,0,0,0.0,4000966.0,5207896.0,0,0,0,694571,694571.0,0.0,0,5902467.0,0.0,290210274.0,0.0,0.0,-17355402.0,272854872.0,272854872.0,278757339.0,0.0,278757339.0,42978708.0,0,-980741.0,https://www.sec.gov/Archives/edgar/data/1550453/000143774924010102/0001437749-24-010102-index.htm,https://www.sec.gov/Archives/edgar/data/1550453/000143774924010102/trlc20240328_10k.htm
2022-12-31,TRLC,USD,0001550453,2023-09-29,2023-09-29 17:14:25,2022,FY,14510817.0,0,14510817.0,250789592.0,0.0,0.0,265300409.0,0.0,0,0.0,0.0,47636004.0,0.0,1886316.0,49522320.0,0.0,314822729.0,0.0,16985091,0,0.0,10890233.0,27875324.0,0,0,0,15890233,5000000.0,0.0,0,32875324.0,0.0,299302807.0,0.0,-17355401.0,-1.0,281947405.0,281947405.0,314822729.0,0.0,314822729.0,47636004.0,16985091,2474274.0,https://www.sec.gov/Archives/edgar/data/1550453/000143774923027196/0001437749-23-027196-index.htm,https://www.sec.gov/Archives/edgar/data/1550453/000143774923027196/trlc20221231_10k.htm
2021-12-31,TRLC,USD,0001550453,2022-03-30,2022-03-30 13:57:12,2021,FY,16795342.0,301603725,16795342.0,26523185.0,1.0,0.0,299223563.0,0.0,0,0.0,0.0,48850752.0,0.0,2136774.0,50987526.0,0.0,350211089.0,0.0,5000000,0,0.0,6486032.0,11486032.0,0,0,0,0,6486032.0,-6486032.0,0,11486032.0,17317707.0,356042765.0,21066.0,-17317707.0,-17317708.0,338725057.0,338725057.0,350211089.0,0.0,350211089.0,301603725.0,5000000,-11795342.0,https://www.sec.gov/Archives/edgar/data/1550453/000156459022012512/0001564590-22-012512-index.htm,https://www.sec.gov/Archives/edgar/data/1550453/000156459022012512/trilinc-10k_20211231.htm
2020-12-31,TRLC,USD,0001550453,2021-03-31,2021-03-31 16:22:21,2020,FY,55002776.0,3758063,55002776.0,21076328.0,-4057734.0,0.0,316953245.0,0.0,0,0.0,0.0,49558273.0,0.0,2190005.0,51748278.0,0.0,368701523.0,0.0,5000000,0,0.0,8427893.0,13427893.0,0,0,0,0,8427893.0,-8427893.0,0,13427893.0,0.0,372511437.0,0.0,-17237806.0,-1.0,355273630.0,355273630.0,368701523.0,0.0,368701523.0,49558273.0,5000000,-50002776.0,https://www.sec.gov/Archives/edgar/data/1550453/000156459021017096/0001564590-21-017096-index.htm,https://www.sec.gov/Archives/edgar/data/1550453/000156459021017096/trilinc-10k_20201231.htm
2019-12-31,TRLC,USD,0001550453,2020-03-30,2020-03-30 16:33:28,2019,FY,22333304.0,3758063,26091367.0,16501871.0,1.0,4240232.0,46833470.0,0.0,0,0.0,0.0,336540313.0,0.0,317000.0,336857313.0,0.0,383690783.0,0.0,5000000,0,0.0,9095223.0,7522928.0,0,0,0,0,6572295.0,0.0,0,14095223.0,0.0,386833367.0,0.0,-17237807.0,-17237807.0,369595560.0,369595560.0,383690783.0,0.0,383690783.0,340298376.0,5000000,-17333304.0,https://www.sec.gov/Archives/edgar/data/1550453/000156459020014219/0001564590-20-014219-index.htm,https://www.sec.gov/Archives/edgar/data/1550453/000156459020014219/trilinc-10k_20191231.htm
2024-12-31,PHIN,USD,0001968915,2025-02-13,2025-02-13 10:58:20,2024,FY,484000000.0,0,484000000.0,817000000.0,444000000.0,96000000.0,1841000000.0,843000000.0,471000000,374000000.0,845000000.0,111000000.0,0.0,128000000.0,1927000000.0,0.0,3768000000.0,522000000.0,42000000,38000000,3000000.0,364000000.0,969000000.0,963000000,0,0,262000000,1225000000.0,0.0,17000000,2194000000.0,0.0,1000000.0,44000000.0,-217000000.0,1746000000.0,1574000000.0,1574000000.0,3768000000.0,0.0,3768000000.0,111000000.0,988000000,504000000.0,https://www.sec.gov/Archives/edgar/data/1968915/000196891525000006/0001968915-25-000006-index.htm,https://www.sec.gov/Archives/edgar/data/1968915/000196891525000006/phin-20241231.htm
2023-12-31,PHIN,USD,0001968915,2024-02-28,2024-02-28 15:10:19,2023,FY,365000000.0,0,365000000.0,1017000000.0,487000000.0,58000000.0,1927000000.0,984000000.0,499000000,417000000.0,916000000.0,115000000.0,61000000.0,38000000.0,2114000000.0,0.0,4041000000.0,639000000.0,106000000,39000000,6000000.0,358000000.0,1148000000.0,758000000,7000000,56000000,185000000,1006000000.0,0.0,66000000,2154000000.0,0.0,1000000.0,9000000.0,-131000000.0,2008000000.0,1887000000.0,1887000000.0,4041000000.0,0.0,4041000000.0,115000000.0,864000000,499000000.0,https://www.sec.gov/Archives/edgar/data/1968915/000196891524000007/0001968915-24-000007-index.htm,https://www.sec.gov/Archives/edgar/data/1968915/000196891524000007/phin-20231231.htm
2022-12-31,PHIN,USD,0001968915,2022-12-31,2022-12-30 19:00:00,2022,FY,251000000.0,0,251000000.0,893000000.0,459000000.0,38000000.0,1641000000.0,924000000.0,490000000,432000000.0,922000000.0,46000000.0,157000000.0,384000000.0,2433000000.0,0.0,4074000000.0,686000000.0,117000000,28000000,440000000.0,336000000.0,1170000000.0,95000000,1105000000,46000000,15000000,1261000000.0,0.0,87000000,2431000000.0,0.0,1731000000.0,0.0,-88000000.0,0.0,1643000000.0,1643000000.0,4074000000.0,0.0,4074000000.0,46000000.0,113000000,-138000000.0,,
2021-12-31,PHIN,USD,0001968915,2021-12-31,2021-12-30 19:00:00,2021,FY,259000000.0,0,259000000.0,902000000.0,417000000.0,46000000.0,1624000000.0,990000000.0,496000000,470000000.0,966000000.0,42000000.0,180000000.0,380000000.0,2558000000.0,0.0,4182000000.0,455000000.0,19000000,20000000,469000000.0,680000000.0,1174000000.0,81000000,1154000000,54000000,7000000,1296000000.0,0.0,73000000,2470000000.0,0.0,1647000000.0,0.0,62000000.0,0.0,1709000000.0,1712000000.0,4182000000.0,3000000.0,4182000000.0,42000000.0,100000000,-159000000.0,,
2020-12-31,PHIN,USD,0001968915,2020-12-31,2020-12-29 19:00:00,2020,FY,0.0,0,0.0,0.0,0.0,0.0,0.0,0.0,0,0.0,0.0,0.0,0.0,0.0,0.0,0.0,0.0,0.0,0,0,0.0,0.0,0.0,0,0,0,0,0.0,0.0,0,0.0,0.0,0.0,0.0,0.0,0.0,0.0,0.0,0.0,0.0,0.0,0.0,0,0.0,,
2024-05-31,CBIH,USD,0000000000,2024-05-31,2024-05-30 20:00:00,2023,FY,755.0,0,755.0,20139.0,0.0,598.0,21492.0,35670.0,0,0.0,0.0,0.0,0.0,0.0,35670.0,0.0,57162.0,196088.0,182606,0,0.0,503214.0,881908.0,254267,0,0,0,254267.0,0.0,26783,1136175.0,0.0,0.0,-5334081.0,0.0,4255068.0,-1079013.0,-1079013.0,57162.0,0.0,57162.0,0.0,436873,436118.0,,
2023-05-31,CBIH,USD,0000000000,2023-05-31,2023-05-29 20:00:00,2022,FY,8913.0,0,8913.0,10549.0,-598.0,0.0,19462.0,23920.0,0,0.0,0.0,0.0,0.0,-1.0,23919.0,1.0,43382.0,111299.0,140434,0,28641.0,105173.0,385547.0,249500,0,0,0,249500.0,0.0,4435,635047.0,0.0,0.0,-4682736.0,0.0,4091071.0,-591665.0,-591665.0,43382.0,0.0,43382.0,0.0,389934,381021.0,,
2022-05-31,CBIH,USD,0000000000,2022-05-31,2022-05-29 20:00:00,2021,FY,31981.0,0,31981.0,17614.0,0.0,0.0,49596.0,60298.0,0,0.0,0.0,0.0,0.0,0.0,60298.0,0.0,109894.0,68210.0,139355,0,0.0,15838.0,223403.0,243738,0,0,3804,247542.0,0.0,0,470945.0,2500.0,0.0,-3650156.0,0.0,3286605.0,-361051.0,-361051.0,109894.0,0.0,109894.0,0.0,386897,354916.0,,
2021-05-31,CBIH,USD,0000000000,2021-05-31,2021-05-29 20:00:00,2020,FY,41322.0,0,41322.0,13295.0,0.0,0.0,54617.0,94172.0,0,0.0,0.0,0.0,0.0,0.0,94172.0,0.0,148789.0,16346.0,160325,0,0.0,10808.0,187479.0,225373,0,0,37107,262480.0,0.0,3804,449959.0,2500.0,0.0,-2764985.0,0.0,2461315.0,-301170.0,-301170.0,148789.0,0.0,148789.0,0.0,422805,381483.0,,
2020-05-31,CBIH,USD,0000000000,2020-05-31,2020-05-29 20:00:00,2019,FY,127654.0,0,127654.0,0.0,0.0,0.0,127654.0,0.0,0,0.0,0.0,0.0,0.0,0.0,0.0,0.0,127654.0,513.0,197000,0,2.9103830456733704e-11,3174.99999999998,200688.0,0,0,0,0,0.0,0.0,0,200688.0,500.0,0.0,-2184093.0,0.0,2110560.0,-73033.0,-73033.0,127654.0,0.0,127654.0,0.0,197000,69346.0,,
2024-09-28,MOG-A,USD,0000067887,2024-11-27,2024-11-27 08:57:47,2024,FY,61694000.0,0,61694000.0,1128985000.0,863702000.0,86368000.0,2140749000.0,981948000.0,833764000,63479000.0,897243000.0,0.0,20991000.0,52695000.0,1952877000.0,0.0,4093626000.0,292988000.0,112293000,52007000,299732000.0,287999000.0,1033853000.0,874139000,0,27738000,332089000,1233966000.0,-34826000.0,11166000,2232993000.0,0.0,51280000.0,2668723000.0,-561639000.0,-297731000.0,1860633000.0,1860633000.0,4093626000.0,0.0,4093626000.0,-123000.0,874139000,812445000.0,https://www.sec.gov/Archives/edgar/data/67887/000006788724000166/0000067887-24-000166-index.htm,https://www.sec.gov/Archives/edgar/data/67887/000006788724000166/mog-20240928.htm
2023-09-30,MOG-A,USD,0000067887,2023-11-14,2023-11-14 12:42:26,2023,FY,68959000.0,0,68959000.0,1141324000.0,724002000.0,51047000.0,1985332000.0,870763000.0,821301000,71637000.0,892938000.0,12682000.0,8749000.0,37572000.0,1822704000.0,0.0,3808036000.0,264573000.0,16904000,29631000,377977000.0,276388000.0,965473000.0,990715000,157455000,37626000,178135000,1206476000.0,0.0,144527000,2171949000.0,0.0,51280000.0,2496979000.0,-347735000.0,-564437000.0,1636087000.0,1636087000.0,3808036000.0,0.0,3808036000.0,12682000.0,863092000,794133000.0,https://www.sec.gov/Archives/edgar/data/67887/000006788723000115/0000067887-23-000115-index.htm,https://www.sec.gov/Archives/edgar/data/67887/000006788723000115/mog-20230930.htm
2022-10-01,MOG-A,USD,0000067887,2022-11-14,2022-11-14 17:25:13,2022,FY,103895000.0,0,103895000.0,990262000.0,588466000.0,75687000.0,1758310000.0,737980000.0,805320000,85410000.0,890730000.0,2380000.0,8630000.0,33811000.0,1673531000.0,0.0,3431841000.0,232104000.0,916000,17776000,296899000.0,290741000.0,838436000.0,926568000,63527000,63527000,166497000,1156592000.0,0.0,89696000,1995028000.0,0.0,51280000.0,2360055000.0,-370031000.0,-604491000.0,1436813000.0,1436813000.0,3431841000.0,0.0,3431841000.0,2380000.0,837788000,733893000.0,https://www.sec.gov/Archives/edgar/data/67887/000006788722000089/0000067887-22-000089-index.htm,https://www.sec.gov/Archives/edgar/data/67887/000006788722000089/mog-20221001.htm
2021-10-02,MOG-A,USD,0000067887,2021-11-15,2021-11-15 17:05:27,2021,FY,99599000.0,0,99599000.0,945929000.0,613095000.0,60157000.0,1718780000.0,706133000.0,851605000,106095000.0,957700000.0,104000.0,17769000.0,32683000.0,1714389000.0,0.0,3433169000.0,200602000.0,80365000,12908000,263686000.0,575486000.0,869361000.0,896536000,162728000,64642000,202486000,1163664000.0,0.0,73181000,2033025000.0,0.0,51280000.0,2237848000.0,-311324000.0,-497884000.0,1400144000.0,1400144000.0,3433169000.0,0.0,3433169000.0,104000.0,903720000,804121000.0,https://www.sec.gov/Archives/edgar/data/67887/000006788721000065/0000067887-21-000065-index.htm,https://www.sec.gov/Archives/edgar/data/67887/000006788721000065/mog-20211002.htm
2020-10-03,MOG-A,USD,0000067887,2020-11-17,2020-11-17 16:29:51,2020,FY,84583000.0,0,84583000.0,855535000.0,623043000.0,50326000.0,1613487000.0,668891000.0,821856000,85046000.0,906902000.0,169000.0,18924000.0,17458000.0,1612344000.0,0.0,3225831000.0,176868000.0,17583000,11785000,203338000.0,300980000.0,710554000.0,1002211000,183366000,40474000,229509000,1272194000.0,0.0,89462000,1982748000.0,0.0,51280000.0,2112734000.0,-338551000.0,-518138000.0,1243083000.0,1243083000.0,3225831000.0,0.0,3225831000.0,169000.0,930332000,845749000.0,https://www.sec.gov/Archives/edgar/data/67887/000006788720000054/0000067887-20-000054-index.htm,https://www.sec.gov/Archives/edgar/data/67887/000006788720000054/a10-kdocumentxfy20xq4.htm
2023-12-31,TMCWW,USD,0001798562,2024-03-25,2024-03-25 17:28:03,2023,FY,6842000.0,0,6842000.0,467000.0,0.0,1511000.0,8820000.0,51647000.0,0,0.0,0.0,8429000.0,0.0,0.0,60076000.0,0.0,68896000.0,31334000.0,0,0,0.0,0.0,31334000.0,0,0,10675000,15969000,26644000.0,0.0,0,57978000.0,0.0,438239000.0,-548902000.0,-1216000.0,122797000.0,10918000.0,10918000.0,68896000.0,0.0,68896000.0,8429000.0,14000000,-6842000.0,https://www.sec.gov/Archives/edgar/data/1798562/000110465924038505/0001104659-24-038505-index.htm,https://www.sec.gov/Archives/edgar/data/1798562/000110465924038505/tmc-20231231x10k.htm
2022-12-31,TMCWW,USD,0001798562,2023-03-27,2023-03-27 16:06:11,2022,FY,46842000.0,0,46842000.0,117000.0,-2643000.0,2609000.0,49602000.0,45175000.0,0,0.0,0.0,0.0,0.0,0.0,45175000.0,0.0,94777000.0,0.0,0,0,0.0,41614000.0,41614000.0,0,0,10675000,983000,11658000.0,0.0,0,53272000.0,0.0,332882000.0,-475121000.0,-1216000.0,184960000.0,41505000.0,41505000.0,94777000.0,0.0,94777000.0,0.0,0,-46842000.0,https://www.sec.gov/Archives/edgar/data/1798562/000110465923037110/0001104659-23-037110-index.htm,https://www.sec.gov/Archives/edgar/data/1798562/000110465923037110/tmc-20221231x10k.htm
2021-12-31,TMCWW,USD,0001798562,2022-03-25,2022-03-25 15:15:51,2021,FY,84873000.0,0,84873000.0,64000.0,-3686000.0,3622000.0,88559000.0,44566000.0,0,0.0,0.0,0.0,0.0,0.0,44566000.0,0.0,133125000.0,0.0,0,0,0.0,26573000.0,26573000.0,0,0,10675000,3126000,13801000.0,0.0,0,40374000.0,0.0,296051000.0,-304157000.0,-1216000.0,102073000.0,92751000.0,92751000.0,133125000.0,0.0,133125000.0,0.0,0,-84873000.0,https://www.sec.gov/Archives/edgar/data/1798562/000110465922038029/0001104659-22-038029-index.htm,https://www.sec.gov/Archives/edgar/data/1798562/000110465922038029/tmc-20211231x10k.htm
2020-12-31,TMCWW,USD,0001798562,2021-03-30,2021-03-30 17:09:30,2020,FY,10096000.0,0,10096000.0,0.0,-136784.0,129000.0,10225000.0,44459000.0,0,0.0,0.0,300069135.0,0.0,-300068135.0,44460000.0,0.0,54685000.0,0.0,0,0,0.0,7756000.0,7756000.0,0,0,10675000,0,10675000.0,0.0,0,18431000.0,550000.0,154431000.0,-162858000.0,-1216000.0,45347000.0,36254000.0,36254000.0,54685000.0,0.0,54685000.0,300069135.0,0,-10096000.0,https://www.sec.gov/Archives/edgar/data/1798562/000121390021018753/0001213900-21-018753-index.htm,https://www.sec.gov/Archives/edgar/data/1798562/000121390021018753/f10k2020_sustainable.htm
2019-12-31,TMCWW,USD,0001798562,2019-12-31,2019-12-30 19:00:00,2019,FY,15950624.0,0,15950624.0,0.0,0.0,75486.0,15961.0,2300441.0,0,0.0,0.0,0.0,0.0,-2196781.0,103660.0,0.0,119621.0,1802514.0,0,0,0.0,0.0,103660.0,0,0,0,23060,23060.0,-23060.0,0,103660.0,550000.0,863.0,-9039.0,-1215534.0,194901865.0,15961.0,15961.0,119621.0,0.0,119621.0,0.0,0,-15950624.0,,
2024-09-29,LEE,USD,0000058361,2024-12-13,2024-12-13 14:57:06,2024,FY,0.0,0,9598000.0,60648000.0,5643000.0,21884000.0,97773000.0,79254000.0,328040000,70075000.0,398115000.0,33983000.0,0.0,40046000.0,551398000.0,0.0,649171000.0,36290000.0,16278000,3456000,31755000.0,27575000.0,115354000.0,29769000,0,28403000,482979000,541151000.0,0.0,8139000,656505000.0,0.0,62000.0,-292341000.0,19920000.0,262470000.0,-9889000.0,-7334000.0,649171000.0,2555000.0,649171000.0,33983000.0,37908000,37908000.0,https://www.sec.gov/Archives/edgar/data/58361/000162828024051167/0001628280-24-051167-index.htm,https://www.sec.gov/Archives/edgar/data/58361/000162828024051167/lee-20240929.htm
2023-09-24,LEE,USD,0000058361,2023-12-08,2023-12-08 12:05:54,2023,FY,14548000.0,0,14548000.0,69104000.0,7504000.0,15373000.0,106529000.0,102056000.0,329504000,94988000.0,424492000.0,33391000.0,0.0,45149000.0,605088000.0,0.0,711617000.0,36290000.0,7755000,5809000,40843000.0,23639000.0,114336000.0,492321000,0,41351000,39903000,573575000.0,0.0,44335000,687911000.0,0.0,61000.0,-266496000.0,26843000.0,260832000.0,21240000.0,23706000.0,711617000.0,2466000.0,711617000.0,33391000.0,500076000,485528000.0,https://www.sec.gov/Archives/edgar/data/58361/000162828023041119/0001628280-23-041119-index.htm,https://www.sec.gov/Archives/edgar/data/58361/000162828023041119/lee-20230924.htm
2022-09-25,LEE,USD,0000058361,2023-02-27,2023-02-27 16:43:47,2022,FY,16185000.0,0,16185000.0,69522000.0,8265000.0,15151000.0,109123000.0,121203000.0,329504000,121373000.0,450877000.0,33349000.0,42719000.0,-13229000.0,634919000.0,0.0,744042000.0,28608000.0,15718000,8292000,49929000.0,44106000.0,131136000.0,508557000,0,42719000,44393000,595669000.0,0.0,53862000,726805000.0,0.0,60000.0,-261229000.0,16653000.0,259521000.0,15005000.0,17237000.0,744042000.0,2232000.0,744042000.0,33349000.0,516416000,500231000.0,https://www.sec.gov/Archives/edgar/data/58361/000162828023005263/0001628280-23-005263-index.htm,https://www.sec.gov/Archives/edgar/data/58361/000162828023005263/lee-20220925.htm
2021-09-26,LEE,USD,0000058361,2021-12-10,2021-12-10 16:32:34,2021,FY,26112000.0,0,26112000.0,65070000.0,6297000.0,11320000.0,108799000.0,148948000.0,330204000,156671000.0,486875000.0,32747000.0,52550000.0,13632000.0,734752000.0,0.0,843551000.0,20420000.0,23336000,0,61404000.0,36464000.0,141624000.0,534187000,0,40295000,70747000,645229000.0,0.0,66295000,786853000.0,0.0,59000.0,-245744000.0,42187000.0,258063000.0,54565000.0,56698000.0,843551000.0,2133000.0,843551000.0,32747000.0,548911000,522799000.0,https://www.sec.gov/Archives/edgar/data/58361/000143774921028322/0001437749-21-028322-index.htm,https://www.sec.gov/Archives/edgar/data/58361/000143774921028322/lee20210810_10k.htm
2020-09-27,LEE,USD,0000058361,2020-12-11,2020-12-11 15:54:05,2020,FY,33733000.0,0,33733000.0,52598000.0,7534000.0,14888000.0,108753000.0,176542000.0,328445000,182680000.0,511125000.0,33879000.0,20059000.0,13699000.0,755304000.0,0.0,864057000.0,17163000.0,30887000,18048000,60271000.0,17653000.0,144022000.0,586931000,0,15208000,147529000,749668000.0,0.0,70951000,893690000.0,0.0,584000.0,-268529000.0,-20050000.0,256431000.0,-31564000.0,-29633000.0,864057000.0,1931000.0,864057000.0,33879000.0,609241000,575508000.0,https://www.sec.gov/Archives/edgar/data/58361/000143774920025193/0001437749-20-025193-index.htm,https://www.sec.gov/Archives/edgar/data/58361/000143774920025193/lee20200929_10k.htm
2023-12-31,PHGE,USD,0001739174,2024-04-04,2024-04-04 06:30:39,2023,FY,15864000.0,0,15864000.0,574000.0,0.0,1194000.0,17632000.0,7397000.0,0,0.0,0.0,0.0,0.0,0.0,7397000.0,0.0,25029000.0,1381000.0,6451000,0,28000.0,3316000.0,11176000.0,8641000,1976000,0,155000,10772000.0,0.0,3905000,21948000.0,0.0,3000.0,-162970000.0,0.0,166048000.0,3081000.0,3081000.0,25029000.0,0.0,25029000.0,0.0,15092000,-772000.0,https://www.sec.gov/Archives/edgar/data/1739174/000121390024030053/0001213900-24-030053-index.htm,https://www.sec.gov/Archives/edgar/data/1739174/000121390024030053/ea0202988-10k_biomx.htm
2022-12-31,PHGE,USD,0001739174,2023-03-29,2023-03-29 16:39:24,2022,FY,31332000.0,2000000,33332000.0,567000.0,395000.0,2020000.0,36881000.0,8650000.0,0,0.0,0.0,0.0,28915000.0,-28915000.0,8650000.0,0.0,45531000.0,820000.0,5656000,0,242000.0,1642000.0,7939000.0,14389000,1976000,28915000,188000,16553000.0,0.0,4485000,24492000.0,0.0,2000.0,-136801000.0,0.0,157838000.0,21039000.0,21039000.0,45531000.0,0.0,45531000.0,2000000.0,19358000,-11974000.0,https://www.sec.gov/Archives/edgar/data/1739174/000121390023024122/0001213900-23-024122-index.htm,https://www.sec.gov/Archives/edgar/data/1739174/000121390023024122/f10k2022_biomxinc.htm
2021-12-31,PHGE,USD,0001739174,2022-03-30,2022-03-30 16:02:21,2021,FY,62099000.0,0,62099000.0,-108000.0,108000.0,3543000.0,66638000.0,9833000.0,0,1519000.0,1519000.0,0.0,0.0,0.0,11352000.0,1.4551915228366852e-11,77990000.0,2795000.0,1638000,0,1976000.0,6996000.0,11043000.0,19197000,0,0,215000,19412000.0,0.0,5606000,30455000.0,0.0,2000.0,-108484000.0,-1.4210854715202004e-11,156017000.0,47535000.0,47535000.0,77990000.0,0.0,77990000.0,0.0,20016000,-42083000.0,https://www.sec.gov/Archives/edgar/data/1739174/000121390022016136/0001213900-22-016136-index.htm,https://www.sec.gov/Archives/edgar/data/1739174/000121390022016136/f10k2021_biomxinc.htm
2020-12-31,PHGE,USD,0001739174,2021-03-31,2021-03-31 16:18:08,2020,FY,36477000.0,19851000,56328000.0,0.0,0.0,3576000.0,60667000.0,6658000.0,0,3038000.0,3038000.0,0.0,0.0,0.0,9696000.0,0.0,70363000.0,2320000.0,863000,0,65000.0,3913000.0,7161000.0,5032000,0,0,701000,5733000.0,0.0,5895000,12894000.0,0.0,2000.0,-72258000.0,-72258000.0,129725000.0,57469000.0,57469000.0,70363000.0,0.0,70363000.0,19851000.0,5895000,-30582000.0,https://www.sec.gov/Archives/edgar/data/1739174/000121390021019233/0001213900-21-019233-index.htm,https://www.sec.gov/Archives/edgar/data/1739174/000121390021019233/f10k2020_biomxinc.htm
2019-12-31,PHGE,USD,0001739174,2020-03-26,2020-03-26 06:04:26,2019,FY,72256000.0,10003000,82259000.0,244000.0,1978000.0,1874000.0,84531000.0,3029000.0,0,4556000.0,4556000.0,-1222.0,1222.0,5000.0,7590000.0,1.4551915228366852e-11,92121000.0,3253000.0,375000,136419,60000.0,2399581.0,6224000.0,856000,0,0,585000,1441000.0,0.0,1231000,7665000.0,0.0,2000.0,-42172000.0,-42172000.0,126626000.0,84456000.0,84456000.0,92121000.0,0.0,92121000.0,10003000.0,1231000,-71025000.0,https://www.sec.gov/Archives/edgar/data/1739174/000121390020007405/0001213900-20-007405-index.htm,https://www.sec.gov/Archives/edgar/data/1739174/000121390020007405/f10k2019_biomxinc.htm
2023-12-31,TRTN-PD,USD,0001660734,2024-02-29,2024-02-29 10:19:13,2023,FY,57776000.0,0,57776000.0,243443000.0,0.0,0.0,301219000.0,0.0,236665000,1963000.0,238628000.0,0.0,415901000.0,0.0,654529000.0,10277120000.0,11232868000.0,0.0,0,0,259023000.0,0.0,259023000.0,0,0,0,8036847000,8036847000.0,0.0,0,8295870000.0,0.0,1012000.0,0.0,85569000.0,2850417000.0,2936998000.0,2936998000.0,11232868000.0,0.0,11232868000.0,0.0,0,-57776000.0,https://www.sec.gov/Archives/edgar/data/1660734/000166073424000012/0001660734-24-000012-index.htm,https://www.sec.gov/Archives/edgar/data/1660734/000166073424000012/trtn-20231231.htm
2022-12-31,TRTN-PD,USD,0001660734,2023-02-14,2023-02-14 14:20:32,2022,FY,83227000.0,1639831000,83227000.0,1866385000.0,0.0,0.0,2191200000.0,9530396000.0,236665000,6620000.0,243285000.0,0.0,411628000.0,-267251000.0,9918058000.0,0.0,12109258000.0,83070000.0,0,0,333260000.0,0.0,416330000.0,8074820000,0,411628000,2117000,8488565000.0,0.0,0,8904895000.0,730000000.0,814000.0,2531928000.0,109269000.0,-167648000.0,3204363000.0,3204363000.0,12109258000.0,0.0,12109258000.0,1639831000.0,8074820000,7991593000.0,https://www.sec.gov/Archives/edgar/data/1660734/000166073423000033/0001660734-23-000033-index.htm,https://www.sec.gov/Archives/edgar/data/1660734/000166073423000033/trtn-20221231.htm
2021-12-31,TRTN-PD,USD,0001660734,2022-02-15,2022-02-15 15:45:43,2021,FY,106168000.0,0,106168000.0,1853082000.0,0.0,0.0,2132366000.0,10201113000.0,236665000,17117000.0,253782000.0,-376009000.0,376009000.0,56577000.0,10511472000.0,0.0,12643838000.0,500125000.0,0,0,92198000.0,0.0,592323000.0,8562517000,0,376009000,48277000,8986803000.0,0.0,0,9579126000.0,730000000.0,813000.0,2000854000.0,-48819000.0,381864000.0,3064712000.0,3064712000.0,12643838000.0,0.0,12643838000.0,-376009000.0,8562517000,8456349000.0,https://www.sec.gov/Archives/edgar/data/1660734/000166073422000038/0001660734-22-000038-index.htm,https://www.sec.gov/Archives/edgar/data/1660734/000166073422000038/trtn-20211231.htm
2020-12-31,TRTN-PD,USD,0001660734,2021-02-16,2021-02-16 11:54:51,2020,FY,61512000.0,0,61512000.0,508221000.0,0.0,0.0,727528000.0,8630696000.0,236665000,33666000.0,270331000.0,-327431000.0,327431000.0,83978000.0,8985005000.0,0.0,9712533000.0,287012000.0,17304000,0,0.0,-17304000.0,287012000.0,6403270000,0,327431000,128872000,6859573000.0,0.0,0,7146585000.0,555000000.0,812000.0,1674670000.0,-133035000.0,468501000.0,2565948000.0,2565948000.0,9712533000.0,0.0,9712533000.0,-327431000.0,6403270000,6341758000.0,https://www.sec.gov/Archives/edgar/data/1660734/000166073421000041/0001660734-21-000041-index.htm,https://www.sec.gov/Archives/edgar/data/1660734/000166073421000041/trtn-20201231.htm
2019-12-31,TRTN-PD,USD,0001660734,2020-02-14,2020-02-14 13:13:15,2019,FY,62295000.0,0,62295000.0,624039000.0,0.0,0.0,907515000.0,8392547000.0,236665000,56156000.0,292821000.0,-301317000.0,301317000.0,49750000.0,8735118000.0,0.0,9642633000.0,141467000.0,27024000,0,0.0,-27024000.0,141467000.0,6631525000,0,301317000,36087000,6968929000.0,0.0,0,7110396000.0,405000000.0,810000.0,1533845000.0,-31633000.0,624215000.0,2532237000.0,2532237000.0,9642633000.0,0.0,9642633000.0,-301317000.0,6631525000,6569230000.0,https://www.sec.gov/Archives/edgar/data/1660734/000166073420000015/0001660734-20-000015-index.htm,https://www.sec.gov/Archives/edgar/data/1660734/000166073420000015/triton10-kx20191231.htm
2023-12-31,SBC,USD,0001930313,2023-12-31,2023-12-31 00:00:00,2023,FY,103022932.0,0,103022932.0,53132342.0,3090923.0,6659729.0,165905926.0,19501954.0,3590791,19739276.0,23330067.0,849434.0,0.0,49217890.0,92899345.0,0.0,258805271.0,26531944.0,7411232,22694705,25132632.0,10680757.0,92451270.0,15455257,0,6013565,1074930,22543752.0,0.0,6330128,114995022.0,0.0,795.0,142848732.0,-37578255.0,36887905.0,142159177.0,143810249.0,258805271.0,1651072.0,258805271.0,849434.0,22866489,-80156443.0,,
2022-12-31,SBC,USD,0001930313,2022-12-31,2022-12-31 00:00:00,2022,FY,51737994.0,1906600,53644594.0,43646584.0,1350057.0,14307407.0,112948642.0,21509385.0,3865856,7269571.0,11135427.0,916030.0,5271633.0,73701282.0,112533757.0,0.0,225482399.0,15321562.0,8239810,11543167,30443453.0,35704493.0,101252485.0,7889796,0,7337867,1152168,16379831.0,0.0,5841323,117632316.0,0.0,0.0,103478696.0,-24853275.0,26624694.0,105250115.0,107850083.0,225482399.0,2599968.0,225482399.0,2822630.0,16129606,-35608388.0,,
2023-12-31,BZZUY,EUR,0001437774,2023-12-31,2023-12-29 19:00:00,2023,FY,1120712000.0,0,1120712000.0,565610000.0,754269000.0,360693000.0,2801284000.0,3225000000.0,508836000,51890000.0,560726000.0,644329000.0,0.0,384064000.0,4814119000.0,0.0,7615403000.0,315729000.0,289842000,64056000,0.0,171923000.0,841550000.0,395274000,0,0,744933000,1140207000.0,0.0,76228000,1981757000.0,0.0,123637000.0,5124484000.0,50454999.0,327779001.0,5626355000.0,5633646000.0,7615403000.0,7291000.0,7615403000.0,644329000.0,685116000,-435596000.0,,
2022-12-31,BZZUY,EUR,0001437774,2022-12-31,2022-12-31 00:00:00,2022,FY,1341488000.0,2442000,1343930000.0,541748000.0,718028000.0,108665000.0,2709929000.0,3317750000.0,509484000,57503000.0,566987000.0,546147000.0,64538000.0,297737000.0,4793159000.0,0.0,7503088000.0,324293000.0,626832000,66416000,9940000.0,141506000.0,1168987000.0,666282000,0,401478000,354884000,1422644000.0,0.0,78392000,2591631000.0,65886999.0,123637000.0,4271170000.0,-65886999.0,196005002.0,4905876000.0,4911457000.0,7503088000.0,5581000.0,7503088000.0,548589000.0,1293114000,-48374000.0,,
2021-12-31,BZZUY,EUR,0001437774,2021-12-31,2021-12-31 00:00:00,2021,FY,1203611000.0,1427000,1205038000.0,455807000.0,498127000.0,82293000.0,2239807000.0,3155289000.0,608789000,59419000.0,668208000.0,493106000.0,81967000.0,283375000.0,4681945000.0,31000.0,6921783000.0,294043000.0,171561000,50681000,171388000.0,157184000.0,673469000.0,1043766000,453215000,371131000,4998000,1873110000.0,0.0,78265000,2546579000.0,308270999.0,123637000.0,3853886000.0,-308270999.0,142726000.0,4369426000.0,4375204000.0,6921783000.0,5778000.0,6921783000.0,494533000.0,1215327000,11716000.0,,
2020-12-31,BZZUY,EUR,0001437774,2020-12-31,2020-12-31 00:00:00,2020,FY,1218279000.0,1473000,1219752000.0,399304000.0,468855000.0,86517000.0,2172955000.0,2997130000.0,603603000,60718000.0,664321000.0,419139000.0,81961000.0,51254000.0,4213805000.0,0.0,6386760000.0,229247000.0,87302000,75859000,322010000.0,279997000.0,672405000.0,1230863000,541683000,334016000,4786000,2111348000.0,0.0,85997000,2783753000.0,562452000.0,123637000.0,3337796000.0,-562452000.0,450997000.0,3597508000.0,3603007000.0,6386760000.0,5499000.0,6386760000.0,420612000.0,1318165000,99886000.0,,
2019-12-31,BZZUY,EUR,0001437774,2019-12-31,2019-12-31 00:00:00,2019,FY,837403000.0,1501000,838904000.0,414658000.0,488274000.0,77494000.0,1817829000.0,3249244000.0,619002000,70814000.0,689816000.0,528623000.0,72823000.0,44229000.0,4584735000.0,0.0,6402564000.0,235365000.0,62678000,54214000,148672000.0,142358000.0,494615000.0,1310293000,533770000,366442000,6623000,2217128000.0,0.0,97192000,2711743000.0,130732000.0,123637000.0,2986360000.0,-130732000.0,327591001.0,3685118000.0,3690821000.0,6402564000.0,5703000.0,6402564000.0,530124000.0,1372971000,535568000.0,,
2024-06-30,AMCR,USD,0001748790,2024-08-16,2024-08-16 06:40:20,2024,FY,588000000.0,0,588000000.0,1846000000.0,2031000000.0,500000000.0,4965000000.0,4330000000.0,5345000000,1391000000.0,6736000000.0,0.0,148000000.0,345000000.0,11559000000.0,0.0,16524000000.0,2580000000.0,96000000,0,0.0,1585000000.0,4261000000.0,7091000000,0,584000000,635000000,8310000000.0,0.0,520000000,12571000000.0,0.0,14000000.0,879000000.0,-1020000000.0,4008000000.0,3881000000.0,3953000000.0,16524000000.0,72000000.0,16524000000.0,87000000.0,7187000000,6599000000.0,https://www.sec.gov/Archives/edgar/data/1748790/000174879024000022/0001748790-24-000022-index.htm,https://www.sec.gov/Archives/edgar/data/1748790/000174879024000022/amcr-20240630.htm
2023-06-30,AMCR,USD,0001748790,2023-08-17,2023-08-17 06:32:56,2023,FY,689000000.0,0,689000000.0,1875000000.0,2213000000.0,531000000.0,5308000000.0,4295000000.0,5366000000,1524000000.0,6890000000.0,0.0,134000000.0,376000000.0,11695000000.0,0.0,17003000000.0,2690000000.0,194000000,0,0.0,1592000000.0,4476000000.0,7116000000,0,616000000,705000000,8437000000.0,0.0,574000000,12913000000.0,0.0,14000000.0,865000000.0,-862000000.0,4009000000.0,4026000000.0,4090000000.0,17003000000.0,64000000.0,17003000000.0,0.0,6746000000,6057000000.0,https://www.sec.gov/Archives/edgar/data/1748790/000174879023000030/0001748790-23-000030-index.htm,https://www.sec.gov/Archives/edgar/data/1748790/000174879023000030/amcr-20230630.htm
2022-06-30,AMCR,USD,0001748790,2022-08-18,2022-08-18 06:32:42,2022,FY,775000000.0,0,775000000.0,1935000000.0,2439000000.0,704000000.0,5853000000.0,4206000000.0,5285000000,1657000000.0,6942000000.0,0.0,130000000.0,295000000.0,11573000000.0,0.0,17426000000.0,3073000000.0,251000000,0,0.0,1779000000.0,5103000000.0,6833000000,0,677000000,672000000,8182000000.0,0.0,604000000,13285000000.0,0.0,15000000.0,534000000.0,-880000000.0,4413000000.0,4082000000.0,4141000000.0,17426000000.0,59000000.0,17426000000.0,0.0,6490000000,5715000000.0,https://www.sec.gov/Archives/edgar/data/1748790/000174879022000024/0001748790-22-000024-index.htm,https://www.sec.gov/Archives/edgar/data/1748790/000174879022000024/amcr-20220630.htm
2021-06-30,AMCR,USD,0001748790,2021-08-24,2021-08-24 06:11:18,2021,FY,850000000.0,0,850000000.0,1864000000.0,1991000000.0,561000000.0,5266000000.0,4293000000.0,5419000000,1835000000.0,7254000000.0,0.0,139000000.0,236000000.0,11922000000.0,0.0,17188000000.0,2574000000.0,199000000,0,0.0,1572000000.0,4345000000.0,6648000000,0,696000000,678000000,8022000000.0,0.0,462000000,12367000000.0,0.0,15000000.0,452000000.0,-766000000.0,5063000000.0,4764000000.0,4821000000.0,17188000000.0,57000000.0,17188000000.0,0.0,6289000000,5439000000.0,https://www.sec.gov/Archives/edgar/data/1748790/000174879021000031/0001748790-21-000031-index.htm,https://www.sec.gov/Archives/edgar/data/1748790/000174879021000031/amcr-20210630.htm
2020-06-30,AMCR,USD,0001748790,2020-08-27,2020-08-27 13:43:47,2020,FY,743000000.0,0,743000000.0,1616000000.0,1832000000.0,344000000.0,4535000000.0,4140000000.0,5339000000,1994000000.0,7333000000.0,78000000.0,135000000.0,221000000.0,11907000000.0,0.0,16442000000.0,2171000000.0,290000000,0,0.0,1513000000.0,3974000000.0,6494100000,0,672000000,1286900000,7781000000.0,0.0,583300000,11755000000.0,0.0,16000000.0,246000000.0,-1049000000.0,5413000000.0,4626000000.0,4687000000.0,16442000000.0,61000000.0,16442000000.0,0.0,6234000000,5491000000.0,https://www.sec.gov/Archives/edgar/data/1748790/000174879020000025/0001748790-20-000025-index.htm,https://www.sec.gov/Archives/edgar/data/1748790/000174879020000025/amcr-20200630.htm
2024-12-31,OBT,USD,0001754226,2025-03-17,2025-03-17 16:18:14,2024,FY,150334000.0,443775000,594109000.0,6680000.0,0.0,0.0,600789000.0,15808000.0,5359000,821000.0,6180000.0,0.0,0.0,0.0,21988000.0,1887150000.0,2509927000.0,0.0,113500000,0,0.0,0.0,113500000.0,29591000,0,0,0,29591000.0,2181305000.0,0,2324396000.0,0.0,2842000.0,129919000.0,-67751000.0,120521000.0,185531000.0,185531000.0,2509927000.0,0.0,2509927000.0,443775000.0,143091000,-7243000.0,https://www.sec.gov/Archives/edgar/data/1754226/000155837025003120/0001558370-25-003120-index.htm,https://www.sec.gov/Archives/edgar/data/1754226/000155837025003120/tmb-20241231x10k.htm
2023-12-31,OBT,USD,0001754226,2024-03-29,2024-03-29 14:08:29,2023,FY,147383000.0,489948000,147383000.0,5934000.0,0.0,0.0,147383000.0,19378000.0,5359000,1107000.0,6466000.0,489948000.0,0.0,1816359000.0,2332151000.0,5934000.0,2485468000.0,0.0,224500000,0,0.0,-201584000.0,22916000.0,29520000,0,0,2267656000,2297176000.0,0.0,0,2320092000.0,0.0,2842000.0,107361000.0,-64108000.0,119281000.0,165376000.0,165376000.0,2485468000.0,0.0,2485468000.0,979896000.0,254020000,106637000.0,https://www.sec.gov/Archives/edgar/data/1754226/000155837024004354/0001558370-24-004354-index.htm,https://www.sec.gov/Archives/edgar/data/1754226/000155837024004354/tmb-20231231x10k.htm
2022-12-31,OBT,USD,0001754226,2023-03-24,2023-03-24 15:39:50,2022,FY,86081000.0,533461000,619542000.0,6320000.0,-92401000.0,0.0,625862000.0,14739000.0,5359000,1392000.0,6751000.0,533461000.0,19096000.0,-19096000.0,554951000.0,1106521000.0,2287334000.0,0.0,131500000,0,0.0,-131500000.0,131500000.0,19447000,0,0,2129749000,131500000.0,1886196000.0,0,2149196000.0,0.0,2842000.0,84635000.0,-68196000.0,118857000.0,138138000.0,138138000.0,2287334000.0,0.0,2287334000.0,1066922000.0,282447000,196366000.0,https://www.sec.gov/Archives/edgar/data/1754226/000155837023004543/0001558370-23-004543-index.htm,https://www.sec.gov/Archives/edgar/data/1754226/000155837023004543/tmb-20221231x10k.htm
2021-12-31,OBT,USD,0001754226,2022-03-30,2022-03-30 13:19:34,2021,FY,306179000.0,464797000,770976000.0,6643000.0,-312822000.0,0.0,777619000.0,14601000.0,5359000,1678000.0,7037000.0,464797000.0,12079000.0,-12079000.0,486435000.0,878529000.0,2142583000.0,0.0,0,0,0.0,0.0,1619098000.0,22376000,14386000,7990000,1937371000,22376000.0,-1619098000.0,0,22376000.0,0.0,2842000.0,64941000.0,-3443000.0,118496000.0,182836000.0,182836000.0,2142583000.0,0.0,2142583000.0,929594000.0,22376000,-283803000.0,https://www.sec.gov/Archives/edgar/data/1754226/000155837022004719/0001558370-22-004719-index.htm,https://www.sec.gov/Archives/edgar/data/1754226/000155837022004719/tmb-20211231x10k.htm
2020-12-31,OBT,USD,0001754226,2020-12-31,2020-12-31 00:00:00,2020,FY,121232000.0,330105000,451337000.0,6295000.0,-127527000.0,0.0,457632000.0,14017000.0,5359000,1963000.0,7322000.0,330105000.0,2660000.0,-2660000.0,351444000.0,855860000.0,1664936000.0,0.0,0,0,0.0,0.0,1241088000.0,22323000,0,0,-22323000,22323000.0,-1241088000.0,0,22323000.0,0.0,2266000.0,47683000.0,1819000.0,83655000.0,135423000.0,135423000.0,1664936000.0,0.0,1664936000.0,660210000.0,22323000,-98909000.0,,
2023-12-31,EDAP,EUR,0001041934,2024-03-28,2024-03-28 16:31:34,2023,FY,43471000.0,0,43471000.0,16962000.0,15112000.0,2935000.0,78480000.0,8193000.0,2412000,1084000.0,3496000.0,0.0,0.0,1378000.0,13067000.0,1000.0,91548000.0,11236000.0,5112000,77000,83752.0,11087248.0,27596000.0,3312000,0,0,3717000,7029000.0,0.0,2408000,34625000.0,0.0,4851000.0,-63549000.0,-4487000.0,120108000.0,56923000.0,56923000.0,91548000.0,0.0,91548000.0,87013679.0,8424000,-35047000.0,https://www.sec.gov/Archives/edgar/data/1041934/000155837024004261/0001558370-24-004261-index.htm,https://www.sec.gov/Archives/edgar/data/1041934/000155837024004261/edap-20231231x20f.htm
2022-12-31,EDAP,EUR,0001041934,2023-04-07,2023-04-07 16:31:33,2022,FY,63136000.0,0,63136000.0,14942000.0,11780000.0,660000.0,90518000.0,5984000.0,2412000,724000.0,2412000.0,0.0,829000.0,1381000.0,10606000.0,-1000.0,101123000.0,6640000.0,2971000,219000,4050000.0,11878000.0,21708000.0,4810000,264000,0,2973000,7783000.0,0.0,2348000,29491000.0,0.0,4776000.0,-42372000.0,-3829000.0,113057000.0,71632000.0,71632000.0,101123000.0,0.0,101123000.0,0.0,6655000,-56481000.0,https://www.sec.gov/Archives/edgar/data/1041934/000155837023005629/0001558370-23-005629-index.htm,https://www.sec.gov/Archives/edgar/data/1041934/000155837023005629/edap-20221231x20f.htm
2021-12-31,EDAP,EUR,0001041934,2022-04-08,2022-04-08 16:36:00,2021,FY,47183000.0,0,47183000.0,10249000.0,7499000.0,2451000.0,67382000.0,5173000.0,2412000,728000.0,2412000.0,-898000.0,898000.0,2260000.0,9845000.0,-1000.0,77226000.0,5511000.0,2927000,501000,3408000.0,9012000.0,17951000.0,6248000,440000,0,2973000,9221000.0,0.0,2331000,27172000.0,0.0,4389000.0,-39438000.0,-3589000.0,88692000.0,50054000.0,50054000.0,77226000.0,0.0,77226000.0,-898000.0,8162000,-39021000.0,https://www.sec.gov/Archives/edgar/data/1041934/000155837022005229/0001558370-22-005229-index.htm,https://www.sec.gov/Archives/edgar/data/1041934/000155837022005229/edap-20211231x20f.htm
2020-12-31,EDAP,EUR,0001041934,2021-04-07,2021-04-07 16:31:59,2020,FY,24696000.0,0,24696000.0,12339000.0,7989000.0,369000.0,45393000.0,5599000.0,2412000,760000.0,2412000.0,-374000.0,374000.0,1790000.0,9801000.0,-1000.0,55193000.0,5708000.0,3784000,129000,2701000.0,11883000.0,21504000.0,2797000,926000,0,4644000,7441000.0,0.0,2800000,28945000.0,0.0,3830000.0,-40139000.0,-3064000.0,65619999.0,26248000.0,26248000.0,55193000.0,0.0,55193000.0,-374000.0,5434000,-19262000.0,https://www.sec.gov/Archives/edgar/data/1041934/000110465921047574/0001104659-21-047574-index.htm,https://www.sec.gov/Archives/edgar/data/1041934/000110465921047574/edap-20201231x20f.htm
2019-12-31,EDAP,EUR,0001041934,2020-04-16,2020-04-16 16:36:55,2019,FY,20886000.0,0,20886000.0,11328000.0,8178000.0,1705000.0,42097000.0,6716000.0,2412000,770000.0,3182000.0,2000.0,432000.0,640000.0,10972000.0,0.0,53069000.0,6034000.0,5325000,280000,1892000.0,5854000.0,17493000.0,3336000,1313000,3521000,47000,8217000.0,0.0,3729000,25710000.0,0.0,3826000.0,-38435000.0,-3436000.0,65402999.0,27359000.0,27359000.0,53069000.0,0.0,53069000.0,2000.0,8661000,-12225000.0,https://www.sec.gov/Archives/edgar/data/1041934/000117184320002662/0001171843-20-002662-index.htm,https://www.sec.gov/Archives/edgar/data/1041934/000117184320002662/f20f_041620p.htm
2024-12-31,GBCI,USD,0000868671,2025-02-25,2025-02-25 16:38:22,2024,FY,268746000.0,4245205000,4513951000.0,17155070000.0,0.0,0.0,21669021000.0,468220000.0,1051318000,51182000.0,1102500000.0,99669000.0,0.0,138955000.0,1809344000.0,4424622000.0,27902987000.0,33626000.0,0,0,0.0,0.0,33626000.0,2016446000,0,0,0,2016446000.0,22629061000.0,0,24679133000.0,0.0,1134000.0,1083258000.0,-309296000.0,2448758000.0,3223854000.0,3223854000.0,27902987000.0,0.0,27902987000.0,4344874000.0,2016446000,1168038000.0,https://www.sec.gov/Archives/edgar/data/868671/000086867125000046/0000868671-25-000046-index.htm,https://www.sec.gov/Archives/edgar/data/868671/000086867125000046/gbci-20241231.htm
2023-12-31,GBCI,USD,0000868671,2024-02-23,2024-02-23 16:35:18,2023,FY,1354342000.0,4785719000,1354342000.0,0.0,0.0,0.0,1354342000.0,421791000.0,985393000,31870000.0,1017263000.0,8300885000.0,0.0,16614844000.0,26354783000.0,33504000.0,27742629000.0,125907000.0,0,0,0.0,0.0,125907000.0,252032000,0,0,24344409000,24596441000.0,0.0,62510000,24722348000.0,0.0,1109000.0,1043181000.0,-374113000.0,2350104000.0,3020281000.0,3020281000.0,27742629000.0,0.0,27742629000.0,13086604000.0,2954638000,1600296000.0,https://www.sec.gov/Archives/edgar/data/868671/000086867124000042/0000868671-24-000042-index.htm,https://www.sec.gov/Archives/edgar/data/868671/000086867124000042/gbci-20231231.htm
2022-12-31,GBCI,USD,0000868671,2023-02-24,2023-02-24 16:41:37,2022,FY,401995000.0,5307307000,5709302000.0,83538000.0,-485565000.0,0.0,5792840000.0,398100000.0,985393000,41601000.0,1026994000.0,9104374000.0,193187000.0,-193187000.0,10529468000.0,10313067000.0,26635375000.0,4331000.0,0,810009000,-2748565000.0,-814340000.0,4331000.0,2010075000,-59323000,59323000,21781995000,4331000.0,23783408000.0,0,23792070000.0,0.0,1108000.0,966984000.0,-468792000.0,2344005000.0,2843305000.0,2843305000.0,26635375000.0,0.0,26635375000.0,14411681000.0,2010075000,1608080000.0,https://www.sec.gov/Archives/edgar/data/868671/000086867123000045/0000868671-23-000045-index.htm,https://www.sec.gov/Archives/edgar/data/868671/000086867123000045/gbci-20221231.htm
2021-12-31,GBCI,USD,0000868671,2022-02-23,2022-02-23 16:44:58,2021,FY,437686000.0,9170849000,9608535000.0,76673000.0,-514376999.0,0.0,9685208000.0,372597000.0,985393000,52259000.0,1037652000.0,10380033000.0,27693000.0,-27693000.0,11790282000.0,4465155000.0,25940645000.0,2409000.0,0,0,-1023858000.0,-2409000.0,2409000.0,176714000,111656000,65058000,0,176714000.0,22583900000.0,0,22763023000.0,0.0,1107000.0,810342000.0,27359000.0,2338814000.0,3177622000.0,3177622000.0,25940645000.0,0.0,25940645000.0,19550882000.0,176714000,-260972000.0,https://www.sec.gov/Archives/edgar/data/868671/000086867122000053/0000868671-22-000053-index.htm,https://www.sec.gov/Archives/edgar/data/868671/000086867122000053/gbci-20211231.htm
2020-12-31,GBCI,USD,0000868671,2021-03-01,2021-03-01 14:43:46,2020,FY,633142000.0,5337814000,5970956000.0,75497000.0,-710383000.0,0.0,6046453000.0,325335000.0,514013000,55509000.0,569522000.0,5537673000.0,82082000.0,-82082000.0,6432530000.0,6025223000.0,18504206000.0,3305000.0,0,0,-1006026000.0,-3305000.0,3305000.0,173027000,0,23860000,0,196887000.0,15996973000.0,0,16197165000.0,0.0,954000.0,667944000.0,143090000.0,1495053000.0,2307041000.0,2307041000.0,18504206000.0,0.0,18504206000.0,10875487000.0,173027000,-460115000.0,https://www.sec.gov/Archives/edgar/data/868671/000086867121000037/0000868671-21-000037-index.htm,https://www.sec.gov/Archives/edgar/data/868671/000086867121000037/gbci-20201231.htm
2024-05-31,FCT,USD,0001282850,2024-05-31,2024-05-29 20:00:00,2023,FY,2178303.0,0,2178303.0,21100127.0,0.0,21376.0,23299806.0,0.0,0,0.0,0.0,321232411.0,0.0,3182.0,321235593.0,0.0,344535399.0,26416604.0,31000000,0,0.0,0.0,57416604.0,0,0,0,2151,2151.0,582038.0,0,58000793.0,0.0,259834.0,-59880756.0,-2.1316282072803006e-08,346155528.0,286534606.0,286534606.0,344535399.0,0.0,344535399.0,321232411.0,31003572,-2178303.0,,
2023-05-31,FCT,USD,0001282850,2023-05-31,2023-05-30 20:00:00,2022,FY,5483489.0,0,5483489.0,2294245.0,0.0,21235.0,7798969.0,0.0,0,0.0,0.0,347537956.0,0.0,-347537956.0,347537956.0,0.0,355336925.0,22176708.0,48000000,0,-2215.0,-70176708.0,70645700.0,0,0,0,0,48029721.0,-47995836.0,0,70679585.0,284657340.0,259834.0,-68418608.0,-5.6843418860808015e-08,352816114.0,284657340.0,284657340.0,355336925.0,0.0,355336925.0,347537956.0,48029721,42546232.0,,
2022-05-31,FCT,USD,0001282850,2022-05-31,2022-05-30 20:00:00,2021,FY,918369.0,775,918369.0,14349194.0,23289575.0,21237.0,15288800.0,0.0,0,0.0,0.0,416201705.0,0.0,-416201705.0,416201705.0,0.0,431490505.0,21159044.0,0,0,-7806.0,-21159044.0,137698460.0,0,0,0,0,116000000.0,-115923739.0,0,137774721.0,355780317.0,259834.0,-62064533.0,-62064533.0,355520483.0,293715784.0,293715784.0,431490505.0,0.0,431490505.0,416201705.0,116000000,115081631.0,,
2021-05-31,FCT,USD,0001282850,2021-05-31,2021-05-30 20:00:00,2020,FY,696581.0,0,696581.0,15300067.0,19459219.0,21666.0,16018314.0,0.0,0,0.0,0.0,466805929.0,0.0,-466805929.0,466805929.0,0.0,482824243.0,16666972.0,0,0,-136000000.0,-16666972.0,153200902.0,0,0,0,0,136000000.0,-135995301.0,0,153205601.0,329618641.0,259534.0,-36072128.0,3.552713678800501e-08,365431236.0,329618642.0,329618642.0,482824243.0,0.0,482824243.0,466805929.0,136000000,135303419.0,,
2020-05-31,FCT,USD,0001282850,2020-05-31,2020-05-30 20:00:00,2019,FY,46445.0,0,46445.0,5541002.0,9.313225746154785e-10,17407.0,5604854.0,0.0,0,0.0,0.0,464927143.0,0.0,-464927143.0,464927143.0,0.0,470531997.0,18664849.0,0,0,-119000000.0,-18664849.0,138261724.0,0,0,0,0,119000000.0,-118996314.0,0,138265410.0,332266587.0,266670.0,-59605425.0,2.8421709430404007e-08,391605342.0,332266587.0,332266587.0,470531997.0,0.0,470531997.0,464927143.0,119000000,118953555.0,,
2024-09-30,SNEX,USD,0000913760,2024-11-29,2024-11-29 09:20:36,2024,FY,1269000000.0,0,1269000000.0,7283200000.0,681100000.0,0.0,9233300000.0,300100000.0,61000000,19600000.0,80600000.0,6529400000.0,46300000.0,539200000.0,7495600000.0,10737400000.0,27466300000.0,10868000000.0,338800000,18100000,0.0,734200000.0,11959100000.0,10977200000,0,8600000,2812300000,13798100000.0,0.0,195900000,25757200000.0,0.0,400000.0,1388900000.0,-25200000.0,345000000.0,1709100000.0,1709100000.0,27466300000.0,0.0,27466300000.0,6529400000.0,11316000000,10047000000.0,https://www.sec.gov/Archives/edgar/data/913760/000091376024000187/0000913760-24-000187-index.htm,https://www.sec.gov/Archives/edgar/data/913760/000091376024000187/intl-20240930.htm
2023-09-30,SNEX,USD,0000913760,2023-11-24,2023-11-24 12:55:33,2023,FY,1108300000.0,0,1108300000.0,8157200000.0,537300000.0,6534900000.0,16337700000.0,245600000.0,59300000,23100000.0,82400000.0,4774600000.0,78200000.0,15649600000.0,20830400000.0,-15229400000.0,21938700000.0,10509000000.0,5682900000,38200000,0.0,-4899500000.0,11330600000.0,805800000,0,8100000,19745700000,20559600000.0,-11330600000.0,149300000,20559600000.0,0.0,200000.0,1128100000.0,-51800000.0,302600000.0,1379100000.0,1379100000.0,21938700000.0,0.0,21938700000.0,4774600000.0,6476300000,5368000000.0,https://www.sec.gov/Archives/edgar/data/913760/000091376023000159/0000913760-23-000159-index.htm,https://www.sec.gov/Archives/edgar/data/913760/000091376023000159/intl-20230930.htm
2022-09-30,SNEX,USD,0000913760,2022-11-29,2022-11-29 16:25:31,2022,FY,354000000.0,76000000,430000000.0,1781100000.0,513500000.0,0.0,2326000000.0,55000000.0,462000000,163000000.0,625000000.0,151000000.0,52000000.0,-52000000.0,831000000.0,286000000.0,3443000000.0,10291600000.0,4419000000,16200000,-485100000.0,-14710600000.0,1988000000.0,933300000,-13466700000,29500000,17840000000,496000000.0,184000000.0,125800000,2668000000.0,889600000.0,899000000.0,-119000000.0,-90600000.0,270900000.0,780000000.0,3814000000.0,19859600000.0,3034000000.0,19859600000.0,227000000.0,5352300000,4998300000.0,https://www.sec.gov/Archives/edgar/data/913760/000091376022000174/0000913760-22-000174-index.htm,https://www.sec.gov/Archives/edgar/data/913760/000091376022000174/intl-20220930.htm
2021-09-30,SNEX,USD,0000913760,2021-11-29,2021-11-29 16:59:36,2021,FY,612000000.0,135000000,747000000.0,5786700000.0,447500000.0,11970300000.0,2439000000.0,66000000.0,294000000,61000000.0,355000000.0,168000000.0,35100000.0,-35100000.0,589000000.0,281000000.0,3309000000.0,8141000000.0,0,13200000,-248600000.0,-8141000000.0,1739000000.0,634700000,-10546300000,7400000,17300900000,495000000.0,194000000.0,129400000,2428000000.0,682500000.0,808000000.0,74000000.0,-25100000.0,246400000.0,882000000.0,5006000000.0,18839600000.0,4124000000.0,18839600000.0,303000000.0,146600000,-465400000.0,https://www.sec.gov/Archives/edgar/data/913760/000091376021000189/0000913760-21-000189-index.htm,https://www.sec.gov/Archives/edgar/data/913760/000091376021000189/intl-20210930.htm
2020-09-30,SNEX,USD,0000913760,2020-12-14,2020-12-14 16:22:08,2020,FY,301000000.0,57000000,358000000.0,4059600000.0,281100000.0,8686300000.0,2160000000.0,130000000.0,294000000,18000000.0,312000000.0,138000000.0,36900000.0,-36900000.0,580000000.0,303000000.0,3043000000.0,5961600000.0,0,22600000,-268100000.0,-5961600000.0,1870000000.0,856500000,-7213700000,6000000,11850900000,348000000.0,218000000.0,102700000,2436000000.0,572400000.0,747000000.0,-144000000.0,-40100000.0,235000000.0,603000000.0,3710100000.0,13474900000.0,3107100000.0,13474900000.0,195000000.0,118700000,-182300000.0,https://www.sec.gov/Archives/edgar/data/913760/000091376020000206/0000913760-20-000206-index.htm,https://www.sec.gov/Archives/edgar/data/913760/000091376020000206/intl-20200930.htm
2024-09-30,KNWN,USD,0001074828,2024-12-10,2024-12-09 18:56:04,2024,FY,3110755.0,0,3110755.0,0.0,0.0,0.0,3110755.0,404499.0,0,0.0,0.0,0.0,0.0,149174.0,553673.0,0.0,3664428.0,552680.0,4424544,0,0.0,186155.0,5163379.0,657250,0,0,0,657250.0,0.0,358288,5820629.0,1790.0,108021.0,-138735882.0,0.0,136469870.0,-2156201.0,-2156201.0,3664428.0,0.0,3664428.0,0.0,5081794,1971039.0,https://www.sec.gov/Archives/edgar/data/1074828/000165495424015315/0001654954-24-015315-index.htm,https://www.sec.gov/Archives/edgar/data/1074828/000165495424015315/knwn_10k.htm
2023-09-30,KNWN,USD,0001074828,2023-09-30,2023-09-30 00:00:00,2023,FY,8023716.0,0,8023716.0,0.0,0.0,0.0,8023716.0,226415.0,0,0.0,0.0,0.0,0.0,15766.0,242181.0,0.0,8265897.0,1292861.0,2916728,0,0.0,312396.0,4521985.0,0,0,0,0,0.0,0.0,154797,4521985.0,2805.0,80358.0,-121840788.0,0.0,125501537.0,3743912.0,3743912.0,8265897.0,0.0,8265897.0,0.0,2916728,-5106988.0,,
2022-09-30,KNWN,USD,0001074828,2022-09-30,2022-09-30 00:00:00,2022,FY,12593692.0,0,12593692.0,0.0,0.0,0.0,12593692.0,1150907.0,0,0.0,0.0,0.0,0.0,13767.0,1164674.0,0.0,13758366.0,526968.0,2470463,0,0.0,811204.0,3808635.0,87118,0,0,0,87118.0,0.0,302515,3895753.0,2805.0,48158.0,-101397738.0,0.0,111209388.0,9862613.0,9862613.0,13758366.0,0.0,13758366.0,0.0,2557581,-10036111.0,,
2021-09-30,KNWN,USD,0001074828,2021-12-21,2021-12-21 16:17:48,2021,FY,12258218.0,0,12258218.0,0.0,0.0,0.0,12258218.0,617506.0,0,0.0,0.0,0.0,0.0,13767.0,631273.0,0.0,12889491.0,419093.0,9735329,0,0.0,1314736.0,11469158.0,178170,0,0,0,178170.0,0.0,0,11647328.0,2805.0,35168.0,-81326494.0,0.0,82530684.0,1242163.0,1242163.0,12889491.0,0.0,12889491.0,0.0,9913499,-2344719.0,https://www.sec.gov/Archives/edgar/data/1074828/000165495421013414/0001654954-21-013414-index.htm,https://www.sec.gov/Archives/edgar/data/1074828/000165495421013414/knwn_10k.htm
2020-09-30,KNWN,USD,0001074828,2020-12-29,2020-12-29 16:15:39,2020,FY,4298179.0,0,4298179.0,0.0,0.0,0.0,4298179.0,257674.0,0,101114.0,101114.0,0.0,0.0,25180.0,383968.0,0.0,4682147.0,493497.0,4302527,0,0.0,1777778.0,6573802.0,23256,0,0,0,23256.0,0.0,0,6597058.0,2805.0,24807.0,-55966281.0,0.0,54023758.0,-1914911.0,-1914911.0,4682147.0,0.0,4682147.0,0.0,4325783,27604.0,https://www.sec.gov/Archives/edgar/data/1074828/000165495420013963/0001654954-20-013963-index.htm,https://www.sec.gov/Archives/edgar/data/1074828/000165495420013963/knwn_10k.htm
2024-12-31,SAVA,USD,0001069530,2025-03-03,2025-03-03 16:20:22,2024,FY,128574000.0,0,128574000.0,0.0,0.0,7958000.0,136532000.0,20964000.0,0,37000.0,37000.0,0.0,0.0,0.0,21001000.0,0.0,157533000.0,7654000.0,0,0,0.0,4096000.0,11750000.0,0,0,0,79000,79000.0,0.0,0,11829000.0,0.0,48000.0,-405111000.0,0.0,550767000.0,145704000.0,145704000.0,157533000.0,0.0,157533000.0,0.0,0,-128574000.0,https://www.sec.gov/Archives/edgar/data/1069530/000143774925005919/0001437749-25-005919-index.htm,https://www.sec.gov/Archives/edgar/data/1069530/000143774925005919/sava20241231c_10k.htm
2023-12-31,SAVA,USD,0001069530,2024-02-28,2024-02-28 16:01:07,2023,FY,121136000.0,0,121136000.0,962000.0,0.0,7535000.0,129633000.0,21854000.0,0,176000.0,176000.0,0.0,0.0,0.0,22030000.0,0.0,151663000.0,10573000.0,0,0,0.0,3622000.0,14195000.0,0,0,0,0,0.0,0.0,0,14195000.0,0.0,42000.0,-380769000.0,0.0,518195000.0,137468000.0,137468000.0,151663000.0,0.0,151663000.0,0.0,0,-121136000.0,https://www.sec.gov/Archives/edgar/data/1069530/000143774924005894/0001437749-24-005894-index.htm,https://www.sec.gov/Archives/edgar/data/1069530/000143774924005894/sava20231231_10k.htm
2022-12-31,SAVA,USD,0001069530,2023-02-28,2023-02-28 16:07:03,2022,FY,201015000.0,0,201015000.0,0.0,0.0,11085000.0,211226000.0,22986000.0,0,622000.0,622000.0,0.0,0.0,0.0,23608000.0,0.0,234834000.0,4017000.0,208000,0,0.0,2838000.0,7063000.0,70000,0,-26000,162000,232000.0,0.0,139000,7295000.0,0.0,511091000.0,-283552000.0,0.0,511049000.0,227539000.0,227539000.0,234834000.0,0.0,234834000.0,0.0,139000,-200876000.0,https://www.sec.gov/Archives/edgar/data/1069530/000106953023000009/0001069530-23-000009-index.htm,https://www.sec.gov/Archives/edgar/data/1069530/000106953023000009/sava-20221231x10k.htm
2021-12-31,SAVA,USD,0001069530,2022-03-01,2022-02-28 17:32:53,2021,FY,233437000.0,0,233437000.0,0.0,0.0,11045000.0,244482000.0,20826000.0,0,1075000.0,1075000.0,0.0,0.0,399000.0,22300000.0,0.0,266782000.0,7126000.0,194000,0,4680000.0,5214000.0,12534000.0,278000,0,0,55000,333000.0,0.0,236000,12867000.0,0.0,461221000.0,-207306000.0,2.8421709430404007e-11,461181000.0,253915000.0,253915000.0,266782000.0,0.0,266782000.0,0.0,236000,-233201000.0,https://www.sec.gov/Archives/edgar/data/1069530/000106953022000011/0001069530-22-000011-index.htm,https://www.sec.gov/Archives/edgar/data/1069530/000106953022000011/sava-20211231x10k.htm
2020-12-31,SAVA,USD,0001069530,2021-03-23,2021-03-23 17:05:23,2020,FY,93506000.0,0,93506000.0,0.0,0.0,945000.0,93994000.0,306000.0,0,0.0,0.0,0.0,0.0,0.0,306000.0,0.0,94300000.0,911000.0,116000,0,802000.0,838000.0,1865000.0,470000,0,0,-235000,235000.0,0.0,293000,2100000.0,0.0,267121000.0,-174921000.0,0.0,267086000.0,92200000.0,92200000.0,94300000.0,0.0,94300000.0,0.0,293000,-93213000.0,https://www.sec.gov/Archives/edgar/data/1069530/000106953021000020/0001069530-21-000020-index.htm,https://www.sec.gov/Archives/edgar/data/1069530/000106953021000020/sava-20201231x10k.htm
2024-12-31,MAA-PI,USD,0000912595,2025-02-07,2025-02-07 16:16:04,2024,FY,43018000.0,0,43018000.0,0.0,0.0,21507000.0,64525000.0,0.0,0,0.0,0.0,41650000.0,0.0,11706194000.0,11747844000.0,0.0,11812369000.0,124813000.0,250000000,139970000,64626000.0,277330000.0,856739000.0,4757048000,0,0,50918000,4807966000.0,0.0,26091000,5664705000.0,9000.0,22230000.0,-1469557000.0,-6940000.0,7418619000.0,5964361000.0,6147664000.0,11812369000.0,183303000.0,11812369000.0,41650000.0,5007048000,4964030000.0,https://www.sec.gov/Archives/edgar/data/912595/000095017025016287/0000950170-25-016287-index.htm,https://www.sec.gov/Archives/edgar/data/912595/000095017025016287/maa-20241231.htm
2023-12-31,MAA-PI,USD,0000912595,2024-02-09,2024-02-09 16:16:29,2023,FY,41314000.0,0,41314000.0,0.0,0.0,45677000.0,86991000.0,11110567000.0,0,0.0,0.0,41977000.0,0.0,244968000.0,11397512000.0,0.0,11484503000.0,94461000.0,894659000,159041000,0.0,367261000.0,1515422000.0,3672910000,0,0,16216000,3689126000.0,-19167000.0,27344000,5185381000.0,9000.0,20335000.0,-1298263000.0,-8764000.0,7399921000.0,6113238000.0,6299122000.0,11484503000.0,185884000.0,11484503000.0,41977000.0,4567569000,4526255000.0,https://www.sec.gov/Archives/edgar/data/912595/000095017024013275/0000950170-24-013275-index.htm,https://www.sec.gov/Archives/edgar/data/912595/000095017024013275/maa-20231231.htm
2022-12-31,MAA-PI,USD,0000912595,2023-02-14,2023-02-14 16:07:25,2022,FY,38659000.0,0,38659000.0,0.0,0.0,22412000.0,61071000.0,44600000.0,0,0.0,-11241165000.0,42290000.0,11241165000.0,11093204000.0,11180094000.0,0.0,11241165000.0,101990000.0,0,135510000,65129000.0,320515000.0,615843000.0,4443574000,65129000,2822000,-28671000,4414903000.0,0.0,28671000,5030746000.0,9000.0,21823000.0,-1188854000.0,-10052000.0,7202834000.0,6025760000.0,6210419000.0,11241165000.0,184659000.0,11241165000.0,42290000.0,4414903000,4376244000.0,https://www.sec.gov/Archives/edgar/data/912595/000095017023002778/0000950170-23-002778-index.htm,https://www.sec.gov/Archives/edgar/data/912595/000095017023002778/maa-20221231.htm
2021-12-31,MAA-PI,USD,0000912595,2022-02-17,2022-02-17 16:11:36,2021,FY,54302000.0,0,54302000.0,0.0,0.0,76296000.0,130598000.0,47000000.0,0,900000.0,900000.0,42827000.0,-47000000.0,11110857000.0,11154584000.0,0.0,11285182000.0,0.0,0,0,0.0,584400000.0,584400000.0,4546941000,59937000,12864000,-30251000,4516690000.0,0.0,30251000,5101090000.0,9000.0,1151000.0,-1255807000.0,-11132000.0,7230956000.0,5995362000.0,6184092000.0,11285182000.0,188730000.0,11285182000.0,42827000.0,4516690000,4462388000.0,https://www.sec.gov/Archives/edgar/data/912595/000095017022001423/0000950170-22-001423-index.htm,https://www.sec.gov/Archives/edgar/data/912595/000095017022001423/maa-20211231.htm
2020-12-31,MAA-PI,USD,0000912595,2021-02-18,2021-02-18 16:13:26,2020,FY,25198000.0,0,25198000.0,0.0,0.0,10417000.0,35615000.0,49400000.0,0,1300000.0,1300000.0,43325000.0,-49400000.0,11114551000.0,11159176000.0,0.0,11194791000.0,86218000.0,172000000,0,48800000.0,270056000.0,528274000.0,4422452000,48800000,-496534000,140260000,4562712000.0,0.0,31740000,5090986000.0,9000.0,1141000.0,-1294182000.0,-12128000.0,7176793000.0,5887030000.0,6103805000.0,11194791000.0,216775000.0,11194791000.0,43325000.0,4562712000,4537514000.0,https://www.sec.gov/Archives/edgar/data/912595/000156459021006666/0001564590-21-006666-index.htm,https://www.sec.gov/Archives/edgar/data/912595/000156459021006666/maa-10k_20201231.htm
2023-12-31,SNSE,USD,0001829802,2024-02-29,2024-02-29 16:30:47,2023,FY,13011000.0,52746000,65757000.0,0.0,0.0,1493000.0,67250000.0,7038000.0,0,0.0,0.0,0.0,0.0,86000.0,7124000.0,0.0,74374000.0,1694000.0,2439000,0,0.0,1510000.0,5643000.0,3769000,0,0,67000,3836000.0,0.0,6208000,9479000.0,0.0,3000.0,-231895000.0,-209000.0,296995999.0,64894999.0,64894999.0,74374000.0,0.0,74374000.0,52746000.0,6208000,-6803000.0,https://www.sec.gov/Archives/edgar/data/1829802/000095017024023148/0000950170-24-023148-index.htm,https://www.sec.gov/Archives/edgar/data/1829802/000095017024023148/snse-20231231.htm
2022-12-31,SNSE,USD,0001829802,2023-05-01,2023-05-01 16:18:14,2022,FY,17795000.0,89321000,17795000.0,0.0,0.0,1473000.0,108589000.0,9724000.0,0,0.0,0.0,0.0,0.0,63000.0,9787000.0,-1000.0,118375000.0,4473000.0,4262000,0,-4473000.0,331000.0,9066000.0,5902000,0,0,0,5902000.0,0.0,8033000,14968000.0,0.0,3000.0,-197794000.0,-1004000.0,302202000.0,103407000.0,103407000.0,118375000.0,0.0,118375000.0,89321000.0,8033000,-9762000.0,https://www.sec.gov/Archives/edgar/data/1829802/000095017023016251/0000950170-23-016251-index.htm,https://www.sec.gov/Archives/edgar/data/1829802/000095017023016251/snse-20221231.htm
2021-12-31,SNSE,USD,0001829802,2022-03-15,2022-03-15 07:01:25,2021,FY,7159000.0,140462000,147621000.0,0.0,0.0,921000.0,148542000.0,4644000.0,0,0.0,0.0,0.0,0.0,39000.0,4683000.0,0.0,153225000.0,2456000.0,1360000,0,0.0,1073000.0,4889000.0,1674000,0,0,149000,1823000.0,0.0,2354000,6712000.0,153225000.0,3000.0,-149206000.0,-333000.0,296049000.0,146513000.0,146513000.0,153225000.0,0.0,153225000.0,140462000.0,2354000,-4805000.0,https://www.sec.gov/Archives/edgar/data/1829802/000095017022003646/0000950170-22-003646-index.htm,https://www.sec.gov/Archives/edgar/data/1829802/000095017022003646/snse-20211231.htm
2020-12-31,SNSE,USD,0001829802,2021-03-30,2021-03-30 06:15:03,2020,FY,16596000.0,0,16596000.0,0.0,0.0,3480000.0,20076000.0,1266000.0,0,0.0,0.0,0.0,0.0,86000.0,1352000.0,0.0,21428000.0,3882000.0,32000,0,-32000.0,916000.0,4830000.0,653000,0,0,52000,73041000.0,0.0,118000,77871000.0,72336000.0,0.0,-112412000.0,0.0,55969000.0,-56443000.0,-56443000.0,21428000.0,0.0,21428000.0,0.0,567000,-16029000.0,https://www.sec.gov/Archives/edgar/data/1829802/000156459021016297/0001564590-21-016297-index.htm,https://www.sec.gov/Archives/edgar/data/1829802/000156459021016297/snse-10k_20201231.htm
2019-12-31,SNSE,USD,0001829802,2019-12-31,2019-12-31 00:00:00,2019,FY,251000.0,0,251000.0,0.0,0.0,251000.0,502000.0,268000.0,0,0.0,0.0,0.0,0.0,447000.0,715000.0,0.0,1217000.0,3451000.0,16055000,0,2083000.0,2208000.0,21714000.0,0,0,0,48165000,48165000.0,0.0,0,69879000.0,47545000.0,2000.0,-92312000.0,-2000.0,-23893000.0,-68662000.0,-68662000.0,1217000.0,0.0,1217000.0,0.0,16055000,15804000.0,,
2024-12-31,CRSR,USD,0001743759,2025-02-26,2025-02-26 16:45:02,2024,FY,107011000.0,0,107011000.0,218648000.0,259979000.0,37750000.0,623388000.0,29742000.0,354222000,164319000.0,518541000.0,0.0,0.0,64158000.0,612441000.0,0.0,1235829000.0,207215000.0,12229000,9169000,0.0,167700000.0,396313000.0,0,0,7379000,212685000,220064000.0,0.0,0,616377000.0,0.0,10000.0,-58765000.0,-4559000.0,667617000.0,604303000.0,619452000.0,1235829000.0,15149000.0,1235829000.0,0.0,12229000,-94782000.0,https://www.sec.gov/Archives/edgar/data/1743759/000095017025027856/0000950170-25-027856-index.htm,https://www.sec.gov/Archives/edgar/data/1743759/000095017025027856/crsr-20241231.htm
2023-12-31,CRSR,USD,0001743759,2024-02-27,2024-02-27 17:20:19,2023,FY,175620000.0,0,175620000.0,253268000.0,240172000.0,42529000.0,711589000.0,68536000.0,354705000,188009000.0,542714000.0,0.0,27749000.0,6875000.0,645874000.0,0.0,1357463000.0,239957000.0,21911000,14305000,7442000.0,134872000.0,418487000.0,224593000,0,17395000,3008000,244996000.0,0.0,48308000,663483000.0,0.0,10000.0,40410000.0,-3487000.0,630642000.0,667575000.0,693980000.0,1357463000.0,26405000.0,1357463000.0,239000.0,246504000,70884000.0,https://www.sec.gov/Archives/edgar/data/1743759/000095017024021415/0000950170-24-021415-index.htm,https://www.sec.gov/Archives/edgar/data/1743759/000095017024021415/crsr-20231231.htm
2022-12-31,CRSR,USD,0001743759,2023-02-27,2023-02-27 17:08:44,2022,FY,153827000.0,0,153827000.0,235656000.0,192717000.0,83833000.0,622793000.0,34927000.0,347747000,216255000.0,564002000.0,233000.0,23569000.0,51721000.0,674452000.0,0.0,1297245000.0,172033000.0,17546000,5322000,6259000.0,141838000.0,342998000.0,277627000,0,18054000,3132000,298813000.0,0.0,56508000,641811000.0,0.0,10000.0,37223000.0,-6881000.0,593486000.0,623838000.0,655434000.0,1297245000.0,31596000.0,1297245000.0,233000.0,295173000,141346000.0,https://www.sec.gov/Archives/edgar/data/1743759/000156459023002592/0001564590-23-002592-index.htm,https://www.sec.gov/Archives/edgar/data/1743759/000156459023002592/crsr-10k_20221231.htm
2021-12-31,CRSR,USD,0001743759,2022-03-01,2022-02-28 20:31:25,2021,FY,65149000.0,12968000,65149000.0,291287000.0,298315000.0,53758000.0,705775000.0,16819000.0,317054000,225709000.0,542763000.0,-12737000.0,12737000.0,72039000.0,631621000.0,0.0,1337396000.0,236120000.0,14210000,6316000,6663000.0,190101000.0,446747000.0,294051000,0,25700000,2718000,322469000.0,0.0,60610000,769216000.0,0.0,9000.0,98147000.0,-340000.0,470364000.0,568180000.0,568180000.0,1337396000.0,0.0,1337396000.0,231000.0,308261000,243112000.0,https://www.sec.gov/Archives/edgar/data/1743759/000156459022007822/0001564590-22-007822-index.htm,https://www.sec.gov/Archives/edgar/data/1743759/000156459022007822/crsr-10k_20211231.htm
2020-12-31,CRSR,USD,0001743759,2021-03-11,2021-03-11 16:11:10,2020,FY,133338000.0,0,133338000.0,293629000.0,226007000.0,41792000.0,690971000.0,16475000.0,312760000,259317000.0,572077000.0,230000.0,4792000.0,29570000.0,623144000.0,0.0,1314115000.0,299636000.0,9070000,22445000,-9070000.0,174230000.0,505381000.0,338964000,500000,29752000,2628000,371344000.0,0.0,26641000,876725000.0,0.0,9000.0,-2813000.0,1527000.0,438667000.0,437390000.0,437390000.0,1314115000.0,0.0,1314115000.0,230000.0,338964000,205626000.0,https://www.sec.gov/Archives/edgar/data/1743759/000156459021012507/0001564590-21-012507-index.htm,https://www.sec.gov/Archives/edgar/data/1743759/000156459021012507/crsr-10k_20201231.htm
2024-03-31,BTCY,USD,0001630113,2024-06-28,2024-06-27 19:55:56,2024,FY,786060.0,0,786060.0,1805111.0,1879402.0,0.0,4470573.0,1237145.0,0,0.0,0.0,149907.0,0.0,84999.0,1472051.0,1.0,5942625.0,5221992.0,12093842,0,21550.0,5361442.0,22698826.0,11784948,0,0,1435668,13220616.0,0.0,1386486,35919442.0,1488927.0,9515.0,-127499785.0,32378.0,95992148.0,-29976817.0,-29976817.0,5942625.0,0.0,5942625.0,149907.0,23878790,23092730.0,https://www.sec.gov/Archives/edgar/data/1630113/000149315224025493/0001493152-24-025493-index.htm,https://www.sec.gov/Archives/edgar/data/1630113/000149315224025493/form10-ka.htm
2023-03-31,BTCY,USD,0001630113,2023-06-29,2023-06-29 17:29:39,2023,FY,570460.0,588599,570460.0,1224137.0,2337006.0,588599.0,4720202.0,1608998.0,0,0.0,0.0,96344.0,0.0,85000.0,1790342.0,0.0,6510544.0,3435123.0,5110076,0,1607353.0,2615569.0,11160768.0,14436096,0,0,759065,15195161.0,0.0,1722095,26355929.0,7.0,52514.0,-112570825.0,-152797.0,-96277.0,-19845385.0,-19845385.0,6510544.0,0.0,6510544.0,96344.0,19546172,18975712.0,https://www.sec.gov/Archives/edgar/data/1630113/000149315223022974/0001493152-23-022974-index.htm,https://www.sec.gov/Archives/edgar/data/1630113/000149315223022974/form10-k.htm
2022-03-31,BTCY,USD,0001630113,2022-07-14,2022-07-14 11:46:04,2022,FY,12066929.0,302330,12066929.0,2006678.0,842924.0,812560.0,15322811.0,1270159.0,0,0.0,0.0,0.0,0.0,85000.0,1355159.0,0.0,16677970.0,1159477.0,1960640,0,1436270.0,1746697.0,4866814.0,13603490,0,0,352402,13955892.0,0.0,1330338,18822706.0,8.0,51277.0,-93037142.0,-768656.0,91609777.0,-2144736.0,-2144736.0,16677970.0,0.0,16677970.0,302330.0,15353810,3286881.0,https://www.sec.gov/Archives/edgar/data/1630113/000149315222019256/0001493152-22-019256-index.htm,https://www.sec.gov/Archives/edgar/data/1630113/000149315222019256/form10-k.htm
2021-03-31,BTCY,USD,0001630113,2021-06-22,2021-06-21 21:10:37,2021,FY,2201562.0,326664,2201562.0,1520836.0,272493.0,653328.0,4321555.0,66120.0,0,0.0,0.0,50358.0,0.0,0.0,116478.0,0.0,4438033.0,1041385.0,4394532,0,1478739.0,5054338.0,10490255.0,370900,0,0,410042,780942.0,0.0,58257,11271197.0,9.0,39015.0,-62817688.0,-634186.0,56579686.0,-6833164.0,-6833164.0,4438033.0,0.0,4438033.0,50358.0,4707175,2505613.0,https://www.sec.gov/Archives/edgar/data/1630113/000149315221014912/0001493152-21-014912-index.htm,https://www.sec.gov/Archives/edgar/data/1630113/000149315221014912/form10-k.htm
2020-03-31,BTCY,USD,0001630113,2020-07-15,2020-07-15 09:32:54,2020,FY,949848.0,137074,949848.0,486187.0,85720.0,274148.0,1658829.0,264472.0,0,0.0,0.0,48115.0,0.0,33000.0,345587.0,0.0,2004416.0,1094072.0,2281332,0,0.0,427617.0,3803021.0,57055,0,0,1144733,1201788.0,0.0,0,5004809.0,9.0,36382.0,-46364364.0,-857307.0,44184887.0,-3000393.0,-3000393.0,2004416.0,0.0,2004416.0,48115.0,2338387,1388539.0,https://www.sec.gov/Archives/edgar/data/1630113/000149315220013313/0001493152-20-013313-index.htm,https://www.sec.gov/Archives/edgar/data/1630113/000149315220013313/form10-k.htm
2023-12-31,BKUCF,CAD,0001463978,2023-12-31,2023-12-29 19:00:00,2023,FY,1050865.0,0,1050865.0,0.0,0.0,58887.0,1123323.0,202377.0,0,0.0,0.0,0.0,0.0,0.0,202377.0,0.0,1325700.0,158876.0,0,0,0.0,765581.0,924457.0,0,0,0,0,1.14e-10,-1.1641532182693481e-10,0,924457.0,0.0,42192551.0,-55009690.0,0.0,13218382.0,401243.0,401243.0,1325700.0,0.0,1325700.0,0.0,0,-1050865.0,,
2022-12-31,BKUCF,CAD,0001463978,2022-12-31,2022-12-31 00:00:00,2022,FY,1796358.0,0,1796358.0,0.0,0.0,91299.0,1906203.0,99682.0,0,0.0,0.0,0.0,0.0,1.4210854715202004e-14,99682.0,0.0,2005885.0,374469.0,0,0,0.0,524103.0,898572.0,0,0,0,0,0.0,0.0,0,898572.0,0.0,40286362.0,-51354050.0,7252945.0,12175001.0,1107313.0,1107313.0,2005885.0,0.0,2005885.0,0.0,0,-1796358.0,,
2021-12-31,BKUCF,CAD,0001463978,2021-12-31,2021-12-31 00:00:00,2021,FY,3287023.0,0,3287023.0,0.0,0.0,84473.0,3383578.0,79830.0,0,0.0,0.0,0.0,0.0,-7.105427357601002e-14,79830.0,0.0,3463408.0,249931.0,0,0,0.0,356476.0,606407.0,0,0,0,0,0.0,0.0,0,606407.0,0.0,37662884.0,-45781624.0,6407310.0,10975741.0,2857001.0,2857001.0,3463408.0,0.0,3463408.0,0.0,0,-3287023.0,,
2020-12-31,BKUCF,CAD,0001463978,2020-12-31,2020-12-31 00:00:00,2020,FY,1215569.0,0,1215569.0,0.0,0.0,39788.0,1262211.0,70876.0,0,0.0,0.0,0.0,0.0,-1.4210854715202004e-14,70876.0,0.0,1333087.0,148082.0,1404000,0,0.0,468834.0,2020916.0,0,0,0,0,0.0,0.0,0,2020916.0,0.0,29875000.0,-39311004.0,4130737.0,8748174.0,-687829.0,-687829.0,1333087.0,0.0,1333087.0,0.0,1404000,188431.0,,
2019-12-31,BKUCF,CAD,0001463978,2019-12-31,2019-12-31 00:00:00,2019,FY,360605.0,0,360605.0,0.0,0.0,47163.0,414872.0,60999.0,0,0.0,0.0,0.0,0.0,-2.842170943040401e-14,60999.0,0.0,475871.0,190351.0,0,0,0.0,61941.0,252292.0,0,0,0,0,0.0,0.0,0,252292.0,0.0,29875000.0,-37382086.0,3201492.0,7730665.0,223579.0,223579.0,475871.0,0.0,475871.0,0.0,0,-360605.0,,
2024-06-30,BIOX,USD,0001769484,2024-10-30,2024-10-30 15:19:38,2024,FY,44473270.0,11695528,56168798.0,216033262.0,126223902.0,10242075.0,408668037.0,86175030.0,112339265,174797456.0,287136721.0,40420906.0,9698860.0,18528793.0,441960310.0,0.0,850628347.0,161963080.0,139869976,10472821,3923140.0,13276829.0,329505846.0,131075927,1925138,34500445,4056630,171558140.0,0.0,11284137,501063986.0,780841.0,6500.0,-10659656.0,29090230.0,294010174.0,314008930.0,349308468.0,850628347.0,35299538.0,850628347.0,52116434.0,270945903,226472633.0,https://www.sec.gov/Archives/edgar/data/1769484/000110465924112589/0001104659-24-112589-index.htm,https://www.sec.gov/Archives/edgar/data/1769484/000110465924112589/biox-20230630x20f.htm
2023-06-30,BIOX,USD,0001769484,2023-06-30,2023-06-29 20:00:00,2023,FY,48129194.0,11922317,60051511.0,185319539.0,140573817.0,11169534.0,397114401.0,81790410.0,112163432,173783956.0,285947388.0,39741719.0,7312964.0,6152276.0,420944757.0,0.0,818059158.0,146293315.0,111498358,4070092,24875662.0,11975107.0,298712534.0,145914616,2057805,35785347,5092749,188850517.0,0.0,13889223,487563051.0,0.0,6493.0,-13903017.0,1121675.0,311368937.0,298849981.0,330496107.0,818059158.0,31646126.0,818059158.0,51664036.0,257412974,209283780.0,,
2022-06-30,BIOX,USD,0001769484,2022-10-28,2022-10-28 17:21:00,2022,FY,33475266.0,5136010,38611276.0,128079128.0,126101435.0,4913287.0,297705126.0,62052351.0,36073685,76704869.0,112778554.0,39173933.0,4011374.0,2499023.0,220515235.0,0.0,518220361.0,124450651.0,72714372,8804535,5895313.0,10800881.0,222665752.0,97074620,1320970,29005943,9854228,137255761.0,0.0,11751284,359921513.0,0.0,4637.0,-32682893.0,1976674.0,158060155.0,127614466.0,158298848.0,518220361.0,30684382.0,518220361.0,44309943.0,169788992,136313726.0,https://www.sec.gov/Archives/edgar/data/1769484/000110465922112548/0001104659-22-112548-index.htm,https://www.sec.gov/Archives/edgar/data/1769484/000110465922112548/biox-20220630x20f.htm
2021-06-30,BIOX,USD,0001769484,2021-10-29,2021-10-29 13:51:02,2021,FY,36046113.0,10735422,46781535.0,88784172.0,63353389.0,12570562.0,211489658.0,49282256.0,28751206,67342362.0,96093568.0,31754635.0,3278370.0,2691470.0,183100299.0,0.0,394589957.0,69305124.0,77536165,10009836,6277313.0,4909417.0,168037855.0,97042889,784,25699495,13518630,136261798.0,0.0,1140717,304299653.0,0.0,4158.0,-25483275.0,-27368648.0,116215258.0,67743242.0,90290304.0,394589957.0,22547062.0,394589957.0,42490057.0,174579054,138532941.0,https://www.sec.gov/Archives/edgar/data/1769484/000110465921131663/0001104659-21-131663-index.htm,https://www.sec.gov/Archives/edgar/data/1769484/000110465921131663/biox-20210630x20f.htm
2020-06-30,BIOX,USD,0001769484,2020-10-21,2020-10-21 16:55:24,2020,FY,42522861.0,9045935,51568796.0,73546633.0,30304276.0,9273350.0,164693055.0,42629703.0,25526855,35333464.0,60860319.0,24975495.0,2693195.0,1709602.0,132868314.0,0.0,297561369.0,54791222.0,64386833,3720267,2866707.0,4846950.0,130610709.0,84701158,2335,16858125,4639560,106201178.0,0.0,1109812,236811887.0,0.0,3613.0,-18613112.0,-35798075.0,96455958.0,46179395.0,60749482.0,297561369.0,14570087.0,297561369.0,34021430.0,149087991,106565130.0,https://www.sec.gov/Archives/edgar/data/1769484/000110465920116812/0001104659-20-116812-index.htm,https://www.sec.gov/Archives/edgar/data/1769484/000110465920116812/tm2029786-1_20f.htm
2024-11-30,PFD,USD,0000868578,2024-11-30,2024-11-30 00:00:00,2024,FY,0.0,0,0.0,2413201.0,0.0,-2413201.0,0.0,0.0,0,0.0,0.0,249993426.0,0.0,-249993426.0,0.0,252466960.0,252466960.0,1111005.0,0,0,0.0,-1111005.0,0.0,0,0,0,0,0.0,92384823.0,0,92384823.0,0.0,128526.0,-21762605.0,0.0,181716216.0,160082137.0,160082137.0,252466960.0,0.0,252466960.0,249993426.0,0,0.0,,
2023-11-30,PFD,USD,0000868578,2023-11-30,2023-11-29 19:00:00,2023,FY,0.0,0,0.0,2371321.0,0.0,139590.0,2510911.0,0.0,0,0.0,0.0,230146328.0,0.0,-230146328.0,412727251.0,-182580923.0,232657239.0,522892.0,0,0,0.0,-522892.0,780333.0,91100000,0,0,0,91100000.0,-34686.0,0,91845647.0,0.0,128526.0,-41053413.0,-7.105427357601002e-09,181736479.0,140811592.0,140811592.0,232657239.0,0.0,232657239.0,230146328.0,91100000,91100000.0,,
2022-11-30,PFD,USD,0000868578,2022-11-30,2022-11-30 00:00:00,2022,FY,0.0,0,0.0,2423542.0,0.0,140529.0,2423542.0,0.0,0,0.0,0.0,235759696.0,0.0,-235759696.0,235759696.0,140529.0,238323767.0,397746.0,0,0,0.0,-397746.0,397746.0,0,0,0,0,397746.0,90927657.0,0,91723149.0,0.0,127586.0,-34107641.0,0.0,180580673.0,146600618.0,146600618.0,238323767.0,0.0,238323767.0,235759696.0,91100000,91100000.0,,
2021-11-30,PFD,USD,0000868578,2021-11-30,2021-11-30 00:00:00,2021,FY,0.0,0,0.0,2809142.0,0.0,156082.0,2809142.0,0.0,0,0.0,0.0,263247826.0,0.0,-263247826.0,263247826.0,156082.0,266213050.0,145159.0,0,0,0.0,-145159.0,145159.0,89300000,0,0,-89300000,89300000.0,235043.0,0,89680202.0,0.0,120781.0,6211221.0,-5.329070518200751e-09,170200846.0,176532848.0,176532848.0,266213050.0,0.0,266213050.0,263247826.0,89300000,89300000.0,,
2020-11-30,PFD,USD,0000868578,2020-11-30,2020-11-30 00:00:00,2020,FY,334754.0,0,334754.0,2184458.0,0.0,41836.0,2184458.0,0.0,0,0.0,0.0,241418598.0,0.0,-241418598.0,241418598.0,41836.0,243644892.0,142101.0,0,0,0.0,-142101.0,142101.0,80100000,0,0,-80100000,80100000.0,226644.0,0,80468745.0,2.9802322387695312e-08,113054.0,5757690.0,-3.197442310920451e-08,157305403.00000003,163176147.0,163176147.0,243644892.0,0.0,243644892.0,241418598.0,80100000,79765246.0,,
2025-01-03,KBR,USD,0001357615,2025-02-25,2025-02-25 14:55:18,2024,FY,350000000.0,0,350000000.0,1071000000.0,0.0,452000000.0,1873000000.0,492000000.0,2630000000,763000000.0,3393000000.0,192000000.0,209000000.0,504000000.0,4790000000.0,0.0,6663000000.0,777000000.0,36000000,46000000,0.0,923000000.0,1782000000.0,2761000000,0,83000000,570000000,3414000000.0,0.0,0,5196000000.0,0.0,0.0,1367000000.0,-946000000.0,1032000000.0,1453000000.0,1467000000.0,6663000000.0,14000000.0,6663000000.0,192000000.0,2797000000,2447000000.0,https://www.sec.gov/Archives/edgar/data/1357615/000135761525000018/0001357615-25-000018-index.htm,https://www.sec.gov/Archives/edgar/data/1357615/000135761525000018/kbr-20250103.htm
2023-12-29,KBR,USD,0001357615,2024-02-20,2024-02-20 12:11:23,2023,FY,304000000.0,0,304000000.0,1191000000.0,0.0,156000000.0,1651000000.0,377000000.0,2109000000,618000000.0,2727000000.0,206000000.0,239000000.0,365000000.0,3914000000.0,0.0,5565000000.0,593000000.0,79000000,41000000,3000000.0,856000000.0,1572000000.0,1977000000,0,106000000,516000000,2599000000.0,0.0,224000000,4171000000.0,0.0,0.0,1072000000.0,-915000000.0,1226000000.0,1383000000.0,1394000000.0,5565000000.0,11000000.0,5565000000.0,206000000.0,2056000000,1752000000.0,https://www.sec.gov/Archives/edgar/data/1357615/000135761524000016/0001357615-24-000016-index.htm,https://www.sec.gov/Archives/edgar/data/1357615/000135761524000016/kbr-20231229.htm
2022-12-31,KBR,USD,0001357615,2023-02-17,2023-02-17 17:14:54,2022,FY,389000000.0,0,389000000.0,1218000000.0,0.0,182000000.0,1747000000.0,346000000.0,2087000000,645000000.0,2732000000.0,188000000.0,213000000.0,340000000.0,3819000000.0,0.0,5566000000.0,637000000.0,412000000,32000000,275000000.0,465000000.0,1821000000.0,1569000000,92000000,92000000,360000000,2113000000.0,0.0,241000000,3934000000.0,0.0,0.0,1410000000.0,-882000000.0,1092000000.0,1620000000.0,1632000000.0,5566000000.0,12000000.0,5566000000.0,188000000.0,1981000000,1592000000.0,https://www.sec.gov/Archives/edgar/data/1357615/000135761523000030/0001357615-23-000030-index.htm,https://www.sec.gov/Archives/edgar/data/1357615/000135761523000030/kbr-20221231.htm
2021-12-31,KBR,USD,0001357615,2022-02-22,2022-02-22 17:02:34,2021,FY,370000000.0,0,370000000.0,1656000000.0,0.0,162000000.0,2152000000.0,294000000.0,2060000000,708000000.0,2768000000.0,576000000.0,226000000.0,183000000.0,4047000000.0,0.0,6199000000.0,1026000000.0,57000000,36000000,313000000.0,443000000.0,1875000000.0,2063000000,294000000,70000000,513000000,2623000000.0,0.0,229000000,4498000000.0,0.0,0.0,1260000000.0,-881000000.0,1263000000.0,1687000000.0,1701000000.0,6199000000.0,14000000.0,6199000000.0,576000000.0,2083000000,1713000000.0,https://www.sec.gov/Archives/edgar/data/1357615/000135761522000012/0001357615-22-000012-index.htm,https://www.sec.gov/Archives/edgar/data/1357615/000135761522000012/kbr-20211231.htm
2020-12-31,KBR,USD,0001357615,2021-02-25,2021-02-25 06:08:54,2020,FY,436000000.0,0,436000000.0,1099000000.0,0.0,131000000.0,1634000000.0,284000000.0,1761000000,683000000.0,2444000000.0,881000000.0,297000000.0,165000000.0,4071000000.0,0.0,5705000000.0,574000000.0,61000000,45000000,356000000.0,419000000.0,1455000000.0,1772000000,587000000,26000000,843000000,2641000000.0,0.0,230000000,4096000000.0,0.0,0.0,1305000000.0,-1083000000.0,1358000000.0,1580000000.0,1609000000.0,5705000000.0,29000000.0,5705000000.0,881000000.0,1821000000,1385000000.0,https://www.sec.gov/Archives/edgar/data/1357615/000135761521000040/0001357615-21-000040-index.htm,https://www.sec.gov/Archives/edgar/data/1357615/000135761521000040/kbr-20201231.htm
2024-12-31,NBBK,USD,0001979330,2025-03-07,2025-03-07 08:01:03,2024,FY,211166000.0,228205000,439371000.0,4352837000.0,0.0,0.0,4792208000.0,34654000.0,0,0.0,0.0,0.0,30299000.0,0.0,64953000.0,300576000.0,5157737000.0,0.0,100000000,0,0.0,0.0,100000000.0,20835000,0,0,0,20835000.0,4271735000.0,0,4392570000.0,0.0,427000.0,400473000.0,-8167000.0,372434000.0,765167000.0,765167000.0,5157737000.0,0.0,5157737000.0,228205000.0,120835000,-90331000.0,https://www.sec.gov/Archives/edgar/data/1979330/000155837025002457/0001558370-25-002457-index.htm,https://www.sec.gov/Archives/edgar/data/1979330/000155837025002457/nbbk-20241231x10k.htm
2023-12-31,NBBK,USD,0000000000,2024-03-28,2024-03-28 11:22:04,2023,FY,90485000.0,189465000,279950000.0,17284000.0,0.0,0.0,297234000.0,46079000.0,0,0.0,0.0,203178000.0,0.0,8578000.0,257835000.0,3978343000.0,4533412000.0,0.0,0,0,0.0,43246000.0,43246000.0,835000,0,0,3731372000,3732207000.0,0.0,0,3775453000.0,0.0,427000.0,366173000.0,-11897000.0,403256000.0,757959000.0,757959000.0,4533412000.0,0.0,4533412000.0,392643000.0,283338000,192853000.0,https://www.sec.gov/Archives/edgar/data/1979330/000155837024004193/0001558370-24-004193-index.htm,https://www.sec.gov/Archives/edgar/data/1979330/000155837024004193/nbbk-20231231x10k.htm
2022-12-31,NBBK,USD,0000000000,2022-12-31,2022-12-30 19:00:00,2022,FY,131073000.0,245480000,376553000.0,0.0,-171516000.0,0.0,391524000.0,35344000.0,0,0.0,280028000.0,256072000.0,11388000.0,-291416000.0,291416000.0,2909395000.0,3592335000.0,0.0,0,0,0.0,2842571000.0,2842571000.0,293082000,0,0,-293082000,293082000.0,-2842571000.0,0,293082000.0,0.0,0.0,358466000.0,-14401000.0,0.0,344065000.0,344065000.0,3592335000.0,0.0,3592335000.0,501552000.0,293082000,162009000.0,,
2021-12-31,NBBK,USD,0000000000,2021-12-31,2021-12-30 19:00:00,2021,FY,457181000.0,259750000,716931000.0,0.0,-474588000.0,0.0,724469000.0,29208000.0,0,0.0,286870000.0,264036000.0,6374000.0,-293244000.0,293244000.0,1904958000.0,2922671000.0,0.0,164000,15000,0.0,2337631000.0,2337810000.0,5060000,0,0,-5060000,256000.0,-2337810000.0,4804000,256000.0,0.0,0.0,328401000.0,-2272000.0,0.0,326129000.0,326129000.0,2922671000.0,0.0,2922671000.0,523786000.0,256000,-456925000.0,,
2023-12-31,MSSAR,USD,0001882464,2024-08-30,2024-08-29 20:51:23,2023,FY,0.0,0,0.0,0.0,0.0,1875.0,1875.0,0.0,0,0.0,0.0,0.0,0.0,35359088.0,35359088.0,0.0,35360963.0,0.0,2172403,0,0.0,674114.0,2846517.0,0,0,0,2875000,2875000.0,0.0,0,5721517.0,0.0,35412293.0,-5772847.0,-8.88e-10,0.0,29639446.0,29639446.0,35360963.0,0.0,35360963.0,35359088.0,2172403,2172403.0,https://www.sec.gov/Archives/edgar/data/1882464/000149315224034449/0001493152-24-034449-index.htm,https://www.sec.gov/Archives/edgar/data/1882464/000149315224034449/form10-k.htm
2022-12-31,MSSAR,USD,0001882464,2024-07-29,2024-07-26 21:38:03,2022,FY,178.652,116673481,178.652,0.0,0.0,218335.0,116891816.0,0.0,0,0.0,0.0,0.0,0.0,116673481.0,116673481.0,-116673481.0,116891816.0,0.0,0,0,0.0,3021738.0,3021738.0,0,0,0,0,2875000.0,-2875000.0,0,3021738.0,0.0,116676686.0,-2806608.0,4.440892098500626e-13,0.0,113870078.0,113870078.0,116891816.0,0.0,116891816.0,116673481.0,0,-178.652,https://www.sec.gov/Archives/edgar/data/1882464/000149315224029333/0001493152-24-029333-index.htm,https://www.sec.gov/Archives/edgar/data/1882464/000149315224029333/form10-ka.htm
2021-12-31,MSSAR,USD,0001882464,2021-12-31,2021-12-31 00:00:00,2021,FY,95978.0,0,95978.0,0.0,0.0,0.0,95978.0,0.0,0,0.0,0.0,0.0,0.0,236522.0,236522.0,0.0,332500.0,0.0,300000,0,0.0,32350.0,332350.0,0,0,0,0,0.0,0.0,0,332350.0,0.0,2875.0,-24850.0,3.469446951953614e-15,22125.0,150.0,150.0,332500.0,0.0,332500.0,0.0,300000,204022.0,,
2024-04-30,AOUT,USD,0001808997,2024-06-27,2024-06-27 16:15:35,2024,FY,29698000.0,0,29698000.0,25951000.0,93315000.0,6410000.0,155374000.0,44602000.0,0,40217000.0,40217000.0,0.0,0.0,404000.0,85223000.0,0.0,240597000.0,14198000.0,2662000,321000,0.0,12202000.0,29383000.0,33289000,0,0,0,33289000.0,0.0,34620000,62672000.0,0.0,15000.0,-74623000.0,3.552713678800501e-09,252533000.0,177925000.0,177925000.0,240597000.0,0.0,240597000.0,0.0,34620000,4922000.0,https://www.sec.gov/Archives/edgar/data/1808997/000095017024078463/0000950170-24-078463-index.htm,https://www.sec.gov/Archives/edgar/data/1808997/000095017024078463/aout-20240430.htm
2023-04-30,AOUT,USD,0001808997,2023-06-28,2023-06-28 16:16:08,2023,FY,21950000.0,0,21950000.0,28097000.0,99734000.0,7839000.0,157620000.0,33686000.0,0,52021000.0,52021000.0,0.0,0.0,260000.0,85967000.0,0.0,243587000.0,11544000.0,1808000,346000,0.0,9304000.0,23002000.0,28687000,0,0,34000,28721000.0,0.0,24968000,51723000.0,0.0,14000.0,-62375000.0,3.552713678800501e-09,254225000.0,191864000.0,191864000.0,243587000.0,0.0,243587000.0,0.0,29591000,7641000.0,https://www.sec.gov/Archives/edgar/data/1808997/000095017023030394/0000950170-23-030394-index.htm,https://www.sec.gov/Archives/edgar/data/1808997/000095017023030394/aout-20230430.htm
2022-04-30,AOUT,USD,0001808997,2022-07-14,2022-07-14 16:17:52,2022,FY,19521000.0,0,19521000.0,30110000.0,121683000.0,8491000.0,179805000.0,34505000.0,0,63194000.0,63194000.0,0.0,0.0,336000.0,98035000.0,0.0,277840000.0,13563000.0,3606000,718000,0.0,9118000.0,27005000.0,47773000,0,0,31000,47804000.0,0.0,24879000,74809000.0,0.9999999701976776,14000.0,-50351000.0,2.3092638912203256e-08,253368000.0,203031000.0,203031000.0,277840000.0,0.0,277840000.0,0.0,49576000,30055000.0,https://www.sec.gov/Archives/edgar/data/1808997/000095017022012698/0000950170-22-012698-index.htm,https://www.sec.gov/Archives/edgar/data/1808997/000095017022012698/aout-20220430.htm
2021-04-30,AOUT,USD,0001808997,2021-07-15,2021-07-15 16:16:44,2021,FY,60801000.0,0,60801000.0,37487000.0,74296000.0,7247000.0,179831000.0,36367000.0,64315000,53643000.0,117958000.0,0.0,6683000.0,424000.0,161432000.0,0.0,341263000.0,16021000.0,3542000,1052000,0.0,15727000.0,36342000.0,24780000,0,0,236000,25016000.0,0.0,26551000,61358000.0,5.960464477539063e-08,14000.0,14529000.0,-6.039613253960852e-08,265362000.0,279905000.0,279905000.0,341263000.0,0.0,341263000.0,0.0,26551000,-34250000.0,https://www.sec.gov/Archives/edgar/data/1808997/000156459021036740/0001564590-21-036740-index.htm,https://www.sec.gov/Archives/edgar/data/1808997/000156459021036740/aout-10k_20210430.htm
2020-04-30,AOUT,USD,0001808997,2020-04-30,2020-04-30 00:00:00,2020,FY,234000.0,0,234000.0,35200000.0,59999000.0,3244000.0,102257000.0,12449000.0,64315000,69152000.0,133467000.0,-3580000.0,3580000.0,242000.0,146158000.0,0.0,248415000.0,8936000.0,1324000,197000,0.0,10924000.0,21381000.0,2830000,0,0,106000,2936000.0,0.0,4154000,24317000.0,0.0,224098000.0,0.0,224098000.0,-224098000.0,224098000.0,224098000.0,248415000.0,0.0,248415000.0,-3580000.0,4154000,3920000.0,,
2024-12-31,VLYPO,USD,0000714310,2025-02-28,2025-02-27 18:01:13,2024,FY,411412000.0,3369724000,3781136000.0,239941000.0,0.0,0.0,4021077000.0,679271000.0,1868936000,128661000.0,1997597000.0,0.0,0.0,0.0,2676868000.0,55793746000.0,62491691000.0,0.0,461021000,0,0.0,-461021000.0,461021000.0,0,0,0,54595543000,54595543000.0,0.0,0,55056564000.0,0.0,195998000.0,1598048000.0,-155334000.0,5796415000.0,7435127000.0,7435127000.0,62491691000.0,0.0,62491691000.0,3369724000.0,461021000,49609000.0,https://www.sec.gov/Archives/edgar/data/714310/000071431025000068/0000714310-25-000068-index.htm,https://www.sec.gov/Archives/edgar/data/714310/000071431025000068/vly-20241231.htm
2023-12-31,VLYPO,USD,0000714310,2024-02-29,2024-02-29 17:16:06,2023,FY,891225000.0,28671000,891225000.0,245498000.0,0.0,0.0,1136723000.0,724542000.0,1868936000,160331000.0,2029267000.0,5104221000.0,0.0,52055045000.0,59913075000.0,-114824000.0,60934974000.0,0.0,1127163000,0,0.0,12982635000.0,14109798000.0,2579937000,0,0,50332031000,52911968000.0,-12788183000.0,359454000,54233583000.0,209691000.0,178187000.0,1471371000.0,-146456000.0,4988598000.0,6701391000.0,6701391000.0,60934974000.0,0.0,60934974000.0,5132892000.0,3707098000,2815873000.0,https://www.sec.gov/Archives/edgar/data/714310/000071431024000065/0000714310-24-000065-index.htm,https://www.sec.gov/Archives/edgar/data/714310/000071431024000065/vly-20231231.htm
2022-12-31,VLYPO,USD,0000714310,2023-03-01,2023-02-28 20:48:53,2022,FY,947947000.0,1261397000,2209344000.0,196606000.0,-1160214000.0,0.0,2405950000.0,664908000.0,1868936000,197456000.0,2066392000.0,5150904000.0,315360000.0,-5466264000.0,2731300000.0,52325499000.0,57462749000.0,0.0,138729000,0,0.0,358884000.0,497613000.0,1570302000,-121003000,121003000,49491645000,50564334000.0,0.0,320486000,51061947000.0,209691000.0,178185000.0,1218445000.0,-164002000.0,4958483000.0,6400802000.0,6400802000.0,57462749000.0,0.0,57462749000.0,6412301000.0,2097431000,1149484000.0,https://www.sec.gov/Archives/edgar/data/714310/000071431023000043/0000714310-23-000043-index.htm,https://www.sec.gov/Archives/edgar/data/714310/000071431023000043/vly-20221231.htm
2021-12-31,VLYPO,USD,0000714310,2022-02-28,2022-02-28 16:47:40,2021,FY,2049920000.0,1128809000,3178729000.0,96882000.0,-2190122000.0,0.0,3275611000.0,585423000.0,1459008000,70386000.0,1529394000.0,3870944000.0,161810000.0,-161810000.0,5985761000.0,34185071000.0,43446443000.0,0.0,500000000,0,0.0,-500000000.0,655726000.0,1763195000,1679999000,83196000,35660350000,1763195000.0,35943456000.0,283106000,38362377000.0,209691000.0,148482000.0,883645000.0,-17932000.0,3860180000.0,5084066000.0,5084066000.0,43446443000.0,0.0,43446443000.0,4999753000.0,2418921000,369001000.0,https://www.sec.gov/Archives/edgar/data/714310/000071431022000063/0000714310-22-000063-index.htm,https://www.sec.gov/Archives/edgar/data/714310/000071431022000063/vly-20211231.htm
2020-12-31,VLYPO,USD,0000714310,2021-02-26,2021-02-26 17:09:58,2020,FY,1329205000.0,1339473000,2668678000.0,106230000.0,-1443895000.0,0.0,2774908000.0,571850000.0,1382442000,70449000.0,1452891000.0,3540434000.0,170241000.0,-170241000.0,5565175000.0,32345993000.0,40686076000.0,0.0,1147958000,0,0.0,-1147958000.0,1147958000.0,2628405000,2553495000,74910000,32040918000,2628405000.0,32317593000.0,276675000,36093956000.0,209691000.0,141746000.0,611158000.0,-7718000.0,3637243000.0,4592120000.0,4592120000.0,40686076000.0,0.0,40686076000.0,4879907000.0,3776363000,2447158000.0,https://www.sec.gov/Archives/edgar/data/714310/000071431021000059/0000714310-21-000059-index.htm,https://www.sec.gov/Archives/edgar/data/714310/000071431021000059/vly-20201231.htm
2022-12-31,CPMV,USD,0000836564,2023-03-02,2023-03-02 14:08:02,2022,FY,220645.0,0,220645.0,0.0,0.0,40632.0,261277.0,0.0,0,0.0,0.0,0.0,0.0,0.0,0.0,0.0,261277.0,133464.0,0,0,0.0,3650746.0,3917674.0,1228361,0,0,0,1228361.0,0.0,0,5146035.0,1.0,72.0,-6908102.0,0.0,2023271.0,-4884758.0,-4884758.0,261277.0,0.0,261277.0,0.0,1228361,1007716.0,https://www.sec.gov/Archives/edgar/data/836564/000168316823001237/0001683168-23-001237-index.htm,https://www.sec.gov/Archives/edgar/data/836564/000168316823001237/mosaic_i10k-123122.htm
2021-12-31,CPMV,USD,0000836564,2022-01-26,2022-01-25 21:36:22,2021,FY,226142.0,0,226142.0,0.0,0.0,43352.0,269494.0,0.0,0,0.0,0.0,0.0,0.0,0.0,0.0,0.0,269494.0,113513.0,0,0,0.0,2106331.0,2333357.0,735148,0,0,0,735148.0,0.0,0,3068505.0,1.0,72.0,-4527232.0,0.0,1728148.0,-2799011.0,-2799011.0,269494.0,0.0,269494.0,0.0,735148,509006.0,https://www.sec.gov/Archives/edgar/data/836564/000168316822000466/0001683168-22-000466-index.htm,https://www.sec.gov/Archives/edgar/data/836564/000168316822000466/mosaic_i10k-123121.htm
2020-12-31,CPMV,USD,0000836564,2020-12-31,2020-12-31 00:00:00,2020,FY,352738.0,27637,380375.0,26078.0,0.0,51349.0,457802.0,326.0,0,0.0,0.0,32884.0,0.0,0.0,33210.0,-33210.0,457802.0,86014.0,0,26078,0.0,682237.0,880343.0,0,0,0,0,0.0,0.0,0,880343.0,7.0,8.0,-842754.0,0.0,420198.0,-422541.0,-422541.0,457802.0,0.0,457802.0,27637.0,0,-352738.0,,
2020-05-31,CPMV,USD,0000836564,2020-08-24,2020-08-24 16:00:23,2019,FY,787086.0,750000,1537086.0,26078.0,172765.0,28003.0,1763932.0,814.0,0,0.0,0.0,107861.0,52156.0,0.0,160831.0,0.0,1924763.0,8868.0,0,0,0.0,210476.0,228212.0,0,0,0,8868,8868.0,-8868.0,0,228212.0,0.0,4382.0,-61126025.0,0.0,62818194.0,1696551.0,1696551.0,1924763.0,0.0,1924763.0,857861.0,0,-787086.0,https://www.sec.gov/Archives/edgar/data/836564/000168316820002849/0001683168-20-002849-index.htm,https://www.sec.gov/Archives/edgar/data/836564/000168316820002849/ptsc_10k-053120.htm
2018-05-31,CPMV,USD,0000836564,2018-08-29,2018-08-29 16:06:03,2017,FY,2297890.0,0,2297890.0,2285.0,21559.0,5287.0,2327021.0,1303.0,0,0.0,0.0,199373.0,52156.0,0.0,252832.0,0.0,2579853.0,44744.0,0,2285,0.0,-6934.0,84839.0,0,0,0,44744,44744.0,-44744.0,0,84839.0,0.0,4382.0,-60327562.0,0.0,62818194.0,2495014.0,2495014.0,2579853.0,0.0,2579853.0,199373.0,0,-2297890.0,https://www.sec.gov/Archives/edgar/data/836564/000168316818002555/0001683168-18-002555-index.htm,https://www.sec.gov/Archives/edgar/data/836564/000168316818002555/ptsc_10k-053118.htm
2024-12-31,SPCE,USD,0001706946,2025-02-26,2025-02-26 16:31:15,2024,FY,178605000.0,384621000,563226000.0,0.0,0.0,64710000.0,627936000.0,209114000.0,0,0.0,0.0,0.0,0.0,124175000.0,333289000.0,0.0,961225000.0,3696000.0,0,0,84493000.0,61821000.0,150010000.0,420120000,0,0,68815000,488935000.0,0.0,0,638945000.0,0.0,3000.0,-2472872000.0,278000.0,2794871000.0,322280000.0,322280000.0,961225000.0,0.0,961225000.0,384621000.0,420120000,241515000.0,https://www.sec.gov/Archives/edgar/data/1706946/000170694625000038/0001706946-25-000038-index.htm,https://www.sec.gov/Archives/edgar/data/1706946/000170694625000038/spce-20241231.htm
2023-12-31,SPCE,USD,0001706946,2024-02-27,2024-02-27 17:02:14,2023,FY,216799000.0,657238000,874037000.0,0.0,16301000.0,60491000.0,950829000.0,93806000.0,0,0.0,0.0,71596000.0,0.0,63286000.0,228688000.0,0.0,1179517000.0,32415000.0,0,0,97841000.0,55404000.0,185660000.0,417886000,0,0,70495000,488381000.0,0.0,0,674041000.0,0.0,40000.0,-2126132000.0,371000.0,2631197000.0,505476000.0,505476000.0,1179517000.0,0.0,1179517000.0,728834000.0,417886000,201087000.0,https://www.sec.gov/Archives/edgar/data/1706946/000170694624000039/0001706946-24-000039-index.htm,https://www.sec.gov/Archives/edgar/data/1706946/000170694624000039/spce-20231231.htm
2022-12-31,SPCE,USD,0001706946,2023-02-28,2023-02-28 16:54:14,2022,FY,302291000.0,606716000,909007000.0,0.0,24043000.0,68564000.0,1001614000.0,53658000.0,0,0.0,0.0,30392000.0,0.0,54274000.0,138324000.0,0.0,1139938000.0,16326000.0,0,0,102647000.0,167727000.0,184053000.0,472365000,0,0,3297000,475662000.0,0.0,56645000,659715000.0,0.0,28000.0,-1623795000.0,-7326000.0,2111316000.0,480223000.0,480223000.0,1139938000.0,0.0,1139938000.0,637108000.0,415720000,113429000.0,https://www.sec.gov/Archives/edgar/data/1706946/000170694623000016/0001706946-23-000016-index.htm,https://www.sec.gov/Archives/edgar/data/1706946/000170694623000016/spce-20221231.htm
2021-12-31,SPCE,USD,0001706946,2022-02-28,2022-02-25 21:21:16,2021,FY,524481000.0,79418000,603899000.0,0.0,29668000.0,45025000.0,678592000.0,47498000.0,0,0.0,0.0,301463000.0,0.0,41281000.0,390242000.0,0.0,1068834000.0,9237000.0,0,0,90863000.0,31423000.0,131523000.0,39965000,0,0,3082000,43047000.0,0.0,39965000,174570000.0,0.0,26000.0,-1123643000.0,-1869000.0,2019750000.0,894264000.0,894264000.0,1068834000.0,0.0,1068834000.0,380881000.0,42479000,-482002000.0,https://www.sec.gov/Archives/edgar/data/1706946/000170694622000035/0001706946-22-000035-index.htm,https://www.sec.gov/Archives/edgar/data/1706946/000170694622000035/spce-20211231.htm
2020-12-31,SPCE,USD,0001706946,2021-03-01,2021-03-01 06:04:26,2020,FY,665924000.0,0,665924000.0,540000.0,30483000.0,30980000.0,727927000.0,73062000.0,0,0.0,0.0,0.0,0.0,3001000.0,76063000.0,0.0,803990000.0,5998000.0,2830000,0,83211000.0,30388000.0,115021000.0,24694000,0,0,1757000,26451000.0,0.0,26904000,141472000.0,0.0,23000.0,-394712000.0,5000.0,1297794000.0,662518000.0,662518000.0,803990000.0,0.0,803990000.0,0.0,27524000,-638400000.0,https://www.sec.gov/Archives/edgar/data/1706946/000170694621000022/0001706946-21-000022-index.htm,https://www.sec.gov/Archives/edgar/data/1706946/000170694621000022/spce-20201231.htm
2024-07-31,MIY,USD,0000890393,2024-07-31,2024-07-29 20:00:00,2024,FY,16392727.0,-5407382,10985345.0,6961874.0,0.0,151164.0,18098383.0,0.0,0,0.0,0.0,605653337.0,0.0,-605653337.0,605653337.0,-10985345.0,612766375.0,545875.0,8629,0,350505.0,1346861.0,2251870.0,231564739,0,0,0,231564739.0,0.0,0,233816609.0,0.0,409271940.0,-30322174.0,3.907985046680551e-08,-3.907985046680551e-08,378949766.0,378949766.0,612766375.0,0.0,612766375.0,605653337.0,231573368,215180641.0,,
2023-07-31,MIY,USD,0000890393,2023-07-31,2023-07-30 20:00:00,2023,FY,18024108.0,-70892570,-70892570.0,6505299.0,70892571.0,109843.0,6615142.0,0.0,0,0.0,0.0,610088924.0,0.0,-610088924.0,610088924.0,0.0,616704066.0,117154.0,6384941,0,-117154.0,-6502095.0,6884154.0,51064,0,0,-51064,231647187.0,0.0,0,238531341.0,0.0,413410031.0,-35237306.0,7.105427357601002e-09,0.0,378172725.0,378172725.0,616704066.0,0.0,616704066.0,539196354.0,51064,-17973044.0,,
2022-07-31,MIY,USD,0000890393,2022-07-31,2022-07-30 20:00:00,2022,FY,2981267.0,-170366579,-170366579.0,7128626.0,170366579.0,138054.0,7266680.0,0.0,0,0.0,0.0,671570368.0,0.0,-170366579.0,501203789.0,170366579.0,678837048.0,2644592.0,41267055,0,-41267055.0,-43911647.0,47089106.0,272809060,0,0,-272809060,231542005.0,0.0,0,278631111.0,0.0,418193158.0,-17987221.0,2.4868995751603507e-08,0.0,400205937.0,400205937.0,678837048.0,0.0,678837048.0,501203789.0,272809060,269827793.0,,
2021-07-31,MIY,USD,0000890393,2021-07-31,2021-07-31 00:00:00,2021,FY,2854776.0,0,2854776.0,7362191.0,0.0,143434.0,7362191.0,0.0,0,0.0,0.0,740899896.0,0.0,-740899896.0,740899896.0,143434.0,748405521.0,1667065.0,6585,0,1660480.0,-1673650.0,1667065.0,272773604,0,0,-272773604,231506549.0,-231506549.0,0,1667065.0,0.0,418118813.0,55344694.0,7.105427357601002e-09,0.0,473463507.0,473463507.0,748405521.0,0.0,748405521.0,740899896.0,272780189,269925413.0,,
2020-07-31,MIY,USD,0000890393,2020-07-31,2020-07-31 00:00:00,2020,FY,-3877972.0,3877972,3877972.0,13158552.0,0.0,121692.0,13158552.0,0.0,0,0.0,0.0,730338284.0,0.0,-730338284.0,730338284.0,121692.0,743618528.0,1565428.0,0,0,-39796627.0,-1565428.0,1565428.0,272857255,0,0,-272857255,231495200.0,-231495200.0,0,1565428.0,0.0,418130162.0,50621942.0,-7.105427357601002e-09,0.0,468752104.0,468752104.0,743618528.0,0.0,743618528.0,730338284.0,272857255,276735227.0,,
2024-12-31,CMMB,USD,0001534248,2024-12-31,2024-12-31 00:00:00,2024,FY,6071000.0,8195000,14266000.0,0.0,0.0,1774000.0,16040000.0,539000.0,0,0.0,0.0,0.0,0.0,385000.0,924000.0,0.0,16964000.0,666000.0,115000,0,0.0,2437000.0,3218000.0,209000,0,0,0,209000.0,0.0,324000,3427000.0,0.0,0.0,-102623000.0,1.42e-08,116159999.99999999,13537000.0,13537000.0,16964000.0,0.0,16964000.0,8195000.0,324000,-5747000.0,,
2023-12-31,CMMB,USD,0001534248,2024-03-28,2024-03-28 06:03:18,2023,FY,9292000.0,10492000,19784000.0,289000.0,0.0,824000.0,20897000.0,695000.0,0,0.0,0.0,0.0,0.0,559000.0,1254000.0,0.0,22151000.0,516000.0,76000,0,0.0,4246000.0,4838000.0,316000,0,0,0,316000.0,0.0,392000,5154000.0,0.0,0.0,-88678000.0,0.0,105675000.0,16997000.0,16997000.0,22151000.0,0.0,22151000.0,10492000.0,392000,-8900000.0,https://www.sec.gov/Archives/edgar/data/1534248/000117891324001124/0001178913-24-001124-index.htm,https://www.sec.gov/Archives/edgar/data/1534248/000117891324001124/zk2431185.htm
2022-12-31,CMMB,USD,0001534248,2023-03-20,2023-03-20 06:10:50,2022,FY,13519000.0,26374000,39893000.0,0.0,0.0,1843000.0,41736000.0,594000.0,0,0.0,0.0,0.0,0.0,733000.0,1327000.0,-7.275957614183426e-12,43063000.0,1688000.0,123000,351000,0.0,4587000.0,6749000.0,91000,0,0,0,91000.0,0.0,214000,6840000.0,0.0,0.0,-63819000.0,-3.552713678800501e-12,100042000.0,36223000.0,36223000.0,43063000.0,0.0,43063000.0,26374000.0,214000,-13305000.0,https://www.sec.gov/Archives/edgar/data/1534248/000117891323001041/0001178913-23-001041-index.htm,https://www.sec.gov/Archives/edgar/data/1534248/000117891323001041/zk2329403.htm
2021-12-31,CMMB,USD,0001534248,2022-03-30,2022-03-30 16:38:23,2021,FY,14686000.0,46475000,61161000.0,179000.0,-47502000.0,1348000.0,62688000.0,702000.0,0,0.0,0.0,55000.0,0.0,908000.0,1665000.0,0.0,64353000.0,1336000.0,106000,0,0.0,1208000.0,2650000.0,237000,0,0,0,237000.0,0.0,343000,2887000.0,0.0,0.0,-36173000.0,7.105427357601002e-12,97639000.0,61466000.0,61466000.0,64353000.0,0.0,64353000.0,46475000.0,343000,-14343000.0,https://www.sec.gov/Archives/edgar/data/1534248/000117891322001304/0001178913-22-001304-index.htm,https://www.sec.gov/Archives/edgar/data/1534248/000117891322001304/zk2227534.htm
2020-12-31,CMMB,USD,0001534248,2021-03-09,2021-03-09 16:27:54,2020,FY,11674000.0,24000,11698000.0,74000.0,-657000.0,67000.0,11839000.0,580000.0,0,0.0,0.0,4000.0,0.0,53000.0,637000.0,0.0,12476000.0,93000.0,70000,0,0.0,1153000.0,1316000.0,358000,0,0,0,358000.0,0.0,428000,1674000.0,0.0,0.0,-23695000.0,872000.0,34497000.0,10802000.0,10802000.0,12476000.0,0.0,12476000.0,28000.0,428000,-11246000.0,https://www.sec.gov/Archives/edgar/data/1534248/000110465921033822/0001104659-21-033822-index.htm,https://www.sec.gov/Archives/edgar/data/1534248/000110465921033822/tm211174d1_10k.htm
2024-12-31,WPP,GBP,0000806968,2024-12-31,2024-12-31 00:00:00,2024,FY,1983000000.0,655000000,2638000000.0,6725000000.0,0.0,4298000000.0,13661000000.0,2294000000.0,7610000000,737000000.0,8347000000.0,651000000.0,0.0,556000000.0,11848000000.0,0.0,25509000000.0,10637000000.0,824000000,0,0.0,4055000000.0,15516000000.0,5524000000,0,0,735000000,6259000000.0,0.0,2020000000,21775000000.0,0.0,109000000.0,2827000000.0,151000000.0,388000000.0,3475000000.0,3734000000.0,25509000000.0,259000000.0,25509000000.0,1306000000.0,6348000000,4365000000.0,,
2023-12-31,WPP,GBP,0000000000,2024-03-21,2024-03-21 12:35:06,2023,FY,2217500000.0,0,2217500000.0,7328600000.0,0.0,4397500000.0,13943600000.0,2210700000.0,8388900000,849900000.0,9238800000.0,619200000.0,0.0,610100000.0,12678800000.0,0.0,26622400000.0,10825700000.0,1238600000,370200000,0.0,3816300000.0,16250800000.0,5637200000,0,0,901700000,6538900000.0,0.0,2154500000,22789700000.0,0.0,114100000.0,3488400000.0,0.0,-226900000.0,3375600000.0,3832700000.0,26622400000.0,457100000.0,26622400000.0,619200000.0,6875800000,4658300000.0,https://www.sec.gov/Archives/edgar/data/806968/000162828024012449/0001628280-24-012449-index.htm,https://www.sec.gov/Archives/edgar/data/806968/000162828024012449/wpp-20231231.htm
2022-12-31,WPP,GBP,0000000000,2022-12-31,2022-12-31 00:00:00,2022,FY,2491500000.0,0,2491500000.0,0.0,0.0,12606800000.0,15098300000.0,2529200000.0,8453400000,1451900000.0,9905300000.0,0.0,322100000.0,967600000.0,13724200000.0,0.0,28822500000.0,11182300000.0,1451400000,422000000,0.0,4652600000.0,17708300000.0,5730000000,0,350800000,873000000,6953800000.0,0.0,2210600000,24662100000.0,0.0,114100000.0,3759700000.0,0.0,-193000000.0,3680800000.0,4160400000.0,28822500000.0,479600000.0,28822500000.0,674900000.0,7181400000,4689900000.0,https://find-and-update.company-information.service.gov.uk/search/companies?q=WPP+plc,https://find-and-update.company-information.service.gov.uk/search/companies?q=WPP+plc
2021-12-31,WPP,GBP,0000000000,2021-12-31,2021-12-31 00:00:00,2021,FY,3882900000.0,0,3882900000.0,0.0,0.0,11452700000.0,15335600000.0,2291500000.0,7612300000,1359500000.0,8971800000.0,0.0,341500000.0,930400000.0,12535200000.0,0.0,27870800000.0,10596900000.0,846900000,386200000,0.0,4655400000.0,16485400000.0,5978900000,0,312500000,1025000000,7316400000.0,0.0,2041800000,23801800000.0,0.0,122400000.0,4367300000.0,0.0,-873300000.0,3616400000.0,4069000000.0,27870800000.0,452600000.0,27870800000.0,731200000.0,6825800000,2942900000.0,https://find-and-update.company-information.service.gov.uk/search/companies?q=WPP+plc,https://find-and-update.company-information.service.gov.uk/search/companies?q=WPP+plc
2020-12-31,WPP,GBP,0000000000,2020-12-31,2020-12-31 00:00:00,2020,FY,12899100000.0,0,12899100000.0,0.0,0.0,11082600000.0,23981700000.0,2295400000.0,7388800000,1389300000.0,8778100000.0,0.0,212900000.0,899000000.0,12185400000.0,0.0,36167100000.0,10206500000.0,8943000000,424400000,0.0,3653200000.0,23227100000.0,6808000000,0,304100000,777800000,7889900000.0,0.0,2156300000,31117000000.0,0.0,129600000.0,4959200000.0,0.0,-356800000.0,4732000000.0,5050100000.0,36167100000.0,318100000.0,36167100000.0,718000000.0,15751000000,2851900000.0,https://find-and-update.company-information.service.gov.uk/search/companies?q=WPP+plc,https://find-and-update.company-information.service.gov.uk/search/companies?q=WPP+plc
2024-12-31,WST,USD,0000105770,2025-02-18,2025-02-18 16:44:56,2024,FY,484600000.0,0,484600000.0,552500000.0,377000000.0,124000000.0,1538100000.0,1686100000.0,106100000,10800000.0,116900000.0,202100000.0,26000000.0,74300000.0,2105400000.0,-100000.0,3643400000.0,239300000.0,17900000,50300000,49600000.0,193300000.0,550400000.0,284400000,0,20500000,105800000,410700000.0,0.0,99700000,961100000.0,0.0,18800000.0,3956600000.0,-258100000.0,-1035000000.0,2682300000.0,2682300000.0,3643400000.0,0.0,3643400000.0,202100000.0,302300000,-182300000.0,https://www.sec.gov/Archives/edgar/data/105770/000010577025000013/0000105770-25-000013-index.htm,https://www.sec.gov/Archives/edgar/data/105770/000010577025000013/wst-20241231.htm
2023-12-31,WST,USD,0000105770,2024-02-20,2024-02-20 16:44:29,2023,FY,853900000.0,0,853900000.0,512000000.0,434700000.0,135800000.0,1936400000.0,1512500000.0,108500000,15100000.0,123600000.0,210000000.0,25700000.0,21300000.0,1893100000.0,0.0,3829500000.0,242400000.0,151700000,31000000,41700000.0,205000000.0,671800000.0,157300000,0,12700000,106700000,276700000.0,0.0,102200000,948500000.0,0.0,18800000.0,3523400000.0,-143800000.0,-517400000.0,2881000000.0,2881000000.0,3829500000.0,0.0,3829500000.0,210000000.0,309000000,-544900000.0,https://www.sec.gov/Archives/edgar/data/105770/000010577024000015/0000105770-24-000015-index.htm,https://www.sec.gov/Archives/edgar/data/105770/000010577024000015/wst-20231231.htm
2022-12-31,WST,USD,0000105770,2023-02-21,2023-02-21 16:18:23,2022,FY,894300000.0,0,894300000.0,507400000.0,414800000.0,103000000.0,1919500000.0,1262700000.0,107300000,18400000.0,125700000.0,204900000.0,65600000.0,38400000.0,1697300000.0,0.0,3616800000.0,215400000.0,34200000,38500000,57300000.0,173600000.0,519000000.0,299700000,2100000,14300000,98900000,412900000.0,0.0,109000000,931900000.0,0.0,18800000.0,2987800000.0,-183000000.0,-138700000.0,2684900000.0,2684900000.0,3616800000.0,0.0,3616800000.0,204900000.0,317900000,-576400000.0,https://www.sec.gov/Archives/edgar/data/105770/000010577023000012/0000105770-23-000012-index.htm,https://www.sec.gov/Archives/edgar/data/105770/000010577023000012/wst-20221231.htm
2021-12-31,WST,USD,0000105770,2022-02-22,2022-02-22 16:22:31,2021,FY,762600000.0,0,762600000.0,489000000.0,378400000.0,112000000.0,1742000000.0,1126800000.0,109900000,23000000.0,132900000.0,207700000.0,48500000.0,55900000.0,1571800000.0,0.0,3313800000.0,232200000.0,62800000,39300000,48700000.0,211100000.0,594100000.0,271800000,69400000,4900000,107600000,384300000.0,0.0,72300000,978400000.0,0.0,18800000.0,2456700000.0,-159600000.0,19500000.0,2335400000.0,2335400000.0,3313800000.0,0.0,3313800000.0,207700000.0,325300000,-437300000.0,https://www.sec.gov/Archives/edgar/data/105770/000162828022003342/0001628280-22-003342-index.htm,https://www.sec.gov/Archives/edgar/data/105770/000162828022003342/wst-20211231.htm
2020-12-31,WST,USD,0000105770,2021-02-23,2021-02-23 16:49:23,2020,FY,615500000.0,0,615500000.0,385300000.0,321300000.0,51600000.0,1373700000.0,1011500000.0,111100000,30500000.0,141600000.0,214700000.0,16000000.0,36300000.0,1420100000.0,0.0,2793800000.0,213100000.0,22500000,41400000,51000000.0,175400000.0,503400000.0,313300000,80400000,10400000,112200000,435900000.0,0.0,70500000,939300000.0,0.0,18800000.0,1846700000.0,-110600000.0,99600000.0,1854500000.0,1854500000.0,2793800000.0,0.0,2793800000.0,214700000.0,325700000,-289800000.0,https://www.sec.gov/Archives/edgar/data/105770/000010577021000008/0000105770-21-000008-index.htm,https://www.sec.gov/Archives/edgar/data/105770/000010577021000008/wst-20201231.htm
2024-07-31,RFL,USD,0001713863,2025-01-08,2025-01-08 13:01:34,2024,FY,2675000.0,63265000,65940000.0,941000.0,0.0,5621000.0,72502000.0,2120000.0,3050000,1847000.0,4897000.0,12010000.0,0.0,5303000.0,24330000.0,0.0,96832000.0,2556000.0,2314000,0,0.0,2644000.0,7514000.0,73000,0,0,2987000,3060000.0,0.0,0,10574000.0,0.0,246000.0,-201743000.0,111000.0,283571000.0,82185000.0,86258000.0,96832000.0,4073000.0,96832000.0,75275000.0,2387000,-288000.0,https://www.sec.gov/Archives/edgar/data/1713863/000121390025001971/0001213900-25-001971-index.htm,https://www.sec.gov/Archives/edgar/data/1713863/000121390025001971/ea0227013-10ka2_rafael.htm
2023-07-31,RFL,USD,0001713863,2023-10-30,2023-10-30 17:18:06,2023,FY,21498000.0,58008000,79506000.0,2521000.0,0.0,914000.0,82941000.0,1695000.0,0,1575000.0,1575000.0,7625000.0,4984000.0,9000.0,15888000.0,0.0,98829000.0,333000.0,0,0,0.0,1812000.0,2145000.0,0,0,0,55000,55000.0,0.0,0,2200000.0,0.0,244000.0,-167333000.0,3372000.0,264010000.0,100293000.0,96629000.0,98829000.0,-3664000.0,98829000.0,57779000.0,0,-21498000.0,https://www.sec.gov/Archives/edgar/data/1713863/000121390023081589/0001213900-23-081589-index.htm,https://www.sec.gov/Archives/edgar/data/1713863/000121390023081589/f10k2023_rafaelhold.htm
2022-07-31,RFL,USD,0001713863,2022-10-31,2022-10-31 16:48:29,2022,FY,26537000.0,36698000,63235000.0,297000.0,0.0,44815000.0,108347000.0,1770000.0,0,1575000.0,1575000.0,477000.0,0.0,6151000.0,9973000.0,0.0,118320000.0,564000.0,15000000,0,0.0,5462000.0,21026000.0,0,0,0,88000,88000.0,0.0,0,21114000.0,0.0,245000.0,-165457000.0,3704000.0,262023000.0,100515000.0,97206000.0,118320000.0,-3309000.0,118320000.0,37175000.0,15000000,-11537000.0,https://www.sec.gov/Archives/edgar/data/1713863/000121390022067711/0001213900-22-067711-index.htm,https://www.sec.gov/Archives/edgar/data/1713863/000121390022067711/f10k2022_rafaelhold.htm
2021-07-31,RFL,USD,0001713863,2021-10-18,2021-10-18 17:04:58,2021,FY,7854000.0,0,7854000.0,835000.0,5000000.0,6075000.0,14764000.0,43238000.0,0,1575000.0,1575000.0,80193000.0,12768000.0,1517000.0,139291000.0,0.0,154055000.0,1160000.0,14528000,0,1363000.0,1615000.0,17303000.0,0,0,0,48000,48000.0,0.0,0,17351000.0,0.0,177000.0,-40799000.0,3772000.0,159136000.0,122286000.0,136704000.0,154055000.0,14418000.0,154055000.0,80193000.0,14528000,6674000.0,https://www.sec.gov/Archives/edgar/data/1713863/000121390021053306/0001213900-21-053306-index.htm,https://www.sec.gov/Archives/edgar/data/1713863/000121390021053306/f10k2021_rafaelhold.htm
2020-07-31,RFL,USD,0001713863,2020-10-29,2020-10-29 16:29:57,2020,FY,6206000.0,0,6206000.0,396000.0,2968000.0,3359000.0,9832000.0,44433000.0,0,1575000.0,1575000.0,71411000.0,6000.0,9090000.0,126515000.0,0.0,136347000.0,921000.0,0,0,3500000.0,4806000.0,5727000.0,0,0,0,92000,92000.0,0.0,0,5819000.0,0.0,157000.0,-16255000.0,3762000.0,129136000.0,116800000.0,130528000.0,136347000.0,13728000.0,136347000.0,71411000.0,0,-6206000.0,https://www.sec.gov/Archives/edgar/data/1713863/000121390020033974/0001213900-20-033974-index.htm,https://www.sec.gov/Archives/edgar/data/1713863/000121390020033974/f10k2020_rafaelhold.htm
2023-12-31,NAOV,USD,0001326706,2024-04-26,2024-04-26 16:05:21,2023,FY,3283000.0,0,3283000.0,425000.0,2732000.0,47000.0,6487000.0,12000.0,0,0.0,0.0,0.0,0.0,175000.0,187000.0,0.0,6674000.0,138000.0,5000,0,46000.0,2265000.0,2454000.0,0,15000,0,217000,232000.0,0.0,5000,2686000.0,0.0,2000.0,-66096000.0,-67000.0,70149000.0,3988000.0,3988000.0,6674000.0,0.0,6674000.0,1000.0,5000,-3278000.0,https://www.sec.gov/Archives/edgar/data/1326706/000149315224016463/0001493152-24-016463-index.htm,https://www.sec.gov/Archives/edgar/data/1326706/000149315224016463/form10-ka.htm
2022-12-31,NAOV,USD,0001326706,2023-04-17,2023-04-17 16:54:52,2022,FY,2713000.0,0,2713000.0,109000.0,2175000.0,612000.0,5609000.0,88000.0,0,0.0,0.0,3000.0,0.0,179000.0,270000.0,0.0,5879000.0,66000.0,162000,0,21000.0,2067000.0,2316000.0,0,107000,0,223000,330000.0,0.0,81000,2646000.0,0.0,2000.0,-62385000.0,-18000.0,65634000.0,3233000.0,3233000.0,5879000.0,0.0,5879000.0,3000.0,81000,-2632000.0,https://www.sec.gov/Archives/edgar/data/1326706/000149315223012570/0001493152-23-012570-index.htm,https://www.sec.gov/Archives/edgar/data/1326706/000149315223012570/form10-k.htm
2021-12-31,NAOV,USD,0001326706,2022-04-15,2022-04-14 19:03:50,2021,FY,7737000.0,0,7737000.0,264000.0,175000.0,166000.0,8342000.0,54000.0,0,0.0,0.0,19000.0,0.0,207000.0,280000.0,0.0,8622000.0,87000.0,98000,0,44000.0,1674000.0,1903000.0,0,153000,0,253000,406000.0,0.0,49000,2309000.0,0.0,28000.0,-56937000.0,60000.0,63162000.0,6313000.0,6313000.0,8622000.0,0.0,8622000.0,19000.0,49000,-7688000.0,https://www.sec.gov/Archives/edgar/data/1326706/000149315222009985/0001493152-22-009985-index.htm,https://www.sec.gov/Archives/edgar/data/1326706/000149315222009985/form10-k.htm
2020-12-31,NAOV,USD,0001326706,2021-04-15,2021-04-15 17:30:11,2020,FY,7142000.0,0,7142000.0,93000.0,145000.0,590000.0,7970000.0,35000.0,0,0.0,0.0,24000.0,0.0,200000.0,259000.0,0.0,8229000.0,144000.0,26000,0,488000.0,2533000.0,2902000.0,18000,199000,0,2716000,2933000.0,0.0,31000,5835000.0,2000.0,22000.0,-42655000.0,66000.0,44959000.0,2394000.0,2394000.0,8229000.0,0.0,8229000.0,24000.0,31000,-7111000.0,https://www.sec.gov/Archives/edgar/data/1326706/000149315221008951/0001493152-21-008951-index.htm,https://www.sec.gov/Archives/edgar/data/1326706/000149315221008951/form10-k.htm
2019-12-31,NAOV,USD,0001326706,2020-05-20,2020-05-20 16:11:12,2019,FY,1338000.0,0,1338000.0,130000.0,121000.0,249000.0,1838000.0,4000.0,0,0.0,0.0,0.0,0.0,194000.0,198000.0,0.0,2036000.0,129000.0,0,0,0.0,280000.0,409000.0,0,0,0,279000,279000.0,0.0,0,688000.0,4000.0,5000.0,-38330000.0,0.0,39669000.0,1348000.0,1348000.0,2036000.0,0.0,2036000.0,0.0,0,-1338000.0,https://www.sec.gov/Archives/edgar/data/1326706/000149315220009519/0001493152-20-009519-index.htm,https://www.sec.gov/Archives/edgar/data/1326706/000149315220009519/form10-k.htm
2023-12-31,SUAC,USD,0001885461,2024-04-18,2024-04-18 16:00:35,2023,FY,403456.0,0,403456.0,0.0,0.0,0.0,403456.0,0.0,0,0.0,0.0,0.0,0.0,21099267.0,21099267.0,0.0,21502723.0,798071.0,0,3264886,0.0,118272.0,4181229.0,0,0,0,17846080,17846080.0,0.0,0,22027309.0,0.0,21109405.0,-21033991.0,0.0,-600000.0,-524586.0,-524586.0,21502723.0,0.0,21502723.0,0.0,0,-403456.0,https://www.sec.gov/Archives/edgar/data/1885461/000121390024034104/0001213900-24-034104-index.htm,https://www.sec.gov/Archives/edgar/data/1885461/000121390024034104/ea0202377-10k_shoulderup.htm
2022-12-31,SUAC,USD,0001885461,2023-03-20,2023-03-20 16:28:08,2022,FY,409725.0,0,409725.0,0.0,0.0,244688.0,654413.0,0.0,0,0.0,0.0,309744.0,0.0,309434536.0,309744280.0,0.0,310398693.0,552059.0,0,515606,0.0,28043.0,1095708.0,0,0,0,11200000,11200000.0,0.0,0,12295708.0,0.0,309131712.0,-10428727.0,0.0,-600000.0,298102985.0,298102985.0,310398693.0,0.0,310398693.0,309744.0,0,-409725.0,https://www.sec.gov/Archives/edgar/data/1885461/000121390023021418/0001213900-23-021418-index.htm,https://www.sec.gov/Archives/edgar/data/1885461/000121390023021418/f10k2022_shoulderup.htm
2021-12-31,SUAC,USD,0001885461,2022-03-03,2022-03-03 17:13:19,2021,FY,790770.0,0,790770.0,0.0,0.0,533677.0,1324447.0,0.0,0,0.0,0.0,0.0,21830.0,305981324.0,306003154.0,0.0,307327601.0,304778.0,0,123886,0.0,23972.0,452636.0,0,0,0,11200000,11200000.0,0.0,0,11652636.0,0.0,306001180.0,-9726215.0,0.0,-600000.0,295674965.0,295674965.0,307327601.0,0.0,307327601.0,0.0,0,-790770.0,https://www.sec.gov/Archives/edgar/data/1885461/000121390022010616/0001213900-22-010616-index.htm,https://www.sec.gov/Archives/edgar/data/1885461/000121390022010616/f10k2021_shoulderup.htm
2024-12-31,WF,KRW,0001264136,2024-12-31,2024-12-31 00:00:00,2024,FY,14614061000000.0,0,14614061000000.0,0.0,0.0,0.0,14614061000000.0,7293429000000.0,482707000000,333004000000.0,815711000000.0,0.0,0.0,503030119000000.0,511139259000000.0,0.0,525753320000000.0,0.0,0,0,0.0,4694493000000.0,4694493000000.0,76917664000000,0,0,408245894000000,485163558000000.0,0.0,0,489858051000000.0,0.0,3802676000000.0,26950510000000.0,2445067000000.0,898583000000.0,34096836000000.0,35895269000000.0,525753320000000.0,1798433000000.0,525753320000000.0,0.0,76917664000000,62303603000000.0,,
2023-12-31,WF,KRW,0000000000,2024-04-29,2024-04-29 06:24:23,2023,FY,30556618000000.0,37891495000000,16178681000000.0,0.0,0.0,0.0,16178681000000.0,6462685000000.0,445093000000,551749000000.0,996842000000.0,86020413000000.0,0.0,354074526000000.0,447554466000000.0,34271789000000.0,498004936000000.0,10188192000000.0,0,103655000000,0.0,-10291847000000.0,0.0,75082803000000,0,0,360754615000000,435837418000000.0,464607446000000.0,334456000000,464607446000000.0,0.0,3802676000000.0,24986470000000.0,0.0,2877735000000.0,31666881000000.0,33397490000000.0,498004936000000.0,1730609000000.0,498004936000000.0,123911908000000.0,75082803000000,44526185000000.0,https://www.sec.gov/Archives/edgar/data/1264136/000119312524119661/0001193125-24-119661-index.htm,https://www.sec.gov/Archives/edgar/data/1264136/000119312524119661/d613836d20f.htm
2022-12-31,WF,KRW,0000000000,2022-12-31,2022-12-30 19:00:00,2022,FY,34219148000000.0,33085080000000,67304228000000.0,0.0,-54721639000000.0,0.0,75931226000000.0,5736508000000.0,397527000000,1253123000000.0,1650650000000.0,83459900000000.0,109299000000.0,-109299000000.0,90847058000000.0,313696112000000.0,480474396000000.0,6001858000000.0,0,843555000000,351633000000.0,-6845413000000.0,6001858000000.0,67912490000000,351633000000,31799000000,-68295922000000,6001858000000.0,436843338000000.0,319161000000,448847054000000.0,2419573000000.0,3640303000000.0,23750152000000.0,-2419573000000.0,-4160580000000.0,28761897000000.0,31627342000000.0,480474396000000.0,2865445000000.0,480474396000000.0,116544980000000.0,67593329000000,33374181000000.0,,
2021-12-31,WF,KRW,0000000000,2021-12-31,2021-12-30 19:00:00,2021,FY,7565818000000.0,39119789000000,46685607000000.0,0.0,-37802086000000.0,0.0,55783952000000.0,4957607000000.0,345449000000,1310644000000.0,1656093000000.0,71484984000000.0,31131000000.0,-31131000000.0,78098684000000.0,313301235000000.0,447183871000000.0,7031366000000.0,0,584491000000,291147000000.0,-7615857000000.0,6969170000000.0,68965119000000,291147000000,186946000000,349077410000000,69443212000000.0,341921294000000.0,343213000000,418333676000000.0,2163795000000.0,3640303000000.0,21392564000000.0,-2163795000000.0,-3739208000000.0,25842019000000.0,28850195000000.0,447183871000000.0,3008176000000.0,447183871000000.0,110604773000000.0,68965119000000,61399301000000.0,,
2020-12-31,WF,KRW,0000000000,2020-12-31,2020-12-30 19:00:00,2020,FY,9990983000000.0,30028929000000,40019912000000.0,0.0,-34539354000000.0,0.0,45355819000000.0,4403373000000.0,334290000000,1394665000000.0,1728955000000.0,64643822000000.0,46088000000.0,-46088000000.0,70776150000000.0,282949048000000.0,399081017000000.0,4028639000000.0,0,370718000000,254702000000.0,-4399357000000.0,4028639000000.0,58280343000000,254702000000,160250000000,-58695295000000,58695295000000.0,309631238000000.0,407431000000,372355172000000.0,2347472000000.0,3611338000000.0,19268265000000.0,-2347472000000.0,626111000000.0,23053608000000.0,26725845000000.0,399081017000000.0,3672237000000.0,399081017000000.0,94672751000000.0,58280343000000,48289360000000.0,,
2024-12-31,OABI,USD,0001846253,2025-03-18,2025-03-18 17:00:50,2024,FY,27598000.0,31836000,59434000.0,5272000.0,0.0,3432000.0,68138000.0,33281000.0,83979000,138060000.0,222039000.0,0.0,0.0,2100000.0,257420000.0,0.0,325558000.0,2297000.0,3782000,0,2337000.0,6672000.0,15088000.0,19382000,0,2314000,1156000,22852000.0,0.0,0,37940000.0,0.0,12000.0,-101400000.0,27000.0,388979000.0,287618000.0,287618000.0,325558000.0,0.0,325558000.0,31836000.0,23164000,-4434000.0,https://www.sec.gov/Archives/edgar/data/1846253/000184625325000024/0001846253-25-000024-index.htm,https://www.sec.gov/Archives/edgar/data/1846253/000184625325000024/ck0001846253-20241231.htm
2023-12-31,OABI,USD,0001846253,2024-03-25,2024-03-25 17:07:41,2023,FY,16358000.0,70625000,86983000.0,3844000.0,0.0,4074000.0,94901000.0,38133000.0,83979000,155467000.0,239446000.0,0.0,0.0,2745000.0,280324000.0,0.0,375225000.0,4411000.0,3486000,0,6848000.0,8371000.0,23116000.0,22075000,862000,11354000,3233000,37524000.0,0.0,25561000,60640000.0,0.0,12000.0,-39367000.0,50000.0,353890000.0,314585000.0,314585000.0,375225000.0,0.0,375225000.0,70625000.0,25561000,9203000.0,https://www.sec.gov/Archives/edgar/data/1846253/000184625324000006/0001846253-24-000006-index.htm,https://www.sec.gov/Archives/edgar/data/1846253/000184625324000006/ck0001846253-20231231.htm
2022-12-31,OABI,USD,0001846253,2023-03-30,2023-03-30 17:12:44,2022,FY,33390000.0,54875000,88265000.0,30290000.0,0.0,6395000.0,124950000.0,41462000.0,83979000,167242000.0,251221000.0,449000.0,21341000.0,-18211000.0,296262000.0,0.0,421212000.0,2971000.0,3560000,3485000,8207000.0,7799000.0,26022000.0,24016000,4325000,21341000,4135000,53817000.0,0.0,25796000,79839000.0,0.0,12000.0,11252000.0,9000.0,330100000.0,341373000.0,341373000.0,421212000.0,0.0,421212000.0,54875000.0,25796000,-7594000.0,https://www.sec.gov/Archives/edgar/data/1846253/000184625323000026/0001846253-23-000026-index.htm,https://www.sec.gov/Archives/edgar/data/1846253/000184625323000026/ck0001846253-20221231.htm
2021-12-31,OABI,USD,0001846253,2022-03-28,2022-03-25 18:16:55,2021,FY,-13851000.0,0,-13851000.0,21136000.0,13851000.0,1406000.0,22542000.0,20127000.0,83979000,176321000.0,260300000.0,-16942000.0,16942000.0,1496000.0,281923000.0,0.0,304465000.0,2924000.0,578000,0,10790000.0,6285000.0,20577000.0,13272000,9226000,21962000,5121000,49581000.0,0.0,13850000,70158000.0,0.0,234307000.0,0.0,234307000.0,-234307000.0,234307000.0,234307000.0,304465000.0,0.0,304465000.0,-16942000.0,13851000,27702000.0,https://www.sec.gov/Archives/edgar/data/1846253/000110465922038205/0001104659-22-038205-index.htm,https://www.sec.gov/Archives/edgar/data/1846253/000110465922038205/ahpa-20210630x10k.htm
2020-12-31,OABI,USD,0001846253,2020-12-31,2020-12-31 00:00:00,2020,FY,-2592000.0,0,-2592000.0,15875000.0,2592000.0,774000.0,16649000.0,5979000.0,83979000,186644000.0,270623000.0,0.0,0.0,2129000.0,278731000.0,0.0,295380000.0,469000.0,1160000,0,7157000.0,12648000.0,14277000.0,4024000,8232000,28925000,41542000,45566000.0,0.0,2592000,59843000.0,0.0,235537000.0,0.0,0.0,0.0,235537000.0,235537000.0,295380000.0,0.0,295380000.0,0.0,2592000,5184000.0,,
2024-12-31,GNL-PB,USD,0001526113,2025-02-27,2025-02-27 16:28:12,2024,FY,159698000.0,0,159698000.0,99501000.0,0.0,81916000.0,341115000.0,122603000.0,51370000,1057967000.0,1109337000.0,-48333000.0,4866000.0,0.0,1236806000.0,5377843000.0,6955764000.0,75735000.0,1390292000,0,28734000.0,11909000.0,1506670000.0,3252940000,0,5477000,3719000,3262136000.0,0.0,125133000,4768806000.0,68000.0,3640000.0,-2150342000.0,-25844000.0,4359436000.0,2186958000.0,2186958000.0,6955764000.0,0.0,6955764000.0,7527931000.0,4643232000,4483534000.0,https://www.sec.gov/Archives/edgar/data/1526113/000152611325000007/0001526113-25-000007-index.htm,https://www.sec.gov/Archives/edgar/data/1526113/000152611325000007/gnl-20241231.htm
2023-12-31,GNL-PB,USD,0001526113,2024-02-27,2024-02-27 16:46:07,2023,FY,121566000.0,9149000,121566000.0,84254000.0,0.0,44021000.0,249841000.0,77008000.0,46976000,0.0,46976000.0,1466000.0,4808000.0,7586266000.0,7716524000.0,132612000.0,8098977000.0,99014000.0,1744182000,0,46213000.0,11173000.0,1900582000.0,4887034000,0,6009000,42017000,4935060000.0,-1375814000.0,144179000,5459828000.0,240000.0,3639000.0,-1702143000.0,-14096000.0,4350112000.0,2637752000.0,2639149000.0,8098977000.0,1397000.0,8098977000.0,10615000.0,5292274000,5170708000.0,https://www.sec.gov/Archives/edgar/data/1526113/000152611324000007/0001526113-24-000007-index.htm,https://www.sec.gov/Archives/edgar/data/1526113/000152611324000007/gnl-20231231.htm
2022-12-31,GNL-PB,USD,0001526113,2023-02-23,2023-02-23 16:18:59,2022,FY,103335000.0,30777000,103335000.0,73037000.0,-30777000.0,1110000.0,177946000.0,49166000.0,21362000,689275000.0,710637000.0,37279000.0,3647000.0,2983151000.0,3783880000.0,0.0,3961826000.0,22889000.0,0,0,28456000.0,-22939000.0,727685000.0,2418048000,28456000,7264000,54189000,1780222000.0,0.0,21877000,2507907000.0,115000.0,2371000.0,-1247781000.0,1147000.0,2683169000.0,1439021000.0,1453919000.0,3961826000.0,14898000.0,3961826000.0,4486749000.0,2418048000,2314713000.0,https://www.sec.gov/Archives/edgar/data/1526113/000152611323000006/0001526113-23-000006-index.htm,https://www.sec.gov/Archives/edgar/data/1526113/000152611323000006/gnl-20221231.htm
2021-12-31,GNL-PB,USD,0001526113,2022-02-24,2022-02-24 17:16:42,2021,FY,89668000.0,1216000,89668000.0,74221000.0,-1215999.0,0.0,167532000.0,52851000.0,22060000,748363000.0,770423000.0,3141484000.0,1488000.0,49178000.0,4015424000.0,0.0,4182956000.0,25887000.0,0,0,32756000.0,-23111000.0,290488000.0,2449541000,32756000,8254000,62994000,2265833000.0,0.0,22771000,2556321000.0,113000.0,2369000.0,-1072462000.0,15546000.0,2675154000.0,1620720000.0,1626635000.0,4182956000.0,5915000.0,4182956000.0,3141484000.0,2449541000,2359873000.0,https://www.sec.gov/Archives/edgar/data/1526113/000152611322000005/0001526113-22-000005-index.htm,https://www.sec.gov/Archives/edgar/data/1526113/000152611322000005/gnl-20211231.htm
2020-12-31,GNL-PB,USD,0001526113,2021-02-26,2021-02-26 16:10:10,2020,FY,124245000.0,0,124245000.0,377000.0,127518000.0,0.0,187077000.0,58395000.0,23089000,711985000.0,735074000.0,2940172000.0,2367000.0,43929000.0,3779937000.0,0.0,3967014000.0,28310000.0,0,0,21481000.0,3655000.0,168077000.0,2323649000,21481000,12157000,2002000,2244658000.0,0.0,58320000,2412735000.0,107000.0,2227000.0,-896547000.0,8073000.0,2418659000.0,1532519000.0,1554279000.0,3967014000.0,21760000.0,3967014000.0,2940172000.0,2290679000,2166434000.0,https://www.sec.gov/Archives/edgar/data/1526113/000152611321000007/0001526113-21-000007-index.htm,https://www.sec.gov/Archives/edgar/data/1526113/000152611321000007/gnl-20201231.htm
2023-12-31,FBIO,USD,0001429260,2024-03-28,2024-03-28 16:49:36,2023,FY,80927000.0,0,80927000.0,15389000.0,10206000.0,10500000.0,117022000.0,23495000.0,0,20287000.0,20287000.0,0.0,0.0,6722000.0,50504000.0,0.0,167526000.0,34810000.0,9454000,843000,0.0,39801000.0,84908000.0,79138000,0,0,1893000,81031000.0,0.0,20805000,165939000.0,3000.0,15000.0,-694870000.0,0.0,717396000.0,22544000.0,1587000.0,167526000.0,-20957000.0,167526000.0,2438000.0,88592000,7665000.0,https://www.sec.gov/Archives/edgar/data/1429260/000155837024004272/0001558370-24-004272-index.htm,https://www.sec.gov/Archives/edgar/data/1429260/000155837024004272/fbio-20231231x10k.htm
2022-12-31,FBIO,USD,0001429260,2023-03-31,2023-03-31 16:05:28,2022,FY,178266000.0,0,178266000.0,28346000.0,14159000.0,9661000.0,230432000.0,33011000.0,0,27197000.0,27197000.0,2688000.0,-2688000.0,3661000.0,63869000.0,0.0,294301000.0,57244000.0,12630000,722000,728000.0,56391000.0,127715000.0,114714000,0,0,1847000,116561000.0,0.0,24019000,244276000.0,3000.0,110000.0,-634233000.0,0.0,675841000.0,41721000.0,50025000.0,294301000.0,8304000.0,294301000.0,2688000.0,127344000,-50922000.0,https://www.sec.gov/Archives/edgar/data/1429260/000155837023005282/0001558370-23-005282-index.htm,https://www.sec.gov/Archives/edgar/data/1429260/000155837023005282/fbio-20221231x10k.htm
2021-12-31,FBIO,USD,0001429260,2022-03-28,2022-03-28 16:06:55,2021,FY,305744000.0,0,305744000.0,23790000.0,9862000.0,7066000.0,346462000.0,34071000.0,0,12552000.0,12552000.0,2220000.0,-2220000.0,3418000.0,50041000.0,0.0,396503000.0,47429000.0,7426000,345000,2611000.0,43231000.0,101042000.0,67551000,0,0,2033000,69584000.0,0.0,23091000,170626000.0,3000.0,101000.0,-547463000.0,0.0,656033000.0,108674000.0,225877000.0,396503000.0,117203000.0,396503000.0,2220000.0,74977000,-230767000.0,https://www.sec.gov/Archives/edgar/data/1429260/000155837022004487/0001558370-22-004487-index.htm,https://www.sec.gov/Archives/edgar/data/1429260/000155837022004487/fbio-20211231x10k.htm
2020-12-31,FBIO,USD,0001429260,2021-03-31,2021-03-31 16:03:13,2020,FY,233351000.0,0,233351000.0,19349000.0,1404000.0,12046000.0,261571000.0,32410000.0,0,14629000.0,14629000.0,17566000.0,0.0,2658000.0,67263000.0,0.0,328834000.0,11412000.0,6371000,136000,0.0,33841000.0,47959000.0,82705000,0,0,1949000,83876000.0,0.0,24740000,131835000.0,3000.0,95000.0,-482760000.0,0.0,583000000.0,100338000.0,196999000.0,328834000.0,96661000.0,328834000.0,17566000.0,89076000,-144275000.0,https://www.sec.gov/Archives/edgar/data/1429260/000155837021003815/0001558370-21-003815-index.htm,https://www.sec.gov/Archives/edgar/data/1429260/000155837021003815/fbio-20201231x10k.htm
2019-12-31,FBIO,USD,0001429260,2020-03-16,2020-03-16 16:53:19,2019,FY,136858000.0,15000000,136858000.0,14404000.0,857000.0,4133000.0,156252000.0,33913000.0,0,7377000.0,7377000.0,11148000.0,0.0,17732000.0,70170000.0,0.0,226422000.0,35451000.0,10788000,0,1134000.0,-623000.0,45616000.0,106138000,0,0,2136000,108274000.0,0.0,25496000,153890000.0,1000.0,574000.0,-436234000.0,500000.0,461874000.0,26215000.0,72532000.0,226422000.0,46317000.0,226422000.0,11148000.0,115142000,-21716000.0,https://www.sec.gov/Archives/edgar/data/1429260/000110465920034133/0001104659-20-034133-index.htm,https://www.sec.gov/Archives/edgar/data/1429260/000110465920034133/tm205350d1_10k.htm
2024-12-31,BWB,USD,0001341317,2025-03-06,2025-03-06 07:06:08,2024,FY,229760000.0,768247000,998007000.0,62002000.0,0.0,0.0,998007000.0,49533000.0,11982000,7850000.0,19832000.0,0.0,0.0,0.0,69365000.0,3998870000.0,5066242000.0,4008000.0,13750000,0,0.0,-17758000.0,17758000.0,0,0,0,4594557000,4594557000.0,-4008000.0,0,4608307000.0,66514000.0,276000.0,309421000.0,-13364000.0,95088000.0,457935000.0,457935000.0,5066242000.0,0.0,5066242000.0,768247000.0,13750000,-216010000.0,https://www.sec.gov/Archives/edgar/data/1341317/000155837025002317/0001558370-25-002317-index.htm,https://www.sec.gov/Archives/edgar/data/1341317/000155837025002317/bwb-20241231x10k.htm
2023-12-31,BWB,USD,0001341317,2024-03-07,2024-03-07 07:01:01,2023,FY,128562000.0,604104000,128562000.0,0.0,0.0,0.0,128562000.0,50824000.0,2626000,188000.0,2814000.0,604104000.0,0.0,3808989000.0,4466731000.0,16697000.0,4611990000.0,5282000.0,0,0,0.0,1793035000.0,1798317000.0,412538000,0,0,3760187000,4172725000.0,-1784567000.0,0,4186475000.0,66513999.0,277000.0,280650000.0,-18246000.0,96320001.0,425515000.0,425515000.0,4611990000.0,0.0,4611990000.0,1208208000.0,412538000,283976000.0,https://www.sec.gov/Archives/edgar/data/1341317/000155837024002663/0001558370-24-002663-index.htm,https://www.sec.gov/Archives/edgar/data/1341317/000155837024002663/bwb-20231231x10k.htm
2022-12-31,BWB,USD,0001341317,2023-03-07,2023-03-07 07:17:39,2022,FY,88224000.0,548613000,94599000.0,0.0,-101703000.0,0.0,108078000.0,48445000.0,2626000,288000.0,2914000.0,548613000.0,22917000.0,-22917000.0,599972000.0,3637612000.0,4345662000.0,2831000.0,0,0,0.0,-2831000.0,2831000.0,189655000,0,0,3748193000,2831000.0,3945936000.0,0,3951598000.0,66514000.0,278000.0,248685000.0,-17942000.0,96529000.0,394064000.0,394064000.0,4345662000.0,0.0,4345662000.0,554988000.0,189655000,101431000.0,https://www.sec.gov/Archives/edgar/data/1341317/000155837023002993/0001558370-23-002993-index.htm,https://www.sec.gov/Archives/edgar/data/1341317/000155837023002993/bwb-20221231x10k.htm
2021-12-31,BWB,USD,0001341317,2022-03-08,2022-03-08 07:01:23,2021,FY,145349000.0,439362000,584711000.0,0.0,-154535000.0,0.0,593897000.0,49395000.0,2626000,479000.0,3105000.0,439362000.0,11890000.0,-11890000.0,491862000.0,2391900000.0,3477659000.0,1409000.0,0,0,0.0,-1409000.0,1409000.0,134739000,0,0,2963648000,134739000.0,2962239000.0,0,3098387000.0,66514000.0,282000.0,199347000.0,9006000.0,104123000.0,379272000.0,379272000.0,3477659000.0,0.0,3477659000.0,878724000.0,134739000,-10610000.0,https://www.sec.gov/Archives/edgar/data/1341317/000155837022003010/0001558370-22-003010-index.htm,https://www.sec.gov/Archives/edgar/data/1341317/000155837022003010/bwb-20211231x10k.htm
2020-12-31,BWB,USD,0001341317,2021-03-11,2021-03-11 07:56:41,2020,FY,163535000.0,390629000,554164000.0,0.0,-172707000.0,0.0,563336000.0,50987000.0,2626000,670000.0,3296000.0,390629000.0,8013000.0,-8013000.0,444912000.0,1919097000.0,2927345000.0,1615000.0,11000000,0,-9385000.0,-1615000.0,1615000.0,127239000,0,0,2523701000,142239000.0,2518086000.0,0,2661940000.0,0.0,281000.0,154831000.0,6579000.0,103714000.0,265405000.0,265405000.0,2927345000.0,0.0,2927345000.0,781258000.0,142239000,-21296000.0,https://www.sec.gov/Archives/edgar/data/1341317/000155837021002761/0001558370-21-002761-index.htm,https://www.sec.gov/Archives/edgar/data/1341317/000155837021002761/bwb-20201231x10k.htm
2024-12-31,ALL-PI,USD,0000899051,2025-02-24,2025-02-24 12:23:27,2024,FY,704000000.0,0,704000000.0,0.0,0.0,0.0,704000000.0,834000000.0,3245000000,6527000000.0,9772000000.0,0.0,0.0,100307000000.0,110913000000.0,0.0,111617000000.0,0.0,0,0,0.0,0.0,0.0,7485000000,0,0,82765000000,90250000000.0,0.0,0,90250000000.0,2001000000.0,9000000.0,53288000000.0,-889000000.0,-32967000000.0,21442000000.0,21367000000.0,111617000000.0,-75000000.0,111617000000.0,0.0,7485000000,6781000000.0,https://www.sec.gov/Archives/edgar/data/899051/000089905125000015/0000899051-25-000015-index.htm,https://www.sec.gov/Archives/edgar/data/899051/000089905125000015/all-20241231.htm
2023-12-31,ALL-PI,USD,0000899051,2024-02-21,2024-02-21 14:09:58,2023,FY,722000000.0,0,722000000.0,0.0,0.0,0.0,722000000.0,1022000000.0,3502000000,6906000000.0,10408000000.0,0.0,0.0,91210000000.0,102640000000.0,0.0,103362000000.0,0.0,0,0,0.0,0.0,0.0,7592000000,0,0,78140000000,85732000000.0,0.0,0,85732000000.0,2001000000.0,9000000.0,49716000000.0,-700000000.0,-33256000000.0,17770000000.0,17630000000.0,103362000000.0,-140000000.0,103362000000.0,0.0,7592000000,6870000000.0,https://www.sec.gov/Archives/edgar/data/899051/000089905124000013/0000899051-24-000013-index.htm,https://www.sec.gov/Archives/edgar/data/899051/000089905124000013/all-20231231.htm
2022-12-31,ALL-PI,USD,0000899051,2023-02-16,2023-02-16 17:32:22,2022,FY,736000000.0,0,736000000.0,0.0,0.0,0.0,736000000.0,1221000000.0,3502000000,6619000000.0,10121000000.0,0.0,0.0,85911000000.0,97253000000.0,0.0,97989000000.0,0.0,0,0,0.0,0.0,0.0,7214000000,0,0,73412000000,80626000000.0,0.0,0,80626000000.0,1970000000.0,9000000.0,50970000000.0,-2392000000.0,-33069000000.0,17488000000.0,17363000000.0,97989000000.0,-125000000.0,97989000000.0,0.0,7214000000,6478000000.0,https://www.sec.gov/Archives/edgar/data/899051/000089905123000020/0000899051-23-000020-index.htm,https://www.sec.gov/Archives/edgar/data/899051/000089905123000020/all-20221231.htm
2021-12-31,ALL-PI,USD,0000899051,2022-02-18,2022-02-18 15:17:10,2021,FY,763000000.0,0,763000000.0,0.0,0.0,0.0,763000000.0,1253000000.0,3502000000,6142000000.0,9644000000.0,0.0,0.0,87780000000.0,98677000000.0,0.0,99440000000.0,0.0,0,0,0.0,0.0,0.0,7976000000,0,0,66337000000,74313000000.0,0.0,0,74313000000.0,1970000000.0,9000000.0,53294000000.0,655000000.0,-30749000000.0,25179000000.0,25127000000.0,99440000000.0,-52000000.0,99440000000.0,0.0,7976000000,7213000000.0,https://www.sec.gov/Archives/edgar/data/899051/000089905122000015/0000899051-22-000015-index.htm,https://www.sec.gov/Archives/edgar/data/899051/000089905122000015/all-20211231.htm
2020-12-31,ALL-PI,USD,0000899051,2021-02-22,2021-02-19 17:37:16,2020,FY,311000000.0,0,311000000.0,0.0,0.0,0.0,311000000.0,1450000000.0,2369000000,4227000000.0,6596000000.0,0.0,0.0,117630000000.0,125676000000.0,0.0,125987000000.0,0.0,0,0,0.0,0.0,0.0,7825000000,0,0,87945000000,95770000000.0,0.0,0,95770000000.0,1970000000.0,9000000.0,52767000000.0,3304000000.0,-27833000000.0,30217000000.0,30217000000.0,125987000000.0,0.0,125987000000.0,0.0,7825000000,7514000000.0,https://www.sec.gov/Archives/edgar/data/899051/000089905121000011/0000899051-21-000011-index.htm,https://www.sec.gov/Archives/edgar/data/899051/000089905121000011/all-20201231.htm
2024-04-30,ORMNF,CAD,1458057,2024-04-30,2024-04-28 20:00:00,2024,FY,27907.0,0,27907.0,29303.0,0.0,6132.0,63342.0,8973.0,0,0.0,0.0,3368721.0,0.0,25000.0,3402694.0,0.0,3466036.0,0.0,0,0,0.0,523480.0,523480.0,0,0,0,0,0.0,0.0,0,523480.0,0.0,37723754.0,-42138495.0,7357297.0,0.0,2942556.0,2942556.0,3466036.0,0.0,3466036.0,3368721.0,0,-27907.0,,
2023-04-30,ORMNF,CAD,1458057,2023-04-30,2023-04-29 20:00:00,2023,FY,1126141.0,0,1126141.0,98971.0,0.0,30024.0,1255136.0,11964.0,0,0.0,0.0,3149490.0,0.0,190593.0,3352047.0,0.0,4607183.0,81.714,0,0,0.0,83341.0,83423.0,0,0,0,0,0.0,0.0,0,83423.0,0.0,37552572.0,-40264868.0,7236056.0,0.0,4523760.0,4523760.0,4607183.0,0.0,4607183.0,3149490.0,0,-1126141.0,,
2022-04-30,ORMNF,CAD,1458057,2022-04-30,2022-04-29 20:00:00,2022,FY,3302296.0,0,3302296.0,142237.0,0.0,38541.0,3483074.0,15951.0,0,0.0,0.0,2968167.0,0.0,137256.0,3121374.0,-9.094947017729282e-13,6604448.0,72.368,0,0,0.0,72295.0,72368.0,0,0,0,0,0.0,0.0,0,72368.0,0.0,37552572.0,-37933745.0,6913253.0,0.0,6532080.0,6532080.0,6604448.0,0.0,6604448.0,2968167.0,0,-3302296.0,,
2021-04-30,ORMNF,CAD,1458057,2021-04-30,2021-04-30 00:00:00,2021,FY,5627706.0,0,5627706.0,0.0,0.0,46146.0,5727978.0,21268.0,0,0.0,0.0,2657002.0,0.0,178777.0,2857047.0,0.0,8585025.0,65.512,0,0,0.0,66114.0,66180.0,0,0,0,0,0.0,0.0,0,66180.0,0.0,37552572.0,-35609061.0,6575334.0,0.0,8518845.0,8518845.0,8585025.0,0.0,8585025.0,2657002.0,0,-5627706.0,,
2020-04-30,ORMNF,CAD,1458057,2020-04-30,2020-04-30 00:00:00,2020,FY,242385.0,0,242385.0,0.0,0.0,32145.0,311888.0,528359.0,0,0.0,0.0,2160177.0,0.0,151368.0,2839904.0,4.547473508864641e-13,3151792.0,61.904,0,0,0.0,103905.0,103967.0,0,0,0,0,0.0,0.0,0,103967.0,0.0,30015913.0,-33064941.0,6096853.0,0.0,3047825.0,3047825.0,3151792.0,0.0,3151792.0,2160177.0,0,-242385.0,,
2024-12-31,THNPY,EUR,0000000000,2024-12-31,2024-12-31 00:00:00,2024,FY,3846700000.0,0,3846700000.0,0.0,0.0,2330400000.0,6177100000.0,367000000.0,2118000000,145300000.0,2263300000.0,0.0,154100000.0,279400000.0,3063800000.0,0.0,9240900000.0,1517200000.0,150700000,214600000,0.0,4024500000.0,5907000000.0,830000000,3600000,4300000,381100000,1219000000.0,0.0,249300000,7126000000.0,0.0,1800000.0,1341900000.0,0.0,737000000.0,2080700000.0,2114900000.0,9240900000.0,34200000.0,9240900000.0,273900000.0,980700000,-2866000000.0,,
2023-12-31,THNPY,EUR,0000000000,2023-12-31,2023-12-29 19:00:00,2023,FY,3371000000.0,1,3371000000.0,1614500000.0,0.0,747600000.0,5733100000.0,317400000.0,2093300000,123300000.0,2216600000.0,258399999.0,0.0,144000001.0,2936400000.0,0.0,8669500000.0,1506700000.0,195700000,85000000,0.0,3786400000.0,5573800000.0,797700000,3100000,0,343700000,1144500000.0,0.0,232300000,6718300000.0,0.0,1800000.0,1063700000.0,0.0,829300000.0,1894800000.0,1951200000.0,8669500000.0,56400000.0,8669500000.0,258400000.0,993400000,-2377500000.0,https://www.infogreffe.com/recherche-entreprise-dirigeants/resultats-entreprise-dirigeants.html?ga_cat=globale&ga_q=T.E#phrase=T.E,https://www.infogreffe.com/recherche-entreprise-dirigeants/resultats-entreprise-dirigeants.html?ga_cat=globale&ga_q=T.E#phrase=T.E
2022-12-31,THNPY,EUR,0000000000,2022-12-31,2022-12-30 19:00:00,2022,FY,3477400000.0,-8100000,3477400000.0,1630600000.0,1.0,706700000.0,5814700000.0,324500000.0,2096400000,108200000.0,2204600000.0,207900000.0,140600000.0,0.0,2877600000.0,0.0,8692300000.0,1662700000.0,195800000,178500000,3154800000.0,743800000.0,5935600000.0,790400000,7000000,22700000,229900000,1020300000.0,0.0,267200000,6955900000.0,0.0,1800000.0,-58600000.0,827500000.0,877400000.0,1706700000.0,1736400000.0,8692300000.0,29700000.0,8692300000.0,199800000.0,986200000,-2491200000.0,https://www.infogreffe.com/recherche-entreprise-dirigeants/resultats-entreprise-dirigeants.html?ga_cat=globale&ga_q=T.E#phrase=T.E,https://www.infogreffe.com/recherche-entreprise-dirigeants/resultats-entreprise-dirigeants.html?ga_cat=globale&ga_q=T.E#phrase=T.E
2021-12-31,THNPY,EUR,0000000000,2021-12-31,2021-12-30 19:00:00,2021,FY,3638600000.0,-5200000,3638600000.0,1370200000.0,201500000.0,512200000.0,5521000000.0,366500000.0,2074800000,97800000.0,2172600000.0,141600000.0,178000000.0,-400000.0,2858300000.0,0.0,8379300000.0,1497100000.0,158100000,181800000,3988900000.0,732800000.0,5776300000.0,831000000,1800000,13000000,250800000,1096600000.0,0.0,305800000,6872900000.0,0.0,1800000.0,-99800000.0,555300000.0,363800000.0,1476200000.0,1506400000.0,8379300000.0,30200000.0,8379300000.0,136400000.0,989100000,-2649500000.0,https://www.infogreffe.com/recherche-entreprise-dirigeants/resultats-entreprise-dirigeants.html?ga_cat=globale&ga_q=T.E#phrase=T.E,https://www.infogreffe.com/recherche-entreprise-dirigeants/resultats-entreprise-dirigeants.html?ga_cat=globale&ga_q=T.E#phrase=T.E
2020-12-31,THNPY,EUR,0000000000,2020-12-31,2020-12-30 19:00:00,2020,FY,3189700000.0,-5500000,3189700000.0,1396100000.0,141500000.0,598200000.0,5184000000.0,280000000.0,2047800000,105800000.0,2153600000.0,105500000.0,150800000.0,0.0,2689900000.0,0.0,7873900000.0,1259400000.0,444400000,140900000,3772100000.0,684000000.0,5554100000.0,202300000,3600000,24000000,267700000,494000000.0,0.0,244300000,6048100000.0,0.0,1993900000.0,-184100000.0,1809800000.0,-3803700000.0,1809800000.0,1825800000.0,7873900000.0,16000000.0,7873900000.0,100000000.0,646700000,-2543000000.0,https://www.infogreffe.com/recherche-entreprise-dirigeants/resultats-entreprise-dirigeants.html?ga_cat=globale&ga_q=T.E#phrase=T.E,https://www.infogreffe.com/recherche-entreprise-dirigeants/resultats-entreprise-dirigeants.html?ga_cat=globale&ga_q=T.E#phrase=T.E
2024-12-31,MODG,USD,0000837465,2025-03-03,2025-02-28 18:34:13,2024,FY,445000000.0,0,445000000.0,175700000.0,757300000.0,222700000.0,1600700000.0,3558200000.0,620200000,68700000.0,688900000.0,0.0,0.0,1788300000.0,6035400000.0,0.0,7636100000.0,96400000.0,89300000,0,96000000.0,544200000.0,825900000.0,1377100000,0,24900000,3000500000,4402500000.0,0.0,0,5228400000.0,0.0,1900000.0,-500200000.0,-76000000.0,2982000000.0,2407700000.0,2407700000.0,7636100000.0,0.0,7636100000.0,0.0,1466400000,1021400000.0,https://www.sec.gov/Archives/edgar/data/837465/000083746525000024/0000837465-25-000024-index.htm,https://www.sec.gov/Archives/edgar/data/837465/000083746525000024/modg-20241231.htm
2023-12-31,MODG,USD,0000837465,2024-02-29,2024-02-28 21:47:25,2023,FY,393500000.0,5200000,398700000.0,310900000.0,794400000.0,123900000.0,1628100000.0,3824000000.0,1988700000,1505500000.0,3494200000.0,80900000.0,0.0,93400000.0,7492500000.0,0.0,9120600000.0,130699999.0,141100000,0,17100000.0,658700001.0,947600000.0,4219500000,0,36700000,38600000,4294800000.0,0.0,2787700000,5242400000.0,0.0,1900000.0,947500000.0,-47500000.0,2976300000.0,3878200000.0,3878200000.0,9120600000.0,0.0,9120600000.0,80900000.0,4362100000,3968600000.0,https://www.sec.gov/Archives/edgar/data/837465/000083746524000016/0000837465-24-000016-index.htm,https://www.sec.gov/Archives/edgar/data/837465/000083746524000016/ely-20231231.htm
2022-12-31,MODG,USD,0000837465,2023-03-01,2023-02-28 21:43:30,2022,FY,180200000.0,4400000,180200000.0,242100000.0,959200000.0,190300000.0,1518900000.0,3228700000.0,1983700000,1503700000.0,3487400000.0,103700000.0,-103700000.0,355400000.0,7071500000.0,0.0,8590400000.0,159100000.0,313600000,0,94900000.0,703500000.0,1176200000.0,3497700000,3200000,117500000,24700000,3639900000.0,0.0,2401900000,4816100000.0,0.0,1900000.0,852500000.0,-61500000.0,2981400000.0,3774300000.0,3774300000.0,8590400000.0,0.0,8590400000.0,103700000.0,2909500000,2729300000.0,https://www.sec.gov/Archives/edgar/data/837465/000083746523000006/0000837465-23-000006-index.htm,https://www.sec.gov/Archives/edgar/data/837465/000083746523000006/ely-20221231.htm
2021-12-31,MODG,USD,0000837465,2021-12-31,2021-12-31 00:00:00,2021,FY,352221000.0,0,352221000.0,118174000.0,533457000.0,160737000.0,1165753000.0,2835903000.0,1960070000,1528638000.0,3488708000.0,39250000.0,-39250000.0,257416000.0,6582027000.0,0.0,7747780000.0,138700000.0,107300000,0,93873000.0,620025000.0,866025000.0,3008400000,0,163591000,190453000,3198853000.0,0.0,2053500000,4064878000.0,0.0,1862000.0,682165000.0,-27343000.0,3026102000.0,3682902000.0,3682902000.0,7747780000.0,0.0,7747780000.0,39250000.0,2952698000,2600477000.0,,
2020-12-31,MODG,USD,0000837465,2020-12-31,2020-12-31 00:00:00,2020,FY,366119000.0,0,366119000.0,138482000.0,352544000.0,55482000.0,912627000.0,341271000.0,56658000,540997000.0,540997000.0,111442000.0,59735000.0,14528000.0,1067973000.0,0.0,1980600000.0,66282000.0,71466000,5908000,2546000.0,247616000.0,391272000.0,829007000,-58628000,58628000,26049000,913684000.0,0.0,231335000,1304956000.0,0.0,956000.0,360228000.0,-6546000.0,321006000.0,675644000.0,675644000.0,1980600000.0,0.0,1980600000.0,111442000.0,894868000,528749000.0,,
2024-12-31,DIBS,USD,0001600641,2025-03-03,2025-03-03 07:06:41,2024,FY,25964000.0,77919000,103883000.0,3323000.0,0.0,7491000.0,111864000.0,23292000.0,4232000,0.0,4232000.0,0.0,0.0,6370000.0,33894000.0,0.0,145758000.0,2228000.0,4186000,2590000,0.0,19455000.0,28459000.0,17970000,0,0,24000,17994000.0,0.0,0,46453000.0,0.0,422000.0,-332352000.0,-371000.0,431606000.0,99305000.0,99305000.0,145758000.0,0.0,145758000.0,77919000.0,22156000,-3808000.0,https://www.sec.gov/Archives/edgar/data/1600641/000160064125000011/0001600641-25-000011-index.htm,https://www.sec.gov/Archives/edgar/data/1600641/000160064125000011/dibs-20241231.htm
2023-12-31,DIBS,USD,0001600641,2024-02-29,2024-02-29 16:09:48,2023,FY,37395000.0,101926000,139321000.0,3313000.0,0.0,5246000.0,147880000.0,23039000.0,4115999,1.0,4116000.0,0.0,0.0,5780000.0,32935000.0,0.0,180815000.0,10101000.0,3107000,1534000,0.0,12967000.0,27709000.0,18812000,0,0,6000,18818000.0,0.0,21919000,46527000.0,0.0,407000.0,-313719000.0,-186000.0,447786000.0,134288000.0,134288000.0,180815000.0,0.0,180815000.0,101926000.0,21919000,-15476000.0,https://www.sec.gov/Archives/edgar/data/1600641/000160064124000022/0001600641-24-000022-index.htm,https://www.sec.gov/Archives/edgar/data/1600641/000160064124000022/dibs-20231231.htm
2022-12-31,DIBS,USD,0001600641,2023-03-03,2023-03-03 16:14:42,2022,FY,153209000.0,0,153209000.0,972000.0,5006000.0,8282000.0,162463000.0,25675000.0,4075000,3000.0,4078000.0,3334000.0,-3334000.0,3580000.0,33333000.0,0.0,195796000.0,2905000.0,5540000,1378000,140000.0,16227000.0,26050000.0,21678000,43000,0,3000,21724000.0,0.0,24448000,47774000.0,0.0,393000.0,-291020000.0,-356000.0,439005000.0,148022000.0,148022000.0,195796000.0,0.0,195796000.0,3334000.0,24448000,-128761000.0,https://www.sec.gov/Archives/edgar/data/1600641/000160064123000014/0001600641-23-000014-index.htm,https://www.sec.gov/Archives/edgar/data/1600641/000160064123000014/dibs-20221231.htm
2021-12-31,DIBS,USD,0001600641,2022-03-03,2022-03-03 16:07:17,2021,FY,168226000.0,0,168226000.0,701000.0,3951000.0,6960000.0,175887000.0,4459000.0,7202000,1164000.0,8366000.0,3333000.0,-3333000.0,3542000.0,16367000.0,0.0,192254000.0,4729000.0,0,1721000,801000.0,25761000.0,32211000.0,0,143000,0,2462000,2605000.0,0.0,0,34816000.0,192254000.0,380000.0,-268482000.0,-229000.0,425769000.0,157438000.0,157438000.0,192254000.0,0.0,192254000.0,3333000.0,0,-168226000.0,https://www.sec.gov/Archives/edgar/data/1600641/000160064122000023/0001600641-22-000023-index.htm,https://www.sec.gov/Archives/edgar/data/1600641/000160064122000023/dibs-20211231.htm
2020-12-31,DIBS,USD,0001600641,2020-12-31,2020-12-31 00:00:00,2020,FY,54862000.0,0,54862000.0,887000.0,3286000.0,8320000.0,64069000.0,5136000.0,7212000,1352000.0,8564000.0,3333000.0,-3333000.0,3573000.0,17273000.0,0.0,81342000.0,4548000.0,0,1787000,508000.0,17076000.0,23411000.0,0,108000,0,301769000,301877000.0,0.0,0,325288000.0,298525000.0,114000.0,-243858000.0,-202000.0,-298525000.0,-243946000.0,-243946000.0,81342000.0,0.0,81342000.0,3333000.0,0,-54862000.0,,
2024-12-31,VRDN,USD,0001590750,2025-03-03,2025-03-03 07:33:01,2024,FY,99594000.0,617990000,717584000.0,0.0,0.0,20877000.0,738461000.0,3441000.0,0,0.0,0.0,0.0,0.0,501000.0,3942000.0,0.0,742403000.0,2143000.0,513000,0,288000.0,44930000.0,47874000.0,20582000,284000,0,2024000,22890000.0,0.0,513000,70764000.0,61188000.0,810000.0,-995857000.0,-10000.0,1605508000.0,671639000.0,671639000.0,742403000.0,0.0,742403000.0,617990000.0,21095000,-78499000.0,https://www.sec.gov/Archives/edgar/data/1590750/000159075025000004/0001590750-25-000004-index.htm,https://www.sec.gov/Archives/edgar/data/1590750/000159075025000004/vrdn-20241231.htm
2023-12-31,VRDN,USD,0001590750,2024-02-27,2024-02-27 16:34:18,2023,FY,102827000.0,374543000,477370000.0,102000.0,0.0,9006000.0,486478000.0,3342000.0,0,0.0,0.0,0.0,0.0,604000.0,3946000.0,0.0,490424000.0,2239000.0,843000,0,288000.0,23265000.0,26635000.0,20205000,573000,0,989000,21767000.0,0.0,843000,48402000.0,206516000.0,540000.0,-725908000.0,338000.0,960536000.0,442022000.0,442022000.0,490424000.0,0.0,490424000.0,374543000.0,21048000,-81779000.0,https://www.sec.gov/Archives/edgar/data/1590750/000159075024000007/0001590750-24-000007-index.htm,https://www.sec.gov/Archives/edgar/data/1590750/000159075024000007/vrdn-20231231.htm
2022-12-31,VRDN,USD,0001590750,2023-03-09,2023-03-09 07:24:03,2022,FY,155579000.0,268971000,424550000.0,102000.0,-6623000.0,6521000.0,424550000.0,2936000.0,0,0.0,0.0,0.0,0.0,7605000.0,10541000.0,0.0,435091000.0,14234000.0,613000,0,288000.0,18214000.0,33349000.0,4645000,861000,0,1172000,6678000.0,0.0,613000,40027000.0,142147000.0,414000.0,-488174000.0,-390000.0,741067000.0,395064000.0,395064000.0,435091000.0,0.0,435091000.0,268971000.0,5258000,-150321000.0,https://www.sec.gov/Archives/edgar/data/1590750/000159075023000002/0001590750-23-000002-index.htm,https://www.sec.gov/Archives/edgar/data/1590750/000159075023000002/vrdn-20221231.htm
2021-12-31,VRDN,USD,0001590750,2022-03-11,2022-03-11 08:11:02,2021,FY,42299000.0,154666000,196965000.0,451000.0,0.0,2647000.0,200163000.0,2055000.0,0,0.0,0.0,0.0,0.0,1491000.0,3546000.0,0.0,203709000.0,2329000.0,520000,0,289000.0,10498000.0,13636000.0,0,1149000,0,1208000,2357000.0,0.0,520000,15993000.0,133833000.0,239000.0,-358300000.0,-157000.0,412101000.0,187716000.0,187716000.0,203709000.0,0.0,203709000.0,154666000.0,520000,-41779000.0,https://www.sec.gov/Archives/edgar/data/1590750/000159075022000004/0001590750-22-000004-index.htm,https://www.sec.gov/Archives/edgar/data/1590750/000159075022000004/vrdn-20211231.htm
2020-12-31,VRDN,USD,0001590750,2021-03-26,2021-03-26 16:16:36,2020,FY,45897000.0,81742000,127639000.0,0.0,0.0,1972000.0,129611000.0,787000.0,0,0.0,0.0,0.0,0.0,857000.0,1644000.0,0.0,131255000.0,670000.0,455000,0,301000.0,9248000.0,10674000.0,0,0,0,544000,544000.0,0.0,455000,11218000.0,180801000.0,42000.0,-278887000.0,-8000.0,218089000.0,120037000.0,120037000.0,131255000.0,0.0,131255000.0,81742000.0,455000,-45442000.0,https://www.sec.gov/Archives/edgar/data/1590750/000159075021000029/0001590750-21-000029-index.htm,https://www.sec.gov/Archives/edgar/data/1590750/000159075021000029/mgen-20201231.htm
2024-09-30,RGCO,USD,0001069533,2024-12-05,2024-12-04 22:00:01,2024,FY,894185.0,871026,1765211.0,4483739.0,10291121.0,8532230.0,25072301.0,262041454.0,0,0.0,0.0,21057222.0,0.0,12528246.0,295626922.0,0.0,320699223.0,5429703.0,11966181,0,3403972.0,7898574.0,28698430.0,136672908,0,1890562,45300548,183864018.0,0.0,0,212562448.0,0.0,51249495.0,7572439.0,1326571.0,47988270.0,108136775.0,108136775.0,320699223.0,0.0,320699223.0,21057222.0,148639089,147744904.0,https://www.sec.gov/Archives/edgar/data/1069533/000143774924036744/0001437749-24-036744-index.htm,https://www.sec.gov/Archives/edgar/data/1069533/000143774924036744/rgco20240930_10k.htm
2023-09-30,RGCO,USD,0001069533,2023-12-01,2023-12-01 15:14:46,2023,FY,1512431.0,-3084398,1512431.0,4194934.0,12860063.0,8227834.0,26795262.0,247583551.0,0,0.0,0.0,20271491.0,1163594.0,7915442.0,276934078.0,0.0,303729340.0,5838643.0,15328572,0,0.0,11751572.0,32918787.0,125844728,0,0,44233200,170077928.0,0.0,0,202996715.0,0.0,50076270.0,3972280.0,2253289.0,44430786.0,100732625.0,100732625.0,303729340.0,0.0,303729340.0,17187093.0,141173300,139660869.0,https://www.sec.gov/Archives/edgar/data/1069533/000143774923033392/0001437749-23-033392-index.htm,https://www.sec.gov/Archives/edgar/data/1069533/000143774923033392/rgco20230930_10k.htm
2022-09-30,RGCO,USD,0001069533,2022-12-02,2022-12-02 14:47:39,2022,FY,4898914.0,1218211,4898914.0,5353270.0,18145205.0,7150930.0,35548319.0,229861074.0,0,0.0,0.0,13773075.0,1057079.0,10069696.0,254760924.0,0.0,290309243.0,8600919.0,1300000,3087755,2858380.0,9326636.0,22315310.0,135695289,0,3165454,36042534,174903277.0,0.0,0,197218587.0,0.0,49102675.0,544158.0,1964364.0,41479459.0,93090656.0,93090656.0,290309243.0,0.0,290309243.0,13773075.0,135695289,130796375.0,https://www.sec.gov/Archives/edgar/data/1069533/000143774922028313/0001437749-22-028313-index.htm,https://www.sec.gov/Archives/edgar/data/1069533/000143774922028313/rgco20220930_10k.htm
2021-09-30,RGCO,USD,0001069533,2021-12-02,2021-12-02 15:37:09,2021,FY,1518317.0,0,1518317.0,4949900.0,8899136.0,9776502.0,25143855.0,211649684.0,0,0.0,-329959.0,64867319.0,329959.0,8448335.0,284965338.0,0.0,310109193.0,7729707.0,7000000,0,3111022.0,8172803.0,26013532.0,133471427,0,14948213,35974312,184393952.0,0.0,0,210407484.0,0.0,41875460.0,39656296.0,-1535434.0,19705387.0,99701709.0,99701709.0,310109193.0,0.0,310109193.0,64867319.0,133471427,131953110.0,https://www.sec.gov/Archives/edgar/data/1069533/000143774921027683/0001437749-21-027683-index.htm,https://www.sec.gov/Archives/edgar/data/1069533/000143774921027683/rgco20210930_10k.htm
2020-09-30,RGCO,USD,0001069533,2020-12-03,2020-12-03 16:13:49,2020,FY,291066.0,0,291066.0,3404044.0,6735952.0,4005499.0,14436561.0,198445093.0,0,0.0,-13973762.0,57542805.0,13973762.0,11255048.0,267242946.0,0.0,281679507.0,4442182.0,533795,0,3198537.0,11594765.0,16570742.0,123819631,0,13973762,38427395,176220788.0,0.0,0,192791530.0,0.0,40800290.0,35688510.0,-3447944.0,15847121.0,88887977.0,88887977.0,281679507.0,0.0,281679507.0,57542805.0,123819631,123528565.0,https://www.sec.gov/Archives/edgar/data/1069533/000106953320000046/0001069533-20-000046-index.htm,https://www.sec.gov/Archives/edgar/data/1069533/000106953320000046/rgco-20200930.htm
2024-12-31,REVBW,USD,0001810560,2025-03-06,2025-03-06 16:03:50,2024,FY,6499018.0,6492518982,6499018000.0,0.0,0.0,66699000.0,6565717000.0,56332.0,0,0.0,0.0,0.0,0.0,56275668.0,56332000.0,0.0,6622049000.0,783621.0,0,0,0.0,1130046.0,1913667.0,0,0,0,0,0.0,0.0,0,1913667000.0,0.0,522.0,-40505638000.0,0.0,45214019478.0,4708382000.0,4708382000.0,6622049000.0,0.0,6622049000.0,6492518982.0,0,-6499018.0,https://www.sec.gov/Archives/edgar/data/1810560/000095017025034584/0000950170-25-034584-index.htm,https://www.sec.gov/Archives/edgar/data/1810560/000095017025034584/revb-20241231.htm
2023-12-31,REVBW,USD,0001810560,2024-03-22,2024-03-22 16:01:40,2023,FY,11991701.0,0,11991701.0,0.0,0.0,155824.0,12147525.0,65084.0,0,0.0,0.0,0.0,0.0,0.0,65084.0,0.0,12212609.0,1359898.0,0,0,0.0,4204996.0,5564894.0,0,0,0,0,0.0,0.0,0,5564894.0,0.0,265.0,-25467102.0,-3.552713678800501e-12,32114552.0,6647715.0,6647715.0,12212609.0,0.0,12212609.0,0.0,0,-11991701.0,https://www.sec.gov/Archives/edgar/data/1810560/000095017024035322/0000950170-24-035322-index.htm,https://www.sec.gov/Archives/edgar/data/1810560/000095017024035322/revb-20231231.htm
2022-12-31,REVBW,USD,0001810560,2023-03-30,2023-03-30 16:51:30,2022,FY,5252979.0,0,5252979.0,0.0,0.0,160303.0,5413282.0,90133.0,0,0.0,0.0,0.0,0.0,0.0,90133.0,-9.094947017729282e-13,5503415.0,554205.0,0,0,2911260.0,3896757.0,4450962.0,0,0,0,0,554205.0,-554205.0,0,4450962.0,0.0,683.0,-25346848.0,0.0,26398618.0,1052453.0,1052453.0,5503415.0,0.0,5503415.0,0.0,0,-5252979.0,https://www.sec.gov/Archives/edgar/data/1810560/000095017023011000/0000950170-23-011000-index.htm,https://www.sec.gov/Archives/edgar/data/1810560/000095017023011000/revb-20221231.htm
2021-12-31,REVBW,USD,0001810560,2022-04-15,2022-04-15 16:50:40,2021,FY,1274729.0,0,1274729.0,0.0,0.0,637342.0,1912071.0,130141.0,0,0.0,0.0,0.0,0.0,5.684341886080802e-14,130141.0,0.0,2042212.0,596261.0,16752,0,0.0,1528669.0,2141682.0,0,0,0,0,2911260.0,-2911260.0,16752,2141682.0,7481927.0,2309.0,-14517299.0,-1.7763568394002505e-12,14417547.000000002,-99470.0,-99470.0,2042212.0,0.0,2042212.0,0.0,16752,-1257977.0,https://www.sec.gov/Archives/edgar/data/1810560/000121390022020179/0001213900-22-020179-index.htm,https://www.sec.gov/Archives/edgar/data/1810560/000121390022020179/f10k2021_revelationbio.htm
2020-12-31,REVBW,USD,0001810560,2021-03-31,2021-03-31 14:15:30,2020,FY,4492400.0,525287,4492400.0,0.0,0.0,128000.0,4620400.0,0.0,0,0.0,0.0,73510915.0,0.0,0.0,73510915.0,-73510915.0,4620400.0,865901.0,0,0,0.0,342875.0,1208776.0,0,0,0,0,2911260.0,-2911260.0,0,1208776.0,403733.0,2293.0,-2530462.0,0.0,5536060.0,3411624.0,3411624.0,4620400.0,0.0,4620400.0,525287.0,0,-4492400.0,https://www.sec.gov/Archives/edgar/data/1810560/000121390021019097/0001213900-21-019097-index.htm,https://www.sec.gov/Archives/edgar/data/1810560/000121390021019097/f10k2020_petraacquisition.htm
2023-12-31,AQUNU,USD,0001861063,2024-05-03,2024-05-03 17:26:18,2023,FY,339.0,0,339.0,0.0,0.0,2188.0,2527.0,0.0,0,0.0,0.0,31960267.0,144680.0,0.0,32104947.0,0.0,32107474.0,0.0,1039625,353013,0.0,524031.0,1916669.0,0,0,0,2525896,2525896.0,0.0,0,4442565.0,0.0,31960431.0,-4295522.0,0.0,0.0,27664909.0,27664909.0,32107474.0,0.0,32107474.0,31960267.0,1039625,1039286.0,https://www.sec.gov/Archives/edgar/data/1861063/000121390024039767/0001213900-24-039767-index.htm,https://www.sec.gov/Archives/edgar/data/1861063/000121390024039767/ea0203898-10k_aquaron.htm
2022-12-31,AQUNU,USD,0001861063,2023-03-30,2023-03-30 17:17:54,2022,FY,57284.0,0,57284.0,0.0,0.0,222346.0,55700859.0,0.0,0,0.0,0.0,55421229.0,0.0,0.0,55421229.0,-55421229.0,55700859.0,140075.0,0,64839,0.0,2625742.0,2830656.0,0,0,0,0,140.075,-140.07499999999982,0,2830656.0,0.0,47571626.0,159672.0,0.0,5138905.0,52870203.0,52870203.0,55700859.0,0.0,55700859.0,55421229.0,0,-57284.0,https://www.sec.gov/Archives/edgar/data/1861063/000121390023024748/0001213900-23-024748-index.htm,https://www.sec.gov/Archives/edgar/data/1861063/000121390023024748/f10k2022_aquaronacq.htm
2021-12-31,AQUNU,USD,0001861063,2021-12-31,2021-12-31 00:00:00,2021,FY,16860.0,0,16860.0,0.0,0.0,251984.0,268844.0,0.0,0,0.0,0.0,0.0,0.0,251984.0,251984.0,-251984.0,268844.0,47940.0,200000,0,0.0,300.0,248240.0,0,0,0,0,0.0,0.0,0,248240.0,0.0,144.0,-4396.0,0.0,24856.0,20604.0,20604.0,268844.0,0.0,268844.0,0.0,200000,183140.0,,
2024-12-31,CZWI,USD,0001367859,2025-03-13,2025-03-13 16:43:15,2024,FY,50172000.0,142851000,193023000.0,1354085000.0,0.0,0.0,1547108000.0,17075000.0,31498000,979000.0,32477000.0,0.0,0.0,0.0,49552000.0,151859000.0,1748519000.0,0.0,0,0,0.0,0.0,0.0,66606000,0,0,0,66606000.0,1569435000.0,0,1569435000.0,0.0,100000.0,80840000.0,-16420000.0,114564000.0,179084000.0,179084000.0,1748519000.0,0.0,1748519000.0,142851000.0,66606000,16434000.0,https://www.sec.gov/Archives/edgar/data/1367859/000136785925000033/0001367859-25-000033-index.htm,https://www.sec.gov/Archives/edgar/data/1367859/000136785925000033/czwi-20241231.htm
2023-12-31,CZWI,USD,0001367859,2024-03-05,2024-03-05 16:02:31,2023,FY,37138000.0,231482000,37138000.0,0.0,0.0,0.0,37138000.0,19850000.0,31498000,5559000.0,37057000.0,21498000.0,0.0,1728644000.0,1807049000.0,7204000.0,1851391000.0,0.0,0,0,0.0,0.0,0.0,82465000,0,0,1595592000,1678057000.0,0.0,0,1678057000.0,0.0,104000.0,71117000.0,-17328000.0,119441000.0,173334000.0,173334000.0,1851391000.0,0.0,1851391000.0,252980000.0,146995000,109857000.0,https://www.sec.gov/Archives/edgar/data/1367859/000136785924000046/0001367859-24-000046-index.htm,https://www.sec.gov/Archives/edgar/data/1367859/000136785924000046/czwi-20231231.htm
2022-12-31,CZWI,USD,0001367859,2023-03-07,2023-03-07 16:35:50,2022,FY,35612000.0,165991000,35612000.0,5285000.0,-42168000.0,0.0,40897000.0,20493000.0,31498000,6711000.0,38209000.0,279998000.0,0.0,-338700000.0,338700000.0,1436789000.0,1816386000.0,0.0,0,0,0.0,0.0,1225365000.0,97939000,0,0,1551359000,1649298000.0,-1225365000.0,0,1649298000.0,0.0,104000.0,65400000.0,-17656000.0,119240000.0,167088000.0,167088000.0,1816386000.0,0.0,1816386000.0,279998000.0,214939000,179327000.0,https://www.sec.gov/Archives/edgar/data/1367859/000136785923000077/0001367859-23-000077-index.htm,https://www.sec.gov/Archives/edgar/data/1367859/000136785923000077/czwi-20221231.htm
2021-12-31,CZWI,USD,0001367859,2022-03-02,2022-03-02 16:05:26,2021,FY,49202000.0,203068000,252270000.0,3916000.0,-54526000.0,0.0,256186000.0,21169000.0,31498000,8059000.0,39557000.0,290842000.0,0.0,-351568000.0,351568000.0,1131874000.0,1739628000.0,0.0,0,0,0.0,0.0,973405000.0,169953000,0,0,1398809000,169953000.0,-973405000.0,0,169953000.0,0.0,105000.0,50675000.0,161000.0,119925000.0,170866000.0,170866000.0,1739628000.0,0.0,1739628000.0,493910000.0,169953000,120751000.0,https://www.sec.gov/Archives/edgar/data/1367859/000136785922000069/0001367859-22-000069-index.htm,https://www.sec.gov/Archives/edgar/data/1367859/000136785922000069/czwi-20211231.htm
2020-12-31,CZWI,USD,0001367859,2021-03-08,2021-03-08 16:05:20,2020,FY,123192000.0,144233000,267425000.0,5652000.0,-129041000.0,0.0,273077000.0,21165000.0,31498000,8746000.0,40244000.0,202932000.0,0.0,-264341000.0,264341000.0,1111677000.0,1649095000.0,0.0,0,0,0.0,0.0,794253000.0,181826000,0,0,1306705000,181826000.0,-794253000.0,0,181826000.0,0.0,111000.0,32809000.0,1490000.0,126154000.0,160564000.0,160564000.0,1649095000.0,0.0,1649095000.0,347165000.0,181826000,58634000.0,https://www.sec.gov/Archives/edgar/data/1367859/000136785921000063/0001367859-21-000063-index.htm,https://www.sec.gov/Archives/edgar/data/1367859/000136785921000063/czwi-20201231.htm
2023-12-31,PLMJU,USD,0001845550,2023-12-31,2023-12-30 19:00:00,2023,FY,0.0,0,0.0,225000.0,0.0,25885.0,250885.0,0.0,0,0.0,0.0,0.0,0.0,157330245.0,157330245.0,0.0,157581130.0,0.0,0,0,0.0,805.0,805.0,0,0,0,723550,723550.0,0.0,0,724355.0,0.0,157556038.0,-699263.0,0.0,0.0,156856775.0,156856775.0,157581130.0,0.0,157581130.0,157330245.0,0,0.0,,
2022-12-31,PLMJU,USD,0001845550,2022-12-31,2022-12-30 19:00:00,2022,FY,726869.0,0,726869.0,0.0,0.0,193947.0,920816.0,0.0,0,0.0,0.0,286583051.0,0.0,0.0,286583051.0,0.0,287503867.0,54243.0,0,0,0.0,1214321.0,1268564.0,0,0,0,10369867,10369867.0,0.0,0,11638431.0,0.0,286583844.0,-10718408.0,0.0,0.0,275865436.0,275865436.0,287503867.0,0.0,287503867.0,286583051.0,0,-726869.0,,
2021-12-31,PLMJU,USD,0001845550,2021-12-31,2021-12-30 19:00:00,2021,FY,2124185.0,0,2124185.0,0.0,0.0,340290.0,2464475.0,0.0,0,0.0,0.0,282508321.0,0.0,193947.0,282702268.0,0.0,285166743.0,100739.0,0,0,0.0,92515.0,193254.0,0,0,0,18163650,18163650.0,0.0,0,18356904.0,0.0,282509114.0,-15699275.0,0.0,0.0,266809839.0,266809839.0,285166743.0,0.0,285166743.0,282508321.0,0,-2124185.0,,
2023-12-31,TLLTF,USD,0001761510,2024-03-22,2024-03-22 17:28:19,2023,FY,2034000.0,0,2034000.0,17919000.0,32908000.0,3413001.0,56274000.0,65723000.0,17721000,84801000.0,102522000.0,1000.0,3657000.0,3011000.0,174914000.0,0.0,231188000.0,46326000.0,18327000,2550881,6051877.0,2816242.0,76072000.0,91666000,0,0,1057000,92723000.0,0.0,57833000,168795000.0,0.0,856422000.0,-1026087000.0,6773168.0,225284832.0,62393000.0,62393000.0,231188000.0,0.0,231188000.0,1000.0,109993000,107959000.0,https://www.sec.gov/Archives/edgar/data/1761510/000155837024003790/0001558370-24-003790-index.htm,https://www.sec.gov/Archives/edgar/data/1761510/000155837024003790/tilt-20231231x10k.htm
2022-12-31,TLLTF,USD,0001761510,2023-03-16,2023-03-16 17:13:17,2022,FY,2202000.0,0,2202000.0,26698000.0,52909000.0,4118000.0,85927000.0,73028000.0,20751000,102714000.0,123465000.0,6402000.0,0.0,5156000.0,208051000.0,0.0,293978000.0,49261000.0,60588000,979000,5760000.0,26653738.0,130238000.0,45318000,0,1373000,-4468000,42223000.0,0.0,46178000,172461000.0,0.0,858143000.0,-963703000.0,988000.0,225923000.0,121351000.0,121517000.0,293978000.0,166000.0,293978000.0,6402000.0,105906000,103704000.0,https://www.sec.gov/Archives/edgar/data/1761510/000155837023004045/0001558370-23-004045-index.htm,https://www.sec.gov/Archives/edgar/data/1761510/000155837023004045/tilt-20221231x10k.htm
2021-12-31,TLLTF,USD,0001761510,2021-12-31,2021-12-31 00:00:00,2021,FY,6952000.0,0,6952000.0,32393000.0,94626000.0,8416000.0,140575000.0,72053000.0,55835000,124106000.0,179941000.0,6698000.0,14245000.0,1671000.0,274608000.0,0.0,415183000.0,37777000.0,45244000,0,5177000.0,16461000.0,99482000.0,56101000,45855000,25635000,25483000,81669000.0,0.0,11932000,181151000.0,0.0,854952000.0,-847881000.0,999000.0,224835000.0,233857000.0,234032000.0,415183000.0,175000.0,415183000.0,6698000.0,98465000,91513000.0,,
2020-12-31,TLLTF,USD,0001761510,2020-12-31,2020-12-31 00:00:00,2020,FY,7427000.0,0,7427000.0,17228000.0,63835000.0,13399000.0,101889000.0,77979000.0,88420000,138637000.0,227057000.0,1189000.0,7007000.0,14483000.0,327715000.0,0.0,429604000.0,31818000.0,6283000,76000,6311000.0,0.0,44488000.0,78729000,67081999,23340000,0,102069000.0,0.0,13262000,146557000.0,0.0,851851000.0,-800074000.0,1014000.0,216108001.0,283047000.0,283047000.0,429604000.0,0.0,429604000.0,1189000.0,85012000,77585000.0,,
2019-12-31,TLLTF,USD,0001761510,2019-12-31,2019-12-31 00:00:00,2019,FY,2579802.0,0,2579802.0,19743000.0,56748571.0,15636000.0,90522366.0,103467883.0,138349075,187175686.0,325524761.0,1000000.0,0.0,25387608.0,455380252.0,0.0,545902618.0,34823000.0,3293000,2364956,5093100.0,2124044.0,50364293.0,87123000,64806000,24549316,0,107789530.0,0.0,24706000,158153823.0,0.0,849696615.0,-694317075.0,517595.0,101647001.0,387748795.0,387748795.0,545902618.0,0.0,545902618.0,1000000.0,86532591,83952789.0,,
2022-10-31,VAUCF,CAD,0001723047,2022-10-31,2022-10-31 00:00:00,2022,FY,2131651.0,0,2131651.0,255193.0,0.0,0.0,2386844.0,1003701.0,0,0.0,0.0,0.0,0.0,84818.0,1088519.0,0.0,3475363.0,0.0,0,0,0.0,0.0,989899.0,0,0,0,0,169234.0,0.0,0,1159133.0,0.0,15073489.0,-14010062.0,31428.0,1221375.0,2316230.0,2316230.0,3475363.0,0.0,3475363.0,0.0,0,-2131651.0,,
2021-10-31,VAUCF,CAD,0001723047,2021-10-31,2021-10-31 00:00:00,2021,FY,1259461.0,0,1259461.0,23189.0,0.0,0.0,1282650.0,706185.0,0,0.0,0.0,0.0,0.0,76957.0,783142.0,0.0,2065792.0,0.0,0,0,0.0,0.0,96676.0,0,0,0,0,153549.0,0.0,0,250225.0,0.0,10960438.0,-10176820.0,-70896.0,1102845.0,1815567.0,1815567.0,2065792.0,0.0,2065792.0,0.0,0,-1259461.0,,
2020-10-31,VAUCF,CAD,0001723047,2020-10-31,2020-10-31 00:00:00,2020,FY,1161863.0,0,1161863.0,181285.0,0.0,0.0,1343148.0,764351.0,0,0.0,0.0,0.0,0.0,82761.0,847112.0,0.0,2190260.0,0.0,5215,0,0.0,30516.0,35731.0,0,0,0,0,165130.0,0.0,5215,200861.0,0.0,8699414.0,-7575625.0,13312.0,852298.0,1989399.0,1989399.0,2190260.0,0.0,2190260.0,0.0,5215,-1156648.0,,
2019-10-31,VAUCF,CAD,0001723047,2019-10-31,2019-10-31 00:00:00,2019,FY,35979.0,0,35979.0,61393.0,0.0,0.0,97372.0,750436.0,0,0.0,0.0,0.0,0.0,81779.0,832215.0,0.0,929587.0,0.0,196068,0,0.0,255448.0,451516.0,0,0,0,0,163171.0,0.0,0,614687.0,0.0,5231513.0,-5490899.0,12714.0,561572.0,314900.0,314900.0,929587.0,0.0,929587.0,0.0,196068,160089.0,,
2018-10-31,VAUCF,CAD,0001723047,2018-10-31,2018-10-31 00:00:00,2018,FY,415406.0,0,415406.0,28585.0,0.0,0.0,443991.0,749409.0,0,0.0,0.0,0.0,0.0,81667.0,831076.0,0.0,1275067.0,0.0,266667,0,0.0,217389.0,484056.0,0,0,0,0,162948.0,0.0,0,647004.0,0.0,3533775.0,-3233802.0,3687.0,324403.0,628063.0,628063.0,1275067.0,0.0,1275067.0,0.0,266667,-148739.0,,
2024-12-31,KRRO,USD,0001703647,2025-03-18,2025-03-18 07:10:29,2024,FY,55643000.0,70452000,126095000.0,1696000.0,0.0,3741000.0,131532000.0,51546000.0,0,0.0,0.0,0.0,0.0,43162000.0,94708000.0,0.0,226240000.0,3992000.0,2568000,0,3513000.0,4887000.0,14960000.0,43481000,0,0,7384000,50865000.0,0.0,1284000,65825000.0,0.0,9000.0,-266586000.0,268000.0,426724000.0,160415000.0,160415000.0,226240000.0,0.0,226240000.0,70452000.0,44765000,-10878000.0,https://www.sec.gov/Archives/edgar/data/1703647/000095017025040759/0000950170-25-040759-index.htm,https://www.sec.gov/Archives/edgar/data/1703647/000095017025040759/krro-20241231.htm
2023-12-31,KRRO,USD,0001703647,2023-12-31,2023-12-30 19:00:00,2023,FY,166150000.0,0,166150000.0,0.0,0.0,6578000.0,172728000.0,42815000.0,0,0.0,0.0,3406000.0,0.0,2714000.0,48935000.0,0.0,221663000.0,7280000.0,1991000,0,0.0,10212000.0,19483000.0,31216000,0,0,1053000,32269000.0,0.0,33207000,51752000.0,0.0,8000.0,-183005000.0,-2.8421709430404007e-11,352908000.0,169911000.0,169911000.0,221663000.0,0.0,221663000.0,3406000.0,33207000,-132943000.0,,
2022-12-31,KRRO,USD,0001703647,2022-12-31,2022-12-30 19:00:00,2022,FY,36333000.0,18915000,55248000.0,0.0,0.0,1835000.0,57083000.0,11890000.0,0,0.0,0.0,4541000.0,0.0,228000.0,16659000.0,0.0,73742000.0,2605000.0,2921000,0,2968000.0,3175000.0,8701000.0,209000,0,0,163863000,164072000.0,0.0,3130000,172773000.0,163863.0,0.0,-101833000.0,-5000.0,2807000.0,-99031000.0,-99031000.0,73742000.0,0.0,73742000.0,18915000.0,3130000,-33203000.0,,
2021-12-31,KRRO,USD,0001703647,2021-12-31,2021-12-30 19:00:00,2021,FY,83492000.0,35040000,118532000.0,0.0,-144000.0,1243000.0,119775000.0,7141000.0,0,0.0,0.0,13418000.0,0.0,-12759000.0,7800000.0,0.0,127575000.0,789000.0,0,0,-2580000.0,4160000.0,4949000.0,14167000,0,0,150667000,164834000.0,0.0,0,169783000.0,163863.0,5000.0,-43801000.0,-7000.0,1595000.0,-42208000.0,-42208000.0,127575000.0,0.0,127575000.0,35040000.0,45598000,-37894000.0,,
2020-12-31,KRRO,USD,0001703647,2020-12-31,2020-12-29 19:00:00,2020,FY,220341000.0,0,220341000.0,340000.0,0.0,4383000.0,225064000.0,37838000.0,0,0.0,0.0,1820000.0,0.0,-1.0,39657999.0,0.0,264721999.0,5506000.0,397000,0,14068000.0,6663000.0,26634000.0,45597000,0,0,-1,45596999.0,1.0,30597000,72231000.0,0.0,34000.0,-95399000.0,27000.0,287829000.0,192491000.0,192491000.0,264721999.0,0.0,264721999.0,1820000.0,45994000,-174347000.0,,
2024-12-31,EXOD,USD,0001821534,2025-03-06,2025-03-06 17:04:33,2024,FY,37883000.0,12000,37895000.0,7654000.0,0.0,37246000.0,82795000.0,357000.0,0,204634000.0,204634000.0,100000.0,0.0,109000.0,205200000.0,0.0,287995000.0,1162000.0,0,0,0.0,7183000.0,8345000.0,0,0,21779000,344000,22123000.0,0.0,0,30468000.0,0.0,0.0,133892000.0,-752000.0,124387000.0,257527000.0,257527000.0,287995000.0,0.0,287995000.0,112000.0,0,-37883000.0,https://www.sec.gov/Archives/edgar/data/1821534/000095017025034884/0000950170-25-034884-index.htm,https://www.sec.gov/Archives/edgar/data/1821534/000095017025034884/exod-20241231.htm
2023-12-31,EXOD,USD,0001821534,2023-12-31,2023-12-29 19:00:00,2023,FY,11393000.0,43151000,54544000.0,3240000.0,500000.0,1445000.0,59729000.0,317000.0,0,45006000.0,45006000.0,100000.0,6567000.0,0.0,51990000.0,0.0,111719000.0,1061000.0,0,988000,0.0,5497000.0,7546000.0,0,0,412000,0,412000.0,0.0,0,7958000.0,0.0,0.0,-17320000.0,-1477000.0,122558000.0,103761000.0,103761000.0,111719000.0,0.0,111719000.0,43251000.0,0,-11393000.0,,
2022-12-31,EXOD,USD,0001821534,2022-12-31,2022-12-29 19:00:00,2022,FY,20494000.0,31981000,20494000.0,1488000.0,0.0,2829000.0,56792000.0,617000.0,0,29737000.0,29737000.0,694000.0,1369000.0,0.0,32417000.0,0.0,89209000.0,610000.0,0,0,0.0,2389000.0,2999000.0,0,0,366000,0,366000.0,0.0,0,3365000.0,0.0,0.0,-694000.0,-30106000.0,87232000.0,85844000.0,85844000.0,89209000.0,0.0,89209000.0,694000.0,0,-20494000.0,,
2021-12-31,EXOD,USD,0001821534,2021-12-31,2021-12-29 19:00:00,2021,FY,5375000.0,45368000,50743000.0,2684000.0,0.0,10385000.0,63735000.0,609000.0,0,43779000.0,43779000.0,632000.0,-0.9999999925494194,-7.450580596923828e-09,45019999.0,1.0,108755000.0,1988000.0,0,0,0.0,2584000.0,4572000.0,0,0,226000,0,225999.0,1.0,0,4798000.0,0.0,0.0,-788000.0,-6960000.0,105533000.0,103957000.0,103957000.0,108755000.0,0.0,108755000.0,46000000.0,0,-5375000.0,,
2020-12-31,EXOD,USD,0001821534,2020-12-31,2020-12-29 19:00:00,2020,FY,2612000.0,0,2612000.0,2753000.0,0.0,3897000.0,9262000.0,390000.0,0,9916000.0,9916000.0,0.0,0.0,1183000.0,11489000.0,0.0,20751000.0,443000.0,0,0,77000.0,1094000.0,1537000.0,538000,-538000,853000,853000,1391000.0,0.0,0,2928000.0,0.0,0.0,14954000.0,248000.0,2621000.0,17823000.0,17823000.0,20751000.0,0.0,20751000.0,0.0,538000,-2074000.0,,
2024-12-31,NXPLW,USD,0001058307,2025-03-24,2025-03-21 18:14:45,2024,FY,19960000.0,0,19960000.0,4895000.0,4881000.0,1744000.0,31480000.0,4224000.0,156000,524000.0,680000.0,0.0,0.0,94000.0,4998000.0,0.0,36478000.0,0.0,789000,54000,0.0,7367000.0,8210000.0,1470000,0,0,0,1470000.0,0.0,0,9680000.0,0.0,3000.0,-48950000.0,-66000.0,75697000.0,26684000.0,26798000.0,36478000.0,114000.0,36478000.0,0.0,2259000,-17701000.0,https://www.sec.gov/Archives/edgar/data/1058307/000143774925008787/0001437749-25-008787-index.htm,https://www.sec.gov/Archives/edgar/data/1058307/000143774925008787/nxpl20241231_10k.htm
2023-12-31,NXPLW,USD,0001058307,2024-04-11,2024-04-11 17:15:39,2023,FY,26307000.0,0,26307000.0,11556000.0,5135000.0,640000.0,43638000.0,5577000.0,731000,14423000.0,15154000.0,0.0,0.0,99999.0,20830999.0,0.0,64468999.0,12142000.0,862000,139000,42000.0,1052000.0,14237000.0,2145000,0,0,0,2145000.0,0.0,1484000,16382000.0,0.0,2000.0,-34925000.0,-63000.0,67170000.0,32184000.0,48087000.0,64468999.0,15903000.0,64468999.0,0.0,3007000,-23300000.0,https://www.sec.gov/Archives/edgar/data/1058307/000143774924011806/0001437749-24-011806-index.htm,https://www.sec.gov/Archives/edgar/data/1058307/000143774924011806/nxpl20221231_10k.htm
2022-12-31,NXPLW,USD,0001058307,2023-03-31,2023-03-31 17:12:15,2022,FY,18891232.0,0,18891232.0,959000.0,1286612.0,46000.0,21181780.0,2100664.0,-49950999,50001000.0,50001.0,5260525.0,0.0,49078.0,7460268.0,0.0,28642048.0,1200000.0,269000,29456,122877.0,524312.0,2058768.0,806811000,0,0,-806004839,806161.0,0.0,859000,2864929.0,0.0,1440.0,-31146804.0,-40717.0,56962364.0,25777119.0,25777119.0,28642048.0,0.0,28642048.0,5260525.0,1075311,-17815921.0,https://www.sec.gov/Archives/edgar/data/1058307/000149315223010400/0001493152-23-010400-index.htm,https://www.sec.gov/Archives/edgar/data/1058307/000149315223010400/form10-k.htm
2021-12-31,NXPLW,USD,0001058307,2022-03-31,2022-03-31 14:00:32,2021,FY,17267978.0,0,17267978.0,941675.0,1019696.0,145607.0,19374956.0,1065502.0,0,75000.0,75000.0,0.0,0.0,49867.0,1190369.0,0.0,20565325.0,846380.0,95917,6203,96498.0,1832249.0,2780749.0,253757,0,0,0,253757.0,0.0,19763,3034506.0,0.0,705.0,-21986215.0,3236.0,39513093.0,17530819.0,17530819.0,20565325.0,0.0,20565325.0,0.0,329911,-16938067.0,https://www.sec.gov/Archives/edgar/data/1058307/000149315222008346/0001493152-22-008346-index.htm,https://www.sec.gov/Archives/edgar/data/1058307/000149315222008346/form10-k.htm
2020-12-31,NXPLW,USD,0001058307,2021-03-22,2021-03-22 17:30:20,2020,FY,728762.0,0,728762.0,252587.0,361422.0,29696.0,1372467.0,1161770.0,0,100000.0,100000.0,-769007.0,2030777.0,-1261770.0,1261770.0,0.0,2634237.0,747476.0,295864,50453,90274.0,422732.0,1516525.0,552523,-1500828,2030777,0,552523.0,0.0,52699,2069048.0,0.0,408.0,-13878553.0,-42832.0,14486166.0,565189.0,565189.0,2634237.0,0.0,2634237.0,-769007.0,746327,17565.0,https://www.sec.gov/Archives/edgar/data/1058307/000149315221006558/0001493152-21-006558-index.htm,https://www.sec.gov/Archives/edgar/data/1058307/000149315221006558/form10-k.htm
2024-12-31,KIM-PN,USD,0000879101,2024-12-31,2024-12-31 00:00:00,2024,FY,688622000.0,2290000,690912000.0,340469000.0,0.0,1109000.0,1032490000.0,126441000.0,0,0.0,0.0,1595022000.0,0.0,17555943000.0,19277406000.0,0.0,20309896000.0,281867000.0,0,0,0.0,6409000.0,288276000.0,8578375000,0,0,597456000,9175831000.0,0.0,117199000,9464107000.0,21000.0,6795000.0,-398792000.0,11038000.0,11033485000.0,10652547000.0,10845789000.0,20309896000.0,193242000.0,20309896000.0,1597312000.0,8578375000,7889753000.0,,
2023-12-31,KIM-PN,USD,0000879101,2024-02-26,2024-02-23 17:56:43,2023,FY,783757000.0,330057000,1110575000.0,307617000.0,0.0,3239000.0,1421431000.0,128258000.0,0,301759000.0,301759000.0,1231893000.0,0.0,15190681000.0,16852591000.0,0.0,18274022000.0,216237000.0,0,0,0.0,5308000.0,221545000.0,7726781000,0,0,599961000,8326742000.0,0.0,109985000,8548287000.0,19000.0,6199000.0,-122576000.0,-119247000.0,9761070000.0,9525465000.0,9725735000.0,18274022000.0,200270000.0,18274022000.0,1561950000.0,7726781000,6946263000.0,https://www.sec.gov/Archives/edgar/data/879101/000143774924005407/0001437749-24-005407-index.htm,https://www.sec.gov/Archives/edgar/data/879101/000143774924005407/kim20231231_10k.htm
2022-12-31,KIM-PN,USD,0000879101,2023-02-24,2023-02-24 16:19:21,2022,FY,149829000.0,597732000,747561000.0,304226000.0,1.0,0.0,1051787000.0,133733000.0,6001000,18400000.0,18400000.0,1199132000.0,6001000.0,15417069000.0,16774335000.0,0.0,17826122000.0,207815000.0,0,0,-23400000.0,-202489000.0,5326000.0,7271565000,-6551000,6551000,809389000,8080954000.0,0.0,113679000,8086280000.0,19000.0,6185000.0,-119548000.0,10581000.0,9618271000.0,9515508000.0,9739842000.0,17826122000.0,224334000.0,17826122000.0,1796864000.0,7271565000,7121736000.0,https://www.sec.gov/Archives/edgar/data/879101/000143774923004541/0001437749-23-004541-index.htm,https://www.sec.gov/Archives/edgar/data/879101/000143774923004541/kim20221231_10k.htm
2021-12-31,KIM-PN,USD,0000879101,2022-03-01,2022-02-28 18:39:36,2021,FY,334663000.0,1211739000,1546402000.0,254677000.0,589340000.0,0.0,1801079000.0,147458000.0,6139000,18400000.0,18400000.0,1128914000.0,6139000.0,15357209000.0,16658120000.0,0.0,18459199000.0,220308000.0,0,0,-923900000.0,-214942000.0,5366000.0,7599481000,-8058000,8058000,730690000,8330171000.0,0.0,123779000,8335537000.0,20000.0,6167000.0,299115000.0,2216000.0,9591871000.0,9899389000.0,10123662000.0,18459199000.0,224273000.0,18459199000.0,2340653000.0,7599481000,7264818000.0,https://www.sec.gov/Archives/edgar/data/879101/000143774922004700/0001437749-22-004700-index.htm,https://www.sec.gov/Archives/edgar/data/879101/000143774922004700/kim20211231_10k.htm
2020-12-31,KIM-PN,USD,0000879101,2021-02-23,2021-02-23 15:39:04,2020,FY,293188000.0,706954000,1000142000.0,219248000.0,512436000.0,0.0,1219390000.0,102369000.0,13015000,19100000.0,19100000.0,707834000.0,13015000.0,9552790000.0,10395108000.0,0.0,11614498000.0,146457000.0,0,0,-144900000.0,-141091000.0,5366000.0,5452099000,-12765000,12765000,470995000,5923094000.0,0.0,96619000,5928460000.0,20000.0,4325000.0,-162812000.0,-162811999.0,5766511000.0,5608044000.0,5686038000.0,11614498000.0,77994000.0,11614498000.0,1414788000.0,5452099000,5158911000.0,https://www.sec.gov/Archives/edgar/data/879101/000143774921003766/0001437749-21-003766-index.htm,https://www.sec.gov/Archives/edgar/data/879101/000143774921003766/kim20201231_10k.htm
2024-12-31,POR,USD,0000784977,2025-02-14,2025-02-13 19:36:07,2024,FY,12000000.0,0,12000000.0,456000000.0,114000000.0,443000000.0,1025000000.0,10345000000.0,0,0.0,0.0,30000000.0,0.0,1144000000.0,11519000000.0,0.0,12544000000.0,365000000.0,197000000,36000000,0.0,521000000.0,1119000000.0,276000000,0,625000000,6730000000,7631000000.0,0.0,0,8750000000.0,0.0,2118000000.0,1680000000.0,-4000000.0,0.0,3794000000.0,3794000000.0,12544000000.0,0.0,12544000000.0,30000000.0,473000000,473000000.0,https://www.sec.gov/Archives/edgar/data/784977/000078497725000012/0000784977-25-000012-index.htm,https://www.sec.gov/Archives/edgar/data/784977/000078497725000012/por-20241231.htm
2023-12-31,POR,USD,0000784977,2024-02-20,2024-02-20 09:00:20,2023,FY,5000000.0,0,5000000.0,414000000.0,113000000.0,403000000.0,935000000.0,9189000000.0,0,375000000.0,375000000.0,0.0,0.0,709000000.0,10273000000.0,0.0,11208000000.0,347000000.0,249000000,30000000,0.0,486000000.0,1112000000.0,4210000000,-16000000,488000000,2079000000,6777000000.0,0.0,328000000,7889000000.0,0.0,1750000000.0,1574000000.0,-5000000.0,0.0,3319000000.0,3319000000.0,11208000000.0,0.0,11208000000.0,31000000.0,4440000000,4435000000.0,https://www.sec.gov/Archives/edgar/data/784977/000078497724000034/0000784977-24-000034-index.htm,https://www.sec.gov/Archives/edgar/data/784977/000078497724000034/por-20231231.htm
2022-12-31,POR,USD,0000784977,2023-02-16,2023-02-15 19:18:09,2022,FY,165000000.0,0,165000000.0,398000000.0,95000000.0,552000000.0,1210000000.0,8465000000.0,0,308000000.0,308000000.0,39000000.0,439000000.0,-2000000.0,9249000000.0,0.0,10459000000.0,457000000.0,284000000,29000000,439000000.0,726000000.0,1496000000.0,3698000000,0,439000000,2047000000,6184000000.0,0.0,336000000,7680000000.0,0.0,1249000000.0,1534000000.0,-4000000.0,0.0,2779000000.0,2779000000.0,10459000000.0,0.0,10459000000.0,39000000.0,3960000000,3795000000.0,https://www.sec.gov/Archives/edgar/data/784977/000078497723000005/0000784977-23-000005-index.htm,https://www.sec.gov/Archives/edgar/data/784977/000078497723000005/por-20221231.htm
2021-12-31,POR,USD,0000784977,2022-02-17,2022-02-16 19:39:50,2021,FY,52000000.0,102000000,52000000.0,329000000.0,78000000.0,229000000.0,688000000.0,8005000000.0,-761000000,348000000.0,-413000000.0,47000000.0,413000000.0,754000000.0,8806000000.0,0.0,9494000000.0,244000000.0,24000000,46000000,182000000.0,454000000.0,768000000.0,3580000000,1989000000,413000000,2026000000,6019000000.0,0.0,319000000,6787000000.0,0.0,1241000000.0,1476000000.0,-10000000.0,0.0,2707000000.0,2707000000.0,9494000000.0,0.0,9494000000.0,47000000.0,3578000000,3526000000.0,https://www.sec.gov/Archives/edgar/data/784977/000078497722000009/0000784977-22-000009-index.htm,https://www.sec.gov/Archives/edgar/data/784977/000078497722000009/por-20211231.htm
2020-12-31,POR,USD,0000784977,2021-02-19,2021-02-18 19:25:00,2020,FY,257000000.0,33000000,257000000.0,271000000.0,72000000.0,121000000.0,721000000.0,7539000000.0,-739000000,365000000.0,-374000000.0,45000000.0,374000000.0,764000000.0,8348000000.0,0.0,9069000000.0,153000000.0,334000000,36000000,170000000.0,292000000.0,815000000.0,3051000000,2175000000,374000000,2216000000,5641000000.0,0.0,189000000,6456000000.0,0.0,1231000000.0,1393000000.0,-11000000.0,0.0,2613000000.0,2613000000.0,9069000000.0,0.0,9069000000.0,45000000.0,3341000000,3084000000.0,https://www.sec.gov/Archives/edgar/data/784977/000078497721000007/0000784977-21-000007-index.htm,https://www.sec.gov/Archives/edgar/data/784977/000078497721000007/por-20201231.htm
2024-09-30,ACM,USD,0000868857,2024-11-19,2024-11-19 16:24:45,2024,FY,1580877000.0,-263932000,1316945000.0,2793307000.0,0.0,3065807000.0,7176059000.0,786566000.0,3480155000,6932000.0,3487087000.0,138067000.0,326685000.0,147205000.0,4885610000.0,0.0,12061669000.0,2560122000.0,66924000,27418000,0.0,3719617000.0,6374081000.0,2960903000,0,27509000,328766000,3317178000.0,0.0,510573000,9691259000.0,0.0,1326000.0,-1281647000.0,-882671000.0,4347197000.0,2184205000.0,2370410000.0,12061669000.0,186205000.0,12061669000.0,138067000.0,3027827000,1446950000.0,https://www.sec.gov/Archives/edgar/data/868857/000141057824002030/0001410578-24-002030-index.htm,https://www.sec.gov/Archives/edgar/data/868857/000141057824002030/acm-20240930x10k.htm
2023-09-30,ACM,USD,0000868857,2023-11-15,2023-11-14 20:55:47,2023,FY,1260206000.0,17200000,1260206000.0,4083939000.0,0.0,825366000.0,6169511000.0,829682000.0,3418930000,17769000.0,3436699000.0,139236000.0,439604000.0,218659000.0,5063880000.0,7000.0,11233398000.0,2190755000.0,229254000,48161000,1188742000.0,2193371000.0,5850283000.0,2662220000,0,16960000,320224000,2999404000.0,0.0,713651000,8849687000.0,0.0,1362000.0,-1103976000.0,-926577000.0,4241523000.0,2212332000.0,2383711000.0,11233398000.0,171379000.0,11233398000.0,139236000.0,2751674000,1491468000.0,https://www.sec.gov/Archives/edgar/data/868857/000110465923118329/0001104659-23-118329-index.htm,https://www.sec.gov/Archives/edgar/data/868857/000110465923118329/acm-20230930x10k.htm
2022-09-30,ACM,USD,0000868857,2022-11-17,2022-11-16 18:44:12,2022,FY,1172209000.0,9400000,1172209000.0,3723111000.0,838402000.0,927490000.0,5822810000.0,967973000.0,3380761000,35600000.0,3416361000.0,354983000.0,284154000.0,293043000.0,5316514000.0,128716000.0,11268040000.0,2027314000.0,194206000,46336000,1051258000.0,2085057000.0,5404171000.0,2751994000,0,9224000,368547000,3129765000.0,128725000.0,759008000,8662661000.0,0.0,1389000.0,-701654000.0,-979675000.0,4156594000.0,2476654000.0,2605379000.0,11268040000.0,128725000.0,11268040000.0,354983000.0,2800600000,1628391000.0,https://www.sec.gov/Archives/edgar/data/868857/000110465922119637/0001104659-22-119637-index.htm,https://www.sec.gov/Archives/edgar/data/868857/000110465922119637/acm-20220930x10k.htm
2021-09-30,ACM,USD,0000868857,2021-11-17,2021-11-17 16:18:41,2021,FY,1229196000.0,0,1229196000.0,3988522000.0,878470000.0,955825000.0,6173543000.0,1005976000.0,3502499000,54900000.0,3557399000.0,328906000.0,360260000.0,307927000.0,5560468000.0,117050000.0,11851061000.0,2039967999.0,216138000,50511000,2260743000.0,3215098001.0,5521715000.0,2836799000,394999000,5420000,540443000,3382662000.0,117107000.0,849759000,9021484000.0,0.0,1432000.0,-504126000.0,-900377000.0,4115541000.0,2712470000.0,2829577000.0,11851061000.0,117107000.0,11851061000.0,328906000.0,2890637000,1661441000.0,https://www.sec.gov/Archives/edgar/data/868857/000110465921140569/0001104659-21-140569-index.htm,https://www.sec.gov/Archives/edgar/data/868857/000110465921140569/acm-20210930x10k.htm
2020-09-30,ACM,USD,0000868857,2020-11-19,2020-11-18 19:42:39,2020,FY,1708332000.0,0,1708332000.0,4532255000.0,1384120000.0,1289779000.0,7530366000.0,1033815000.0,3484221000,76900000.0,3561121000.0,229312000.0,357318000.0,287030000.0,5468596000.0,120975000.0,13119937000.0,2358228000.0,20874000,47103000,2093581000.0,2675368000.0,6090454000.0,2786423000,542255000,3491000,705039000,3494953000.0,120986000.0,745287000,9706393000.0,0.0,1570000.0,174248000.0,-918674000.0,4035414000.0,3292558000.0,3413544000.0,13119937000.0,120986000.0,13119937000.0,229312000.0,2807297000,1098965000.0,https://www.sec.gov/Archives/edgar/data/868857/000110465920126988/0001104659-20-126988-index.htm,https://www.sec.gov/Archives/edgar/data/868857/000110465920126988/acm-20200930x10k.htm
2024-12-31,VCEL,USD,0000887359,2025-02-27,2025-02-27 08:57:34,2024,FY,74520000.0,41693000,116213000.0,61375000.0,17373000.0,17816000.0,212777000.0,173259000.0,0,6250000.0,6250000.0,39880000.0,0.0,556000.0,219945000.0,0.0,432722000.0,23848000.0,9257000,0,0.0,17181000.0,50286000.0,89593000,0,0,876000,90469000.0,0.0,0,140755000.0,0.0,684778000.0,-392815000.0,4000.0,0.0,291967000.0,291967000.0,432722000.0,0.0,432722000.0,81573000.0,98850000,24330000.0,https://www.sec.gov/Archives/edgar/data/887359/000162828025008447/0001628280-25-008447-index.htm,https://www.sec.gov/Archives/edgar/data/887359/000162828025008447/vcel-20241231.htm
2023-12-31,VCEL,USD,0000887359,2024-02-29,2024-02-29 09:04:36,2023,FY,69088000.0,40469000,109557000.0,58356000.0,13087000.0,24631000.0,205631000.0,115097000.0,0,6875000.0,6875000.0,25283000.0,0.0,771000.0,148026000.0,0.0,353657000.0,22347000.0,6187000,0,0.0,17215000.0,45749000.0,81856000,0,0,100000,81956000.0,0.0,88043000,127705000.0,0.0,629229000.0,-403177000.0,-100000.0,0.0,225952000.0,225952000.0,353657000.0,0.0,353657000.0,65752000.0,88043000,18955000.0,https://www.sec.gov/Archives/edgar/data/887359/000162828024007824/0001628280-24-007824-index.htm,https://www.sec.gov/Archives/edgar/data/887359/000162828024007824/vcel-20231231.htm
2022-12-31,VCEL,USD,0000887359,2023-02-23,2023-02-23 09:03:02,2022,FY,51067000.0,68471000,119538000.0,46539000.0,15986000.0,4803000.0,186866000.0,57372000.0,0,7500000.0,7500000.0,19962000.0,0.0,1303000.0,86137000.0,0.0,273003000.0,16930000.0,4302000,0,0.0,16231000.0,37463000.0,43268000,0,0,0,43268000.0,0.0,47570000,80731000.0,0.0,593245000.0,-399995000.0,-978000.0,0.0,192272000.0,192272000.0,273003000.0,0.0,273003000.0,88433000.0,47570000,-3497000.0,https://www.sec.gov/Archives/edgar/data/887359/000162828023004714/0001628280-23-004714-index.htm,https://www.sec.gov/Archives/edgar/data/887359/000162828023004714/vcel-20221231.htm
2021-12-31,VCEL,USD,0000887359,2022-02-24,2022-02-24 09:03:00,2021,FY,68330000.0,35068000,103398000.0,37437000.0,13381000.0,4246000.0,158462000.0,59028000.0,0,0.0,0.0,25687000.0,0.0,528000.0,85243000.0,0.0,243705000.0,9016000.0,2991000,0,14045000.0,14045000.0,26052000.0,47191000,0,0,0,47191000.0,0.0,50182000,73243000.0,0.0,553902000.0,-383286000.0,-154000.0,0.0,170462000.0,170462000.0,243705000.0,0.0,243705000.0,60755000.0,50097000,-18233000.0,https://www.sec.gov/Archives/edgar/data/887359/000162828022003661/0001628280-22-003661-index.htm,https://www.sec.gov/Archives/edgar/data/887359/000162828022003661/vcel-20211231.htm
2020-12-31,VCEL,USD,0000887359,2021-02-24,2021-02-24 16:48:01,2020,FY,33620000.0,42187000,75807000.0,34504000.0,9356000.0,3893000.0,123560000.0,57738000.0,0,0.0,0.0,24099000.0,0.0,211000.0,82048000.0,0.0,205608000.0,6755000.0,4435000,0,11293000.0,11293000.0,22483000.0,48865000,0,0,0,48865000.0,0.0,53300000,71348000.0,0.0,510061000.0,-375815000.0,14000.0,0.0,134260000.0,134260000.0,205608000.0,0.0,205608000.0,66286000.0,53183000,19563000.0,https://www.sec.gov/Archives/edgar/data/887359/000162828021003081/0001628280-21-003081-index.htm,https://www.sec.gov/Archives/edgar/data/887359/000162828021003081/vcel-20201231.htm
2024-12-31,LILA,USD,0001712184,2025-02-19,2025-02-19 16:48:56,2024,FY,10400000.0,0,10400000.0,0.0,0.0,256600000.0,267000000.0,4062400000.0,2981000000,2227600000.0,5208600000.0,0.0,0.0,1397500000.0,10668500000.0,1864500000.0,12800000000.0,441900000.0,465700000,0,116300000.0,1020000000.0,2043900000.0,7702000000,0,580300000,847800000,9130100000.0,0.0,0,11174000000.0,0.0,0.0,-3598700000.0,-154200000.0,4873900000.0,1121000000.0,1626000000.0,12800000000.0,505000000.0,12800000000.0,949800000.0,8167700000,8157300000.0,https://www.sec.gov/Archives/edgar/data/1712184/000171218425000031/0001712184-25-000031-index.htm,https://www.sec.gov/Archives/edgar/data/1712184/000171218425000031/lila-20241231.htm
2023-12-31,LILA,USD,0001712184,2024-02-22,2024-02-22 16:42:18,2023,FY,988600000.0,91900000,988600000.0,903300000.0,0.0,520300000.0,2412200000.0,4205700000.0,3483400000,2134400000.0,5617800000.0,157400000.0,0.0,1201500000.0,11182400000.0,0.0,13594600000.0,424400000.0,666200000,0,167100000.0,874900000.0,2132600000.0,7598000000,91600000,630600000,832100000,9152300000.0,0.0,84300000,11284900000.0,0.0,2400000.0,-2941700000.0,-198000000.0,4900800000.0,1763500000.0,2309700000.0,13594600000.0,546200000.0,13594600000.0,249300000.0,8264200000,7275600000.0,https://www.sec.gov/Archives/edgar/data/1712184/000171218424000030/0001712184-24-000030-index.htm,https://www.sec.gov/Archives/edgar/data/1712184/000171218424000030/lila-20231231.htm
2022-12-31,LILA,USD,0001712184,2023-02-22,2023-02-22 17:09:05,2022,FY,781000000.0,91300000,781000000.0,802600000.0,65100000.0,495300000.0,2078900000.0,4293600000.0,3421300000,2280900000.0,5702200000.0,2192000000.0,0.0,-691500000.0,11496300000.0,0.0,13575200000.0,525100000.0,303600000,0,151700000.0,793400000.0,1761900000.0,7653800000,109300000,691200000,792900000,9247200000.0,0.0,76700000,11009100000.0,0.0,2400000.0,-2869500000.0,-149200000.0,4933700000.0,1917400000.0,2566100000.0,13575200000.0,648700000.0,13575200000.0,2192000000.0,7957400000,7176400000.0,https://www.sec.gov/Archives/edgar/data/1712184/000171218423000031/0001712184-23-000031-index.htm,https://www.sec.gov/Archives/edgar/data/1712184/000171218423000031/lila-20221231.htm
2021-12-31,LILA,USD,0001712184,2022-02-23,2022-02-23 06:25:39,2021,FY,956700000.0,15100000,956700000.0,705000000.0,67700000.0,390200000.0,2066200000.0,4168400000.0,3948000000,2381000000.0,6329000000.0,2450400000.0,-2450400000.0,2822400000.0,13319800000.0,0.0,15386000000.0,398000000.0,188300000,0,148000000.0,1459900000.0,1514500000.0,7459600000,152600000,696300000,2649600000,10958100000.0,0.0,82000000,12472600000.0,0.0,2300000.0,-2677900000.0,-89700000.0,5001300000.0,2236000000.0,2913400000.0,15386000000.0,677400000.0,15386000000.0,2450400000.0,7647900000,6691200000.0,https://www.sec.gov/Archives/edgar/data/1712184/000171218422000059/0001712184-22-000059-index.htm,https://www.sec.gov/Archives/edgar/data/1712184/000171218422000059/lila-20211231.htm
2020-12-31,LILA,USD,0001712184,2021-03-01,2021-03-01 06:50:27,2020,FY,894200000.0,700000,894200000.0,636100000.0,62600000.0,417300000.0,1951900000.0,4911400000.0,4885500000,2324500000.0,7210000000.0,2757500000.0,-2757500000.0,1156700000.0,13278100000.0,0.0,15230000000.0,425300000.0,225100000,0,184900000.0,854100000.0,1705000000.0,8195500000,185300000,619900000,1080600000,10081300000.0,0.0,63400000,11786300000.0,0.0,2300000.0,-2134500000.0,-125600000.0,4972500000.0,2714700000.0,3443700000.0,15230000000.0,729000000.0,15230000000.0,2757500000.0,8357200000,7463000000.0,https://www.sec.gov/Archives/edgar/data/1712184/000171218421000031/0001712184-21-000031-index.htm,https://www.sec.gov/Archives/edgar/data/1712184/000171218421000031/lila-20201231.htm
2024-12-31,FBRT,USD,0001562528,2025-02-26,2025-02-26 16:24:55,2024,FY,184443000.0,202973000,387416000.0,42225000.0,0.0,12421000.0,429641000.0,0.0,0,39834000.0,39834000.0,0.0,0.0,0.0,39834000.0,5532911000.0,6002386000.0,14443000.0,236608000,0,0.0,51634000.0,302685000.0,4076339000,0,0,90461000,4166800000.0,12844000.0,0,4482329000.0,89748000.0,818000.0,-348074000.0,79000.0,1769991000.0,1512562000.0,1520057000.0,6002386000.0,7495000.0,6002386000.0,202973000.0,4312947000,4128504000.0,https://www.sec.gov/Archives/edgar/data/1562528/000156252825000013/0001562528-25-000013-index.htm,https://www.sec.gov/Archives/edgar/data/1562528/000156252825000013/bsprt-20241231.htm
2023-12-31,FBRT,USD,0001562528,2024-02-26,2024-02-26 16:35:33,2023,FY,337595000.0,6092000,343687000.0,4989767000.0,0.0,226626000.0,5431118000.0,0.0,0,42793000.0,42793000.0,242569000.0,0.0,115830000.0,401192000.0,122870000.0,5955180000.0,13339000.0,174055000,0,0.0,83129000.0,270523000.0,4008700000,0,0,89748000,4098448000.0,-89748000.0,0,4279223000.0,348490000.0,820000.0,-298942000.0,-703000.0,1599197000.0,1648862000.0,1675957000.0,5955180000.0,27095000.0,5955180000.0,242569000.0,4182755000,3845160000.0,https://www.sec.gov/Archives/edgar/data/1562528/000156252824000008/0001562528-24-000008-index.htm,https://www.sec.gov/Archives/edgar/data/1562528/000156252824000008/bsprt-20231231.htm
2022-12-31,FBRT,USD,0001562528,2023-03-16,2023-03-16 16:02:39,2022,FY,179314000.0,235728000,415042000.0,5321051000.0,127772000.0,11173000.0,5747266000.0,-6203601000.0,0,54831000.0,54831000.0,221025000.0,6203601000.0,180479000.0,456335000.0,0.0,6203601000.0,17668000.0,440008000,0,0.0,64461000.0,522137000.0,3701164000,4530465000,-4530465000,401912000,4103076000.0,0.0,6428000,4625213000.0,258742000.0,826000.0,-299225000.0,390000.0,1602247000.0,1562980000.0,1578388000.0,6203601000.0,15408000.0,6203601000.0,456753000.0,4448272000,4268958000.0,https://www.sec.gov/Archives/edgar/data/1562528/000156252823000016/0001562528-23-000016-index.htm,https://www.sec.gov/Archives/edgar/data/1562528/000156252823000016/bsprt-20221231.htm
2021-12-31,FBRT,USD,0001562528,2022-02-25,2022-02-25 17:25:36,2021,FY,154929000.0,4566871000,154929000.0,4528239000.0,90048000.0,70037000.0,4766800000.0,-9474701000.0,0,48472000.0,48472000.0,4566871000.0,9474701000.0,92558000.0,4707901000.0,0.0,9474701000.0,12705000.0,4178784000,0,0.0,50576000.0,4242065000.0,2765017000,7666645000,-7666645000,756218000,3521235000.0,0.0,0,7763300000.0,969173000.0,441000.0,-167179000.0,-62000.0,1865466000.0,1705637000.0,1711401000.0,9474701000.0,5764000.0,9474701000.0,9133742000.0,7571069000,7416140000.0,https://www.sec.gov/Archives/edgar/data/1562528/000156252822000007/0001562528-22-000007-index.htm,https://www.sec.gov/Archives/edgar/data/1562528/000156252822000007/bsprt-20211231.htm
2020-12-31,FBRT,USD,0001562528,2021-03-11,2021-03-10 20:31:24,2020,FY,82071000.0,171136000,82071000.0,2875343000.0,26510000.0,8538000.0,2976022000.0,-3189761000.0,0,13546000.0,13546000.0,171136000.0,3189761000.0,29057000.0,213739000.0,0.0,3189761000.0,5125000.0,186828000,0,0.0,27323000.0,219276000.0,1822488000,2182063000,-2182063000,349553000,2172041000.0,0.0,0,2391317000.0,209254000.0,446000.0,-106471000.0,-8256000.0,703471000.0,798444000.0,2855515000.0,3189761000.0,2057071000.0,3189761000.0,171136000.0,2149212000,2067141000.0,https://www.sec.gov/Archives/edgar/data/1562528/000156252821000007/0001562528-21-000007-index.htm,https://www.sec.gov/Archives/edgar/data/1562528/000156252821000007/bsprt-20201231.htm
2023-12-31,ATDS,USD,0001068689,2024-04-17,2024-04-16 21:56:05,2023,FY,84570.0,0,84570.0,309768.0,0.0,29467.0,423805.0,732141.0,0,3525816.0,3525816.0,0.0,0.0,2771861.0,7029818.0,0.0,7453623.0,2004462.0,7119711,0,1627572.0,3049671.0,13801416.0,1453078,195997,0,0,1649075.0,0.0,367997,15450491.0,150.0,61564.0,-55656836.0,0.0,47598254.0,-7996868.0,-7996868.0,7453623.0,0.0,7453623.0,0.0,8572789,8488219.0,https://www.sec.gov/Archives/edgar/data/1068689/000149315224014964/0001493152-24-014964-index.htm,https://www.sec.gov/Archives/edgar/data/1068689/000149315224014964/form10-k.htm
2022-12-31,ATDS,USD,0001068689,2023-08-24,2023-08-23 21:58:13,2022,FY,1712.0,0,1712.0,31978.0,2726188.0,2817392.0,2851082.0,832179.0,0,454331.0,454331.0,0.0,0.0,45673.0,1332183.0,0.0,4183265.0,427553.0,5277112,0,1704249.0,1195152.0,8604066.0,3557150,788902,0,0,4346052.0,0.0,578803,12950118.0,150.0,2611.0,-51412128.0,0.0,42642514.0,-8766853.0,-8766853.0,4183265.0,0.0,4183265.0,0.0,8834262,8832550.0,https://www.sec.gov/Archives/edgar/data/1068689/000149315223030030/0001493152-23-030030-index.htm,https://www.sec.gov/Archives/edgar/data/1068689/000149315223030030/form10-ka.htm
2021-12-31,ATDS,USD,0001068689,2022-03-31,2022-03-31 17:28:42,2021,FY,1204933.0,0,1204933.0,21569.0,0.0,70802.0,1297304.0,387688.0,0,1344819.0,1344819.0,0.0,0.0,31440.0,1763947.0,0.0,3061251.0,75628.0,3084888,0,1035185.0,376361.0,4502937.0,1929327,573411,0,278811,2781549.0,0.0,321071,7284486.0,150.0,122.0,-42033887.0,0.0,37810380.0,-4223235.0,-4223235.0,3061251.0,0.0,3061251.0,0.0,4829125,3624192.0,https://www.sec.gov/Archives/edgar/data/1068689/000149315222008586/0001493152-22-008586-index.htm,https://www.sec.gov/Archives/edgar/data/1068689/000149315222008586/form10-k.htm
2020-12-31,ATDS,USD,0001068689,2021-03-23,2021-03-23 17:27:14,2020,FY,58783.0,0,58783.0,136503.0,0.0,0.0,195286.0,572586.0,0,2310907.0,2310907.0,0.0,0.0,31440.0,2914933.0,0.0,3110219.0,178319.0,2210548,0,1478430.0,3215763.0,5617390.0,893565,39733,0,50203,983501.0,0.0,511805,6600891.0,150.0,1044013.0,-35518584.0,0.0,30983749.0,-3490672.0,-3490672.0,3110219.0,0.0,3110219.0,0.0,2913378,2854595.0,https://www.sec.gov/Archives/edgar/data/1068689/000149315221006652/0001493152-21-006652-index.htm,https://www.sec.gov/Archives/edgar/data/1068689/000149315221006652/form10-k.htm
2019-12-31,ATDS,USD,0001068689,2020-04-17,2020-04-17 13:33:31,2019,FY,18673.0,0,18673.0,63556.0,8301.0,1614.0,91337.0,495515.0,0,3141938.0,3141938.0,0.0,0.0,20944.0,3658397.0,0.0,3749734.0,379325.0,3498703,0,728749.0,4888131.0,9494908.0,426480,224797,0,0,651277.0,0.0,547277,10146185.0,1.0,9692.0,-21610915.0,0.0,15204771.0,-6396451.0,-6396451.0,3749734.0,0.0,3749734.0,0.0,3925183,3906510.0,https://www.sec.gov/Archives/edgar/data/1068689/000149315220006607/0001493152-20-006607-index.htm,https://www.sec.gov/Archives/edgar/data/1068689/000149315220006607/form10-k.htm
2024-12-31,G,USD,0001398659,2025-03-03,2025-03-03 13:47:19,2024,FY,648246000.0,23359000,671605000.0,1231178000.0,0.0,177321000.0,2080104000.0,390133000.0,1669769000,26950000.0,1696719000.0,0.0,269476000.0,550721000.0,2907049000.0,0.0,4987153000.0,36469000.0,78845000,35431000,0.0,812994000.0,963739000.0,153587000,0,15908000,1464308000,1633803000.0,0.0,0,2597542000.0,0.0,1740000.0,1236696000.0,-794086000.0,1945261000.0,2389611000.0,2389611000.0,4987153000.0,0.0,4987153000.0,23359000.0,232432000,-415814000.0,https://www.sec.gov/Archives/edgar/data/1398659/000139865925000035/0001398659-25-000035-index.htm,https://www.sec.gov/Archives/edgar/data/1398659/000139865925000035/g-20241231.htm
2023-12-31,G,USD,0001398659,2024-02-29,2024-02-29 14:37:57,2023,FY,583670000.0,4406000,583670000.0,1133727000.0,0.0,174112000.0,1891509000.0,393736000.0,1683782000,53028000.0,1736810000.0,100759000.0,298921000.0,383978000.0,2914204000.0,0.0,4805713000.0,27739000.0,503392000,38458000,112435000.0,635908000.0,1317932000.0,999609000,59393000,11706000,168681000,1239389000.0,0.0,236039000,2557321000.0,0.0,1789000.0,1085209000.0,-722550000.0,1883944000.0,2248392000.0,2248392000.0,4805713000.0,0.0,4805713000.0,105165000.0,1503001000,919331000.0,https://www.sec.gov/Archives/edgar/data/1398659/000139865924000031/0001398659-24-000031-index.htm,https://www.sec.gov/Archives/edgar/data/1398659/000139865924000031/g-20231231.htm
2022-12-31,G,USD,0001398659,2023-03-01,2023-03-01 12:33:17,2022,FY,646765000.0,5372000,646765000.0,1009667000.0,1.0,123060000.0,1779492000.0,379124000.0,1684196000,89715000.0,1773911000.0,70276000.0,135483000.0,450528000.0,2809322000.0,0.0,4588814000.0,35809000.0,246784000,45306000,160625000.0,614797000.0,1103321000.0,1451353000,56157000,4176000,147649000,1659335000.0,0.0,271848000,2762656000.0,0.0,1823000.0,780007000.0,-733125000.0,1777453000.0,1826158000.0,1826158000.0,4588814000.0,0.0,4588814000.0,70276000.0,1670750000,1023985000.0,https://www.sec.gov/Archives/edgar/data/1398659/000139865923000009/0001398659-23-000009-index.htm,https://www.sec.gov/Archives/edgar/data/1398659/000139865923000009/g-20221231.htm
2021-12-31,G,USD,0001398659,2022-03-01,2022-03-01 12:52:59,2021,FY,899458000.0,5839000,899458000.0,899045000.0,103743000.0,123138000.0,1921641000.0,485692000.0,1731027000,169635000.0,1900662000.0,238794000.0,106322000.0,322158000.0,3053628000.0,0.0,4975269000.0,24984000.0,463573000,47353000,160602000.0,612289000.0,1308801000.0,1536480000,80222000,3942000,148691000,1769335000.0,0.0,344144000,3078136000.0,0.0,1847000.0,732474000.0,-554353000.0,1717165000.0,1897133000.0,1897133000.0,4975269000.0,0.0,4975269000.0,238794000.0,1965207000,1065749000.0,https://www.sec.gov/Archives/edgar/data/1398659/000139865922000009/0001398659-22-000009-index.htm,https://www.sec.gov/Archives/edgar/data/1398659/000139865922000009/g-20211231.htm
2020-12-31,G,USD,0001398659,2021-03-01,2021-03-01 13:15:39,2020,FY,680440000.0,8774000,680440000.0,892691000.0,150089000.0,175737000.0,1748868000.0,535836000.0,1695688000,236732000.0,1932420000.0,225897000.0,106674000.0,323818000.0,3124645000.0,0.0,4873513000.0,13910000.0,358082000,41941000,154717000.0,633986000.0,1202636000.0,1627692000,68760000,1516000,138680000,1836648000.0,0.0,394866000,3039284000.0,0.0,1885000.0,741658000.0,-545340000.0,1636026000.0,1834229000.0,1834229000.0,4873513000.0,0.0,4873513000.0,225897000.0,1936750000,1256310000.0,https://www.sec.gov/Archives/edgar/data/1398659/000156459021009746/0001564590-21-009746-index.htm,https://www.sec.gov/Archives/edgar/data/1398659/000156459021009746/g-10k_20201231.htm
2024-12-31,VYND,USD,0001745078,2025-03-24,2025-03-24 16:05:18,2024,FY,68988.0,0,68988.0,9434.0,0.0,8781.0,87203.0,0.0,0,0.0,0.0,0.0,0.0,0.0,0.0,0.0,87203.0,0.0,80768,0,0.0,233800.0,314568.0,0,0,0,0,0.0,0.0,0,314568.0,0.0,1833.0,-2785530.0,0.0,2556332.0,-227365.0,-227365.0,87203.0,0.0,87203.0,0.0,80768,11780.0,https://www.sec.gov/Archives/edgar/data/1745078/000107997325000452/0001079973-25-000452-index.htm,https://www.sec.gov/Archives/edgar/data/1745078/000107997325000452/vynd_10k-123124.htm
2023-12-31,VYND,USD,0001745078,2024-03-22,2024-03-22 16:35:58,2023,FY,14513.0,0,14513.0,13411.0,0.0,8481.0,36405.0,0.0,0,0.0,0.0,0.0,0.0,0.0,0.0,0.0,36405.0,277524.0,527807,0,0.0,0.0,805331.0,0,0,0,0,0.0,0.0,0,805331.0,0.0,1160.0,-2524338.0,0.0,1754252.0,-768926.0,-768926.0,36405.0,0.0,36405.0,0.0,527807,513294.0,https://www.sec.gov/Archives/edgar/data/1745078/000107997324000407/0001079973-24-000407-index.htm,https://www.sec.gov/Archives/edgar/data/1745078/000107997324000407/vynd_10k.htm
2022-12-31,VYND,USD,0001745078,2023-03-21,2023-03-21 16:18:45,2022,FY,503.0,0,503.0,15764.0,0.0,8061.0,24328.0,0.0,0,0.0,0.0,0.0,0.0,0.0,0.0,0.0,24328.0,290788.0,369029,0,-290788.0,0.0,659817.0,0,0,0,0,659817.0,-659817.0,0,659817.0,0.0,1160.0,-2260901.0,0.0,1624252.0,-635489.0,-635489.0,24328.0,0.0,24328.0,0.0,369029,368526.0,https://www.sec.gov/Archives/edgar/data/1745078/000155335023000194/0001553350-23-000194-index.htm,https://www.sec.gov/Archives/edgar/data/1745078/000155335023000194/vynd_10k.htm
2021-12-31,VYND,USD,0001745078,2022-03-31,2022-03-31 17:30:39,2021,FY,1716.0,0,1716.0,15764.0,0.0,15820.0,25390.0,0.0,0,0.0,0.0,0.0,0.0,0.0,0.0,0.0,25390.0,267006.0,250250,0,-267006.0,0.0,517256.0,0,0,0,0,0.0,0.0,0,517256.0,0.9999999997671694,1160.0,-1987278.0,2.220446049250313e-10,1494252.0,-491866.0,-491866.0,25390.0,0.0,25390.0,0.0,250250,248534.0,https://www.sec.gov/Archives/edgar/data/1745078/000155335022000284/0001553350-22-000284-index.htm,https://www.sec.gov/Archives/edgar/data/1745078/000155335022000284/vynd_10k.htm
2020-12-31,VYND,USD,0001745078,2021-04-07,2021-04-07 16:19:18,2020,FY,7229.0,0,7229.0,17564.0,0.0,26412.0,37999.0,0.0,0,0.0,0.0,0.0,0.0,0.0,0.0,0.0,37999.0,256784.0,122575,0,-256784.0,0.0,379359.0,8925,0,0,0,8925.0,0.0,0,388284.0,0.0,1160.0,-1715697.0,0.0,1364252.0,-350285.0,-350285.0,37999.0,0.0,37999.0,0.0,131500,124271.0,https://www.sec.gov/Archives/edgar/data/1745078/000155335021000278/0001553350-21-000278-index.htm,https://www.sec.gov/Archives/edgar/data/1745078/000155335021000278/vynd_10k.htm
2024-12-31,GLTO,USD,0001800315,2025-03-19,2025-03-19 16:00:27,2024,FY,14175000.0,0,14175000.0,0.0,0.0,2664000.0,16839000.0,73000.0,0,0.0,0.0,0.0,0.0,220000.0,293000.0,0.0,17132000.0,377000.0,12000,0,0.0,808000.0,1197000.0,61000,0,0,43000,104000.0,0.0,12000,1301000.0,1360000.0,0.0,-277524000.0,97000.0,291898000.0,15831000.0,15831000.0,17132000.0,0.0,17132000.0,0.0,73000,-14102000.0,https://www.sec.gov/Archives/edgar/data/1800315/000095017025041981/0000950170-25-041981-index.htm,https://www.sec.gov/Archives/edgar/data/1800315/000095017025041981/glto-20241231.htm
2023-12-31,GLTO,USD,0001800315,2024-03-08,2024-03-08 16:00:30,2023,FY,21465000.0,11686000,33151000.0,1718000.0,1.0,1904999.0,36774000.0,325000.0,0,0.0,0.0,0.0,0.0,1128000.0,1453000.0,0.0,38227000.0,1702000.0,183000,0,0.0,3945000.0,5830000.0,66000,0,0,0,66000.0,0.0,249000,5896000.0,0.0,0.0,-256085000.0,380000.0,288036000.0,32331000.0,32331000.0,38227000.0,0.0,38227000.0,11686000.0,249000,-21216000.0,https://www.sec.gov/Archives/edgar/data/1800315/000095017024028610/0000950170-24-028610-index.htm,https://www.sec.gov/Archives/edgar/data/1800315/000095017024028610/glto-20231231.htm
2022-12-31,GLTO,USD,0001800315,2023-03-09,2023-03-09 06:02:02,2022,FY,32786000.0,27438000,60224000.0,1379000.0,2255000.0,2307000.0,63910000.0,1167000.0,0,0.0,0.0,5832000.0,0.0,2279000.0,9278000.0,0.0,73188000.0,3350000.0,476000,0,0.0,7281000.0,11107000.0,328000,0,0,0,328000.0,0.0,804000,11435000.0,0.0,0.0,-217736000.0,-244000.0,279733000.0,61753000.0,61753000.0,73188000.0,0.0,73188000.0,33270000.0,804000,-31982000.0,https://www.sec.gov/Archives/edgar/data/1800315/000095017023006807/0000950170-23-006807-index.htm,https://www.sec.gov/Archives/edgar/data/1800315/000095017023006807/glto-20221231.htm
2021-12-31,GLTO,USD,0001800315,2022-02-17,2022-02-17 16:26:50,2021,FY,62563000.0,37628000,100191000.0,2280000.0,7297000.0,7631000.0,110102000.0,1037000.0,0,0.0,0.0,9048000.0,0.0,2028000.0,12113000.0,0.0,122215000.0,1531000.0,399000,0,2176000.0,2614000.0,4544000.0,448000,0,0,0,448000.0,0.0,847000,4992000.0,0.0,0.0,-156112000.0,-320000.0,273655000.0,117223000.0,117223000.0,122215000.0,0.0,122215000.0,46676000.0,847000,-61716000.0,https://www.sec.gov/Archives/edgar/data/1800315/000156459022005569/0001564590-22-005569-index.htm,https://www.sec.gov/Archives/edgar/data/1800315/000156459022005569/glto-10k_20211231.htm
2020-12-31,GLTO,USD,0001800315,2021-03-29,2021-03-29 06:03:34,2020,FY,163582000.0,0,163582000.0,2209000.0,3262000.0,3504000.0,169295000.0,885000.0,0,0.0,0.0,254000.0,0.0,1162000.0,2301000.0,-2.9103830456733704e-11,171596000.0,2851000.0,374000,0,1998000.0,2341000.0,5566000.0,541000,0,0,0,541000.0,0.0,915000,6107000.0,0.0,0.0,-104360000.0,674000.0,269175000.0,165489000.0,165489000.0,171596000.0,0.0,171596000.0,254000.0,915000,-162667000.0,https://www.sec.gov/Archives/edgar/data/1800315/000156459021015916/0001564590-21-015916-index.htm,https://www.sec.gov/Archives/edgar/data/1800315/000156459021015916/glto-10k_20201231.htm
2024-12-31,AHH-PA,USD,0001569187,2025-02-28,2025-02-27 17:32:29,2024,FY,70642000.0,0,70642000.0,52860000.0,0.0,6381000.0,123502000.0,111827000.0,0,89739000.0,89739000.0,158151000.0,0.0,1788279000.0,2147996000.0,241365000.0,2512863000.0,143335000.0,151121000,0,5871000.0,23666000.0,323993000.0,1268449000,10530000,0,20222000,1299201000.0,0.0,124011000,1623194000.0,171085000.0,797000.0,0.0,2737000.0,496017000.0,670636000.0,679816000.0,2512863000.0,9180000.0,2512863000.0,158151000.0,1419570000,1348928000.0,https://www.sec.gov/Archives/edgar/data/1569187/000156918725000016/0001569187-25-000016-index.htm,https://www.sec.gov/Archives/edgar/data/1569187/000156918725000016/ahh-20241231.htm
2023-12-31,AHH-PA,USD,0001569187,2024-02-29,2024-02-28 18:02:50,2023,FY,27920000.0,28862000,27920000.0,172076000.0,0.0,129424000.0,329420000.0,113650000.0,0,109137000.0,109137000.0,142031000.0,-28862000.0,1839798000.0,2204616000.0,28862000.0,2562898000.0,159331000.0,273127000,0,0.0,41344000.0,473802000.0,1247235000,0,0,36683000,1283918000.0,0.0,123397000,1757720000.0,171085000.0,668000.0,-184724000.0,4906000.0,580687000.0,572622000.0,805178000.0,2562898000.0,232556000.0,2562898000.0,170893000.0,1520362000,1492442000.0,https://www.sec.gov/Archives/edgar/data/1569187/000156918724000012/0001569187-24-000012-index.htm,https://www.sec.gov/Archives/edgar/data/1569187/000156918724000012/ahh-20231231.htm
2022-12-31,AHH-PA,USD,0001569187,2023-02-23,2023-02-23 16:57:20,2022,FY,48139000.0,71983000,48139000.0,110350000.0,71983000.0,170281000.0,298254000.0,69228000.0,0,103870000.0,103870000.0,71983000.0,1400000.0,1697575000.0,1944056000.0,0.0,2242310000.0,120311000.0,0,0,17515000.0,0.0,137826000.0,1146415000,10935000,138427000,43120000,1200470000.0,0.0,84285000,1338296000.0,171085000.0,677000.0,-126875000.0,14679000.0,587884000.0,904014000.0,1160578000.0,2242310000.0,256564000.0,2242310000.0,143966000.0,1213546000,1165407000.0,https://www.sec.gov/Archives/edgar/data/1569187/000156918723000010/0001569187-23-000010-index.htm,https://www.sec.gov/Archives/edgar/data/1569187/000156918723000010/ahh-20221231.htm
2021-12-31,AHH-PA,USD,0001569187,2022-02-24,2022-02-23 19:05:59,2021,FY,35247000.0,2926000,35247000.0,47684000.0,-2925999.0,230721000.0,295307000.0,70482000.0,0,62038000.0,62038000.0,12685000.0,1451624000.0,45927000.0,1642756000.0,0.0,1938063000.0,60755000.0,15144000,0,4881000.0,26220000.0,107000000.0,980220000,11294000,-11294000,59726000,1051240000.0,0.0,77808000,1158240000.0,171085000.0,630000.0,-141360000.0,-33000.0,525030000.0,779823000.0,1004294000.0,1938063000.0,224471000.0,1938063000.0,12685000.0,995364000,960117000.0,https://www.sec.gov/Archives/edgar/data/1569187/000156918722000008/0001569187-22-000008-index.htm,https://www.sec.gov/Archives/edgar/data/1569187/000156918722000008/ahh-20211231.htm
2020-12-31,AHH-PA,USD,0001569187,2021-02-24,2021-02-23 21:28:32,2020,FY,40998000.0,90000,40998000.0,67132000.0,1165000.0,157571000.0,254159000.0,56304000.0,0,58154000.0,58154000.0,1078000.0,1503952000.0,43324000.0,1662812000.0,0.0,1916971000.0,73721000.0,20004000,0,6088000.0,-20004000.0,79809000.0,1003454000,6088000,-6088000,67838000,1080360000.0,0.0,59613000,1160169000.0,171085000.0,591000.0,-112356000.0,-8868000.0,472747000.0,756802000.0,990405000.0,1916971000.0,233603000.0,1916971000.0,1078000.0,1023458000,982460000.0,https://www.sec.gov/Archives/edgar/data/1569187/000156918721000013/0001569187-21-000013-index.htm,https://www.sec.gov/Archives/edgar/data/1569187/000156918721000013/ahh-20201231.htm
2023-12-31,AOGOW,USD,0001881741,2024-05-10,2024-05-10 13:45:30,2023,FY,79026.0,0,79026.0,0.0,0.0,584888.0,371470.0,0.0,0,0.0,0.0,0.0,0.0,19187175.0,19187175.0,0.0,19558645.0,0.0,1489996,981240,0.0,1566226.0,4037462.0,0,0,0,3622500,3622500.0,0.0,0,7659962.0,0.0,19187483.0,-7288800.0,0.0,0.0,11898683.0,11898683.0,19558645.0,0.0,19558645.0,19187175.0,1489996,1410970.0,https://www.sec.gov/Archives/edgar/data/1881741/000121390024041641/0001213900-24-041641-index.htm,https://www.sec.gov/Archives/edgar/data/1881741/000121390024041641/ea0204333-10k_arogo.htm
2022-12-31,AOGOW,USD,0001881741,2023-03-31,2023-03-31 13:15:59,2022,FY,52989.0,105941664,52989.0,0.0,0.0,163090.0,134534.0,0.0,0,0.0,0.0,105941664.0,0.0,0.0,105941664.0,0.0,106076198.0,0.0,0,275548,0.0,716042.0,991590.0,0,0,0,3622500,3622500.0,0.0,0,4614090.0,0.0,105941972.0,-4479864.0,0.0,0.0,101462108.0,101462108.0,106076198.0,0.0,106076198.0,105941664.0,67198,14209.0,https://www.sec.gov/Archives/edgar/data/1881741/000121390023025215/0001213900-23-025215-index.htm,https://www.sec.gov/Archives/edgar/data/1881741/000121390023025215/f10k2022_arogocap.htm
2021-12-31,AOGOW,USD,0001881741,2022-03-31,2022-03-31 07:39:24,2021,FY,1007897.0,0,1007897.0,0.0,0.0,26800.0,1034698.0,0.0,0,0.0,0.0,105052500.0,0.0,0.0,105052500.0,0.0,106087198.0,0.0,47198,112876,0.0,78093.0,134415.0,0,0,0,3622500,3622500.0,0.0,0,3756915.0,0.0,105052808.0,-2981226.0,0.0,141863.0,102330283.0,102330283.0,106087198.0,0.0,106087198.0,105052500.0,47198,-960699.0,https://www.sec.gov/Archives/edgar/data/1881741/000121390022016411/0001213900-22-016411-index.htm,https://www.sec.gov/Archives/edgar/data/1881741/000121390022016411/f10k2021_arogocapital.htm
2023-12-31,EARN,USD,0001560672,2024-03-12,2024-03-12 16:06:48,2023,FY,38533000.0,0,38533000.0,58899000.0,0.0,0.0,97432000.0,0.0,0,0.0,0.0,773548000.0,0.0,-773548000.0,1514727001.0,-666469001.0,945690000.0,0.0,0,0,0.0,0.0,69256000.0,0,809452000,0,-809452000,0.0,809452000.0,0,809452000.0,0.0,186000.0,-138646000.0,0.0,274698000.0,136238000.0,136238000.0,945690000.0,0.0,945690000.0,773548000.0,729543000,-38533000.0,https://www.sec.gov/Archives/edgar/data/1560672/000156067224000017/0001560672-24-000017-index.htm,https://www.sec.gov/Archives/edgar/data/1560672/000156067224000017/earn-20231231.htm
2022-12-31,EARN,USD,0001560672,2023-03-10,2023-03-10 16:12:27,2022,FY,34816000.0,499000,34816000.0,55602000.0,0.0,0.0,90418000.0,0.0,0,0.0,0.0,893509000.0,1053632000.0,-1053632000.0,893509000.0,69705000.0,1053632000.0,50362000.0,0,0,-792093000.0,-50362000.0,50362000.0,0,941223000,0,-941223000,50362000.0,840499000.0,0,941223000.0,0.0,134000.0,-128665000.0,112409000.0,240940000.0,112409000.0,920048000.0,1053632000.0,807639000.0,1053632000.0,893509000.0,842455000,807639000.0,https://www.sec.gov/Archives/edgar/data/1560672/000156067223000021/0001560672-23-000021-index.htm,https://www.sec.gov/Archives/edgar/data/1560672/000156067223000021/earn-20221231.htm
2021-12-31,EARN,USD,0001560672,2022-03-11,2022-03-11 16:04:10,2021,FY,69028000.0,117505000,69028000.0,93166000.0,0.0,0.0,162194000.0,0.0,0,0.0,0.0,1311670000.0,1598466000.0,-1598466000.0,1311670000.0,124602000.0,1598466000.0,2844000.0,0,0,-1061991000.0,-2844000.0,2844000.0,0,1444241000,0,-1444241000,379406000.0,-379406000.0,0,2844000.0,0.0,131000.0,-84771000.0,-1.4210854715202004e-08,238865000.0,154225000.0,1150032000.0,1598466000.0,995807000.0,1598466000.0,1311670000.0,1064835000,995807000.0,https://www.sec.gov/Archives/edgar/data/1560672/000156067222000014/0001560672-22-000014-index.htm,https://www.sec.gov/Archives/edgar/data/1560672/000156067222000014/earn-20211231.htm
2020-12-31,EARN,USD,0001560672,2021-03-16,2021-03-16 10:15:18,2020,FY,58166000.0,2791000,58166000.0,51912000.0,0.0,0.0,110078000.0,0.0,0,0.0,0.0,1081672000.0,1194811000.0,-1194811000.0,1081672000.0,3061000.0,1194811000.0,1534000.0,0,0,-1013711000.0,-1534000.0,1534000.0,0,1028409000,0,-1028409000,13164000.0,-13164000.0,0,1534000.0,0.0,123000.0,-63335000.0,-7.105427357601002e-09,229614000.0,166402000.0,1123481000.0,1194811000.0,957079000.0,1194811000.0,1081672000.0,1015245000,957079000.0,https://www.sec.gov/Archives/edgar/data/1560672/000156067221000010/0001560672-21-000010-index.htm,https://www.sec.gov/Archives/edgar/data/1560672/000156067221000010/earn-20201231.htm
2019-12-31,EARN,USD,0001560672,2020-03-12,2020-03-12 14:47:45,2019,FY,35351000.0,2084000,35351000.0,45112000.0,0.0,0.0,80463000.0,0.0,0,0.0,0.0,1401778000.0,1489109000.0,-1489109000.0,1401778000.0,6868000.0,1489109000.0,3762000.0,0,0,-1292510000.0,-3762000.0,3762000.0,0,1328265000,0,-1328265000,31993000.0,-31993000.0,0,3762000.0,0.0,124000.0,-69638000.0,160844000.0,230358000.0,160844000.0,1421765000.0,1489109000.0,1260921000.0,1489109000.0,1401778000.0,1296272000,1260921000.0,https://www.sec.gov/Archives/edgar/data/1560672/000156067220000010/0001560672-20-000010-index.htm,https://www.sec.gov/Archives/edgar/data/1560672/000156067220000010/earn2019123110k.htm
2024-12-31,AJG,USD,0000354190,2025-02-18,2025-02-18 06:04:58,2024,FY,14987300000.0,0,14987300000.0,3895900000.0,0.0,25230100000.0,44113300000.0,1028100000.0,12270200000,4530100000.0,16800300000.0,0.0,959100000.0,1354400000.0,20141900000.0,0.0,64255200000.0,0.0,200000000,0,537200000.0,28523600000.0,29260800000.0,656200000,67100000,0,14091500000,14814800000.0,0.0,328100000,44075600000.0,0.0,250000000.0,4985700000.0,-1151100000.0,16095000000.0,20179600000.0,20205700000.0,64255200000.0,26100000.0,64255200000.0,0.0,528100000,-14459200000.0,https://www.sec.gov/Archives/edgar/data/354190/000095017025021775/0000950170-25-021775-index.htm,https://www.sec.gov/Archives/edgar/data/354190/000095017025021775/ajg-20241231.htm
2023-12-31,AJG,USD,0000354190,2024-02-09,2024-02-09 17:08:03,2023,FY,971500000.0,0,971500000.0,3786600000.0,0.0,27358000000.0,32116100000.0,1126700000.0,11475600000,4633300000.0,16108900000.0,0.0,1132300000.0,1131800000.0,19499700000.0,0.0,51615800000.0,0.0,959000000,0,644700000.0,29461000000.0,31064700000.0,7358200000,61500000,0,2316100000,9735800000.0,0.0,352200000,40800500000.0,0.0,216700000.0,4052900000.0,-792100000.0,7297800000.0,10775300000.0,10815300000.0,51615800000.0,40000000.0,51615800000.0,18100000.0,8317200000,7345700000.0,https://www.sec.gov/Archives/edgar/data/354190/000095017024013370/0000950170-24-013370-index.htm,https://www.sec.gov/Archives/edgar/data/354190/000095017024013370/ajg-20231231.htm
2022-12-31,AJG,USD,0000354190,2023-02-10,2023-02-10 15:16:33,2022,FY,342300000.0,57300000,342300000.0,2911100000.0,4621900000.0,18579200000.0,22834600000.0,922900000.0,9489400000,3372100000.0,12861500000.0,71100000.0,1299000000.0,918700000.0,16073200000.0,0.0,38907800000.0,18698200000.0,551900000,0,546700000.0,2091200000.0,21888000000.0,5863200000,62600000,300400000,1903800000,7829600000.0,0.0,300400000,29717600000.0,3562200000.0,211900000.0,3562200000.0,-1140400000.0,6509900000.0,9143600000.0,9190200000.0,38907800000.0,46600000.0,38907800000.0,128400000.0,6415100000,6072800000.0,https://www.sec.gov/Archives/edgar/data/354190/000095017023002456/0000950170-23-002456-index.htm,https://www.sec.gov/Archives/edgar/data/354190/000095017023002456/ajg-20221231.htm
2021-12-31,AJG,USD,0000354190,2022-02-18,2022-02-18 16:59:42,2021,FY,402600000.0,0,402600000.0,12393000000.0,4063700000.0,4874800000.0,17670400000.0,859400000.0,8666200000,3954000000.0,12620200000.0,3400000.0,1228500000.0,963100000.0,15674600000.0,0.0,33345000000.0,13845600000.0,473400000,0,520900000.0,1895100000.0,16735000000.0,6428800000,58700000,309300000,1562400000,8049900000.0,0.0,309300000,24784900000.0,2882300000.0,208500000.0,2882300000.0,-726100000.0,6143700000.0,8508400000.0,8560100000.0,33345000000.0,51700000.0,33345000000.0,3400000.0,6592900000,6190300000.0,https://www.sec.gov/Archives/edgar/data/354190/000156459022005714/0001564590-22-005714-index.htm,https://www.sec.gov/Archives/edgar/data/354190/000156459022005714/ajg-10k_20211231.htm
2020-12-31,AJG,USD,0000354190,2021-02-08,2021-02-05 17:42:30,2020,FY,664600000.0,0,664600000.0,6893100000.0,2909700000.0,3566500000.0,11124200000.0,824600000.0,6127000000,2399900000.0,8526900000.0,22400000.0,1085800000.0,747500000.0,11207200000.0,0.0,22331400000.0,7784600000.0,278600000,0,475600000.0,1596200000.0,10135000000.0,4907800000,65700000,320900000,990200000,5963700000.0,0.0,320900000,16098700000.0,2371700000.0,193700000.0,2371700000.0,-643600000.0,4264400000.0,6186200000.0,6232700000.0,22331400000.0,46500000.0,22331400000.0,22400000.0,4865500000,4200900000.0,https://www.sec.gov/Archives/edgar/data/354190/000156459021004555/0001564590-21-004555-index.htm,https://www.sec.gov/Archives/edgar/data/354190/000156459021004555/ajg-10k_20201231.htm
2024-12-31,SEM,USD,0001320414,2025-02-20,2025-02-20 17:03:48,2024,FY,59694000.0,0,59694000.0,821385000.0,0.0,138698000.0,1019777000.0,1780280000.0,2331898000,103183000.0,2435081000.0,0.0,0.0,372813000.0,4588174000.0,0.0,5607951000.0,142157000.0,199870000,6644000,0.0,628980000.0,977651000.0,787124000,0,81497000,1764584000,2633205000.0,0.0,0,3610856000.0,0.0,129000.0,770146000.0,0.0,911080000.0,1681355000.0,1691522000.0,5607951000.0,10167000.0,5607951000.0,0.0,986994000,927300000.0,https://www.sec.gov/Archives/edgar/data/1320414/000162828025006833/0001628280-25-006833-index.htm,https://www.sec.gov/Archives/edgar/data/1320414/000162828025006833/sem-20241231.htm
2023-12-31,SEM,USD,0001320414,2024-02-22,2024-02-22 16:33:43,2023,FY,84006000.0,58962000,142968000.0,940335000.0,0.0,174343000.0,1257646000.0,2212177000.0,3513170000,329916000.0,3843086000.0,316000000.0,0.0,60722000.0,6431985000.0,0.0,7689631000.0,174312000.0,344618000,1499000,263621000.0,728036000.0,1248465000.0,4613542000,0,143306000,110303000,4867151000.0,0.0,1285370000,6115616000.0,0.0,128000.0,751856000.0,42907000.0,493413000.0,1288304000.0,1574015000.0,7689631000.0,285711000.0,7689631000.0,58962000.0,4959545000,4875539000.0,https://www.sec.gov/Archives/edgar/data/1320414/000162828024006385/0001628280-24-006385-index.htm,https://www.sec.gov/Archives/edgar/data/1320414/000162828024006385/sem-20231231.htm
2022-12-31,SEM,USD,0001320414,2023-02-23,2023-02-23 16:34:08,2022,FY,97906000.0,74857000,97906000.0,941312000.0,-74857000.0,263963000.0,1271313000.0,2171180000.0,3484200000,351662000.0,3835862000.0,45200000.0,0.0,341738000.0,6393980000.0,0.0,7665293000.0,186729000.0,311468000,480000,0.0,656474000.0,1155151000.0,4859083000,0,169793000,90659000,5153578000.0,0.0,1260656000,6308729000.0,0.0,127000.0,581010000.0,88602000.0,452183000.0,1317531000.0,1586216000.0,7894945000.0,268685000.0,7894945000.0,120057000.0,5124740000,5026834000.0,https://www.sec.gov/Archives/edgar/data/1320414/000162828023004854/0001628280-23-004854-index.htm,https://www.sec.gov/Archives/edgar/data/1320414/000162828023004854/sem-20221231.htm
2021-12-31,SEM,USD,0001320414,2022-02-24,2022-02-24 16:34:25,2021,FY,74310000.0,0,74310000.0,889303000.0,0.0,175826000.0,1139439000.0,2040221000.0,3448912000,374879000.0,3823791000.0,18055000.0,-18055000.0,356720000.0,6220732000.0,0.0,7360171000.0,233844000.0,289259000,1437000,83883000.0,748537000.0,1273077000.0,4489604000,39033000,142792000,89763000,4761192000.0,0.0,1162553000,6034269000.0,0.0,134000.0,593251000.0,12282000.0,504314000.0,1325902000.0,1580856000.0,7360171000.0,254954000.0,7360171000.0,18055000.0,4719831000,4645521000.0,https://www.sec.gov/Archives/edgar/data/1320414/000162828022003840/0001628280-22-003840-index.htm,https://www.sec.gov/Archives/edgar/data/1320414/000162828022003840/sem-20211231.htm
2020-12-31,SEM,USD,0001320414,2021-02-25,2021-02-25 16:36:06,2020,FY,577061000.0,0,577061000.0,896763000.0,5686000.0,120176000.0,1594000000.0,1975637000.0,3379014000,387541000.0,3766555000.0,2500000.0,-2500000.0,319207000.0,6061399000.0,0.0,7655399000.0,177087000.0,453447000,7956000,404414000.0,799876000.0,1438366000.0,4264765000,398171000,132421000,168703000,4964060000.0,0.0,1095780000,6402426000.0,0.0,135000.0,553244000.0,-2027000.0,509128000.0,1060480000.0,1252973000.0,7655399000.0,192493000.0,7655399000.0,2500000.0,4497799000,3920738000.0,https://www.sec.gov/Archives/edgar/data/1320414/000162828021003313/0001628280-21-003313-index.htm,https://www.sec.gov/Archives/edgar/data/1320414/000162828021003313/sem-20201231.htm
2024-12-31,KVACU,USD,0001889983,2025-03-07,2025-03-06 21:50:54,2024,FY,54548.0,0,54548.0,0.0,0.0,9238.0,63786.0,0.0,0,0.0,0.0,0.0,0.0,70373065.0,70373065.0,0.0,70436851.0,0.0,0,0,0.0,1272898.0,1272898.0,0,0,0,2990000,2990000.0,0.0,0,4262898.0,0.0,70373507.0,-4199554.0,0.0,-70373065.0,-4199112.0,-4199112.0,70436851.0,0.0,70436851.0,0.0,600000,-54548.0,https://www.sec.gov/Archives/edgar/data/1889983/000121390025021314/0001213900-25-021314-index.htm,https://www.sec.gov/Archives/edgar/data/1889983/000121390025021314/ea0233013-10k_keenvision.htm
2023-12-31,KVACU,USD,0000000000,2024-03-29,2024-03-29 16:06:00,2023,FY,631753.0,154823318,631753.0,0.0,0.0,233862.0,865615.0,0.0,0,0.0,0.0,0.0,0.0,154823318.0,154823318.0,0.0,155688933.0,0.0,0,0,0.0,14000.0,14000.0,0,0,0,2990000,2990000.0,0.0,0,3004000.0,0.0,154823760.0,-3659998.0,1521171.0,0.0,152684933.0,152684933.0,155688933.0,0.0,155688933.0,154823318.0,0,-631753.0,https://www.sec.gov/Archives/edgar/data/1889983/000121390024027973/0001213900-24-027973-index.htm,https://www.sec.gov/Archives/edgar/data/1889983/000121390024027973/ea0201104-10k_keenvision.htm
2022-12-31,KVACU,USD,0000000000,2022-12-31,2022-12-30 19:00:00,2022,FY,77709.0,0,77709.0,0.0,0.0,2598.0,80307.0,0.0,0,0.0,0.0,0.0,0.0,114500.0,114500.0,0.0,194807.0,0.0,173573,0,0.0,0.0,173573.0,0,0,0,0,0.0,0.0,0,173573.0,0.0,374.0,-3766.0,0.0,24626.0,21234.0,21234.0,194807.0,0.0,194807.0,0.0,173573,95864.0,,
2021-12-31,KVACU,USD,0000000000,2021-12-31,2021-12-30 19:00:00,2021,FY,24924.0,0,24924.0,0.0,0.0,0.0,24924.0,0.0,0,0.0,0.0,0.0,0.0,114500.0,114500.0,0.0,139424.0,0.0,117497,0,0.0,0.0,117497.0,0,0,0,0,0.0,0.0,0,117497.0,0.0,374.0,-3073.0,0.0,24626.0,21927.0,21927.0,139424.0,0.0,139424.0,0.0,117497,92573.0,,
2024-12-31,HFFG,USD,0001680873,2025-03-17,2025-03-17 16:46:20,2024,FY,14467000.0,0,14467000.0,54346000.0,97783000.0,11507000.0,178103000.0,163516000.0,38815000,24911000.0,63726000.0,2350000.0,0.0,142296000.0,371888000.0,0.0,549991000.0,50592000.0,70867000,0,0.0,23740000.0,145199000.0,30054000,0,29392000,104052000,163498000.0,0.0,0,308697000.0,0.0,5000.0,-357199000.0,0.0,596485000.0,239291000.0,241294000.0,549991000.0,2003000.0,549991000.0,2350000.0,100921000,86454000.0,https://www.sec.gov/Archives/edgar/data/1680873/000168087325000006/0001680873-25-000006-index.htm,https://www.sec.gov/Archives/edgar/data/1680873/000168087325000006/hffg-20241231.htm
2023-12-31,HFFG,USD,0001680873,2024-03-26,2024-03-26 16:50:54,2023,FY,15232000.0,0,15232000.0,47832000.0,105618000.0,10145000.0,178827000.0,145850000.0,85118000,177806000.0,262924000.0,2388000.0,0.0,6531000.0,417693000.0,0.0,596520000.0,52014000.0,73963000,0,0.0,17287000.0,143264000.0,129354000,0,29028000,6891000,165273000.0,0.0,26098000,308537000.0,0.0,5000.0,-308688000.0,-5.6843418860808015e-08,595344000.0,286661000.0,287983000.0,596520000.0,1322000.0,596520000.0,2388000.0,203317000,188085000.0,https://www.sec.gov/Archives/edgar/data/1680873/000168087324000010/0001680873-24-000010-index.htm,https://www.sec.gov/Archives/edgar/data/1680873/000168087324000010/hffg-20231231.htm
2022-12-31,HFFG,USD,0001680873,2023-03-31,2023-03-31 16:21:19,2022,FY,24289000.0,0,24289000.0,44399000.0,120291000.0,8937000.0,197916000.0,154494000.0,85118000,194091000.0,279209000.0,2679000.0,11407000.0,-8176000.0,439613000.0,0.0,637529000.0,57044000.0,65252000,0,0.0,41594000.0,163890000.0,137475000,-5472000,34443000,5472000,177390000.0,0.0,27962000,341280000.0,0.0,5000.0,-306514000.0,0.0,598322000.0,291813000.0,296249000.0,637529000.0,4436000.0,637529000.0,2679000.0,230145000,205856000.0,https://www.sec.gov/Archives/edgar/data/1680873/000168087323000011/0001680873-23-000011-index.htm,https://www.sec.gov/Archives/edgar/data/1680873/000168087323000011/hffg-20221231.htm
2021-12-31,HFFG,USD,0001680873,2023-01-31,2023-01-31 16:08:57,2021,FY,14792000.0,0,14792000.0,36530000.0,102690000.0,5559000.0,159571000.0,157572000.0,80257000,195052000.0,275309000.0,2462000.0,0.0,2032000.0,437375000.0,0.0,596946000.0,59686000.0,65606000,1908000,0.0,28064000.0,155264000.0,107238000,-4500000,39455000,0,146693000.0,0.0,25683000,301957000.0,0.0,5000.0,-306284000.0,0.0,597227000.0,290948000.0,294989000.0,596946000.0,4041000.0,596946000.0,2462000.0,190678000,175886000.0,https://www.sec.gov/Archives/edgar/data/1680873/000168087323000004/0001680873-23-000004-index.htm,https://www.sec.gov/Archives/edgar/data/1680873/000168087323000004/hffg-20211231.htm
2020-12-31,HFFG,USD,0001680873,2021-03-16,2021-03-16 07:20:08,2020,FY,9580853.0,0,9580853.0,26119000.0,58535040.0,4810000.0,99045645.0,137800715.0,68511941,175797650.0,244309591.0,2377164.0,57478.0,694490.0,385239438.0,0.0,484285083.0,29637000.0,41236000,0,6178144.0,8854000.0,76701776.0,101017000,-7000000,46382704,0,142781874.0,0.0,8484000,219483650.0,0.0,5191.0,-327150398.0,0.0,587579000.0,260433886.0,264801433.0,484285083.0,4367547.0,484285083.0,2377164.0,135754289,126173436.0,https://www.sec.gov/Archives/edgar/data/1680873/000168087321000006/0001680873-21-000006-index.htm,https://www.sec.gov/Archives/edgar/data/1680873/000168087321000006/hffg-20201231.htm
2023-12-31,VCIG,MYR,0001930510,2024-04-30,2024-04-30 08:38:37,2023,FY,4637279.0,4122755,8760034.0,39738444.0,-28446968.0,28913597.0,48965107.0,4402064.0,0,4700894.0,4700894.0,38441622.0,0.0,21537950.0,69082530.0,0.0,118047637.0,2326371.0,1387644,251212,0.0,19021893.0,22987120.0,790295,0,0,1300359,2090654.0,0.0,1255340,25077774.0,0.0,44009131.0,42147317.0,10905775.0,0.0,97062223.0,92969863.0,118047637.0,-4092360.0,118047637.0,38441622.0,2177939,-2459340.0,https://www.sec.gov/Archives/edgar/data/1930510/000121390024037483/0001213900-24-037483-index.htm,https://www.sec.gov/Archives/edgar/data/1930510/000121390024037483/ea0203418-20f_vciglobal.htm
2022-12-31,VCIG,MYR,0001930510,2023-05-15,2023-05-15 14:49:27,2022,FY,3995995.0,195507,3995995.0,15542448.0,1.0,224085.0,19762528.0,2265722.0,0,0.0,0.0,12892042.0,339650.0,6564162.0,22061576.0,0.0,41824104.0,139102.0,1105750,1716794,0.0,10269216.0,13230862.0,732082,0,0,3586646,4318728.0,0.0,744959,17549590.0,0.0,13127427.0,6255851.0,6532560.0,0.0,25915838.0,24274514.0,41824104.0,-1641324.0,41824104.0,12892042.0,1837832,-2158163.0,https://www.sec.gov/Archives/edgar/data/1930510/000157587223000741/0001575872-23-000741-index.htm,https://www.sec.gov/Archives/edgar/data/1930510/000157587223000741/vcig-20221231.htm
2021-12-31,VCIG,MYR,0001930510,2021-12-31,2021-12-31 00:00:00,2021,FY,3122947.0,63589,3122947.0,4895100.0,-1181180.0,73561.0,8091608.0,152532.0,0,0.0,-339650.0,35531013.0,339650.0,339650.0,36023195.0,0.0,44114803.0,270659.0,812466,8284766,2010321.0,3466065.0,12833956.0,398526,1555000,0,11519078,11917604.0,0.0,0,24751560.0,0.0,220000.0,12981942.0,6532560.0,0.0,19734502.0,19363243.0,44114803.0,-371259.0,44114803.0,35531013.0,1210992,-1911955.0,,
2020-12-31,VCIG,MYR,0001930510,2020-12-31,2020-12-31 00:00:00,2020,FY,430796.0,0,430796.0,0.0,-3014790.0,0.0,3445586.0,12.0,0,0.0,0.0,0.0,0.0,0.0,12.0,0.0,3445598.0,0.0,0,881282,0.0,10861.0,892143.0,0,0,0,29967,29967.0,0.0,0,922110.0,0.0,220000.0,1819913.0,483575.0,0.0,2523488.0,2523488.0,3445598.0,0.0,3445598.0,0.0,0,-430796.0,,
2024-12-31,JOE,USD,0000745308,2025-02-26,2025-02-26 16:18:01,2024,FY,88756000.0,0,88756000.0,0.0,0.0,0.0,88756000.0,63524000.0,0,0.0,0.0,269965000.0,0.0,1056421000.0,1389910000.0,59908000.0,1538574000.0,22847000.0,0,1849000,59274000.0,-24696000.0,59274000.0,617650000,0,72358000,52557000,742565000.0,0.0,4772000,801839000.0,0.0,268668000.0,454193000.0,1419000.0,0.0,724280000.0,736735000.0,1538574000.0,12455000.0,1538574000.0,269965000.0,621010000,532254000.0,https://www.sec.gov/Archives/edgar/data/745308/000155837025001603/0001558370-25-001603-index.htm,https://www.sec.gov/Archives/edgar/data/745308/000155837025001603/joe-20241231x10k.htm
2023-12-31,JOE,USD,0000745308,2024-02-21,2024-02-21 16:18:41,2023,FY,86068000.0,0,86068000.0,53355000.0,4250000.0,16786000.0,160642000.0,66907000.0,0,0.0,0.0,270552000.0,0.0,1025429000.0,1362888000.0,0.0,1523530000.0,24340000.0,5125000,9239000,62836000.0,6491000.0,108031000.0,627768000,0,71829000,17412000,717009000.0,0.0,1091000,825040000.0,0.0,270848000.0,410371000.0,1843000.0,0.0,683062000.0,698490000.0,1523530000.0,15428000.0,1523530000.0,270552000.0,632893000,546825000.0,https://www.sec.gov/Archives/edgar/data/745308/000155837024001435/0001558370-24-001435-index.htm,https://www.sec.gov/Archives/edgar/data/745308/000155837024001435/joe-20231231x10k.htm
2022-12-31,JOE,USD,0000745308,2023-02-22,2023-02-22 16:22:05,2022,FY,37700000.0,40600000,78300000.0,23801000.0,3976000.0,16993000.0,78300000.0,39600000.0,0,0.0,-1430839000.0,254900000.0,1430839000.0,1058000000.0,1352500000.0,0.0,1430800000.0,69864000.0,0,3470000,38900000.0,-73298000.0,38900000.0,564695000,4415000,82700000,42358000,740800000.0,0.0,978000,779700000.0,358344000.0,270028000.0,358344000.0,2430000.0,0.0,651100000.0,671407000.0,1430800000.0,20307000.0,1430800000.0,303661000.0,563800000,526100000.0,https://www.sec.gov/Archives/edgar/data/745308/000155837023001760/0001558370-23-001760-index.htm,https://www.sec.gov/Archives/edgar/data/745308/000155837023001760/joe-20221231x10k.htm
2021-12-31,JOE,USD,0000745308,2022-02-23,2022-02-23 16:37:30,2021,FY,70200000.0,89000000,159200000.0,36779000.0,2797000.0,7175000.0,159200000.0,31100000.0,0,0.0,-1208151000.0,257500000.0,1208151000.0,760400000.0,1049000000.0,0.0,1208200000.0,48597000.0,0,681000,2140000.0,47849000.0,56254000.0,401712000,15497000,77300000,39809000,582100000.0,-56254000.0,1112000,582100000.0,310925000.0,296873000.0,310925000.0,-389000.0,0.0,626100000.0,644791000.0,1208200000.0,18691000.0,1208200000.0,346500000.0,400600000,330400000.0,https://www.sec.gov/Archives/edgar/data/745308/000155837022001751/0001558370-22-001751-index.htm,https://www.sec.gov/Archives/edgar/data/745308/000155837022001751/joe-20211231x10k.htm
2020-12-31,JOE,USD,0000745308,2021-02-24,2021-02-24 17:15:39,2020,FY,106800000.0,48100000,154900000.0,30281000.0,2026000.0,8306000.0,154900000.0,20800000.0,0,0.0,-59432000.0,246700000.0,59432000.0,614900000.0,882400000.0,0.0,1037300000.0,25376000.0,0,0,1344000.0,13079000.0,35118000.0,337328000,17976000,60900000,15824000,469100000.0,-35118000.0,1124000,469100000.0,255216000.0,296873000.0,255216000.0,-1472000.0,0.0,568200000.0,585753000.0,1037300000.0,17553000.0,1037300000.0,294800000.0,336200000,229400000.0,https://www.sec.gov/Archives/edgar/data/745308/000155837021001636/0001558370-21-001636-index.htm,https://www.sec.gov/Archives/edgar/data/745308/000155837021001636/joe-20201231x10k.htm
2024-12-31,TNYA,USD,0001858848,2025-03-10,2025-03-10 16:19:50,2024,FY,4323000.0,57123000,61446000.0,0.0,0.0,5929000.0,67375000.0,47748000.0,0,0.0,0.0,0.0,0.0,4817000.0,52565000.0,0.0,119940000.0,5162000.0,2778000,348000,0.0,7687000.0,15975000.0,10830000,0,0,281000,11111000.0,0.0,0,27086000.0,0.0,8000.0,-514411000.0,28000.0,607229000.0,92854000.0,92854000.0,119940000.0,0.0,119940000.0,57123000.0,13608000,9285000.0,https://www.sec.gov/Archives/edgar/data/1858848/000095017025036329/0000950170-25-036329-index.htm,https://www.sec.gov/Archives/edgar/data/1858848/000095017025036329/tnya-20241231.htm
2023-12-31,TNYA,USD,0001858848,2024-03-18,2024-03-18 16:10:11,2023,FY,45681000.0,58961000,104642000.0,0.0,0.0,6940000.0,111582000.0,53256000.0,0,0.0,0.0,0.0,0.0,5677000.0,58933000.0,0.0,170515000.0,5630000.0,4319000,0,0.0,12784000.0,22733000.0,8105000,0,0,253000,8358000.0,0.0,12424000,31091000.0,0.0,7000.0,-403282000.0,-106000.0,542805000.0,139424000.0,139424000.0,170515000.0,0.0,170515000.0,58961000.0,12424000,-33257000.0,https://www.sec.gov/Archives/edgar/data/1858848/000095017024032828/0000950170-24-032828-index.htm,https://www.sec.gov/Archives/edgar/data/1858848/000095017024032828/tnya-20231231.htm
2022-12-31,TNYA,USD,0001858848,2023-03-08,2023-03-08 16:34:20,2022,FY,95272000.0,91255000,204230000.0,0.0,-19948000.0,11271000.0,193754000.0,62695000.0,0,0.0,0.0,17703000.0,0.0,4793000.0,85191000.0,0.0,278945000.0,9578000.0,8012000,0,0.0,6658000.0,24248000.0,11093000,0,0,228000,11321000.0,243376000.0,15099000,278945000.0,0.0,7000.0,-279198000.0,-378000.0,522945000.0,243376000.0,243376000.0,278945000.0,0.0,278945000.0,108958.0,15099000,-80173000.0,https://www.sec.gov/Archives/edgar/data/1858848/000095017023006725/0000950170-23-006725-index.htm,https://www.sec.gov/Archives/edgar/data/1858848/000095017023006725/tnya-20221231.htm
2021-12-31,TNYA,USD,0001858848,2022-03-23,2022-03-23 16:27:25,2021,FY,38129000.0,213171000,251300000.0,0.0,0.0,8116000.0,255358000.0,54705000.0,0,0.0,-3005000.0,547000.0,2458000.0,4126000.0,58831000.0,0.0,314189000.0,10721000.0,3988000,0,8897000.0,7065000.0,21774000.0,13707000,-2458000,2458000,182000,13889000.0,0.0,15701000,35663000.0,314189000.0,4000.0,-155533000.0,-141000.0,434196000.0,278526000.0,278526000.0,314189000.0,0.0,314189000.0,213171000.0,13707000,-24422000.0,https://www.sec.gov/Archives/edgar/data/1858848/000095017022004426/0000950170-22-004426-index.htm,https://www.sec.gov/Archives/edgar/data/1858848/000095017022004426/tnya-20211231.htm
2020-12-31,TNYA,USD,0001858848,2020-12-31,2020-12-31 00:00:00,2020,FY,128535000.0,0,128535000.0,0.0,0.0,1429000.0,129964000.0,17185000.0,0,0.0,0.0,634000.0,0.0,378000.0,18197000.0,0.0,148161000.0,1017000.0,0,0,0.0,4024000.0,5041000.0,0,0,0,224435000,224435000.0,0.0,0,229476000.0,220754.0,1000.0,-82812000.0,-221754.0,1585000.0,-81315000.0,-81315000.0,148161000.0,0.0,148161000.0,634000.0,0,-128535000.0,,
2024-12-31,EH,CNY,0001759783,2024-12-31,2024-12-31 00:00:00,2024,FY,610877000.0,513683000,1124560000.0,58180000.0,75687000.0,98593000.0,1357020000.0,188657000.0,0,2617000.0,2617000.0,33764000.0,0.0,2440000.0,227478000.0,0.0,1584498000.0,127446000.0,87277000,0,0.0,255620000.0,470343000.0,146219000,0,0,12122001,158341001.0,0.0,138246000,628684001.0,0.0,90000.0,-1983079000.0,25538999.0,2913093000.0,955642999.0,955813999.0,1584498000.0,171000.0,1584498000.0,547447000.0,233496000,-377381000.0,,
2023-12-31,EH,CNY,0001759783,2024-04-15,2024-04-15 06:52:11,2023,FY,228250000.0,71891000,300141000.0,45971000.0,59488000.0,47448000.0,453048000.0,119151000.0,0,2426000.0,2426000.0,18369000.0,0.0,5651000.0,145597000.0,0.0,598645000.0,35101000.0,78931000,7731000,41865000.0,86447000.0,250075000.0,84616000,1486000,292000,47957000,134351000.0,0.0,80903000,384426000.0,0.0,80000.0,-1754542000.0,15079000.0,1953175000.0,213792000.0,214219000.0,598645000.0,427000.0,598645000.0,90260000.0,163547000,-64703000.0,https://www.sec.gov/Archives/edgar/data/1759783/000119312524095477/0001193125-24-095477-index.htm,https://www.sec.gov/Archives/edgar/data/1759783/000119312524095477/d709315d20f.htm
2022-12-31,EH,CNY,0001759783,2022-12-31,2022-12-31 00:00:00,2022,FY,249310000.0,0,249310000.0,31098000.0,72364000.0,21407000.0,387155000.0,120542000.0,0,1959000.0,1959000.0,9839000.0,0.0,11372000.0,143712000.0,0.0,530867000.0,35456000.0,126306000,7000,22809000.0,97763000.0,282341000.0,73759000,2928000,292000,46869000,123848000.0,0.0,75433000,406189000.0,0.0,75000.0,-1450374000.0,16201000.0,1558356000.0,124258000.0,124678000.0,530867000.0,420000.0,530867000.0,9839000.0,200065000,-49245000.0,,
2021-12-31,EH,CNY,0001759783,2022-04-28,2022-04-28 06:16:50,2021,FY,246863000.0,65108000,311971000.0,57549000.0,78075000.0,13068000.0,477150000.0,33821000.0,0,745000.0,745000.0,6143000.0,15208000.0,2367000.0,58284000.0,0.0,535434000.0,45560000.0,13000000,4000,16032000.0,61851000.0,136447000.0,17000000,2169000,292000,45480000,64941000.0,0.0,0,201388000.0,0.0,75000.0,-1122153000.0,-4695000.0,1459374000.0,332601000.0,334046000.0,535434000.0,1445000.0,535434000.0,71251000.0,30000000,-216863000.0,https://www.sec.gov/Archives/edgar/data/1759783/000119312522125165/0001193125-22-125165-index.htm,https://www.sec.gov/Archives/edgar/data/1759783/000119312522125165/d246892d20f.htm
2020-12-31,EH,CNY,0001759783,2021-06-15,2021-06-15 07:35:01,2020,FY,137840000.0,49271000,187111000.0,163863000.0,47094000.0,19632000.0,440703000.0,20869000.0,942000,120000.0,1062000.0,2919000.0,14934000.0,4062000.0,43846000.0,0.0,484549000.0,60406000.0,45000000,5595000,8322000.0,38724000.0,158047000.0,0,3030000,292000,45480000,48802000.0,0.0,0,206849000.0,0.0,72000.0,-808038000.0,2985000.0,1081299000.0,276318000.0,277700000.0,484549000.0,1382000.0,484549000.0,52190000.0,15000000,-122840000.0,https://www.sec.gov/Archives/edgar/data/1759783/000119312521190578/0001193125-21-190578-index.htm,https://www.sec.gov/Archives/edgar/data/1759783/000119312521190578/d71703d20f.htm
2024-03-31,SHECF,JPY,0000000000,2024-03-31,2024-03-29 20:00:00,2024,FY,1698999000000.0,20710000000,1719709000000.0,474763000000.0,720645000000.0,121392000000.0,3036509000000.0,1746577000000.0,0,10195000000.0,10195000000.0,283408000000.0,0.0,71285000000.0,2111465000000.0,0.0,5147974000000.0,161364000000.0,10386000000,73140000000,0.0,275505000000.0,520395000000.0,13913000000,12448000000,0,177147000000,203508000000.0,0.0,0,723903000000.0,0.0,119419000000.0,3520355000000.0,0.0,622991000000.0,4262765000000.0,4424073000000.0,5147974000000.0,161308000000.0,5147974000000.0,183758000000.0,24299000000,-1674700000000.0,,
2023-03-31,SHECF,JPY,0000000000,2023-03-31,2023-03-30 20:00:00,2023,FY,1247345000000.0,353303000000,1600648000000.0,466862000000.0,688477000000.0,107537000000.0,2863524000000.0,1518190000000.0,0,10351000000.0,10351000000.0,174887000000.0,75028000000.0,88414000000.0,1866870000000.0,0.0,4730394000000.0,185006000000.0,10998000000,65459000000,65459000000.0,246347000000.0,507810000000.0,18812000000,13325000000,112246000000,164235000000,196372000000.0,0.0,0,704182000000.0,0.0,119419000000.0,3310205000000.0,339155000000.0,444586000000.0,3874210000000.0,4026209000000.0,4730391000000.0,151999000000.0,4730391000000.0,528190000000.0,47095000000,-1200250000000.0,,
2022-03-31,SHECF,JPY,0000000000,2022-03-31,2022-03-30 20:00:00,2022,FY,1008925000000.0,427155000000,1436080000000.0,467695000000.0,453659000000.0,80541000000.0,2437975000000.0,1290165000000.0,0,10535000000.0,10535000000.0,165099000000.0,65594000000.0,84044000000.0,1615437000000.0,0.0,4053412000000.0,177682000000.0,13461000000,73756000000,73756000000.0,212860000000.0,477759000000.0,16940000000,6969000000,66833000000,55701000000,146443000000.0,0.0,0,624202000000.0,0.0,119419000000.0,2993026000000.0,103462000000.0,216853000000.0,3329298000000.0,3429208000000.0,4053410000000.0,99910000000.0,4053410000000.0,592254000000.0,38955000000,-969970000000.0,,
2021-03-31,SHECF,JPY,0000000000,2021-03-31,2021-03-30 20:00:00,2021,FY,801597000000.0,351324000000,1152921000000.0,337868000000.0,365031000000.0,59089000000.0,1914909000000.0,1165149000000.0,0,8922000000.0,8922000000.0,154324000000.0,58703000000.0,78608000000.0,1465706000000.0,0.0,3380615000000.0,125410000000.0,11768000000,48049000000,48049000000.0,178019000000.0,363246000000.0,15986000000,5488000000,55289000000,53979000000,130742000000.0,0.0,0,493988000000.0,0.0,119419000000.0,2616081000000.0,-36689000000.0,79653000000.0,2815152000000.0,2886625000000.0,3380613000000.0,71473000000.0,3380613000000.0,505648000000.0,34454000000,-767143000000.0,,
2020-03-31,SHECF,JPY,0000000000,2020-03-31,2020-03-30 20:00:00,2020,FY,745126000000.0,342699000000,1087825000000.0,318303000000.0,365665000000.0,52726000000.0,1824519000000.0,1119915000000.0,0,10099000000.0,10099000000.0,129784000000.0,63735000000.0,82433000000.0,1405966000000.0,0.0,3230485000000.0,136442000000.0,8295000000,44377000000,44377000000.0,188680000000.0,377794000000.0,15124000000,5804000000,59378000000,49242000000,129548000000.0,0.0,0,507342000000.0,0.0,119419000000.0,2413769000000.0,-173000000.0,121027000000.0,2654214000000.0,2723141000000.0,3230483000000.0,68927000000.0,3230483000000.0,472483000000.0,30381000000,-714745000000.0,,
2024-12-31,FCNCP,USD,0000798941,2025-02-21,2025-02-21 16:55:40,2024,FY,814000000.0,101000000,915000000.0,3490000000.0,0.0,0.0,915000000.0,2006000000.0,346000000,249000000.0,595000000.0,0.0,0.0,0.0,2601000000.0,220204000000.0,223720000000.0,134000000.0,367000000,0,0.0,-501000000.0,501000000.0,372000000,0,0,200753000000,201125000000.0,-134000000.0,372000000,201492000000.0,881000000.0,0.0,19361000000.0,-445000000.0,2431000000.0,22228000000.0,22228000000.0,223720000000.0,0.0,223720000000.0,101000000.0,367000000,-447000000.0,https://www.sec.gov/Archives/edgar/data/798941/000079894125000010/0000798941-25-000010-index.htm,https://www.sec.gov/Archives/edgar/data/798941/000079894125000010/fcnca-20241231.htm
2023-12-31,FCNCP,USD,0000798941,2024-02-23,2024-02-23 16:20:20,2023,FY,34517000000.0,84000000,908000000.0,3209000000.0,0.0,0.0,908000000.0,10977000000.0,346000000,337000000.0,683000000.0,36500000000.0,0.0,129420000000.0,177580000000.0,35270000000.0,213758000000.0,137000000.0,0,0,0.0,110015000000.0,110152000000.0,37565000000,0,0,154938000000,192503000000.0,-110152000000.0,405000000,192503000000.0,881000000.0,15000000.0,16742000000.0,-491000000.0,4108000000.0,21255000000.0,21255000000.0,213758000000.0,0.0,213758000000.0,36500000000.0,37565000000,3048000000.0,https://www.sec.gov/Archives/edgar/data/798941/000079894124000018/0000798941-24-000018-index.htm,https://www.sec.gov/Archives/edgar/data/798941/000079894124000018/fcnca-20231231.htm
2022-12-31,FCNCP,USD,0000798941,2023-02-24,2023-02-24 15:29:15,2022,FY,5543000000.0,8995000000,518000000.0,0.0,-9165000000.0,0.0,518000000.0,9957000000.0,346000000,165000000.0,511000000.0,20348000000.0,1389000000.0,-11097000000.0,21108000000.0,87672000000.0,109298000000.0,57000000.0,1750000000,1362000000,-995000000.0,-3169000000.0,3548000000.0,4811000000,-1675000000,1675000000,94825000000,96088000000.0,0.0,359000000,99636000000.0,881000000.0,15000000.0,5392000000.0,-735000000.0,4109000000.0,9662000000.0,9662000000.0,109298000000.0,0.0,109298000000.0,19166000000.0,6209000000,666000000.0,https://www.sec.gov/Archives/edgar/data/798941/000079894123000017/0000798941-23-000017-index.htm,https://www.sec.gov/Archives/edgar/data/798941/000079894123000017/fcnca-20221231.htm
2021-12-31,FCNCP,USD,0000798941,2022-02-25,2022-02-25 16:02:15,2021,FY,337814000.0,18318087000,18655901000.0,134237000.0,-10462339000.0,0.0,18790138000.0,1233418000.0,346064000,43085000.0,389149000.0,22225068000.0,0.0,-23847635000.0,23847635000.0,15670367000.0,58308140000.0,0.0,0,0,0.0,0.0,34616806000.0,1195000000,0,0,52376000000,1194378000.0,-34616806000.0,4000000,1194378000.0,339937000.0,9816000.0,4377712000.0,9776000.0,0.0,4737241000.0,4737241000.0,58308140000.0,0.0,58308140000.0,40543155000.0,1194378000,856564000.0,https://www.sec.gov/Archives/edgar/data/798941/000079894122000014/0000798941-22-000014-index.htm,https://www.sec.gov/Archives/edgar/data/798941/000079894122000014/fcnca-20211231.htm
2020-12-31,FCNCP,USD,0000798941,2021-02-24,2021-02-24 16:57:04,2020,FY,362048000.0,4347336000,4709384000.0,145694000.0,-4905968000.0,0.0,4855078000.0,1251283000.0,350298000,50775000.0,401073000.0,14270241000.0,0.0,-15922597000.0,15922597000.0,29180005000.0,49957680000.0,0.0,0,0,0.0,0.0,27326695000.0,1248163000,0,0,0,1248163000.0,-27326695000.0,0,1248163000.0,339937000.0,9816000.0,3867252000.0,12263000.0,0.0,4229268000.0,4229268000.0,49957680000.0,0.0,49957680000.0,18617577000.0,1248163000,886115000.0,https://www.sec.gov/Archives/edgar/data/798941/000079894121000014/0000798941-21-000014-index.htm,https://www.sec.gov/Archives/edgar/data/798941/000079894121000014/fcnca-20201231.htm
2024-12-31,JELD,USD,0001674335,2025-02-20,2025-02-20 17:02:36,2024,FY,150337000.0,0,150337000.0,388415000.0,460107000.0,201035000.0,1199894000.0,807695000.0,315167000,101987000.0,417154000.0,0.0,143284000.0,52142000.0,1420275000.0,0.0,2620169000.0,264947000.0,30927000,38625000,5404000.0,285088000.0,624991000.0,105499000,0,5699000,1263918000,1375116000.0,0.0,0,2000107000.0,0.0,846000.0,-20353000.0,-129495000.0,769064000.0,620062000.0,620062000.0,2620169000.0,0.0,2620169000.0,0.0,136426000,-13911000.0,https://www.sec.gov/Archives/edgar/data/1674335/000167433525000055/0001674335-25-000055-index.htm,https://www.sec.gov/Archives/edgar/data/1674335/000167433525000055/jeld-20241231.htm
2023-12-31,JELD,USD,0001674335,2024-02-20,2024-02-20 15:49:02,2023,FY,288312000.0,0,288312000.0,516674000.0,481451000.0,207905000.0,1494342000.0,791173000.0,390170000,123910000.0,514080000.0,0.0,150453000.0,30077000.0,1485783000.0,0.0,2980125000.0,269322000.0,66247000,43222000,7189000.0,292929000.0,678909000.0,1312068000,0,7170000,131333000,1450571000.0,0.0,159271000,2129480000.0,0.0,853000.0,192931000.0,-95310000.0,752171000.0,850645000.0,850645000.0,2980125000.0,0.0,2980125000.0,20000.0,1380722000,1092410000.0,https://www.sec.gov/Archives/edgar/data/1674335/000167433524000059/0001674335-24-000059-index.htm,https://www.sec.gov/Archives/edgar/data/1674335/000167433524000059/jeld-20231231.htm
2022-12-31,JELD,USD,0001674335,2023-02-21,2023-02-21 09:02:25,2022,FY,219400000.0,16235000,219400000.0,544532000.0,666500000.0,390665000.0,1695600000.0,930366000.0,460505000,192105000.0,652610000.0,0.0,195180000.0,27644000.0,1805800000.0,0.0,3501400000.0,286978000.0,65244999,51761000,24753000.0,382642001.0,786626000.0,1817858000,77000,8724000,165390000,1991187000.0,87000.0,137705999,2777900000.0,0.0,843000.0,130486000.0,-142634000.0,734853000.0,723500000.0,723500000.0,3501400000.0,0.0,3501400000.0,16235000.0,1925945000,1706545000.0,https://www.sec.gov/Archives/edgar/data/1674335/000167433523000039/0001674335-23-000039-index.htm,https://www.sec.gov/Archives/edgar/data/1674335/000167433523000039/jeld-20221231.htm
2021-12-31,JELD,USD,0001674335,2022-02-22,2022-02-22 08:53:15,2021,FY,395600000.0,263000,395600000.0,552041000.0,616000000.0,176249000.0,1739900000.0,1000585000.0,545213000,222181000.0,767394000.0,-14000.0,204232000.0,26603000.0,1998800000.0,0.0,3738700000.0,418774000.0,82441000,68394000,13884000.0,319259000.0,888868000.0,1837685000,278000,9254000,160368000,2007585000.0,47000.0,213869000,2896500000.0,0.0,902000.0,215611000.0,-93746000.0,719451000.0,842200000.0,842200000.0,3738700000.0,0.0,3738700000.0,-14000.0,1916455000,1520855000.0,https://www.sec.gov/Archives/edgar/data/1674335/000167433522000028/0001674335-22-000028-index.htm,https://www.sec.gov/Archives/edgar/data/1674335/000167433522000028/jeld-20211231.htm
2020-12-31,JELD,USD,0001674335,2021-02-23,2021-02-23 16:39:26,2020,FY,735800000.0,0,735800000.0,477472000.0,512200000.0,35133001.0,1760700000.0,1087312000.0,639867000,246055000.0,885922000.0,-32000.0,199194000.0,31604000.0,2204000000.0,0.0,3964700000.0,269891000.0,111021000,68878000,13453000.0,404381000.0,867624000.0,1878831000,143261000,7321000,206445000,2092597000.0,-21000.0,221810000,2960200000.0,0.0,1008000.0,371462000.0,-58693000.0,690687000.0,1004500000.0,1004500000.0,3964700000.0,0.0,3964700000.0,-32000.0,1989852000,1254052000.0,https://www.sec.gov/Archives/edgar/data/1674335/000167433521000012/0001674335-21-000012-index.htm,https://www.sec.gov/Archives/edgar/data/1674335/000167433521000012/jeld-20201231.htm
2024-12-31,HIW,USD,0000921082,2025-02-11,2025-02-11 16:09:03,2024,FY,22412000.0,0,22412000.0,337140000.0,0.0,139400000.0,512311000.0,0.0,0,0.0,0.0,485726000.0,0.0,0.0,485726000.0,5031318000.0,6029355000.0,0.0,0,0,0.0,304551000.0,304551000.0,3293559000,0,0,0,3293559000.0,0.0,0,3598110000.0,28811000.0,1076000.0,0.0,-2246000.0,2333522000.0,2361163000.0,2431245000.0,6029355000.0,70082000.0,6029355000.0,485726000.0,3293559000,3271147000.0,https://www.sec.gov/Archives/edgar/data/921082/000092108225000004/0000921082-25-000004-index.htm,https://www.sec.gov/Archives/edgar/data/921082/000092108225000004/hiw-20241231.htm
2023-12-31,HIW,USD,0000921082,2024-02-06,2024-02-06 16:05:40,2023,FY,25123000.0,0,25123000.0,343538000.0,0.0,71571000.0,440232000.0,0.0,0,0.0,0.0,343241000.0,0.0,5219455000.0,5562696000.0,0.0,6002928000.0,187332000.0,0,0,0.0,6498000.0,193830000.0,3213206000,0,0,108350000,3321556000.0,0.0,0,3515386000.0,28811000.0,1057000.0,-698020000.0,-1997000.0,3103446000.0,2433297000.0,2487542000.0,6002928000.0,54245000.0,6002928000.0,343241000.0,3213206000,3188083000.0,https://www.sec.gov/Archives/edgar/data/921082/000092108224000006/0000921082-24-000006-index.htm,https://www.sec.gov/Archives/edgar/data/921082/000092108224000006/hiw-20231231.htm
2022-12-31,HIW,USD,0000921082,2023-02-07,2023-02-07 16:05:28,2022,FY,21357000.0,0,21357000.0,320206000.0,4748000.0,-5799000.0,414402000.0,4925407000.0,0,0.0,-6063376000.0,269221000.0,6063376000.0,454346000.0,5648974000.0,0.0,6063376000.0,239996000.0,0,0,-247065000.0,33179000.0,301184000.0,3197215000,3498399000,25445000,0,3197215000.0,0.0,0,3498399000.0,28821000.0,1052000.0,-633227000.0,-1211000.0,3081330000.0,2476765000.0,2564977000.0,6063376000.0,88212000.0,6063376000.0,269221000.0,3197215000,3175858000.0,https://www.sec.gov/Archives/edgar/data/921082/000092108223000006/0000921082-23-000006-index.htm,https://www.sec.gov/Archives/edgar/data/921082/000092108223000006/hiw-20221231.htm
2021-12-31,HIW,USD,0000921082,2022-02-08,2022-02-08 16:04:51,2021,FY,23152000.0,0,23152000.0,283553000.0,8082000.0,86597000.0,393338000.0,4816776000.0,0,0.0,-5695138000.0,7383000.0,5695138000.0,477641000.0,5301800000.0,0.0,5695138000.0,263325000.0,0,0,0.0,0.0,294976000.0,2788915000,3083891000,41209000,0,2788915000.0,0.0,0,3083891000.0,28821000.0,1049000.0,-579616000.0,-973000.0,3027861000.0,2477142000.0,2611247000.0,5695138000.0,134105000.0,5695138000.0,7383000.0,2788915000,2765763000.0,https://www.sec.gov/Archives/edgar/data/921082/000092108222000006/0000921082-22-000006-index.htm,https://www.sec.gov/Archives/edgar/data/921082/000092108222000006/hiw-20211231.htm
2020-12-31,HIW,USD,0000921082,2021-02-09,2021-02-09 16:07:13,2020,FY,109322000.0,0,109322000.0,288210000.0,79922000.0,142807000.0,540339000.0,4289810999.0,0,0.0,-5209417000.0,27104000.0,5209417000.0,352163001.0,4669078000.0,0.0,5209417000.0,268727000.0,0,0,0.0,-29329000.0,268727000.0,2470021000,2738748000,25910000,0,2470021000.0,0.0,0,2738748000.0,28826000.0,1039000.0,-686225000.0,-1462000.0,2993946000.0,2336124000.0,2470669000.0,5209417000.0,134545000.0,5209417000.0,27104000.0,2470021000,2360699000.0,https://www.sec.gov/Archives/edgar/data/921082/000092108221000003/0000921082-21-000003-index.htm,https://www.sec.gov/Archives/edgar/data/921082/000092108221000003/hiw-20201231.htm
2024-12-31,OWLT,USD,0001816708,2025-03-11,2025-03-11 16:46:25,2024,FY,20245000.0,0,20245000.0,12136000.0,10523000.0,3209000.0,46113000.0,240000.0,0,975000.0,975000.0,0.0,0.0,2187000.0,3402000.0,0.0,49515000.0,11281000.0,7366000,0,1404000.0,16378000.0,36429000.0,0,0,0,29900000,29900000.0,0.0,0,66329000.0,5151000.0,29677000.0,-268195000.0,0.0,246304000.0,12937000.0,12937000.0,49515000.0,0.0,49515000.0,0.0,7366000,-12879000.0,https://www.sec.gov/Archives/edgar/data/1816708/000162828025012035/0001628280-25-012035-index.htm,https://www.sec.gov/Archives/edgar/data/1816708/000162828025012035/owlt-20241231.htm
2023-12-31,OWLT,USD,0001816708,2024-04-29,2024-04-29 17:02:38,2023,FY,16556999.0,0,16556999.0,13973000.0,6493000.0,2921001.0,39944000.0,1314000.0,0,2210000.0,2210000.0,0.0,0.0,655000.0,4179000.0,0.0,44123000.0,13679000.0,15197000,0,1166000.0,15051000.0,45090000.0,22000,0,0,28687000,28709000.0,0.0,25000,73799000.0,7855000.0,1000.0,-255659000.0,0.0,218127000.0,-29676000.0,-29676000.0,44123000.0,0.0,44123000.0,0.0,15216000,-1340999.0,https://www.sec.gov/Archives/edgar/data/1816708/000162828024019069/0001628280-24-019069-index.htm,https://www.sec.gov/Archives/edgar/data/1816708/000162828024019069/owlt-20231231.htm
2022-12-31,OWLT,USD,0001816708,2023-05-01,2023-05-01 16:04:27,2022,FY,11200000.0,0,11200000.0,15958000.0,18500000.0,5558000.0,51300000.0,3400000.0,21000,2279000.0,2300000.0,0.0,0.0,1200000.0,6900000.0,-100000.0,58100000.0,30432000.0,15038000,0,1100000.0,19984000.0,66600000.0,1162000,0,0,975000,2100000.0,0.0,1162000,68700000.0,0.0,12000.0,-222758000.0,0.0,212122000.0,-10600000.0,-10600000.0,58100000.0,0.0,58100000.0,0.0,16300000,5100000.0,https://www.sec.gov/Archives/edgar/data/1816708/000162828023014554/0001628280-23-014554-index.htm,https://www.sec.gov/Archives/edgar/data/1816708/000162828023014554/owlt-20221231.htm
2021-12-31,OWLT,USD,0001816708,2022-03-25,2022-03-25 16:43:06,2021,FY,95100000.0,0,95100000.0,10468000.0,18000000.0,12313000.0,135800000.0,1900000.0,4000,1696000.0,1700000.0,0.0,0.0,700000.0,4300000.0,-100000.0,140000000.0,27765000.0,8534000,0,1100000.0,31730000.0,69100000.0,7993000,0,0,7773000,15700000.0,0.0,0,84800000.0,140047000.0,11000.0,-143422000.0,-140047000.0,198602000.0,55200000.0,55200000.0,140000000.0,0.0,140000000.0,0.0,16500000,-78600000.0,https://www.sec.gov/Archives/edgar/data/1816708/000162828022007346/0001628280-22-007346-index.htm,https://www.sec.gov/Archives/edgar/data/1816708/000162828022007346/owlt-20211231.htm
2020-12-31,OWLT,USD,0001816708,2021-03-25,2021-03-25 17:06:35,2020,FY,17009000.0,0,17009000.0,10525000.0,7912000.0,2168000.0,37614000.0,1718000.0,0,605000.0,605000.0,-89709.0,89709.0,181000.0,2504000.0,0.0,40118000.0,16379000.0,18658000,0,1643000.0,10592000.0,47272000.0,10180000,0,0,3487000,13667000.0,0.0,0,60939000.0,47188000.0,2000.0,-71718000.0,1.4210854715202004e-08,3707000.0,-20821000.0,-20821000.0,40118000.0,0.0,40118000.0,-89709.0,28838000,11829000.0,https://www.sec.gov/Archives/edgar/data/1816708/000114036121010041/0001140361-21-010041-index.htm,https://www.sec.gov/Archives/edgar/data/1816708/000114036121010041/brhc10022111_10k.htm
2024-12-29,KELYA,USD,0000055135,2025-02-13,2025-02-13 13:51:23,2024,FY,39000000.0,0,39000000.0,1255500000.0,0.0,71000000.0,1365500000.0,72800000.0,304200000,274200000.0,578400000.0,11000000.0,330100000.0,274500000.0,1266800000.0,0.0,2632300000.0,613800000.0,12300000,17500000,0.0,182900000.0,826500000.0,290300000,0,0,280900000,571200000.0,0.0,0,1397700000.0,0.0,0.0,0.0,-6900000.0,1241500000.0,1234600000.0,1234600000.0,2632300000.0,0.0,2632300000.0,11000000.0,302600000,263600000.0,https://www.sec.gov/Archives/edgar/data/55135/000005513525000007/0000055135-25-000007-index.htm,https://www.sec.gov/Archives/edgar/data/55135/000005513525000007/kelya-20241229.htm
2023-12-31,KELYA,USD,0000055135,2024-02-20,2024-02-20 15:49:01,2023,FY,125800000.0,0,125800000.0,1160600000.0,0.0,340200000.0,1626600000.0,71600000.0,151100000,150800000.0,301900000.0,30800001.0,321100000.0,260400000.0,955000000.0,0.0,2581600000.0,646100000.0,8400000,17200000,0.0,348200000.0,1019900000.0,42900000,0,0,265100000,308000000.0,0.0,51300000,1327900000.0,0.0,38500000.0,1241700000.0,200000.0,-26700000.0,1253700000.0,1253700000.0,2581600000.0,0.0,2581600000.0,242000000.0,51300000,-74500000.0,https://www.sec.gov/Archives/edgar/data/55135/000005513524000007/0000055135-24-000007-index.htm,https://www.sec.gov/Archives/edgar/data/55135/000005513524000007/kelya-20231231.htm
2023-01-01,KELYA,USD,0000055135,2023-02-16,2023-02-16 16:12:11,2022,FY,153700000.0,0,153700000.0,1491600000.0,0.0,69900000.0,1715200000.0,94600000.0,151100000,172400000.0,151100000.0,35700000.0,299700000.0,367500000.0,948600000.0,0.0,2663800000.0,723300000.0,15400000,51400000,0.0,338700000.0,1128800000.0,110000000,-500000,500000,170800000,280800000.0,0.0,69700000,1409600000.0,0.0,38500000.0,1216300000.0,-8500000.0,7900000.0,1254200000.0,1254200000.0,2663800000.0,0.0,2663800000.0,35700000.0,70400000,-83300000.0,https://www.sec.gov/Archives/edgar/data/55135/000005513523000005/0000055135-23-000005-index.htm,https://www.sec.gov/Archives/edgar/data/55135/000005513523000005/kelya-20230101.htm
2022-01-02,KELYA,USD,0000055135,2022-02-17,2022-02-17 15:56:58,2021,FY,112700000.0,0,112700000.0,1423200000.0,1.0,52800000.0,1588700000.0,111100000.0,114800000,122000000.0,114800000.0,387700000.0,302800000.0,389100000.0,1305500000.0,0.0,2894200000.0,687200000.0,17500000,51300000,0.0,339200000.0,1095200000.0,61400000,-71600000,71600000,401400000,462800000.0,0.0,78900000,1558000000.0,0.0,40100000.0,1315000000.0,-27700000.0,8800000.0,1336200000.0,1336200000.0,2894200000.0,0.0,2894200000.0,387700000.0,78900000,-33800000.0,https://www.sec.gov/Archives/edgar/data/55135/000005513522000006/0000055135-22-000006-index.htm,https://www.sec.gov/Archives/edgar/data/55135/000005513522000006/kelya-20220102.htm
2021-01-03,KELYA,USD,0000055135,2021-02-18,2021-02-18 15:05:03,2020,FY,223000000.0,0,223000000.0,1265200000.0,1.0,61400000.0,1549600000.0,124200000.0,3500000,55600000.0,3500000.0,282700000.0,282000000.0,319900000.0,1012300000.0,0.0,2561900000.0,536800000.0,19900000,53200000,0.0,315700000.0,925600000.0,67500000,0,0,365800000,433300000.0,0.0,87100000,1358900000.0,0.0,40100000.0,1162900000.0,-4200000.0,4200000.0,1203000000.0,1203000000.0,2561900000.0,0.0,2561900000.0,282700000.0,87400000,-135600000.0,https://www.sec.gov/Archives/edgar/data/55135/000005513521000004/0000055135-21-000004-index.htm,https://www.sec.gov/Archives/edgar/data/55135/000005513521000004/kelya-20210103.htm
2023-12-31,LISMF,CAD,0001643715,2023-12-31,2023-12-30 19:00:00,2023,FY,1490459.0,0,1490459.0,0.0,0.0,309234.0,1859053.0,12236937.0,0,0.0,0.0,0.0,0.0,0.0,12236937.0,0.0,14095990.0,577106.0,0,0,0.0,25000.0,602106.0,0,0,0,0,0.0,0.0,0,602106.0,0.0,67741056.0,-71495672.0,17248500.0,0.0,13493884.0,13493884.0,14095990.0,0.0,14095990.0,0.0,0,-1490459.0,,
2022-12-31,LISMF,CAD,0001643715,2022-12-31,2022-12-29 19:00:00,2022,FY,3558192.0,5101010,8659202.0,0.0,0.0,144512.0,8958631.0,188705.0,0,0.0,0.0,0.0,0.0,12085973.0,12274678.0,1.0,21233310.0,321079.0,0,0,0.0,25000.0,346079.0,0,0,0,0,0.0,0.0,0,346079.0,0.0,67535307.0,-63033068.0,16384992.0,0.0,20887231.0,20887231.0,21233310.0,0.0,21233310.0,5101010.0,0,-3558192.0,,
2021-12-31,LISMF,CAD,0001643715,2021-12-31,2021-12-31 00:00:00,2021,FY,13639401.0,2400000,16039401.0,0.0,1.0,1236593.0,17377342.0,8194374.0,0,0.0,0.0,0.0,0.0,0.0,8194374.0,3.637978807091713e-12,25571716.0,37982.0,0,0,0.0,25000.0,62982.0,0,0,0,0,0.0,0.0,0,62982.0,0.0,65243389.0,-53853705.0,14119050.0,0.0,25508734.0,25508734.0,25571716.0,0.0,25571716.0,2400000.0,0,-13639401.0,,
2020-12-31,LISMF,CAD,0001643715,2020-12-31,2020-12-31 00:00:00,2020,FY,46387.0,0,46387.0,50675.0,0.0,53.0,97115.0,5123839.0,0,0.0,0.0,0.0,0.0,0.0,5123839.0,0.0,5220954.0,880376.0,528156,0,25000.0,25000.0,1433532.0,0,0,0,0,0.0,0.0,0,1433532.0,0.0,41399301.0,-45809658.0,8197779.0,0.0,3787422.0,3787422.0,5220954.0,0.0,5220954.0,0.0,528156,481769.0,,
2019-12-31,LISMF,CAD,0001643715,2019-12-31,2019-12-31 00:00:00,2019,FY,1644.0,0,1644.0,0.0,0.0,1844.0,23055.0,3145589.0,0,0.0,0.0,0.0,0.0,0.0,3145589.0,0.0,3168644.0,481730.0,1885614,0,0.0,25000.0,2392344.0,0,0,0,0,0.0,0.0,0,2392344.0,0.0,35956239.0,-42823378.0,7643439.0,0.0,776300.0,776300.0,3168644.0,0.0,3168644.0,0.0,1885614,1883970.0,,
2024-12-31,COGT,USD,0001622229,2025-02-25,2025-02-25 08:38:53,2024,FY,98165000.0,188912000,287077000.0,0.0,0.0,9395000.0,296472000.0,26564000.0,0,0.0,0.0,0.0,0.0,4862000.0,31426000.0,0.0,327898000.0,12013000.0,1565000,0,0.0,42132000.0,55710000.0,15902000,0,0,0,15902000.0,0.0,0,71612000.0,56515000.0,110000.0,-859483000.0,447000.0,1058697000.0,256286000.0,256286000.0,327898000.0,0.0,327898000.0,188912000.0,17467000,-80698000.0,https://www.sec.gov/Archives/edgar/data/1622229/000095017025026115/0000950170-25-026115-index.htm,https://www.sec.gov/Archives/edgar/data/1622229/000095017025026115/cogt-20241231.htm
2023-12-31,COGT,USD,0001622229,2024-02-26,2024-02-26 09:13:36,2023,FY,53229000.0,212481000,265710000.0,0.0,0.0,5061000.0,270771000.0,30342000.0,0,0.0,0.0,7460000.0,0.0,4864000.0,42666000.0,0.0,313437000.0,10655000.0,1386000,0,0.0,26127000.0,38168000.0,17467000,0,0,0,17467000.0,0.0,18853000,55635000.0,60035000.0,86000.0,-603624000.0,246000.0,801059000.0,257802000.0,257802000.0,313437000.0,0.0,313437000.0,219941000.0,18853000,-34376000.0,https://www.sec.gov/Archives/edgar/data/1622229/000095017024019770/0000950170-24-019770-index.htm,https://www.sec.gov/Archives/edgar/data/1622229/000095017024019770/cogt-20231231.htm
2022-12-31,COGT,USD,0001622229,2023-03-14,2023-03-14 09:07:07,2022,FY,139886000.0,119390000,259276000.0,0.0,0.0,5690000.0,264966000.0,31099000.0,0,0.0,0.0,0.0,0.0,4745000.0,35844000.0,0.0,300810000.0,5842000.0,2846000,0,1700000.0,18161000.0,26849000.0,18226000,0,0,0,18226000.0,0.0,19649000,45075000.0,65830000.0,70000.0,-411214000.0,-104000.0,601153000.0,255735000.0,255735000.0,300810000.0,0.0,300810000.0,119390000.0,19649000,-120237000.0,https://www.sec.gov/Archives/edgar/data/1622229/000095017023007729/0000950170-23-007729-index.htm,https://www.sec.gov/Archives/edgar/data/1622229/000095017023007729/cogt-20221231.htm
2021-12-31,COGT,USD,0001622229,2022-03-15,2022-03-15 08:51:29,2021,FY,219684000.0,0,219684000.0,0.0,0.0,5898000.0,222633000.0,4477000.0,0,0.0,0.0,1255000.0,0.0,3727000.0,9459000.0,0.0,232092000.0,3483000.0,4648000,0,7975000.0,8946000.0,17077000.0,831000,0,0,0,831000.0,0.0,3155000,17908000.0,85400000.0,44000.0,-270973000.0,-5.6843418860808015e-11,399713000.0,214184000.0,214184000.0,232092000.0,0.0,232092000.0,1255000.0,3155000,-216529000.0,https://www.sec.gov/Archives/edgar/data/1622229/000156459022010238/0001564590-22-010238-index.htm,https://www.sec.gov/Archives/edgar/data/1622229/000156459022010238/cogt-10k_20211231.htm
2020-12-31,COGT,USD,0001622229,2021-03-16,2021-03-16 07:41:17,2020,FY,242190000.0,0,242190000.0,0.0,0.0,5444000.0,244912000.0,4749000.0,0,0.0,0.0,1255000.0,0.0,0.0,6004000.0,0.0,250916000.0,732000.0,4104000,0,3795000.0,8258000.0,13094000.0,3155000,0,0,0,3155000.0,0.0,5207000,16249000.0,110881000.0,32000.0,-198700000.0,0.0,322454000.0,234667000.0,234667000.0,250916000.0,0.0,250916000.0,1255000.0,5207000,-236983000.0,https://www.sec.gov/Archives/edgar/data/1622229/000156459021013325/0001564590-21-013325-index.htm,https://www.sec.gov/Archives/edgar/data/1622229/000156459021013325/cogt-10k_20201231.htm
2023-12-31,ALLGF,EUR,0001874474,2024-05-16,2024-05-15 18:36:44,2023,FY,44585000.0,1776000,44585000.0,47228000.0,34104000.0,28525000.0,154442000.0,253415000.0,10724000,10289000.0,21013000.0,52641000.0,807000.0,0.0,327876000.0,0.0,482318000.0,37751000.0,11927000,3785000,9823000.0,55827000.0,119113000.0,422285000,0,0,20242000,442527000.0,0.0,83490000,561640000.0,0.0,32521000.0,-461198000.0,-24608000.0,373602000.0,-79683000.0,-79322000.0,482318000.0,361000.0,482318000.0,54417000.0,434212000,389627000.0,https://www.sec.gov/Archives/edgar/data/1874474/000187447424000013/0001874474-24-000013-index.htm,https://www.sec.gov/Archives/edgar/data/1874474/000187447424000013/allg-20231231.htm
2022-12-31,ALLGF,EUR,0001874474,2023-05-16,2023-05-16 16:31:42,2022,FY,82789282.0,599315,83388597.0,44182000.0,25944072.0,11672403.0,166996578.0,182023339.0,10693939,13924000.0,24648000.0,62311843.0,521533.0,-69089.0,269435626.0,1.0,436432205.0,31868000.0,7280000,1567593,7894807.0,43045407.0,91421018.0,313077000,2435154,2177878,4253994,317330994.0,1.0,51324000,408752013.0,0.0,31971130.0,-363067430.0,-6840770.0,364879430.0,26937280.0,27680191.0,436432205.0,742911.0,436432205.0,62911159.0,319459012,236669730.0,https://www.sec.gov/Archives/edgar/data/1874474/000187447423000009/0001874474-23-000009-index.htm,https://www.sec.gov/Archives/edgar/data/1874474/000187447423000009/allg-20221231.htm
2021-12-31,ALLGF,EUR,0001874474,2022-05-13,2022-05-13 17:26:00,2021,FY,25864736.0,29214386,55079123.0,40788000.0,9235547.0,44347000.0,119076637.0,71932422.0,0,8333000.0,8333000.0,19591647.0,570280.0,4107.0,100431456.0,1.0,219508094.0,13070000.0,5547932,401197,21202440.0,16510803.0,56721932.0,239225000,0,0,250926,239475926.0,0.0,31617000,296197858.0,0.9507319927215576,100.04926801801801,-142806323.0,4197967.0,66157222.0,-76689764.0,-76689764.0,219508094.0,0.0,219508094.0,48806033.0,244865581,219000845.0,https://www.sec.gov/Archives/edgar/data/1874474/000119312522150298/0001193125-22-150298-index.htm,https://www.sec.gov/Archives/edgar/data/1874474/000119312522150298/d333601d20f.htm
2020-12-31,ALLGF,EUR,0001874474,2020-12-31,2020-12-31 00:00:00,2020,FY,8274000.0,0,8274000.0,25117000.0,4925000.0,8114000.0,46430000.0,54078000.0,0,4010000.0,4010000.0,102000.0,722000.0,16324000.0,75236000.0,0.0,121666000.0,7418000.0,1826000,1421000,7278000.0,5573000.0,23516000.0,171687000,0,0,207000,171894000.0,0.0,13903000,195410000.0,0.0,1000.0,-114515000.0,3823000.0,40759001.0,-73744000.0,-73744000.0,121666000.0,0.0,121666000.0,102000.0,173513000,165239000.0,,
2019-12-31,ALLGF,EUR,0001874474,2019-12-31,2019-12-31 00:00:00,2019,FY,21277000.0,3622000,24899000.0,12946000.0,7287000.0,9664000.0,51174000.0,46954000.0,0,4960000.0,4960000.0,14355000.0,52224000.0,-52224000.0,66269000.0,0.0,117443000.0,9511000.0,1514000,1819000,5250000.0,9050000.0,27144000.0,127532000,0,0,363000,127895000.0,0.0,14579000,155039000.0,0.0,1000.0,-79136000.0,4592000.0,41536000.0,-37596000.0,-37596000.0,117443000.0,0.0,117443000.0,17977000.0,129046000,107769000.0,,
2025-01-31,WMT,USD,0000104169,2025-03-14,2025-03-14 16:40:52,2025,FY,9037000000.0,0,9037000000.0,9975000000.0,56435000000.0,4011000000.0,79458000000.0,139704000000.0,28792000000,0.0,28792000000.0,0.0,0.0,12869000000.0,181365000000.0,0.0,260823000000.0,58666000000.0,10264000000,608000000,0.0,27046000000.0,96584000000.0,52149000000,0,14398000000,6679000000,73226000000.0,0.0,2299000000,169810000000.0,0.0,802000000.0,98313000000.0,-13605000000.0,5503000000.0,91013000000.0,91284000000.0,260823000000.0,271000000.0,260823000000.0,0.0,60114000000,51077000000.0,https://www.sec.gov/Archives/edgar/data/104169/000010416925000021/0000104169-25-000021-index.htm,https://www.sec.gov/Archives/edgar/data/104169/000010416925000021/wmt-20250131.htm
2024-01-31,WMT,USD,0000104169,2024-03-15,2024-03-15 16:54:48,2024,FY,9867000000.0,0,9867000000.0,8796000000.0,54892000000.0,3322000000.0,76877000000.0,130338000000.0,28113000000,0.0,28113000000.0,0.0,0.0,17071000000.0,175522000000.0,0.0,252399000000.0,56812000000.0,8749000000,307000000,2664000000.0,23883000000.0,92415000000.0,54784000000,0,0,14629000000,69413000000.0,0.0,20864000000,161828000000.0,0.0,805000000.0,89814000000.0,-11302000000.0,4544000000.0,83861000000.0,90571000000.0,252399000000.0,6710000000.0,252399000000.0,7249000000.0,61321000000,51454000000.0,https://www.sec.gov/Archives/edgar/data/104169/000010416924000056/0000104169-24-000056-index.htm,https://www.sec.gov/Archives/edgar/data/104169/000010416924000056/wmt-20240131.htm
2023-01-31,WMT,USD,0000104169,2023-03-17,2023-03-17 17:02:59,2023,FY,8885000000.0,0,8885000000.0,7933000000.0,56576000000.0,2521000000.0,75915000000.0,119234000000.0,28174000000,0.0,28174000000.0,0.0,0.0,20134000000.0,167542000000.0,0.0,243457000000.0,53742000000.0,8643000000,727000000,2488000000.0,26598000000.0,92458000000.0,52320000000,-14688000000,14688000000,0,67008000000.0,0.0,19711000000,159466000000.0,0.0,269000000.0,83135000000.0,-11680000000.0,4969000000.0,76693000000.0,83991000000.0,243457000000.0,7298000000.0,243457000000.0,10669000000.0,58923000000,50038000000.0,https://www.sec.gov/Archives/edgar/data/104169/000010416923000020/0000104169-23-000020-index.htm,https://www.sec.gov/Archives/edgar/data/104169/000010416923000020/wmt-20230131.htm
2022-01-31,WMT,USD,0000104169,2022-03-18,2022-03-18 17:03:00,2022,FY,14760000000.0,0,14760000000.0,8280000000.0,56511000000.0,3038000000.0,81070000000.0,112624000000.0,29014000000,0.0,29014000000.0,0.0,0.0,22152000000.0,163790000000.0,0.0,244860000000.0,55261000000.0,7201000000,851000000,2559000000.0,21507000000.0,87379000000.0,52116000000,-13474000000,13474000000,0,65590000000.0,0.0,19246000000,152969000000.0,0.0,276000000.0,86904000000.0,-8766000000.0,4839000000.0,83253000000.0,91891000000.0,244860000000.0,8638000000.0,244860000000.0,-13474000000.0,57323000000,42563000000.0,https://www.sec.gov/Archives/edgar/data/104169/000010416922000012/0000104169-22-000012-index.htm,https://www.sec.gov/Archives/edgar/data/104169/000010416922000012/wmt-20220131.htm
2021-01-31,WMT,USD,0000104169,2021-03-19,2021-03-19 16:40:44,2021,FY,17741000000.0,0,17741000000.0,6516000000.0,44949000000.0,22522000000.0,90067000000.0,109848000000.0,28983000000,0.0,28983000000.0,0.0,0.0,23598000000.0,162429000000.0,0.0,252496000000.0,49141000000.0,7253000000,242000000,2310000000.0,33699000000.0,92645000000.0,57950000000,-14370000000,14370000000,0,72320000000.0,0.0,18713000000,164965000000.0,0.0,282000000.0,88763000000.0,-11393000000.0,3646000000.0,81298000000.0,87531000000.0,252496000000.0,6233000000.0,252496000000.0,-14370000000.0,63246000000,45505000000.0,https://www.sec.gov/Archives/edgar/data/104169/000010416921000033/0000104169-21-000033-index.htm,https://www.sec.gov/Archives/edgar/data/104169/000010416921000033/wmt-20210131.htm
2023-12-31,LVLU,USD,0001780201,2024-03-06,2024-03-06 16:01:38,2023,FY,2506000.0,0,2506000.0,6052000.0,35472000.0,8490000.0,52520000.0,34228000.0,35430000,21772000.0,57202000.0,0.0,0.0,5495000.0,96925000.0,0.0,149445000.0,8900000.0,13648000,0,13142000.0,26197000.0,61887000.0,25427000,0,0,1179000,26606000.0,0.0,31075000,88493000.0,0.0,41000.0,-193205000.0,0.0,254116000.0,60952000.0,60952000.0,149445000.0,0.0,149445000.0,-1.0,39075000,36569000.0,https://www.sec.gov/Archives/edgar/data/1780201/000155837024002599/0001558370-24-002599-index.htm,https://www.sec.gov/Archives/edgar/data/1780201/000155837024002599/tmb-20231231x10k.htm
2023-01-01,LVLU,USD,0001780201,2023-03-14,2023-03-14 16:30:57,2022,FY,10219000.0,0,10219000.0,7986000.0,43186000.0,7628000.0,69019000.0,36905000.0,35430000,21599000.0,57029000.0,-17162000.0,17162000.0,4251000.0,98185000.0,0.0,167204000.0,5320000.0,4456000,0,10828000.0,27042000.0,47646000.0,54042000,-15899000,15899000,623000,54665000.0,0.0,33498000,102311000.0,0.9999999701976776,39000.0,-173871000.0,2.8421709430404007e-08,238725000.0,64893000.0,64893000.0,167204000.0,0.0,167204000.0,-17162000.0,58498000,48279000.0,https://www.sec.gov/Archives/edgar/data/1780201/000155837023003722/0001558370-23-003722-index.htm,https://www.sec.gov/Archives/edgar/data/1780201/000155837023003722/tmb-20230101x10k.htm
2022-01-02,LVLU,USD,0001780201,2022-03-31,2022-03-31 17:12:22,2021,FY,11402000.0,0,11402000.0,6397000.0,22176000.0,9118000.0,49093000.0,3231000.0,35430000,20753000.0,56183000.0,506000.0,9777000.0,-5014000.0,64683000.0,0.0,113776000.0,4227000.0,0,0,7240000.0,31679000.0,43146000.0,25000000,-6856000,6856000,1108000,26108000.0,0.0,0,69254000.0,113776000.0,38000.0,-177596000.0,-113776000.0,222080000.0,44522000.0,44522000.0,113776000.0,0.0,113776000.0,506000.0,25000000,13598000.0,https://www.sec.gov/Archives/edgar/data/1780201/000155837022004959/0001558370-22-004959-index.htm,https://www.sec.gov/Archives/edgar/data/1780201/000155837022004959/tmb-20220102x10k.htm
2020-12-31,LVLU,USD,0001780201,2020-12-31,2020-12-31 00:00:00,2020,FY,15554000.0,0,15554000.0,6571000.0,17999000.0,2675000.0,42799000.0,3090000.0,35430000,20799000.0,56229000.0,505000.0,-505000.0,2958000.0,62277000.0,0.0,105076000.0,7161000.0,18705000,0,4973000.0,10428000.0,41267000.0,96856000,0,0,2504000,99360000.0,0.0,0,140627000.0,133450000.0,18000.0,-179641000.0,-2.8421709430404007e-08,10622001.0,-35551000.0,-35551000.0,105076000.0,0.0,105076000.0,505000.0,115561000,100007000.0,,
2019-12-31,LVLU,USD,0001780201,2019-12-31,2019-12-31 00:00:00,2019,FY,5857000.0,0,5857000.0,6392000.0,29388000.0,5170000.0,46807000.0,4070000.0,35430000,21205000.0,56635000.0,504000.0,-504000.0,3007000.0,63712000.0,0.0,110519000.0,10971000.0,14125000,0,4605000.0,21452000.0,51153000.0,96653000,0,0,3954000,100607000.0,0.0,0,151760000.0,117038000.0,18000.0,-160337000.0,0.0,2040000.0,-41241000.0,-41241000.0,110519000.0,0.0,110519000.0,504000.0,110778000,104921000.0,,
2023-12-31,LEJUY,USD,0000000000,2023-12-31,2023-12-30 19:00:00,2023,FY,48204096.0,6149118,54353214.0,20597747.0,0.0,4471848.0,79422809.0,19875367.0,0,1790070.0,1790070.0,0.0,0.0,1102985.0,22768422.0,0.0,102191231.0,36210.0,3026771,7129280,39924941.0,44565804.0,94683006.0,7979349,0,824771,0,8804120.0,0.0,11006120,103487126.0,0.0,137839.0,-794536455.0,-11819819.0,805044946.0,-1173489.0,-1295895.0,102191231.0,-122406.0,102191231.0,6149118.0,11006120,-37197976.0,,
2022-12-31,LEJUY,USD,0000000000,2022-12-31,2022-12-30 19:00:00,2022,FY,123378034.0,0,123378034.0,5883677.0,8130822.0,9970897.0,143503303.0,33147836.0,0,12458175.0,12458175.0,0.0,25457487.0,1544658.0,72608156.0,0.0,216111459.0,653700.0,5755711,34898664,43100136.0,59785685.0,144193896.0,15439595,0,3517837,0,18957432.0,0.0,20477391,163151328.0,0.0,137173.0,-738602296.0,-11601054.0,803300763.0,53234586.0,52960131.0,216111459.0,-274455.0,216111459.0,0.0,21195306,-102182728.0,,
2021-12-31,LEJUY,USD,0000000000,2021-12-31,2021-12-30 19:00:00,2021,FY,250313799.0,1185513,251499312.0,41399682.0,2866098.0,25894035.0,320875132.0,40076430.0,0,23297758.0,23297758.0,17942.0,51605404.0,1375104.0,116372638.0,0.0,437247770.0,1631401.0,6365878,78998079,82787409.0,90925552.0,260708319.0,19437887,0,6042540,0,25480427.0,0.0,25019535,286188746.0,0.0,136823.0,-648934102.0,-1424302.0,801476746.0,151255165.0,151059024.0,437247770.0,-196141.0,437247770.0,1203455.0,25803765,-224510034.0,,
2020-12-31,LEJUY,USD,0000000000,2020-12-31,2020-12-30 19:00:00,2020,FY,284489282.0,4303905,288793187.0,213662538.0,12768000.0,19034090.0,522707229.0,42667632.0,0,34213342.0,34213342.0,31331.0,40904877.0,1436301.0,119253483.0,0.0,641960712.0,2833992.0,5461234,84244724,95340295.0,129009741.0,316889986.0,21727117,0,8558649,0,30285766.0,0.0,27188351,347175752.0,0.0,136326.0,-498000567.0,-5695204.0,799486321.0,295926876.0,294784960.0,641960712.0,-1141916.0,641960712.0,4335236.0,27188351,-257300931.0,,
2019-12-31,LEJUY,USD,0000000000,2019-12-31,2019-12-30 19:00:00,2019,FY,159012092.0,3437739,3437739.0,158140289.0,-220750707.0,62610418.0,3437739.0,44884525.0,0,0.0,-94142354.0,52991.0,49310820.0,-52991.0,52991.0,520989247.0,524479977.0,1523084.0,5189251,56690976,34245744.0,139864036.0,237513091.0,22866163,0,11741607,0,34607769.0,1.0,28055414,272120861.0,0.0,135813.0,-517302805.0,-23624206.0,796191796.0,255400598.0,252359117.0,524479977.0,-3041481.0,524479977.0,3490730.0,28055414,-130956678.0,,
2024-12-31,ALC,USD,0001167379,2025-02-25,2025-02-25 16:34:11,2024,FY,1829000000.0,1000000,1830000000.0,2082000000.0,2268000000.0,129000000.0,6309000000.0,4838000000.0,8946000000,8587000000.0,17533000000.0,751000000.0,421000000.0,495000000.0,24038000000.0,0.0,30347000000.0,773000000.0,169000000,163000000,73000000.0,1100000000.0,2278000000.0,4967000000,86000000,724000000,739000000,6516000000.0,0.0,497000000,8794000000.0,0.0,20000000.0,0.0,21533000000.0,0.0,21553000000.0,21553000000.0,30347000000.0,0.0,30347000000.0,752000000.0,5136000000,3307000000.0,https://www.sec.gov/Archives/edgar/data/1167379/000116737925000008/0001167379-25-000008-index.htm,https://www.sec.gov/Archives/edgar/data/1167379/000116737925000008/alc-20241231.htm
2023-12-31,ALC,USD,0001167379,2024-02-27,2024-02-27 16:38:27,2023,FY,1094000000.0,7000000,1101000000.0,1981328837.0,2322000000.0,241955978.0,5647000000.0,4723000000.0,8926000000,9060000000.0,17986000000.0,319000000.0,442849987.0,496150013.0,23967000000.0,0.0,29614000000.0,811000000.0,216000000,113961396,0.0,1338198804.0,2479160200.0,4929000000,32000000,797000000,752000000,6510000000.0,839800.0,406000000,8990000000.0,0.0,19993227.0,0.0,20597022888.0,0.0,20617016115.0,20617016115.0,29614000000.0,0.0,29614000000.0,326000000.0,5135000000,4041000000.0,https://www.sec.gov/Archives/edgar/data/1167379/000116737924000008/0001167379-24-000008-index.htm,https://www.sec.gov/Archives/edgar/data/1167379/000116737924000008/alc-20231231.htm
2022-12-31,ALC,USD,0001167379,2023-02-27,2023-02-27 16:35:50,2022,FY,980000000.0,0,980000000.0,1887964785.0,2109000000.0,329000000.0,5193000000.0,4416000000.0,8970000000,9689000000.0,18659000000.0,108000000.0,411000000.0,422000000.0,24016000000.0,0.0,29209000000.0,861000000.0,178000000,317000000,89000000.0,1426000000.0,2782000000.0,4900000000,556000000,1064000000,1294000000,6750000000.0,0.0,430000000,9532000000.0,0.0,20000000.0,0.0,19657000000.0,0.0,19677000000.0,19677000000.0,29209000000.0,0.0,29209000000.0,108000000.0,5068000000,4088000000.0,https://www.sec.gov/Archives/edgar/data/1167379/000116737923000011/0001167379-23-000011-index.htm,https://www.sec.gov/Archives/edgar/data/1167379/000116737923000011/alc-20221231.htm
2021-12-31,ALC,USD,0001167379,2022-02-15,2022-02-15 16:38:34,2021,FY,1575000000.0,3000000,1578000000.0,1704800556.0,1899000000.0,316000000.0,5386000000.0,4083000000.0,8905000000,8765000000.0,17670000000.0,52000000.0,409000000.0,399000000.0,22613000000.0,0.0,27999000000.0,903000000.0,181000000,280000000,108000000.0,1108000000.0,2472000000.0,4305000000,772000000,1026000000,1194000000,6271000000.0,0.0,406000000,8743000000.0,0.0,20000000.0,0.0,19236000000.0,0.0,19256000000.0,19256000000.0,27999000000.0,0.0,27999000000.0,55000000.0,4479000000,2904000000.0,https://www.sec.gov/Archives/edgar/data/1167379/000116737922000011/0001167379-22-000011-index.htm,https://www.sec.gov/Archives/edgar/data/1167379/000116737922000011/alc-20211231.htm
2020-12-31,ALC,USD,0001167379,2021-02-23,2021-02-23 16:25:19,2020,FY,1557000000.0,12000000,1569000000.0,1561000000.0,1644000000.0,306000000.0,4987000000.0,3783000000.0,8905000000,9097000000.0,18002000000.0,40000000.0,399000000.0,389000000.0,22613000000.0,0.0,27600000000.0,876000000.0,239000000,259000000,110000000.0,774000000.0,2258000000.0,4264000000,823000000,1196000000,1433000000,6520000000.0,0.0,385000000,8778000000.0,0.0,20000000.0,0.0,18802000000.0,0.0,18822000000.0,18822000000.0,27600000000.0,0.0,27600000000.0,52000000.0,4496000000,2939000000.0,https://www.sec.gov/Archives/edgar/data/1167379/000116737921000007/0001167379-21-000007-index.htm,https://www.sec.gov/Archives/edgar/data/1167379/000116737921000007/alc-20201231.htm
2024-12-31,MAN,USD,0000871763,2025-02-19,2025-02-19 16:16:23,2024,FY,509400000.0,0,509400000.0,4297200000.0,0.0,163700000.0,4970300000.0,479700000.0,1563400000,486100000.0,2049500000.0,0.0,0.0,701500000.0,3230700000.0,0.0,8201000000.0,2612900000.0,23400000,986000000,0.0,814800000.0,4437100000.0,1208400000,0,0,428600000,1637000000.0,0.0,279000000,6074100000.0,0.0,1200000.0,3812300000.0,-443000000.0,-1245300000.0,2125200000.0,2126900000.0,8201000000.0,1700000.0,8201000000.0,0.0,1231800000,722400000.0,https://www.sec.gov/Archives/edgar/data/871763/000095017025023186/0000950170-25-023186-index.htm,https://www.sec.gov/Archives/edgar/data/871763/000095017025023186/man-20241231.htm
2023-12-31,MAN,USD,0000871763,2024-02-16,2024-02-16 16:22:24,2023,FY,581300000.0,0,581300000.0,4830000000.0,0.0,160800000.0,5572100000.0,543900000.0,1586800000,564300000.0,2151100000.0,102200000.0,0.0,460900000.0,3258100000.0,0.0,8830200000.0,2723000000.0,112300000,1128500000,0.0,835900000.0,4799700000.0,1313700000,0,0,482700000,1796400000.0,0.0,423400000,6596100000.0,0.0,1200000.0,3813000000.0,-466000000.0,-1124900000.0,2223300000.0,2234100000.0,8830200000.0,10800000.0,8830200000.0,102200000.0,1426000000,844700000.0,https://www.sec.gov/Archives/edgar/data/871763/000095017024016399/0000950170-24-016399-index.htm,https://www.sec.gov/Archives/edgar/data/871763/000095017024016399/man-20231231.htm
2022-12-31,MAN,USD,0000871763,2023-02-17,2023-02-17 16:17:14,2022,FY,639000000.0,0,639000000.0,5137400000.0,0.0,158000000.0,5934400000.0,477900000.0,1628100000,549500000.0,2177600000.0,95800000.0,-95800000.0,540500000.0,3196000000.0,0.0,9130400000.0,2831400000.0,132100000,1209400000,35600000.0,738800000.0,4921800000.0,1226500000,0,0,524000000,1750500000.0,0.0,372100000,6672300000.0,0.0,1200000.0,3868500000.0,-458700000.0,-963700000.0,2447300000.0,2458100000.0,9130400000.0,10800000.0,9130400000.0,95800000.0,1253100000,614100000.0,https://www.sec.gov/Archives/edgar/data/871763/000095017023003214/0000950170-23-003214-index.htm,https://www.sec.gov/Archives/edgar/data/871763/000095017023003214/man-20221231.htm
2021-12-31,MAN,USD,0000871763,2022-02-18,2022-02-18 17:24:41,2021,FY,847800000.0,0,847800000.0,5448200000.0,1.0,126700000.0,6422700000.0,490200000.0,1722200000,583600000.0,2305800000.0,114200000.0,-114200000.0,610200000.0,3406200000.0,0.0,9828900000.0,3039200000.0,552600000,1304600000,34800000.0,884100000.0,5780500000.0,841500000,0,0,675200000,1516700000.0,0.0,275800000,7297200000.0,0.0,1200000.0,3634600000.0,-389400000.0,-724700000.0,2521700000.0,2531700000.0,9828900000.0,10000000.0,9828900000.0,114200000.0,1394100000,546300000.0,https://www.sec.gov/Archives/edgar/data/871763/000095017022001500/0000950170-22-001500-index.htm,https://www.sec.gov/Archives/edgar/data/871763/000095017022001500/man-20211231.htm
2020-12-31,MAN,USD,0000871763,2021-02-19,2021-02-19 17:07:50,2020,FY,1567100000.0,0,1567100000.0,4912400000.0,1.0,186900000.0,6666400000.0,553800000.0,1225800000,248600000.0,1474400000.0,106600000.0,-106600000.0,651600000.0,2679800000.0,0.0,9346200000.0,2527400000.0,20400000,1303100000,34900000.0,833900000.0,4684600000.0,1408600000,0,0,781200000,2208000000.0,0.0,305100000,6892600000.0,0.0,1200000.0,3388800000.0,-397300000.0,-551700000.0,2441000000.0,2453600000.0,9346200000.0,12600000.0,9346200000.0,106600000.0,1447200000,-119900000.0,https://www.sec.gov/Archives/edgar/data/871763/000156459021006974/0001564590-21-006974-index.htm,https://www.sec.gov/Archives/edgar/data/871763/000156459021006974/man-10k_20201231.htm
2023-12-31,MRAI,USD,0001844392,2024-03-26,2024-03-26 17:21:50,2023,FY,1146801.0,0,1146801.0,2702039.0,0.0,13236109.0,17084949.0,2983699.0,3017600,7304466.0,10322066.0,0.0,0.0,1288300.0,14594065.0,0.0,31679014.0,4648837.0,512416,0,660826.0,15020451.0,20842530.0,3683822,0,1189742,19401398,24274962.0,0.0,4196238,45117492.0,0.0,796.0,-76746000.0,0.0,63306726.0,-13438478.0,-13438478.0,31679014.0,0.0,31679014.0,-12344583.0,4196238,3049437.0,https://www.sec.gov/Archives/edgar/data/1844392/000095017024036590/0000950170-24-036590-index.htm,https://www.sec.gov/Archives/edgar/data/1844392/000095017024036590/mrai-20231231.htm
2022-12-31,MRAI,USD,0001844392,2023-07-27,2023-07-27 17:08:06,2022,FY,13764000.0,0,13764000.0,1788179.0,9353000.0,10985162.0,26538000.0,5348000.0,5837000,10912000.0,16749000.0,0.0,0.0,1315000.0,23412000.0,0.0,49950000.0,1457670.0,1311295,0,288000.0,14302380.0,17359000.0,4771871,0,1480000,21683580,26457000.0,0.0,6083166,43816000.0,0.0,2000.0,-47994000.0,0.0,54127893.0,6134000.0,6134000.0,49950000.0,0.0,49950000.0,0.0,6083000,-7681000.0,https://www.sec.gov/Archives/edgar/data/1844392/000095017023035218/0000950170-23-035218-index.htm,https://www.sec.gov/Archives/edgar/data/1844392/000095017023035218/mrai-20221231.htm
2021-12-31,MRAI,USD,0001844392,2022-03-30,2022-03-30 17:31:31,2021,FY,19183000.0,0,19183000.0,315238.0,6751000.0,7493725.0,26992000.0,2934000.0,2383000,11813000.0,14196000.0,0.0,0.0,80000.0,17210000.0,0.0,44202000.0,1125906.0,784493,0,1165000.0,8069741.0,11145000.0,1301829301828,0,2001000,-1301827955000,3348000.0,0.0,2086321,14493000.0,3.725290298461914e-09,2000.0,-21525000.0,-3.552713678800501e-09,51232092.0,29709000.0,29709000.0,44202000.0,0.0,44202000.0,0.0,2086000,-17097000.0,https://www.sec.gov/Archives/edgar/data/1844392/000141057822000657/0001410578-22-000657-index.htm,https://www.sec.gov/Archives/edgar/data/1844392/000141057822000657/mrai-20211231x10k.htm
2020-12-31,MRAI,USD,0001844392,2020-12-31,2020-12-31 00:00:00,2020,FY,1754569.0,0,1754569.0,100038.0,63363.0,325574.0,2180181.0,532720.0,0,3818959.0,3818959.0,0.0,0.0,-4351679.0,4351679.0,0.0,6531860.0,174893.0,1962709,0,0.0,511605.0,2649207.0,7379152,0,0,0,7379152.0,0.0,379737,10028359.0,0.0,14.0,-5540875.0,0.0,2044362.0,-3496499.0,-3496499.0,6531860.0,0.0,6531860.0,0.0,9341861,7587292.0,,
2019-12-31,MRAI,USD,0001844392,2019-12-31,2019-12-31 00:00:00,2019,FY,187340.0,0,187340.0,27857.0,58936.0,74946.0,290143.0,699982.0,0,3250000.0,3250000.0,0.0,0.0,-3949982.0,3949982.0,0.0,4240125.0,44878.0,86971,0,0.0,67415.0,199264.0,4914006,0,0,0,4914006.0,0.0,466707,5113270.0,0.0,14.0,-1672891.0,0.0,799732.0,-873145.0,-873145.0,4240125.0,0.0,4240125.0,0.0,5000977,4813637.0,,
2023-12-31,MDBH,USD,0000000000,2024-03-29,2024-03-29 16:50:47,2023,FY,6109806.0,0,6109806.0,882319.0,0.0,2031669.0,9023794.0,3186609.0,0,0.0,0.0,27462190.0,0.0,3312686.0,33961485.0,0.0,42985279.0,578214.0,0,0,160703.0,2510371.0,3249288.0,2415889,0,0,0,2415889.0,0.0,2415889,5665177.0,0.0,0.0,-12092927.0,0.0,49405779.0,37312852.0,37320102.0,42985279.0,7250.0,42985279.0,27462190.0,2415889,-3693917.0,https://www.sec.gov/Archives/edgar/data/1934642/000149315224012008/0001493152-24-012008-index.htm,https://www.sec.gov/Archives/edgar/data/1934642/000149315224012008/form10-k.htm
2022-12-31,MDBH,USD,0000000000,2022-12-31,2022-12-30 19:00:00,2022,FY,4952624.0,0,4952624.0,809532.0,0.0,309818.0,6071974.0,2034376.0,0,0.0,-25701071.0,17226057.0,25701071.0,368664.0,19629097.0,0.0,25701071.0,698782.0,0,0,214998.0,254745.0,1168525.0,1423538,2592063,3170093,0,1423538.0,0.0,1423538,2592063.0,0.0,27764453.0,-5124110.0,23109008.0,0.0,22640343.0,23109008.0,25701071.0,468665.0,25701071.0,17226057.0,1423538,-3529086.0,,
2021-12-31,MDBH,USD,0000000000,2021-12-31,2021-12-30 19:00:00,2021,FY,6225458.0,0,6225458.0,468353.0,0.0,150534.0,6844345.0,1299769.0,0,0.0,0.0,105197.0,8249311.0,-8249311.0,1404966.0,0.0,8249311.0,576492.0,0,0,161105.0,29750.0,767347.0,720627,1487974,5205837,0,720627.0,0.0,720627,1487974.0,0.0,6239168.0,6239168.0,6761337.0,-19239673.0,8249311.0,2744480.0,1487974.0,-5504831.0,1487974.0,105197.0,720627,-5504831.0,,
2020-12-31,MDBH,USD,0000000000,2020-12-31,2020-12-30 19:00:00,2020,FY,12481158.0,0,12481158.0,151284.0,0.0,53239.0,12685681.0,215161.0,0,0.0,-27938923.0,4601403.0,27938923.0,10436678.0,15253242.0,0.0,27938923.0,447694.0,0,0,66034.0,268584.0,782312.0,251340,3325881,-3325881,2292229,2543569.0,0.0,0,3325881.0,0.0,24666208.0,24666208.0,24613042.0,-73998624.0,27938923.0,15709105.0,3325881.0,-12229818.0,3325881.0,4601403.0,251340,-12229818.0,,
2024-12-31,WHF,USD,0001552198,2025-03-07,2025-03-07 07:32:29,2024,FY,26972000.0,-20000,26972000.0,5631000.0,0.0,0.0,32603000.0,0.0,0,0.0,0.0,642233000.0,0.0,-642233000.0,642233000.0,1985000.0,676821000.0,16450000.0,0,0,0.0,-16450000.0,37230000.0,0,0,0,0,0.0,390687000.0,0,390687000.0,0.0,23000.0,0.0,0.0,286111000.0,286134000.0,286134000.0,676821000.0,0.0,676821000.0,642213000.0,0,-26972000.0,https://www.sec.gov/Archives/edgar/data/1552198/000155837025002455/0001558370-25-002455-index.htm,https://www.sec.gov/Archives/edgar/data/1552198/000155837025002455/whf-20241231x10k.htm
2023-12-31,WHF,USD,0001552198,2024-03-05,2024-03-05 16:34:19,2023,FY,10749000.0,0,10749000.0,8492000.0,0.0,1211000.0,20452000.0,0.0,0,0.0,0.0,696168000.0,0.0,-696168000.0,1268291000.0,-557992000.0,730751000.0,13107000.0,0,0,0.0,-13107000.0,27172000.0,0,0,0,0,0.0,413979000.0,0,413979000.0,0.0,23000.0,-21526000.0,-1.0658141036401503e-08,338275000.0,316772000.0,316772000.0,730751000.0,0.0,730751000.0,696168000.0,386764000,-10749000.0,https://www.sec.gov/Archives/edgar/data/1552198/000155837024002482/0001558370-24-002482-index.htm,https://www.sec.gov/Archives/edgar/data/1552198/000155837024002482/whf-20231231x10k.htm
2022-12-31,WHF,USD,0001552198,2023-03-03,2023-03-03 17:17:56,2022,FY,9508000.0,650535000,660043000.0,8097000.0,1.0,19815000.0,667857000.0,0.0,0,0.0,0.0,760228000.0,796474000.0,-1447009000.0,109693000.0,18924000.0,796474000.0,13354000.0,0,0,-29893000.0,39374000.0,2329000.0,0,464087000,-464087000,411359000,461758000.0,0.0,0,464087000.0,5.960464477539063e-08,23000.0,-6876000.0,-3.2862601528904634e-08,339240000.0,332387000.0,747375000.0,796474000.0,414988000.0,796474000.0,760228000.0,441252000,431744000.0,https://www.sec.gov/Archives/edgar/data/1552198/000155837023002791/0001558370-23-002791-index.htm,https://www.sec.gov/Archives/edgar/data/1552198/000155837023002791/whf-20221231x10k.htm
2021-12-31,WHF,USD,0001552198,2022-03-31,2022-03-31 16:33:38,2021,FY,12185000.0,0,12185000.0,7521000.0,1.0,1307000.0,19706000.0,0.0,0,0.0,0.0,819208000.0,851019000.0,-851019000.0,819208000.0,12105000.0,851019000.0,12747000.0,0,0,-464050000.0,-12747000.0,12747000.0,0,501268000,-24471000,0,476797000.0,11724000.0,0,501268000.0,5.960464477539063e-08,23000.0,10567000.0,-4.973799150320701e-08,339161000.00000006,349751000.0,804080000.0,851019000.0,454329000.0,851019000.0,819208000.0,476797000,464612000.0,https://www.sec.gov/Archives/edgar/data/1552198/000155837022004933/0001558370-22-004933-index.htm,https://www.sec.gov/Archives/edgar/data/1552198/000155837022004933/tmb-20211231x10ka.htm
2020-12-31,WHF,USD,0001552198,2021-03-08,2021-03-08 17:14:56,2020,FY,8062000.0,0,8062000.0,11249000.0,1.0,1061000.0,19311000.0,0.0,0,0.0,0.0,690735000.0,718989000.0,-718989000.0,690735000.0,8943000.0,718989000.0,11369000.0,0,0,-373883000.0,-11369000.0,11369000.0,0,406092000,-21212000,0,384880000.0,9843000.0,0,406092000.0,5.960464477539063e-08,21000.0,12874000.0,-3.375077994860476e-08,300002000.0,312897000.0,682205000.0,718989000.0,369308000.0,718989000.0,690735000.0,384880000,376818000.0,https://www.sec.gov/Archives/edgar/data/1552198/000110465921033366/0001104659-21-033366-index.htm,https://www.sec.gov/Archives/edgar/data/1552198/000110465921033366/tm215478-1_10k.htm
2024-08-31,AYI,USD,0001144215,2024-10-28,2024-10-28 16:06:01,2024,FY,845800000.0,0,845800000.0,563000000.0,387600000.0,75100000.0,1871500000.0,369500000.0,1098700000,440500000.0,1539200000.0,6700000.0,2300000.0,25400000.0,1943100000.0,0.0,3814600000.0,352300000.0,19200000,7100000,17400000.0,291900000.0,687900000.0,554300000,41500000,26000000,126100000,747900000.0,0.0,58100000,1435800000.0,0.0,500000.0,3909800000.0,-114900000.0,-1416600000.0,2378800000.0,2378800000.0,3814600000.0,0.0,3814600000.0,6700000.0,573500000,-272300000.0,https://www.sec.gov/Archives/edgar/data/1144215/000114421524000085/0001144215-24-000085-index.htm,https://www.sec.gov/Archives/edgar/data/1144215/000114421524000085/ayi-20240831.htm
2023-08-31,AYI,USD,0001144215,2023-10-26,2023-10-26 08:09:01,2023,FY,397900000.0,0,397900000.0,555300000.0,368500000.0,73500000.0,1395200000.0,297600000.0,1097900000,481200000.0,1579100000.0,-1582100000.0,3000000.0,1715700000.0,2013300000.0,0.0,3408500000.0,285700000.0,39400000,9200000,-19700000.0,261100000.0,595400000.0,571100000,-59000000,59000000,167600000,797700000.0,0.0,95200000,1393100000.0,0.0,500000.0,3505400000.0,-112600000.0,-1377900000.0,2015400000.0,2015400000.0,3408500000.0,0.0,3408500000.0,-1582100000.0,495600000,97700000.0,https://www.sec.gov/Archives/edgar/data/1144215/000114421523000090/0001144215-23-000090-index.htm,https://www.sec.gov/Archives/edgar/data/1144215/000114421523000090/ayi-20230831.htm
2022-08-31,AYI,USD,0001144215,2022-10-26,2022-10-26 08:29:44,2022,FY,223200000.0,0,223200000.0,665900000.0,485700000.0,178700000.0,1462700000.0,276500000.0,1084300000,529200000.0,1613500000.0,11900000.0,1300000.0,111000000.0,2014200000.0,0.0,3476900000.0,397800000.0,33700000,13900000,11400000.0,276800000.0,733600000.0,562400000,53100000,102100000,117200000,831500000.0,0.0,83100000,1565100000.0,0.0,500000.0,3176200000.0,-125800000.0,-1139100000.0,1911800000.0,1911800000.0,3476900000.0,0.0,3476900000.0,11900000.0,513000000,289800000.0,https://www.sec.gov/Archives/edgar/data/1144215/000114421522000097/0001144215-22-000097-index.htm,https://www.sec.gov/Archives/edgar/data/1144215/000114421522000097/ayi-20220831.htm
2021-08-31,AYI,USD,0001144215,2021-10-27,2021-10-27 09:11:14,2021,FY,491300000.0,0,491300000.0,571800000.0,398700000.0,152000000.0,1544300000.0,269100000.0,1094700000,573200000.0,1667900000.0,5300000.0,1900000.0,86600000.0,2030800000.0,0.0,3575100000.0,391500000.0,31800000,11700000,7700000.0,249500000.0,692200000.0,541000000,56700000,101000000,139700000,838400000.0,0.0,62600000,1530600000.0,0.0,500000.0,2810300000.0,-98200000.0,-668100000.0,2044500000.0,2044500000.0,3575100000.0,0.0,3575100000.0,5300000.0,494300000,3000000.0,https://www.sec.gov/Archives/edgar/data/1144215/000114421521000097/0001144215-21-000097-index.htm,https://www.sec.gov/Archives/edgar/data/1144215/000114421521000097/ayi-20210831.htm
2020-08-31,AYI,USD,0001144215,2020-10-23,2020-10-23 16:44:41,2020,FY,560700000.0,0,560700000.0,500300000.0,320100000.0,102800000.0,1439700000.0,270500000.0,1080000000,605900000.0,1685900000.0,6000000.0,2700000.0,86900000.0,2052000000.0,0.0,3491700000.0,326500000.0,41500000,12700000,5400000.0,231500000.0,617600000.0,433600000,-94900000,94900000,218100000,746600000.0,0.0,74000000,1364200000.0,0.0,500000.0,2523300000.0,-132700000.0,-263600000.0,2127500000.0,2127500000.0,3491700000.0,0.0,3491700000.0,6000000.0,401100000,-159600000.0,https://www.sec.gov/Archives/edgar/data/1144215/000114421520000125/0001144215-20-000125-index.htm,https://www.sec.gov/Archives/edgar/data/1144215/000114421520000125/ayi-20200831x10k.htm
2024-12-31,LRMR,USD,0001374690,2025-03-24,2025-03-24 16:51:45,2024,FY,33218000.0,150236000,183454000.0,0.0,0.0,11850000.0,195304000.0,3719000.0,0,0.0,0.0,0.0,0.0,1202000.0,4921000.0,0.0,200225000.0,2424000.0,1060000,0,0.0,20872000.0,24356000.0,4057000,0,0,0,4057000.0,0.0,0,28413000.0,0.0,64000.0,-269158000.0,0.0,440906000.0,171812000.0,171812000.0,200225000.0,0.0,200225000.0,150236000.0,5117000,-28101000.0,https://www.sec.gov/Archives/edgar/data/1374690/000095017025043925/0000950170-25-043925-index.htm,https://www.sec.gov/Archives/edgar/data/1374690/000095017025043925/lrmr-20241231.htm
2023-12-31,LRMR,USD,0001374690,2023-12-31,2023-12-30 19:00:00,2023,FY,26749000.0,60041000,86790000.0,0.0,0.0,3385000.0,90175000.0,3762000.0,0,0.0,0.0,1339000.0,0.0,659000.0,5760000.0,0.0,95935000.0,1283000.0,837000,0,0.0,7386000.0,9506000.0,4709000,0,0,0,4709000.0,0.0,5546000,14215000.0,0.0,43000.0,-188554000.0,81000.0,270150000.0,81720000.0,81720000.0,95935000.0,0.0,95935000.0,61380000.0,5546000,-21203000.0,,
2022-12-31,LRMR,USD,0001374690,2023-03-14,2023-03-14 16:03:15,2022,FY,26825000.0,91603000,118428000.0,0.0,0.0,2311000.0,120739000.0,3689000.0,0,0.0,0.0,1339000.0,0.0,638000.0,5666000.0,0.0,126405000.0,1686000.0,1222000,0,0.0,7797000.0,10705000.0,4797000,0,0,0,4797000.0,0.0,5408000,15502000.0,0.0,43000.0,-151605000.0,-31000.0,262496000.0,110903000.0,110903000.0,126405000.0,0.0,126405000.0,91603000.0,5408000,-21417000.0,https://www.sec.gov/Archives/edgar/data/1374690/000095017023007855/0000950170-23-007855-index.htm,https://www.sec.gov/Archives/edgar/data/1374690/000095017023007855/lrmr-20221231.htm
2021-12-31,LRMR,USD,0001374690,2022-03-25,2022-03-25 12:37:41,2021,FY,70097000.0,0,70097000.0,208000.0,-208000.0,1899000.0,72204000.0,4455000.0,0,0.0,0.0,1339000.0,0.0,669000.0,6463000.0,-1.4551915228366852e-11,78667000.0,1660000.0,1188000,0,0.0,5998000.0,8846000.0,5408000,0,0,0,5408000.0,0.0,6002000,14254000.0,0.0,18000.0,-116250000.0,-1.4210854715202004e-11,180645000.0,64413000.0,64413000.0,78667000.0,0.0,78667000.0,1339000.0,6002000,-64095000.0,https://www.sec.gov/Archives/edgar/data/1374690/000095017022004637/0000950170-22-004637-index.htm,https://www.sec.gov/Archives/edgar/data/1374690/000095017022004637/lrmr-20211231.htm
2020-12-31,LRMR,USD,0001374690,2021-03-04,2021-03-04 17:09:55,2020,FY,68148000.0,24490000,92638000.0,32000.0,-32000.0,5282000.0,97952000.0,4976000.0,0,0.0,0.0,1339000.0,0.0,419000.0,6734000.0,-1.4551915228366852e-11,104686000.0,2634000.0,1030000,0,0.0,5328000.0,8992000.0,6002000,0,0,0,6002000.0,0.0,6517000,14994000.0,0.0,15000.0,-65614000.0,1000.0,155290000.0,89692000.0,89692000.0,104686000.0,0.0,104686000.0,24490000.0,6517000,-61631000.0,https://www.sec.gov/Archives/edgar/data/1374690/000156459021011003/0001564590-21-011003-index.htm,https://www.sec.gov/Archives/edgar/data/1374690/000156459021011003/lrmr-10k_20201231.htm
2024-12-31,GGB,BRL,0001073404,2025-03-14,2025-03-14 16:08:52,2024,FY,7767813000.0,509030000,8276843000.0,7244600000.0,16504911000.0,643069000.0,32669423000.0,30760008000.0,13853114000,400567000.0,14253681000.0,4222317000.0,2427648000.0,2481416000.0,54145070000.0,0.0,86814493000.0,5718104000.0,1165764000,757628000,0.0,3209895000.0,10851391000.0,13751389000,0,2491987000,1545940000,17789316000.0,0.0,1280669000,28640707000.0,0.0,24273225000.0,24238217000.0,13076265000.0,-3638948000.0,57948759000.0,58173786000.0,86814493000.0,225027000.0,86814493000.0,4731347000.0,14917153000,7149340000.0,https://www.sec.gov/Archives/edgar/data/1073404/000141057825000353/0001410578-25-000353-index.htm,https://www.sec.gov/Archives/edgar/data/1073404/000141057825000353/ggb-20241231x20f.htm
2023-12-31,GGB,BRL,0001073404,2023-12-31,2023-12-29 19:00:00,2023,FY,3005645000.0,2338097000,5343742000.0,4875394000.0,15227778000.0,3751023000.0,29197937000.0,24063184000.0,10825148000,373710000.0,11198858000.0,3858449000.0,2219461000.0,4347254999.0,45687206999.0,1.0,74885144000.0,5901183000.0,2170773000,502766000,0.0,2709890000.0,11284612000.0,10025129000,0,0,4336540000,14361669000.0,0.0,1277602000,25646281000.0,0.0,20215343000.0,25914830000.0,5983638000.0,-3054852000.0,49058959000.0,49238863000.0,74885144000.0,179904000.0,74885144000.0,6196546000.0,12195902000,9190257000.0,,
2022-12-31,GGB,BRL,0001073404,2022-12-31,2022-12-31 00:00:00,2022,FY,2475863000.0,2959135000,5434998000.0,4999004000.0,17817585000.0,3005835000.0,31257422000.0,21383610000.0,11084566000,415159000.0,11499725000.0,3896518000.0,2164477000.0,3596900000.0,42541230000.0,0.0,73798652000.0,6618923000.0,3397082000,892455000,0.0,2554121000.0,13462581000.0,10265841000,0,2122344000,3772037000,14037878000.0,0.0,1030643000,27500459000.0,0.0,19249181000.0,22172561000.0,7779117000.0,-3084665000.0,46116194000.0,46298193000.0,73798652000.0,181999000.0,73798652000.0,6855653000.0,13662923000,11187060000.0,,
2021-12-31,GGB,BRL,0001073404,2022-03-31,2022-03-31 16:21:11,2021,FY,4160654000.0,2626212000,6786866000.0,5414075000.0,16861488000.0,3578048000.0,32640477000.0,19603530000.0,12427527000,509760000.0,12937287000.0,3340775000.0,2929308000.0,2363236000.0,41174136000.0,0.0,73814613000.0,8017140000.0,2041579000,1411309000,2842202000.0,2566786000.0,14036814000.0,12941127000,1759149000,1840001000,2261874000,16962150000.0,0.0,918365000,30998964000.0,0.0,19249181000.0,17838494000.0,8539841000.0,-3023234000.0,42604282000.0,42815649000.0,73814613000.0,211367000.0,73814613000.0,5966987000.0,14982706000,10822052000.0,https://www.sec.gov/Archives/edgar/data/1073404/000110465922041058/0001104659-22-041058-index.htm,https://www.sec.gov/Archives/edgar/data/1073404/000110465922041058/ggb-20211231x20f.htm
2020-12-31,GGB,BRL,0001073404,2021-04-21,2021-04-21 16:34:58,2020,FY,4617204000.0,3041143000,7658347000.0,5990166000.0,9169417000.0,591523000.0,23409453000.0,18068226000.0,12103519000,622578000.0,12726097000.0,2271629000.0,3393354000.0,3254250000.0,39713556000.0,0.0,63123009000.0,5437953000.0,1663209000,1410214000,2638415000.0,2970767000.0,11482143000.0,16731471000,2032333000,1234073000,1791852000,20555656000.0,0.0,856474000,32037799000.0,0.0,19249181000.0,7292332000.0,7418892000.0,-3100134000.0,30860271000.0,31085210000.0,63123009000.0,224939000.0,63123009000.0,5312772000.0,18394680000,13777476000.0,https://www.sec.gov/Archives/edgar/data/1073404/000110465921053189/0001104659-21-053189-index.htm,https://www.sec.gov/Archives/edgar/data/1073404/000110465921053189/tm212083d1_20f.htm
2024-12-31,IONS,USD,0000874015,2025-02-19,2025-02-19 16:06:39,2024,FY,242077000.0,2055579000,2297656000.0,92188000.0,12512000.0,217934000.0,2620290000.0,256107000.0,0,0.0,0.0,0.0,0.0,127278000.0,383385000.0,0.0,3003675000.0,42964000.0,0,34000,78989000.0,187331000.0,309318000.0,1407290000,0,0,698716000,2106006000.0,0.0,0,2415324000.0,0.0,158000.0,-2249808000.0,-30811000.0,2868812000.0,588351000.0,588351000.0,3003675000.0,0.0,3003675000.0,2055579000.0,1407290000,1165213000.0,https://www.sec.gov/Archives/edgar/data/874015/000087401525000089/0000874015-25-000089-index.htm,https://www.sec.gov/Archives/edgar/data/874015/000087401525000089/form10k.htm
2023-12-31,IONS,USD,0000874015,2024-02-21,2024-02-21 16:38:27,2023,FY,399266000.0,1931935000,2331201000.0,97778000.0,28425000.0,184449000.0,2641853000.0,242939000.0,0,0.0,0.0,42991000.0,0.0,62289000.0,348219000.0,0.0,2990072000.0,26027000.0,53163000,2151000,151128000.0,215621000.0,448090000.0,1914112000,241184000,0,0,2155296000.0,0.0,170875000,2603386000.0,0.0,144000.0,-1795911000.0,-32645000.0,2215098000.0,386686000.0,386686000.0,2990072000.0,0.0,2990072000.0,1981227000.0,1453539000,1054273000.0,https://www.sec.gov/Archives/edgar/data/874015/000087401524000116/0000874015-24-000116-index.htm,https://www.sec.gov/Archives/edgar/data/874015/000087401524000116/form10k.htm
2022-12-31,IONS,USD,0000874015,2023-02-22,2023-02-22 16:39:54,2022,FY,1987000000.0,1710397000,1987000000.0,25538000.0,22033000.0,157715000.0,2203000000.0,256000000.0,0,0.0,0.0,40372000.0,0.0,34628000.0,331000000.0,0.0,2534000000.0,17921000.0,7535000,6249000,91000000.0,189279000.0,312000000.0,1361660000,288000000,0,0,1649000000.0,0.0,178941000,1961000000.0,0.0,142000.0,-1429625000.0,-57480000.0,2059850000.0,573000000.0,573000000.0,2534000000.0,0.0,2534000000.0,1710397000.0,1345000000,-642000000.0,https://www.sec.gov/Archives/edgar/data/874015/000087401523000105/0000874015-23-000105-index.htm,https://www.sec.gov/Archives/edgar/data/874015/000087401523000105/form10k.htm
2021-12-31,IONS,USD,0000874015,2022-02-25,2022-02-24 17:38:52,2021,FY,2115000000.0,1245782000,2115000000.0,61896000.0,24806000.0,125169000.0,2345000000.0,178000000.0,0,29005000.0,29005000.0,15615000.0,-15615000.0,59995000.0,267000000.0,0.0,2612000000.0,11904000.0,3526000,36000,98000000.0,127370000.0,241000000.0,1180432000,352000000,0,67092000,1599000000.0,0.0,19432000,1840000000.0,0.0,141000.0,-1159903000.0,-32668000.0,1964167000.0,772000000.0,772000000.0,2612000000.0,0.0,2612000000.0,1245782000.0,1161000000,-954000000.0,https://www.sec.gov/Archives/edgar/data/874015/000087401522000079/0000874015-22-000079-index.htm,https://www.sec.gov/Archives/edgar/data/874015/000087401522000079/form10k.htm
2020-12-31,IONS,USD,0000874015,2021-02-24,2021-02-24 15:34:10,2020,FY,1892000000.0,1494711000,1892000000.0,76204000.0,21965000.0,140163000.0,2130000000.0,181000000.0,0,27937000.0,27937000.0,15062000.0,-15062000.0,51063000.0,260000000.0,0.0,2390000000.0,17199000.0,308809000,1324000,108000000.0,163190000.0,290000000.0,623529000,424000000,0,0,1257000000.0,0.0,0,1547000000.0,0.0,140000.0,-1249368000.0,-21071000.0,1895519000.0,843000000.0,843000000.0,2390000000.0,0.0,2390000000.0,1494711000.0,749000000,-1143000000.0,https://www.sec.gov/Archives/edgar/data/874015/000087401521000056/0000874015-21-000056-index.htm,https://www.sec.gov/Archives/edgar/data/874015/000087401521000056/form10k.htm
2013-03-31,CAPV,USD,0000000000,2013-03-31,2013-03-30 20:00:00,2012,FY,0.10900000000000001,0,0.10900000000000001,0.0,22.268,0.0,22.377000000000002,1.098,0,1527.637,1527.637,0.0,0.0,2.2737367544323206e-13,1528.7350000000001,0.0,1551.112,100753.0,515,0,0.0,538850.0,640.1179999999999,0,0,0,0,0.0,0.0,0,640.1179999999999,0.003,47.972,-12904.294,0.31299999999941974,13767313.0,910.9939999999999,910.9939999999999,1551.1119999999999,0.0,1551.1119999999999,0.0,515,514.891,,
2010-03-31,CAPV,USD,0000000000,2010-03-31,2010-03-31 00:00:00,2009,FY,57.0,0,57.0,19000.0,249506.0,250456.0,519019.0,1.0,0,2577496.0,2577496.0,0.0,0.0,0.0,2577497.0,0.0,3096516.0,472896.0,0,0,154924.0,93395.0,721215.0,124291,0,0,197158,321449.0,0.0,0,1042664.0,3.0,9871.0,-11050701.0,0.0,13145346.0,2053852.0,2053852.0,3096516.0,0.0,3096516.0,0.0,124291,124234.0,,
2009-03-31,CAPV,USD,0000000000,2009-03-31,2009-03-31 00:00:00,2008,FY,35.0,0,35.0,9766.0,250456.0,250000.0,510257.0,308.0,0,2577496.0,2577496.0,0.0,0.0,0.0,2577804.0,0.0,3088061.0,353854.0,106589,0,189067.0,1280.0,650790.0,0,0,0,0,0.0,0.0,0,650790.0,3.0,8711.0,-10451707.0,0.0,12880264.0,2437271.0,2437271.0,3088061.0,0.0,3088061.0,0.0,106589,106554.0,,
2008-03-31,CAPV,USD,0000000000,2008-03-31,2008-03-31 00:00:00,2007,FY,0.0,0,2280.0,2800.0,308328.0,252280.0,738043.0,615.0,0,2566808.0,2566808.0,0.0,0.0,0.0,2567423.0,0.0,3305466.0,321308.0,8165,0,154540.0,0.0,484013.0,0,0,0,0,0.0,0.0,0,484013.0,2.0,7440.0,-9737525.0,0.0,12551536.0,2821453.0,2821453.0,3305466.0,0.0,3305466.0,0.0,8165,8165.0,,
2006-09-30,CAPV,USD,0000000000,2006-09-30,2006-09-30 00:00:00,2006,FY,8724.0,0,8724.0,829.0,5850.0,0.0,15403.0,0.0,0,1168873.0,1168873.0,0.0,0.0,0.0,1168873.0,0.0,1184276.0,259294.0,36000,0,0.0,29105.0,324399.0,0,0,0,0,0.0,0.0,0,324399.0,1.0,6045.0,-969309.0,0.0,1823140.0,859877.0,859877.0,1184276.0,0.0,1184276.0,0.0,36000,27276.0,,
2024-12-31,AXS,USD,0001214816,2025-02-26,2025-02-26 16:17:40,2024,FY,2143471000.0,4776353000,6919824000.0,0.0,0.0,0.0,6919824000.0,92516000.0,66498000,175967000.0,242465000.0,13606087000.0,0.0,-92516000.0,13848552000.0,11751917000.0,32520293000.0,1713798000.0,0,0,0.0,-1713798000.0,1983526000.0,1488173000,0,0,0,1488173000.0,22959215000.0,106614000,26430914000.0,550000000.0,2206000.0,7341569000.0,0.0,-1804396000.0,6089379000.0,6089379000.0,32520293000.0,0.0,32520293000.0,15289837000.0,1488173000,-655298000.0,https://www.sec.gov/Archives/edgar/data/1214816/000121481625000056/0001214816-25-000056-index.htm,https://www.sec.gov/Archives/edgar/data/1214816/000121481625000056/axs-20241231.htm
2023-12-31,AXS,USD,0001214816,2024-02-27,2024-02-27 17:12:35,2023,FY,953476000.0,4351729000,5305205000.0,0.0,0.0,1916087000.0,7221292000.0,108093000.0,100801000,186883000.0,287684000.0,1145687000.0,0.0,27755732000.0,29297196000.0,-6267816000.0,30250672000.0,1792719000.0,0,0,0.0,-1792719000.0,0.0,1522605000,0,0,23464871000,24987476000.0,0.0,123101000,24987476000.0,550000000.0,2206000.0,6440528000.0,-365836000.0,-1363702000.0,5263196000.0,5263196000.0,30250672000.0,0.0,30250672000.0,1162903000.0,1522605000,569129000.0,https://www.sec.gov/Archives/edgar/data/1214816/000121481624000024/0001214816-24-000024-index.htm,https://www.sec.gov/Archives/edgar/data/1214816/000121481624000024/axs-20231231.htm
2022-12-31,AXS,USD,0001214816,2023-02-27,2023-02-24 21:24:02,2022,FY,751415000.0,11397204000,12148619000.0,0.0,-10459745000.0,0.0,21363401000.0,92214000.0,100801000,197800000.0,298601000.0,12729096000.0,0.0,-13119911000.0,13119911000.0,-6887501000.0,27595811000.0,1609924000.0,0,0,0.0,-1609924000.0,1522764000.0,1496279000,0,0,21546782000,1522764000.0,19910373000.0,0,22955901000.0,550000000.0,2206000.0,6247022000.0,-760300000.0,-1399018000.0,4639910000.0,4639910000.0,27595811000.0,0.0,27595811000.0,14353284000.0,1496279000,744864000.0,https://www.sec.gov/Archives/edgar/data/1214816/000121481623000013/0001214816-23-000013-index.htm,https://www.sec.gov/Archives/edgar/data/1214816/000121481623000013/axs-20221231.htm
2021-12-31,AXS,USD,0001214816,2022-02-25,2022-02-25 16:10:27,2021,FY,844592000.0,12344263000,13188855000.0,0.0,-9700160000.0,0.0,21540262000.0,103295000.0,100801000,208717000.0,309518000.0,13592247000.0,0.0,-14005060000.0,14005060000.0,-8176352000.0,27368970000.0,1324620000.0,0,0,1205108000.0,-2529728000.0,1324620000.0,1430487000,0,0,20527827000,1430487000.0,19203207000.0,119512000,21958314000.0,550000000.0,2206000.0,6204745000.0,56536000.0,-1402831000.0,5410656000.0,5410656000.0,27368970000.0,0.0,27368970000.0,15134317000.0,1430487000,585895000.0,https://www.sec.gov/Archives/edgar/data/1214816/000121481622000011/0001214816-22-000011-index.htm,https://www.sec.gov/Archives/edgar/data/1214816/000121481622000011/axs-20211231.htm
2020-12-31,AXS,USD,0001214816,2021-02-26,2021-02-26 16:11:29,2020,FY,902831000.0,12203696000,13106527000.0,0.0,-9401483000.0,0.0,20842881000.0,123579000.0,100801000,219633000.0,320434000.0,12836350000.0,0.0,-13280363000.0,13280363000.0,-8245557000.0,25877687000.0,1092042000.0,0,0,951779000.0,-2043821000.0,1092042000.0,1449958000,0,0,19132035000,1449958000.0,18039993000.0,140263000,20581993000.0,550000000.0,2206000.0,5763607000.0,414395000.0,-1434514000.0,5295694000.0,5295694000.0,25877687000.0,0.0,25877687000.0,14258796000.0,1449958000,547127000.0,https://www.sec.gov/Archives/edgar/data/1214816/000121481621000014/0001214816-21-000014-index.htm,https://www.sec.gov/Archives/edgar/data/1214816/000121481621000014/axs-20201231.htm
2023-12-31,QETAU,USD,0001978528,2024-03-25,2024-03-25 17:25:46,2023,FY,610185.0,0,610185.0,0.0,0.0,108212.0,718397.0,0.0,0,0.0,0.0,70506524.0,0.0,0.0,70506524.0,0.0,71224921.0,18254.0,0,170649,0.0,43088.0,231991.0,0,0,0,2415000,2415000.0,0.0,0,2646991.0,0.0,70321728.0,-1743798.0,-2.22e-10,0.0,68577930.0,68577930.0,71224921.0,0.0,71224921.0,70506524.0,0,-610185.0,https://www.sec.gov/Archives/edgar/data/1978528/000182912624001878/0001829126-24-001878-index.htm,https://www.sec.gov/Archives/edgar/data/1978528/000182912624001878/quettaacq_10k.htm
2024-12-31,IDYA,USD,0001676725,2025-02-18,2025-02-18 16:00:41,2024,FY,84378000.0,591941000,676319000.0,3000.0,0.0,13391000.0,689713000.0,27741000.0,0,0.0,0.0,0.0,0.0,406637000.0,434378000.0,0.0,1124091000.0,15421000.0,596000,0,0.0,30054000.0,46071000.0,18873000,0,0,0,18873000.0,0.0,298000,64944000.0,0.0,9000.0,-622841000.0,812000.0,1681167000.0,1059147000.0,1059147000.0,1124091000.0,0.0,1124091000.0,591941000.0,19171000,-65207000.0,https://www.sec.gov/Archives/edgar/data/1676725/000095017025022183/0000950170-25-022183-index.htm,https://www.sec.gov/Archives/edgar/data/1676725/000095017025022183/idya-20241231.htm
2023-12-31,IDYA,USD,0001676725,2024-02-20,2024-02-20 16:05:54,2023,FY,157018000.0,368096000,525114000.0,18000.0,0.0,7500000.0,532632000.0,8410000.0,0,0.0,0.0,107492000.0,0.0,782000.0,116684000.0,0.0,649316000.0,6598000.0,1747000,0,0.0,18756000.0,27101000.0,1125000,0,0,0,1125000.0,0.0,2872000,28226000.0,0.0,7000.0,-348364000.0,562000.0,968885000.0,621090000.0,621090000.0,649316000.0,0.0,649316000.0,475588000.0,2872000,-154146000.0,https://www.sec.gov/Archives/edgar/data/1676725/000095017024017093/0000950170-24-017093-index.htm,https://www.sec.gov/Archives/edgar/data/1676725/000095017024017093/idya-20231231.htm
2022-12-31,IDYA,USD,0001676725,2023-03-07,2023-03-07 16:04:09,2022,FY,68632000.0,296197000,373146000.0,211000.0,-8317000.0,5414000.0,370454000.0,8993000.0,0,0.0,0.0,8317000.0,0.0,205000.0,17515000.0,0.0,387969000.0,4280000.0,3742000,0,8568000.0,25008000.0,31718000.0,1611000,5185000,-5185000,0,6796000.0,349455000.0,3482000,387969000.0,0.0,5000.0,-235403000.0,-2871000.0,587724000.0,349455000.0,349455000.0,387969000.0,0.0,387969000.0,304514000.0,3482000,-65150000.0,https://www.sec.gov/Archives/edgar/data/1676725/000095017023006456/0000950170-23-006456-index.htm,https://www.sec.gov/Archives/edgar/data/1676725/000095017023006456/idya-20221231.htm
2021-12-31,IDYA,USD,0001676725,2022-03-18,2022-03-17 17:31:47,2021,FY,92046000.0,154724000,368063000.0,1103000.0,-121293000.0,6246000.0,250996000.0,8661000.0,0,0.0,0.0,121293000.0,0.0,397000.0,130351000.0,0.0,381347000.0,2100000.0,3398000,0,29040000.0,17271000.0,45159000.0,3482000,31192000,-31192000,0,34674000.0,301514000.0,5181000,381347000.0,0.0,4000.0,-176748000.0,-712000.0,478970000.0,301514000.0,301514000.0,381347000.0,0.0,381347000.0,276017000.0,5181000,-86865000.0,https://www.sec.gov/Archives/edgar/data/1676725/000156459022010922/0001564590-22-010922-index.htm,https://www.sec.gov/Archives/edgar/data/1676725/000156459022010922/idya-10k_20211231.htm
2020-12-31,IDYA,USD,0001676725,2021-03-23,2021-03-23 06:30:49,2020,FY,72037000.0,211548000,283585000.0,1877000.0,0.0,6286000.0,288605000.0,9476000.0,0,0.0,0.0,106000.0,0.0,82000.0,9664000.0,0.0,298269000.0,953000.0,3080000,0,27613000.0,6994000.0,38640000.0,5183000,56160000,0,12000,61355000.0,198274000.0,6723000,298269000.0,0.0,3000.0,-126986000.0,7000.0,325250000.0,198274000.0,198274000.0,298269000.0,0.0,298269000.0,211548000.0,6723000,-65314000.0,https://www.sec.gov/Archives/edgar/data/1676725/000156459021014676/0001564590-21-014676-index.htm,https://www.sec.gov/Archives/edgar/data/1676725/000156459021014676/idya-10k_20201231.htm
2024-12-31,BTE,CAD,0001279495,2025-03-05,2025-03-04 18:49:20,2024,FY,16610000.0,0,16610000.0,387266000.0,0.0,45751000.0,449627000.0,7075616000.0,0,0.0,0.0,0.0,178212000.0,56290000.0,7310118000.0,0.0,7759745000.0,512473000.0,9193000,0,0.0,52060000.0,573726000.0,2272695000,0,88561000,653753000,3015009000.0,0.0,24652000,3588735000.0,0.0,6137479000.0,-3421584000.0,1093261000.0,361854000.0,4171010000.0,4171010000.0,7759745000.0,0.0,7759745000.0,0.0,2281888000,2265278000.0,https://www.sec.gov/Archives/edgar/data/1279495/000127949525000014/0001279495-25-000014-index.htm,https://www.sec.gov/Archives/edgar/data/1279495/000127949525000014/bte-20241231.htm
2023-12-31,BTE,CAD,0001279495,2023-12-31,2023-12-30 19:00:00,2023,FY,55815000.0,0,55815000.0,338405000.0,0.0,45804000.0,440024000.0,6746033000.0,0,0.0,0.0,0.0,0.0,274874000.0,7020907000.0,0.0,7460931000.0,477295000.0,13391000,0,0.0,67337000.0,558023000.0,2427166000,0,21333000,629322000,3077821000.0,0.0,29447000,3635844000.0,0.0,6527289000.0,-3586196000.0,690917000.0,193077000.0,3825087000.0,3825087000.0,7460931000.0,0.0,7460931000.0,0.0,2440557000,2384742000.0,,
2022-12-31,BTE,CAD,0001279495,2022-12-31,2022-12-31 00:00:00,2022,FY,5464000.0,0,5464000.0,200908000.0,0.0,37682000.0,244054000.0,4802471000.0,0,0.0,0.0,0.0,57244000.0,0.0,4859715000.0,0.0,5103769000.0,227332000.0,3521000,0,0.0,57676000.0,288529000.0,933646000,0,265858000,851177000,1784823000.0,0.0,6538000,2073352000.0,0.0,5499664000.0,-3315321000.0,756195000.0,89879000.0,3030417000.0,3030417000.0,5103769000.0,0.0,5103769000.0,0.0,937167000,931703000.0,,
2021-12-31,BTE,CAD,0001279495,2021-12-31,2021-12-31 00:00:00,2021,FY,-7765000.0,0,-7765000.0,173409000.0,7765000.0,8654000.0,182063000.0,4652580000.0,0,0.0,0.0,0.0,0.0,0.0,4652580000.0,0.0,4834643000.0,190692000.0,5876000,0,11080000.0,117064000.0,338730000.0,1389352000,0,167456000,895232000,2284584000.0,0.0,7765000,2623314000.0,0.0,5736593000.0,-4170926000.0,632103000.0,13559000.0,2211329000.0,2211329000.0,4834643000.0,0.0,4834643000.0,0.0,1387463000,1395228000.0,,
2020-12-31,BTE,CAD,0001279495,2020-12-31,2020-12-31 00:00:00,2020,FY,-11076000.0,0,-11076000.0,107477000.0,11076000.0,5057000.0,112534000.0,3288507000.0,0,0.0,0.0,0.0,7055000.0,0.0,3295562000.0,0.0,3408096000.0,155955000.0,8578000,0,11820000.0,6394000.0,198856000.0,1795663000,0,93588000,835364000,2631027000.0,0.0,11076000,2829883000.0,0.0,5729418000.0,-5784526000.0,618976000.0,14345001.0,578213000.0,578213000.0,3408096000.0,0.0,3408096000.0,0.0,1793165000,1804241000.0,,
2023-12-31,WONDF,CAD,0001882839,2023-12-31,2023-12-30 19:00:00,2023,FY,26087974.0,0,26087974.0,2272323.0,11227648.0,1017208610.0,1045568907.0,590683.0,32687758,36303974.0,68991732.0,20055257.0,0.0,-1.0,89637671.0,1.0,1135206579.0,5732149.0,242538,0,0.0,1007983419.0,1019690255.0,314646,70659,3733994,6889356,10937996.0,1.0,70660,1030628252.0,0.0,285225857.0,-193929796.0,0.0,13282266.0,104578327.0,104578327.0,1135206579.0,0.0,1135206579.0,20055257.0,627844,-25460130.0,,
2022-09-30,WONDF,CAD,0001882839,2022-09-30,2022-09-30 00:00:00,2022,FY,8292805.0,204628420,8292805.0,5316295.0,1918218.0,257708432.0,276156547.0,750485.0,96253307,75518717.0,171772024.0,920890.0,18916000.0,-18916000.0,173443399.0,0.0,449599946.0,5779610.0,4915125,0,-5779610.0,253860085.0,264554820.0,100320,0,17879497,1764200,19744017.0,7.450580596923828e-09,292552,284298837.0,0.0,194178882.0,-40643661.0,0.0,11765888.0,165301109.0,165301109.0,449599946.0,0.0,449599946.0,920890.0,5015445,-3277360.0,,
2021-09-30,WONDF,CAD,0001882839,2021-09-30,2021-09-30 00:00:00,2021,FY,20346956.0,1932000,20346956.0,94759.0,-1931999.0,811246.0,21252961.0,8934.0,0,4110325.0,4110325.0,12500.0,49181500.0,-49194000.0,4119259.0,0.0,25372220.0,335938.0,65370,0,0.0,-201866.0,535380.0,28112000,0,0,-28112000,28112000.0,-28112000.0,0,535380.0,0.0,28619942.0,-5062610.0,1292008.0,-12500.0,24836840.0,23467840.0,25372220.0,-1369000.0,25372220.0,12500.0,65370,-20281586.0,,
2020-06-30,WONDF,CAD,0001882839,2020-06-30,2020-06-28 20:00:00,2020,FY,13864.0,0,13864.0,16355.0,0.0,0.0,30219.0,0.0,0,0.0,0.0,0.0,0.0,0.0,0.0,0.0,30219.0,0.0,0,0,0.0,86735.0,86735.0,0,0,0,0,0.0,0.0,0,86735.0,0.0,3925242.0,-4193253.0,211495.0,0.0,-56516.0,-56516.0,30219.0,0.0,30219.0,0.0,0,-13864.0,,
2019-06-30,WONDF,CAD,0001882839,2019-06-30,2019-06-28 20:00:00,2019,FY,102402.0,0,102402.0,8884.0,0.0,5626.0,116912.0,0.0,0,0.0,0.0,0.0,0.0,0.0,0.0,0.0,116912.0,0.0,0,0,0.0,19678.0,19678.0,0,0,0,0,0.0,0.0,0,19678.0,0.0,3925242.0,-4039503.0,211495.0,0.0,97234.0,97234.0,116912.0,0.0,116912.0,0.0,0,-102402.0,,
2024-12-31,NCDL,USD,0001737924,2025-02-27,2025-02-26 21:55:01,2024,FY,43254000.0,0,43254000.0,17971000.0,0.0,47000.0,61225000.0,0.0,0,0.0,0.0,2081379000.0,0.0,-2081379000.0,2081379000.0,1121000.0,2143725000.0,61060000.0,0,0,0.0,-61060000.0,65144000.0,0,0,0,0,0.0,1173405000.0,0,1173405000.0,0.0,534000.0,-26500000.0,0.0,996286000.0,970320000.0,970320000.0,2143725000.0,0.0,2143725000.0,2081379000.0,0,-43254000.0,https://www.sec.gov/Archives/edgar/data/1737924/000162828025008382/0001628280-25-008382-index.htm,https://www.sec.gov/Archives/edgar/data/1737924/000162828025008382/ncdlc-20241231.htm
2023-12-31,NCDL,USD,0001737924,2023-12-31,2023-12-30 19:00:00,2023,FY,67445000.0,0,67445000.0,21720000.0,-13000.0,1730877000.0,1820029000.0,0.0,0,0.0,0.0,1641686000.0,1730864000.0,-3372550000.0,3372550000.0,-3461715000.0,1730864000.0,35309000.0,0,0,0.0,3734000.0,39043000.0,0,0,0,0,943936000.0,0.0,0,982979000.0,0.0,412000.0,-29246000.0,0.0,776719000.0,747885000.0,747885000.0,1730864000.0,0.0,1730864000.0,1641686000.0,943936000,-67395000.0,,
2022-12-31,NCDL,USD,0001737924,2022-12-31,2022-12-30 19:00:00,2022,FY,39320000.0,0,39320000.0,14222000.0,0.0,1254000000.0,1307501000.0,0.0,0,0.0,0.0,1200376000.0,1253959000.0,-2454335000.0,2454335000.0,-2507877000.0,1253959000.0,25776000.0,699772000,0,0.0,-725548000.0,1454550000.0,699772000,729002000,0,-1428774000,1375232000.0,-2829495000.0,0,287000.0,0.0,287000.0,524957000.0,524957000.0,548600000.0,1253959000.0,1914411000.0,699772000.0,660452000.0,699772000.0,1200376000.0,699772000,660452000.0,,
2021-12-31,NCDL,USD,0001737924,2021-12-31,2021-12-30 19:00:00,2021,FY,35186000.0,0,35186000.0,9955000.0,0.0,820983000.0,866060000.0,0.0,0,0.0,0.0,773013000.0,820919000.0,-1593932000.0,1593932000.0,-1639073000.0,820919000.0,36380000.0,406365000,0,0.0,-442745000.0,889613000.0,0,446868000,0,-446868000,808092000.0,-1697512000.0,0,193000.0,3432000.0,193000.0,374051000.0,374051000.0,370426000.0,820919000.0,1192098000.0,406365000.0,371179000.0,406365000.0,773013000.0,2651000,-32535000.0,,
2020-12-31,NCDL,USD,0001737924,2020-12-31,2020-12-29 19:00:00,2020,FY,12608000.0,0,12608000.0,2974000.0,0.0,-15582000.0,369042000.0,0.0,0,0.0,0.0,0.0,353460000.0,0.0,353460000.0,-369042000.0,353460000.0,0.0,188275000,0,0.0,195819000.0,384094000.0,188275000,195819000,-211401000,7544000,180237000.0,-368512000.0,0,195819000.0,0.0,84000.0,-3446000.0,157641000.0,3362000.0,157641000.0,333308000.0,353460000.0,175667000.0,353460000.0,0.0,188275000,175667000.0,,
2024-12-31,NEON,USD,0000087050,2025-03-21,2025-03-21 09:22:20,2024,FY,16427000.0,0,16427000.0,732000.0,0.0,526000.0,17685000.0,696000.0,0,0.0,0.0,0.0,0.0,0.0,696000.0,0.0,18381000.0,229000.0,227000,0,0.0,1164000.0,1620000.0,319000,0,0,0,319000.0,0.0,0,1939000.0,0.0,17000.0,-224080000.0,-450000.0,240955000.0,16442000.0,16442000.0,18381000.0,0.0,18381000.0,0.0,546000,-15881000.0,https://www.sec.gov/Archives/edgar/data/87050/000101376225000774/0001013762-25-000774-index.htm,https://www.sec.gov/Archives/edgar/data/87050/000101376225000774/ea0233400-10k_neonode.htm
2023-12-31,NEON,USD,0000087050,2024-02-28,2024-02-28 09:20:29,2023,FY,16155000.0,0,16155000.0,1327000.0,610000.0,528000.0,18620000.0,394000.0,0,0.0,0.0,0.0,0.0,0.0,394000.0,0.0,19014000.0,440000.0,87000,0,10000.0,1295000.0,1832000.0,19000,0,0,0,19000.0,0.0,106000,1851000.0,0.0,15000.0,-217614000.0,-396000.0,235158000.0,17163000.0,17163000.0,19014000.0,0.0,19014000.0,0.0,106000,-16049000.0,https://www.sec.gov/Archives/edgar/data/87050/000121390024017782/0001213900-24-017782-index.htm,https://www.sec.gov/Archives/edgar/data/87050/000121390024017782/f10k2023_neonodeinc.htm
2022-12-31,NEON,USD,0000087050,2023-03-09,2023-03-09 09:20:37,2022,FY,14816000.0,0,14816000.0,1448000.0,3827000.0,938000.0,20798000.0,400000.0,0,0.0,0.0,0.0,0.0,-400000.0,400000.0,0.0,21198000.0,334000.0,356000,0,36000.0,995000.0,1699000.0,162000,0,0,-81000,81000.0,0.0,259000,1780000.0,0.0,14000.0,-207491000.0,-340000.0,227235000.0,19418000.0,19418000.0,21198000.0,0.0,21198000.0,0.0,259000,-14557000.0,https://www.sec.gov/Archives/edgar/data/87050/000121390023018702/0001213900-23-018702-index.htm,https://www.sec.gov/Archives/edgar/data/87050/000121390023018702/f10k2022_neonodeinc.htm
2021-12-31,NEON,USD,0000087050,2022-03-10,2022-03-10 09:30:01,2021,FY,17383000.0,0,17383000.0,1293000.0,2520000.0,1034000.0,22032000.0,960000.0,0,0.0,0.0,0.0,0.0,-960000.0,960000.0,0.0,22992000.0,776000.0,1366000,0,106000.0,413001.0,2973000.0,364000,0,0,-182000,182000.0,0.0,865000,3155000.0,0.0,14000.0,-202608000.0,-408000.0,226880000.0,23878000.0,19837000.0,22992000.0,-4041000.0,22992000.0,0.0,865000,-16518000.0,https://www.sec.gov/Archives/edgar/data/87050/000121390022011462/0001213900-22-011462-index.htm,https://www.sec.gov/Archives/edgar/data/87050/000121390022011462/f10k2021_neonodeinc.htm
2020-12-31,NEON,USD,0000087050,2021-03-10,2021-03-10 09:26:57,2020,FY,10473000.0,0,10473000.0,2176000.0,1273000.0,728000.0,14650000.0,1922000.0,0,0.0,0.0,0.0,0.0,-1922000.0,1922000.0,0.0,16572000.0,1084000.0,2546000,0,138000.0,-286000.0,4210000.0,944000,0,0,-472000,472000.0,0.0,1745000,4682000.0,0.0,12000.0,-196158000.0,-404000.0,211663000.0,15113000.0,11890000.0,16572000.0,-3223000.0,16572000.0,0.0,1745000,-8728000.0,https://www.sec.gov/Archives/edgar/data/87050/000121390021014481/0001213900-21-014481-index.htm,https://www.sec.gov/Archives/edgar/data/87050/000121390021014481/f10k2020_neonodeinc.htm
2024-12-31,FCRX,USD,0001464963,2024-12-31,2024-12-31 00:00:00,2024,FY,10130000.0,0,10130000.0,12171000.0,0.0,34107000.0,56408000.0,0.0,0,0.0,0.0,1598857000.0,0.0,1009000.0,1599866000.0,0.0,1656274000.0,0.0,0,0,0.0,39054000.0,39054000.0,875837000,0,0,746000,876583000.0,0.0,0,915637000.0,0.0,37000.0,-218498000.0,-5.6843418860808015e-08,959098000.0,740637000.0,740637000.0,1656274000.0,0.0,1656274000.0,1598857000.0,875837000,865707000.0,,
2023-12-31,FCRX,USD,0001464963,2023-12-31,2023-12-29 19:00:00,2023,FY,7780000.0,0,7780000.0,14251000.0,0.0,21818000.0,43849000.0,0.0,114000,0.0,114000.0,1582075000.0,0.0,1341000.0,1583530000.0,0.0,1627379000.0,0.0,0,0,0.0,39340000.0,39340000.0,844783000,0,0,662000,845445000.0,0.0,0,884785000.0,0.0,37000.0,-223338000.0,2.8421709430404007e-08,965895000.0,742594000.0,1562907000.0,1627379000.0,820313000.0,1627379000.0,1582075000.0,844783000,837003000.0,,
2022-12-31,FCRX,USD,0001464963,2023-02-22,2023-02-22 16:34:00,2022,FY,17067000.0,280511000,17067000.0,9950000.0,-1294724000.0,18824000.0,35171000.0,-1302969000.0,91000,0.0,91000.0,1262956000.0,91000.0,1307538000.0,1267707000.0,0.0,1302878000.0,514000.0,0,0,-109400000.0,34311000.0,34825000.0,654456000,690337000,899000,1056000,655512000.0,0.0,0,690337000.0,0.9999998807907104,31000.0,-62498000.0,6.394884621840902e-08,675007999.9999999,612541000.0,1249930000.0,1302878000.0,637389000.0,1302878000.0,1262956000.0,654456000,637389000.0,https://www.sec.gov/Archives/edgar/data/1633336/000095017023003786/0000950170-23-003786-index.htm,https://www.sec.gov/Archives/edgar/data/1633336/000095017023003786/ccap-20221231.htm
2021-12-31,FCRX,USD,0001464963,2022-03-04,2022-03-03 17:39:09,2021,FY,23526000.0,224449000,23526000.0,21634000.0,1.0,15572000.0,47275000.0,-1317851000.0,42000,0.0,42000.0,1270366000.0,42000.0,1317935000.0,1270534000.0,0.0,1317809000.0,0.0,0,0,0.0,32897000.0,32897000.0,631040000,665524000,956000,1587000,632627000.0,0.0,0,665524000.0,0.0,31000.0,-13908000.0,-1.5987211554602254e-08,666162000.0,652285000.0,1259799000.0,1317809000.0,607514000.0,1317809000.0,1270366000.0,631040000,607514000.0,https://www.sec.gov/Archives/edgar/data/1464963/000156459022008559/0001564590-22-008559-index.htm,https://www.sec.gov/Archives/edgar/data/1464963/000156459022008559/tcrd-10k_20211231.htm
2020-12-31,FCRX,USD,0001464963,2021-03-05,2021-03-04 17:31:54,2020,FY,14849000.0,0,14849000.0,3865000.0,-1053888000.0,13217000.0,18978000.0,-1054782000.0,630000,0.0,630000.0,1034001000.0,630000.0,1054695000.0,1035174000.0,0.0,1054152000.0,0.0,0,0,0.0,20000000.0,20000000.0,471932000,494152000,1324000,2220000,474152000.0,0.0,0,494152000.0,0.0,28000.0,-34686000.0,-3.552713678800501e-08,594658000.0,560000000.0,1017083000.0,1054152000.0,457083000.0,1054152000.0,1034001000.0,471932000,457083000.0,https://www.sec.gov/Archives/edgar/data/1464963/000156459021011016/0001564590-21-011016-index.htm,https://www.sec.gov/Archives/edgar/data/1464963/000156459021011016/tcrd-10k_20201231.htm
2024-01-31,STRG,USD,0001803096,2024-05-15,2024-05-15 17:01:22,2024,FY,41.0,0,41.0,120.0,0.0,0.0,161.0,2085.0,0,0.0,0.0,0.0,0.0,0.0,2085.0,0.0,2246.0,21922.0,229280,0,0.0,1379.0,252581.0,0,0,0,0,0.0,0.0,0,252581.0,0.0,2868.0,-259592.0,-2446.0,35839.0,-223331.0,-250335.0,2246.0,-27004.0,2246.0,0.0,229280,229239.0,https://www.sec.gov/Archives/edgar/data/1803096/000164033424000804/0001640334-24-000804-index.htm,https://www.sec.gov/Archives/edgar/data/1803096/000164033424000804/star_10k.htm
2023-01-31,STRG,USD,0001803096,2023-05-15,2023-05-15 15:15:40,2023,FY,2933.0,0,2933.0,0.0,0.0,0.0,2933.0,83202.0,26319,80490.0,26319.0,0.0,0.0,0.0,109521.0,0.0,112454.0,3122.0,151501,0,-148800.0,2982.0,157605.0,0,0,0,0,0.0,0.0,0,157605.0,5356.0,2868.0,-78327.0,-175.0,35839.0,-39795.0,-45151.0,112454.0,-5356.0,112454.0,0.0,145678,142745.0,https://www.sec.gov/Archives/edgar/data/1803096/000164033423000879/0001640334-23-000879-index.htm,https://www.sec.gov/Archives/edgar/data/1803096/000164033423000879/star_10k.htm
2022-01-31,STRG,USD,0001803096,2022-04-29,2022-04-29 13:56:33,2022,FY,2933.0,0,2933.0,0.0,0.0,0.0,2933.0,83202.0,26319,0.0,26319.0,0.0,0.0,0.0,109521.0,0.0,112454.0,3122.0,10667,0,0.0,-3122.0,157605.0,0,0,0,0,148800.0,-148800.0,0,157605.0,0.0,2868.0,-78327.0,-175.0,67169.0,-39795.0,-45151.0,112454.0,-5356.0,112454.0,0.0,145678,142745.0,https://www.sec.gov/Archives/edgar/data/1803096/000147793222002751/0001477932-22-002751-index.htm,https://www.sec.gov/Archives/edgar/data/1803096/000147793222002751/star_10k.htm
2021-01-31,STRG,USD,0001803096,2021-04-21,2021-04-21 10:58:51,2021,FY,1805.0,0,1805.0,0.0,0.0,65.0,1805.0,398.0,0,0.0,0.0,0.0,0.0,0.0,398.0,0.0,2203.0,0.0,7667,0,0.0,0.0,10667.0,0,0,0,0,10667.0,-10667.0,0,10667.0,0.0,2868.0,-36504.0,0.0,21750.0,-8464.0,-8464.0,2203.0,0.0,2203.0,0.0,10667,8862.0,https://www.sec.gov/Archives/edgar/data/1803096/000147793221002551/0001477932-21-002551-index.htm,https://www.sec.gov/Archives/edgar/data/1803096/000147793221002551/star_10k.htm
2020-01-31,STRG,USD,0001803096,2021-04-21,2021-04-21 10:58:51,2020,FY,20797.0,0,20797.0,0.0,0.0,129.0,20862.0,666.0,0,0.0,0.0,0.0,0.0,0.0,666.0,0.0,21528.0,0.0,7667,0,0.0,0.0,7667.0,0,0,0,0,0.0,0.0,0,7667.0,0.0,2750.0,-10639.0,-4.3368086899420177e-13,4.547473508864641e-13,13861.0,13861.0,21528.0,0.0,21528.0,0.0,7667,-13130.0,https://www.sec.gov/Archives/edgar/data/1803096/000147793221002551/0001477932-21-002551-index.htm,https://www.sec.gov/Archives/edgar/data/1803096/000147793221002551/star_10k.htm
2024-09-30,HQL,USD,0000884121,2024-09-30,2024-09-30 00:00:00,2024,FY,1.0,0,1.0,231106.0,0.0,50501.0,281608.0,0.0,0,0.0,0.0,460301419.0,0.0,13901184.0,474202603.0,-13900995.0,460583216.0,1791.0,0,0,0.0,-1791.0,0.0,0,0,0,0,0.0,888610.0,0,888610.0,0.0,280614.0,44128491.0,0.0,415285501.0,459694606.0,459694606.0,460583216.0,0.0,460583216.0,460301419.0,0,-1.0,,
2023-09-30,HQL,USD,0000884121,2023-09-30,2023-09-29 20:00:00,2023,FY,477.0,15242000,15242477.0,5044638.0,20287115.0,-35529115.0,5045115.0,0.0,0,0.0,0.0,397529082.0,0.0,0.0,397529082.0,26279.0,402600476.0,0.0,0,0,0.0,0.0,0.0,0,0,0,0,0.0,666959.0,0,666959.0,0.0,267912.0,-1481234.0,0.0,403146839.0,401933517.0,401933517.0,402600476.0,0.0,402600476.0,397529082.0,0,-477.0,,
2022-09-30,HQL,USD,0000884121,2022-09-30,2022-09-29 20:00:00,2022,FY,445.0,32944542,445.0,623472.0,33568459.0,11116718.0,623917.0,0.0,0,0.0,0.0,414076080.0,0.0,-414076080.0,414076080.0,25365.0,414725362.0,5099714.0,0,0,5088623.0,-5099714.0,5099714.0,0,0,0,0,5099714.0,6623577.0,0,16823005.0,0.0,256796.0,9548818.0,-1.7763568394002505e-11,388096743.0,397902357.0,397902357.0,414725362.0,0.0,414725362.0,414076080.0,11091,10646.0,,
2021-09-30,HQL,USD,0000884121,2021-09-30,2021-09-30 00:00:00,2021,FY,990.0,17165030,990.0,150341.0,17316361.0,8491298.0,144663.0,0.0,0,0.0,0.0,534007691.0,0.0,-534007691.0,534007691.0,32966.0,534185320.0,0.0,0,0,0.0,0.0,10745112.0,1341960,0,0,-1341960,9403152.0,-9403152.0,1341960,10745112.0,0.0,246684.0,150701670.0,2.8421709430404007e-11,372491854.0,523440208.0,523440208.0,534185320.0,0.0,534185320.0,534007691.0,1341960,1340970.0,,
2020-09-30,HQL,USD,0000884121,2020-09-30,2020-09-30 00:00:00,2020,FY,-4966000.0,4966000,4966000.0,73897.0,0.0,4992952.0,73897.0,0.0,0,0.0,0.0,483973050.0,0.0,-483973050.0,483973050.0,118614.0,484165561.0,0.0,12087,0,0.0,-12087.0,581242.0,12087,0,0,-12087,569155.0,-555212.0,12087,595185.0,0.0,238832.0,127029867.0,2.8421709430404007e-11,356301677.0,483570376.0,483570376.0,484165561.0,0.0,484165561.0,483973050.0,26030,4992030.0,,
2024-12-31,JVSAR,USD,0001866001,2025-03-11,2025-03-11 06:25:37,2024,FY,809301.0,0,809301.0,0.0,0.0,54261.0,863562.0,0.0,0,0.0,0.0,0.0,0.0,60270176.0,60270176.0,0.0,61133738.0,91530.0,286385,0,0.0,70000.0,447915.0,0,0,0,0,0.0,0.0,0,447915.0,0.0,121245294.0,574267.0,0.0,-121220294.0,599267.0,599267.0,61133738.0,0.0,61133738.0,0.0,286385,-522916.0,https://www.sec.gov/Archives/edgar/data/1866001/000121390025022424/0001213900-25-022424-index.htm,https://www.sec.gov/Archives/edgar/data/1866001/000121390025022424/ea0233902-10ka1_jvspac.htm
2023-12-31,JVSAR,USD,0000000000,2023-12-31,2023-12-30 19:00:00,2023,FY,0.0,0,0.0,0.0,0.0,7650.0,7650.0,0.0,0,0.0,0.0,0.0,0.0,386725.0,386725.0,0.0,394375.0,5312.0,286385,0,0.0,200000.0,491697.0,0,0,0,0,0.0,0.0,0,491697.0,0.0,25000.0,-122322.0,-1.39e-11,1.39e-11,-97322.0,-97322.0,394375.0,0.0,394375.0,0.0,286385,286385.0,,
2022-12-31,JVSAR,USD,0000000000,2022-12-31,2022-12-30 19:00:00,2022,FY,0.0,0,0.0,0.0,0.0,5000.0,5000.0,0.0,0,0.0,0.0,0.0,0.0,232313.0,232313.0,0.0,237313.0,11000.0,131035,0,-11001.0,115773.0,257807.0,0,0,0,0,0.0,0.0,0,257807.0,0.0,25000.0,-45495.0,0.0,0.0,-20495.0,-20495.0,237313.0,0.0,237313.0,0.0,131035,131035.0,,
2021-12-31,JVSAR,USD,0000000000,2021-12-31,2021-12-30 19:00:00,2021,FY,0.0,0,0.0,0.0,0.0,5000.0,5000.0,0.0,0,0.0,0.0,0.0,0.0,227313.0,227313.0,0.0,232313.0,11000.0,123795,0,-11000.0,115773.0,250568.0,0,0,0,0,0.0,0.0,0,250568.0,0.0,25000.0,-43255.0,-3.04e-12,0.0,-18255.0,-18255.0,232313.0,0.0,232313.0,0.0,123795,123795.0,,
2024-12-31,FFIC,USD,0000923139,2025-03-11,2025-03-11 14:36:18,2024,FY,0.0,1447991000,1447991000.0,62036000.0,0.0,0.0,62036000.0,63652000.0,17636000,1123000.0,18759000.0,1494982000.0,0.0,-1494982000.0,82411000.0,8894525000.0,9038972000.0,0.0,46443000,0,0.0,-46443000.0,46443000.0,0,0,0,8267990000,8267990000.0,0.0,0,8314433000.0,0.0,387000.0,492003000.0,7133000.0,225016000.0,724539000.0,724539000.0,9038972000.0,0.0,9038972000.0,2942973000.0,46443000,46443000.0,https://www.sec.gov/Archives/edgar/data/923139/000155837025002687/0001558370-25-002687-index.htm,https://www.sec.gov/Archives/edgar/data/923139/000155837025002687/ffic-20241231x10k.htm
2023-12-31,FFIC,USD,0000923139,2024-03-15,2024-03-15 13:32:13,2023,FY,124212000.0,750541000,874753000.0,59018000.0,0.0,0.0,933771000.0,60830000.0,17636000,1537000.0,19173000.0,100079000.0,0.0,8333021000.0,8513103000.0,-909638000.0,8537236000.0,0.0,0,0,0.0,0.0,0.0,882103000,0,0,6985296000,7867399000.0,0.0,40822000,7867399000.0,0.0,341000.0,549683000.0,-38651000.0,158464000.0,669837000.0,669837000.0,8537236000.0,0.0,8537236000.0,100079000.0,882103000,757891000.0,https://www.sec.gov/Archives/edgar/data/923139/000155837024003358/0001558370-24-003358-index.htm,https://www.sec.gov/Archives/edgar/data/923139/000155837024003358/ffic-20231231x10k.htm
2022-12-31,FFIC,USD,0000923139,2023-03-14,2023-03-14 17:19:29,2022,FY,151754000.0,735357000,887111000.0,45048000.0,-196802000.0,0.0,932159000.0,65039000.0,17636000,2017000.0,19653000.0,809068000.0,77248000.0,-77248000.0,893760000.0,6597027000.0,8422946000.0,0.0,0,0,0.0,0.0,46125000.0,274834000,-31779000,31779000,7424830000,7699664000.0,0.0,37362000,7745789000.0,0.0,341000.0,547507000.0,-36488000.0,165797000.0,677157000.0,677157000.0,8422946000.0,0.0,8422946000.0,1544425000.0,1099098000,947344000.0,https://www.sec.gov/Archives/edgar/data/923139/000155837023003746/0001558370-23-003746-index.htm,https://www.sec.gov/Archives/edgar/data/923139/000155837023003746/ffic-20221231x10k.htm
2021-12-31,FFIC,USD,0000923139,2022-03-07,2022-03-07 17:29:10,2021,FY,81723000.0,777236000,858959000.0,38698000.0,-120421000.0,0.0,897657000.0,73538000.0,17636000,2562000.0,20198000.0,835104000.0,63393000.0,-63393000.0,928840000.0,6219414000.0,8045911000.0,0.0,0,0,0.0,0.0,54155000.0,815544000,838172000,31527000,6496584000,869699000.0,-54155000.0,0,869699000.0,0.0,341000.0,497889000.0,-6684000.0,188082000.0,679628000.0,679628000.0,8045911000.0,0.0,8045911000.0,1612340000.0,869699000,787976000.0,https://www.sec.gov/Archives/edgar/data/923139/000155837022002972/0001558370-22-002972-index.htm,https://www.sec.gov/Archives/edgar/data/923139/000155837022002972/ffic-20211231x10k.htm
2020-12-31,FFIC,USD,0000923139,2021-03-16,2021-03-16 14:18:06,2020,FY,157388000.0,647974000,805362000.0,44041000.0,-201429000.0,0.0,849403000.0,78922000.0,17636000,3172000.0,20808000.0,705806000.0,66169000.0,-66169000.0,805536000.0,6321455000.0,7976394000.0,0.0,0,0,0.0,0.0,59100000.0,1020895000,1048082000,31913000,6277402000,1079995000.0,-59100000.0,0,1079995000.0,0.0,341000.0,442789000.0,-16266000.0,192133000.0,618997000.0,618997000.0,7976394000.0,0.0,7976394000.0,1353780000.0,1079995000,922607000.0,https://www.sec.gov/Archives/edgar/data/923139/000155837021003065/0001558370-21-003065-index.htm,https://www.sec.gov/Archives/edgar/data/923139/000155837021003065/ffic-20201231x10k.htm
2024-03-31,PODC,USD,0000000000,2024-07-01,2024-07-01 16:42:00,2023,FY,1445000.0,0,1445000.0,6023000.0,0.0,1105000.0,8573000.0,309000.0,12041000,3145000.0,15186000.0,0.0,0.0,57000.0,15552000.0,0.0,24125000.0,1529000.0,0,0,0.0,6169000.0,7698000.0,0,0,0,86000,86000.0,0.0,0,7784000.0,0.0,0.0,-29611000.0,3.552713678800501e-09,45952000.0,16341000.0,16341000.0,24125000.0,0.0,24125000.0,0.0,0,-1445000.0,https://www.sec.gov/Archives/edgar/data/1940177/000143774924021729/0001437749-24-021729-index.htm,https://www.sec.gov/Archives/edgar/data/1940177/000143774924021729/podc20240331_10k.htm
2023-03-31,PODC,USD,0000000000,2023-03-31,2023-03-30 20:00:00,2022,FY,3562000.0,0,3562000.0,6876000.0,0.0,1006000.0,11444000.0,242000.0,12041000,732000.0,12773000.0,0.0,0.0,3768000.0,16783000.0,0.0,28227000.0,1541000.0,7155000,0,3039000.0,12412000.0,21108000.0,0,0,0,0,0.0,0.0,0,21108000.0,0.0,0.0,-12666000.0,0.0,19785000.0,7119000.0,7119000.0,28227000.0,0.0,28227000.0,0.0,7155000,3593000.0,,
2022-03-31,PODC,USD,0000000000,2022-03-31,2022-03-30 20:00:00,2021,FY,1103000.0,0,1103000.0,7995000.0,0.0,543000.0,9641000.0,247000.0,12041000,831000.0,12872000.0,0.0,0.0,1167000.0,14286000.0,0.0,23927000.0,2453000.0,0,0,3391000.0,8789000.0,11242000.0,0,0,0,0,-400000.0,0.0,0,10842000.0,0.0,0.0,-5699000.0,0.0,18784000.0,13085000.0,13085000.0,23927000.0,0.0,23927000.0,0.0,0,-1103000.0,,
2021-03-31,PODC,USD,0000000000,2021-03-31,2021-03-30 20:00:00,2020,FY,3374000.0,0,3374000.0,3988000.0,0.0,291000.0,7653000.0,95000.0,12041000,1334000.0,13375000.0,0.0,0.0,4204000.0,17674000.0,0.0,25327000.0,1917000.0,1098000,0,2270000.0,5879000.0,11164000.0,0,0,0,0,0.0,0.0,0,11164000.0,0.0,0.0,-2095000.0,0.0,16258000.0,14163000.0,14163000.0,25327000.0,0.0,25327000.0,0.0,1098000,-2276000.0,,
2023-12-31,CANN,USD,0001477009,2024-04-29,2024-04-29 16:01:41,2023,FY,969676.0,0,969676.0,288520.0,860918.0,235254.0,2354368.0,3361937.0,15880097,1637491.0,17517588.0,0.0,0.0,13000.0,20892525.0,0.0,23246893.0,1562225.0,2143983,392765,0.0,3266260.0,7365233.0,15733501,0,0,0,15733501.0,0.0,2771241,23098734.0,1073446.0,108746.0,-100484340.0,0.0,99450307.0,148159.0,148159.0,23246893.0,0.0,23246893.0,0.0,17877484,16907808.0,https://www.sec.gov/Archives/edgar/data/1477009/000121390024037141/0001213900-24-037141-index.htm,https://www.sec.gov/Archives/edgar/data/1477009/000121390024037141/ea0204879-10ka1_treescorp.htm
2022-12-31,CANN,USD,0001477009,2023-04-17,2023-04-17 16:32:14,2022,FY,2583833.0,0,2583833.0,41373.0,2066662.0,259598.0,4951466.0,5801375.0,18384974,2543898.0,20928872.0,1879714.0,-1879714.0,13000.0,26743247.0,0.0,31694713.0,1108956.0,3392305,204917,0.0,1434215.0,6140393.0,19147831,0,0,0,19147831.0,0.0,4737204,25288224.0,1073446.0,118664.0,-93384382.0,0.0,98598761.0,6406489.0,6406489.0,31694713.0,0.0,31694713.0,1879714.0,22540136,19956303.0,https://www.sec.gov/Archives/edgar/data/1477009/000155837023006067/0001558370-23-006067-index.htm,https://www.sec.gov/Archives/edgar/data/1477009/000155837023006067/cann-20221231x10k.htm
2021-12-31,CANN,USD,0001477009,2022-08-09,2022-08-09 16:05:13,2021,FY,2054050.0,0,2054050.0,153188.0,1123083.0,149075.0,3479396.0,3732479.0,8799657,5999813.0,14799470.0,0.0,0.0,13000.0,18544949.0,0.0,22024345.0,621603.0,2538016,0,1615084.0,921592.0,4081211.0,8335561,0,0,0,8335561.0,0.0,3149571,12416772.0,1073446.0,89550.0,-83820815.0,-1.4210854715202004e-08,92265392.0,9607573.0,9607573.0,22024345.0,0.0,22024345.0,0.0,10151768,8097718.0,https://www.sec.gov/Archives/edgar/data/1477009/000155837022012863/0001558370-22-012863-index.htm,https://www.sec.gov/Archives/edgar/data/1477009/000155837022012863/cann-20211231x10ka.htm
2020-12-31,CANN,USD,0001477009,2021-04-01,2021-04-01 17:30:26,2020,FY,750218.0,0,750218.0,490605.0,371799.0,1287132.0,2549754.0,2278677.0,2484200,984375.0,3468575.0,208761.0,0.0,13000.0,5969013.0,0.0,8518767.0,1051653.0,741600,0,517931.0,818968.0,3130152.0,4387824,0,0,0,4387824.0,0.0,1870080,7517976.0,0.0,60813.0,-74951436.0,0.0,75891414.0,1000791.0,1000791.0,8518767.0,0.0,8518767.0,208761.0,4758624,4008406.0,https://www.sec.gov/Archives/edgar/data/1477009/000155837021003925/0001558370-21-003925-index.htm,https://www.sec.gov/Archives/edgar/data/1477009/000155837021003925/cann-20201231x10k.htm
2019-12-31,CANN,USD,0001477009,2020-06-22,2020-06-22 16:54:33,2019,FY,122390.0,0,122390.0,460204.0,789003.0,969641.0,1552235.0,1507327.0,0,0.0,0.0,250000.0,0.0,192442.0,1949769.0,0.0,3502004.0,879347.0,2330351,36588,562803.0,5457127.0,6245058.0,0,0,0,0,0.0,0.0,0,6245058.0,0.0,39498.0,-64250586.0,0.0,61468034.0,-2743054.0,-2743054.0,3502004.0,0.0,3502004.0,250000.0,2330351,2207961.0,https://www.sec.gov/Archives/edgar/data/1477009/000139843220000060/0001398432-20-000060-index.htm,https://www.sec.gov/Archives/edgar/data/1477009/000139843220000060/a14258.htm
2024-12-31,KEY-PK,USD,0000091576,2025-02-21,2025-02-21 15:54:59,2024,FY,1743000000.0,17504000000,19247000000.0,2709000000.0,0.0,0.0,19247000000.0,614000000.0,2752000000,27000000.0,2779000000.0,0.0,0.0,0.0,3393000000.0,164528000000.0,187168000000.0,0.0,2130000000,0,0.0,-2130000000.0,2130000000.0,12105000000,0,0,154757000000,166862000000.0,0.0,0,168992000000.0,2500000000.0,1257000000.0,14584000000.0,-3470000000.0,3305000000.0,18176000000.0,18176000000.0,187168000000.0,0.0,187168000000.0,17504000000.0,14235000000,12492000000.0,https://www.sec.gov/Archives/edgar/data/91576/000009157625000038/0000091576-25-000038-index.htm,https://www.sec.gov/Archives/edgar/data/91576/000009157625000038/key-20241231.htm
2023-12-31,KEY-PK,USD,0000091576,2024-02-22,2024-02-22 15:18:06,2023,FY,941000000.0,19385000000,941000000.0,0.0,0.0,0.0,941000000.0,661000000.0,2752000000,55000000.0,2807000000.0,58960000000.0,0.0,113295000000.0,175723000000.0,11617000000.0,188281000000.0,0.0,3053000000,0,0.0,0.0,3053000000.0,19554000000,0,0,152238000000,171792000000.0,-1201000000.0,5000000,173644000000.0,2500000000.0,1257000000.0,15672000000.0,-5229000000.0,437000000.0,14637000000.0,14637000000.0,188281000000.0,0.0,188281000000.0,78345000000.0,22607000000,21666000000.0,https://www.sec.gov/Archives/edgar/data/91576/000009157624000040/0000091576-24-000040-index.htm,https://www.sec.gov/Archives/edgar/data/91576/000009157624000040/key-20231231.htm
2022-12-31,KEY-PK,USD,0000091576,2023-02-22,2023-02-22 15:19:02,2022,FY,887000000.0,41549000000,4554000000.0,13159000000.0,-4610000000.0,4578000000.0,17681000000.0,636000000.0,2752000000,94000000.0,2846000000.0,52396000000.0,2022000000.0,-2036000000.0,55864000000.0,116268000000.0,189813000000.0,0.0,5386000000,0,0.0,-5386000000.0,5386000000.0,19302000000,0,0,151671000000,5386000000.0,165587000000.0,0,176359000000.0,2500000000.0,1257000000.0,15616000000.0,-6295000000.0,376000000.0,13454000000.0,13454000000.0,189813000000.0,0.0,189813000000.0,56049000000.0,30079000000,29192000000.0,https://www.sec.gov/Archives/edgar/data/91576/000009157623000026/0000091576-23-000026-index.htm,https://www.sec.gov/Archives/edgar/data/91576/000009157623000026/key-20221231.htm
2021-12-31,KEY-PK,USD,0000091576,2022-02-22,2022-02-22 15:34:21,2021,FY,913000000.0,56374000000,57287000000.0,12335000000.0,-12830000000.0,0.0,69622000000.0,681000000.0,2693000000,130000000.0,2823000000.0,65253000000.0,1100000000.0,-1100000000.0,68757000000.0,47967000000.0,186346000000.0,0.0,588000000,0,0.0,-588000000.0,588000000.0,12042000000,11719000000,911000000,156293000000,12630000000.0,155705000000.0,8000000,168923000000.0,1900000000.0,1257000000.0,14553000000.0,-586000000.0,299000000.0,17423000000.0,17423000000.0,186346000000.0,0.0,186346000000.0,121627000000.0,12630000000,11717000000.0,https://www.sec.gov/Archives/edgar/data/91576/000009157622000029/0000091576-22-000029-index.htm,https://www.sec.gov/Archives/edgar/data/91576/000009157622000029/key-20211231.htm
2020-12-31,KEY-PK,USD,0000091576,2021-02-22,2021-02-22 14:55:27,2020,FY,1091000000.0,43750000000,44841000000.0,11176000000.0,-18361000000.0,0.0,56017000000.0,753000000.0,2664000000,188000000.0,2852000000.0,52701000000.0,1164000000.0,-1164000000.0,56306000000.0,58013000000.0,170336000000.0,0.0,759000000,0,0.0,-759000000.0,759000000.0,13709000000,13204000000,1264000000,137887000000,14468000000.0,137128000000.0,12000000,152355000000.0,1900000000.0,1257000000.0,12751000000.0,738000000.0,1335000000.0,17981000000.0,17981000000.0,170336000000.0,0.0,170336000000.0,96451000000.0,14468000000,13377000000.0,https://www.sec.gov/Archives/edgar/data/91576/000009157621000044/0000091576-21-000044-index.htm,https://www.sec.gov/Archives/edgar/data/91576/000009157621000044/key-20201231.htm
2024-12-31,CLOV,USD,0001801170,2025-03-03,2025-03-03 08:03:56,2024,FY,194543000.0,26997000,221540000.0,0.0,0.0,121584000.0,343124000.0,5307000.0,0,2990000.0,2990000.0,201719000.0,0.0,27602000.0,237618000.0,0.0,580742000.0,34564000.0,0,0,0.0,178952000.0,213516000.0,0,0,0,26083000,26083000.0,0.0,0,239599000.0,0.0,50000.0,-2202803000.0,-1584000.0,2545480000.0,341143000.0,341143000.0,580742000.0,0.0,580742000.0,228716000.0,0,-194543000.0,https://www.sec.gov/Archives/edgar/data/1801170/000180117025000052/0001801170-25-000052-index.htm,https://www.sec.gov/Archives/edgar/data/1801170/000180117025000052/clov-20241231.htm
2023-12-31,CLOV,USD,0001801170,2024-03-14,2024-03-14 07:24:35,2023,FY,122863000.0,119822000,242685000.0,113832000.0,0.0,71453000.0,427970000.0,8464000.0,0,2990000.0,2990000.0,119822000.0,0.0,11425000.0,142701000.0,0.0,570671000.0,37184000.0,1665000,0,3099000.0,219167000.0,261115000.0,2998000,0,0,20163999,23161999.0,1.0,4663000,284277000.0,0.0,49000.0,-2159794000.0,-2370000.0,2448509000.0,286394000.0,286394000.0,570671000.0,0.0,570671000.0,240823000.0,4663000,-118200000.0,https://www.sec.gov/Archives/edgar/data/1801170/000180117024000064/0001801170-24-000064-index.htm,https://www.sec.gov/Archives/edgar/data/1801170/000180117024000064/clov-20231231.htm
2022-12-31,CLOV,USD,0001801170,2023-03-01,2023-03-01 07:01:05,2022,FY,103791000.0,230970000,555293000.0,147158000.0,-101884000.0,42576000.0,624997000.0,9778000.0,11749000,8250999.0,20000000.0,138110000.0,0.0,15735000.0,183623000.0,0.0,808620000.0,32445000.0,1827000,0,141947000.0,397235000.0,440656000.0,8066000,0,0,12160000,20226000.0,0.0,5860000,460882000.0,395069000.0,46000.0,-1955582000.0,-9374000.0,2312648000.0,347738000.0,347738000.0,808620000.0,0.0,808620000.0,369080000.0,5860000,-97931000.0,https://www.sec.gov/Archives/edgar/data/1801170/000180117023000015/0001801170-23-000015-index.htm,https://www.sec.gov/Archives/edgar/data/1801170/000180117023000015/clov-20221231.htm
2021-12-31,CLOV,USD,0001801170,2022-02-28,2022-02-28 16:02:42,2021,FY,299968000.0,315287000,791194000.0,109417000.0,-153917000.0,17218000.0,752546000.0,7654000.0,1243000,2990000.0,4233000.0,175939000.0,0.0,10432000.0,198258000.0,0.0,950804000.0,28129000.0,3059000,0,165868000.0,341436000.0,372624000.0,24768000,0,0,14095000,38863000.0,0.0,7889000,411487000.0,616037000.0,46000.0,-1616738000.0,-1934000.0,2154040000.0,539317000.0,543220000.0,950804000.0,3903000.0,950804000.0,491226000.0,27827000,-272141000.0,https://www.sec.gov/Archives/edgar/data/1801170/000180117022000015/0001801170-22-000015-index.htm,https://www.sec.gov/Archives/edgar/data/1801170/000180117022000015/clov-20211231.htm
2020-12-31,CLOV,USD,0001801170,2021-03-31,2021-03-31 17:25:49,2020,FY,28003240.0,123099760,151103000.0,0.0,-208041760.0,299666.0,28302906.0,9960000.0,1233000,3000000.0,4233000.0,4363000.0,-18556000.0,828117255.0,828117255.0,-589168161.0,267252000.0,30671000.0,25598000,0,102429000.0,107959000.0,33933978.0,112762000,28980000,-135393000,603455000,28980000.0,772721022.0,11144000,835635000.0,447747000.0,788508642.0,-6762471.0,10000.0,411867000.0,-568383000.0,-564480000.0,267252000.0,3903000.0,267252000.0,123099760.0,806208,-27197032.0,https://www.sec.gov/Archives/edgar/data/1801170/000119312521102551/0001193125-21-102551-index.htm,https://www.sec.gov/Archives/edgar/data/1801170/000119312521102551/d89571d10k.htm
2023-12-31,HURA,USD,0000000000,2023-12-31,2023-12-31 00:00:00,2023,FY,3665032.0,0,3665032.0,0.0,0.0,493769.0,4158801.0,202990.0,0,0.0,0.0,0.0,0.0,0.0,202990.0,0.0,4361791.0,1866762.0,20820,0,0.0,1708797.0,3596379.0,2324158,0,0,0,2324158.0,0.0,20820,5920537.0,8056.0,6801.0,-88474997.0,0.0,86901394.0,-1558746.0,-1558746.0,4361791.0,0.0,4361791.0,0.0,2344978,-1320054.0,,
2022-12-31,HURA,USD,0000000000,2022-12-31,2022-12-31 00:00:00,2022,FY,14252518.0,0,14252518.0,0.0,0.0,491774.0,14744292.0,418547.0,0,0.0,0.0,0.0,0.0,33769.0,452316.0,0.0,15196608.0,1915766.0,117481,0,0.0,838677.0,2871924.0,20743,0,0,0,20743.0,0.0,138224,2892667.0,8062.0,4529.0,-59158171.0,0.0,71449521.0,12303941.0,12303941.0,15196608.0,0.0,15196608.0,0.0,138224,-14114294.0,,
2021-12-31,HURA,USD,0000000000,2021-12-31,2021-12-31 00:00:00,2021,FY,5546054.0,0,5546054.0,0.0,0.0,135128.0,5681182.0,617139.0,0,0.0,0.0,0.0,0.0,103902.0,721041.0,0.0,6402223.0,413794.0,644070,0,0.0,6092180.0,7150044.0,0,0,0,0,0.0,0.0,0,7150044.0,4698.0,4529.0,-49479368.0,0.0,48722320.0,-747821.0,-747821.0,6402223.0,0.0,6402223.0,0.0,644070,-4901984.0,,
2021-06-30,HURA,USD,0000000000,2021-06-30,2021-06-29 20:00:00,2020,FY,10537000.0,0,10537000.0,0.0,0.0,1256000.0,11793000.0,150000.0,0,0.0,0.0,0.0,0.0,1600000.0,1750000.0,0.0,13543000.0,2219000.0,0,0,0.0,561000.0,2780000.0,0,0,0,182000,182000.0,0.0,0,2962000.0,14931000.0,33000.0,-111225000.0,21000.0,106821000.0,10581000.0,10581000.0,13543000.0,0.0,13543000.0,0.0,0,-10537000.0,,
2020-06-30,HURA,USD,0000000000,2020-06-30,2020-06-29 20:00:00,2019,FY,2392000.0,0,2392000.0,0.0,0.0,365000.0,2757000.0,2000.0,0,0.0,0.0,0.0,0.0,179000.0,181000.0,0.0,2938000.0,2011000.0,0,0,0.0,664000.0,2675000.0,0,0,0,0,0.0,0.0,0,2675000.0,4804000.0,11000.0,-69721000.0,21000.0,65148000.0,263000.0,263000.0,2938000.0,0.0,2938000.0,0.0,0,-2392000.0,,
2024-12-31,NODK,USD,0001681206,2025-03-07,2025-03-07 16:06:35,2024,FY,3345000.0,1812000,3345000.0,0.0,0.0,0.0,3345000.0,7547000.0,0,100000.0,100000.0,332352000.0,0.0,-7547000.0,332452000.0,190748000.0,526545000.0,0.0,0,7126000,0.0,-7126000.0,7126000.0,0,0,0,0,0.0,281914000.0,0,281914000.0,0.0,230000.0,0.0,0.0,244401000.0,244631000.0,244631000.0,526545000.0,0.0,526545000.0,334164000.0,0,-3345000.0,https://www.sec.gov/Archives/edgar/data/1681206/000117494725000304/0001174947-25-000304-index.htm,https://www.sec.gov/Archives/edgar/data/1681206/000117494725000304/nodk-20241231.htm
2023-12-31,NODK,USD,0001681206,2023-12-31,2023-12-29 19:00:00,2023,FY,56693000.0,153228000,56693000.0,0.0,0.0,0.0,164415000.0,9897000.0,2628000,7411000.0,10039000.0,375498000.0,18172000.0,37655000.0,451261000.0,0.0,615676000.0,0.0,501000,88000,0.0,191330000.0,191919000.0,1562000,0,9759000,162036999,173357999.0,1.0,1562000,365277000.0,0.0,230000.0,208376000.0,-21384000.0,60419000.0,247641000.0,250399000.0,615676000.0,2758000.0,615676000.0,377504000.0,2063000,-54630000.0,,
2022-12-31,NODK,USD,0001681206,2023-03-08,2023-03-08 16:59:18,2022,FY,47002000.0,2005000,47002000.0,0.0,-66643000.0,152675000.0,466897000.0,9843000.0,9384000,7866000.0,17250000.0,355717000.0,9005000.0,-355717000.0,36098000.0,111237000.0,614232000.0,0.0,0,13964000,0.0,-13964000.0,13964000.0,1478000,0,8895000,359547000,347061000.0,0.0,1478000,361025000.0,0.0,230000.0,214121000.0,-29286000.0,66853000.0,250977000.0,253207000.0,614232000.0,2230000.0,614232000.0,357722000.0,1837000,-45165000.0,https://www.sec.gov/Archives/edgar/data/1681206/000117494723000312/0001174947-23-000312-index.htm,https://www.sec.gov/Archives/edgar/data/1681206/000117494723000312/nodk-20221231.htm
2021-12-31,NODK,USD,0001681206,2022-03-09,2022-03-09 16:07:39,2021,FY,70623000.0,2005000,70623000.0,0.0,-139549000.0,0.0,143639000.0,9869000.0,9384000,8338000.0,17722000.0,442341000.0,861000.0,-861000.0,469932000.0,38211000.0,651782000.0,326000.0,0,423000,0.0,-749000.0,326000.0,0,0,5506000,304369000,5506000.0,298537000.0,0,304369000.0,0.0,230000.0,267207000.0,5237000.0,71714000.0,343204000.0,347413000.0,651782000.0,4209000.0,651782000.0,444346000.0,0,-70623000.0,https://www.sec.gov/Archives/edgar/data/1681206/000117494722000353/0001174947-22-000353-index.htm,https://www.sec.gov/Archives/edgar/data/1681206/000117494722000353/nodk10k2021.htm
2020-12-31,NODK,USD,0001681206,2021-03-10,2021-03-10 16:06:45,2020,FY,101077000.0,2924000,101077000.0,0.0,-176413000.0,0.0,165049000.0,9899000.0,9384000,8810000.0,18194000.0,390362000.0,529000.0,-529000.0,418455000.0,34099000.0,617603000.0,0.0,0,754000,0.0,-754000.0,1036000.0,0,0,8757000,268731000,8757000.0,-1036000.0,0,8757000.0,0.0,230000.0,258741000.0,12840000.0,73943001.0,344327000.0,348872000.0,617603000.0,4545000.0,617603000.0,393286000.0,0,-101077000.0,https://www.sec.gov/Archives/edgar/data/1681206/000117494721000255/0001174947-21-000255-index.htm,https://www.sec.gov/Archives/edgar/data/1681206/000117494721000255/nodk10k2020.htm
2024-12-31,BRKR,USD,0001109354,2025-03-03,2025-03-03 16:27:32,2024,FY,183400000.0,0,183400000.0,565500000.0,1067800000.0,236500000.0,2053200000.0,814800000.0,1507300000,912500000.0,2419800000.0,0.0,286200000.0,232700000.0,3753500000.0,0.0,5806700000.0,234100000.0,32500000,142500000,438200000.0,434000000.0,1281300000.0,2180700000,0,118500000,411000000,2710200000.0,0.0,0,3991500000.0,0.0,1800000.0,2406700000.0,-103500000.0,-523800000.0,1781200000.0,1799300000.0,5806700000.0,18100000.0,5806700000.0,0.0,2213200000,2029800000.0,https://www.sec.gov/Archives/edgar/data/1109354/000095017025030897/0000950170-25-030897-index.htm,https://www.sec.gov/Archives/edgar/data/1109354/000095017025030897/brkr-20241231.htm
2023-12-31,BRKR,USD,0001109354,2024-02-29,2024-02-29 15:58:08,2023,FY,488300000.0,0,488300000.0,621800000.0,968300000.0,85800000.0,2164200000.0,691400000.0,582600000,330500000.0,913100000.0,8300000.0,297200000.0,175699999.0,2085699999.0,0.0,4249899999.0,202700000.0,144500000,138700000,400000000.0,316200000.0,1202100000.0,1219300000,91500000,67700000,256000000,1634500000.0,0.0,98100000,2836600000.0,0.0,1700000.0,2323800000.0,6000000.0,-954300000.0,1377200000.0,1413300000.0,4249899999.0,36100000.0,4249899999.0,8300000.0,1379600000,891300000.0,https://www.sec.gov/Archives/edgar/data/1109354/000095017024023038/0000950170-24-023038-index.htm,https://www.sec.gov/Archives/edgar/data/1109354/000095017024023038/brkr-20231231.htm
2022-12-31,BRKR,USD,0001109354,2022-12-31,2022-12-31 00:00:00,2022,FY,645500000.0,100000000,645500000.0,595300000.0,803700000.0,72300000.0,2124500000.0,487000000.0,457600000,270900000.0,1007000000.0,23000000.0,76800000.0,-99800000.0,1494000000.0,0.0,3618500000.0,178400000.0,35100000,104000000,225700000.0,596800000.0,913800000.0,1235300000,56200000,62300000,211900000,1572900000.0,0.0,51200000,2486700000.0,0.0,1700000.0,1926000000.0,14800000.0,-828700000.0,1125700000.0,1131800000.0,3618500000.0,6100000.0,3618500000.0,100000000.0,1219200000,573700000.0,https://www.sec.gov/Archives/edgar/data/1109354/000095017023005251/0000950170-23-005251-index.htm,https://www.sec.gov/Archives/edgar/data/1109354/000095017023005251/brkr-20221231.htm
2021-12-31,BRKR,USD,0001109354,2022-02-28,2022-02-28 10:46:59,2021,FY,1068200000.0,100000000,1168200000.0,416900000.0,710100000.0,176600000.0,2471800000.0,406100000.0,339500000,211800000.0,772100000.0,-160900000.0,90100000.0,70800000.0,1178200000.0,0.0,3650000000.0,147400000.0,130300000,90500000,197500000.0,234400000.0,938500000.0,1263600000,50200000,46000000,266900000,1626700000.0,0.0,59700000,2565200000.0,0.0,1700000.0,1659500000.0,-8200000.0,-582500000.0,1084600000.0,1084800000.0,3650000000.0,200000.0,3650000000.0,100000000.0,1334200000,266000000.0,https://www.sec.gov/Archives/edgar/data/1109354/000119312522056531/0001193125-22-056531-index.htm,https://www.sec.gov/Archives/edgar/data/1109354/000119312522056531/d108764d10k.htm
2020-12-31,BRKR,USD,0001109354,2021-03-01,2021-03-01 15:37:40,2020,FY,681800000.0,50000000,731800000.0,335300000.0,692300000.0,165600000.0,1924900000.0,462900000.0,320400000,229100000.0,660100000.0,-111600000.0,72000000.0,39600000.0,1123000000.0,0.0,3047900000.0,134600000.0,23500000,116500000,189200000.0,210100000.0,793600000.0,889300000,50900000,43100000,295400000,1278700000.0,0.0,68300000,2072300000.0,0.0,1700000.0,1406500000.0,3700000.0,-450700000.0,975600000.0,988700000.0,3047900000.0,13100000.0,3047900000.0,50000000.0,891500000,209700000.0,https://www.sec.gov/Archives/edgar/data/1109354/000110465921029938/0001104659-21-029938-index.htm,https://www.sec.gov/Archives/edgar/data/1109354/000110465921029938/brkr-20201231x10k.htm
2024-12-31,GLBS,USD,0001499780,2025-03-14,2025-03-14 16:06:31,2024,FY,46837000.0,0,46837000.0,1114000.0,1226000.0,3865000.0,53042000.0,264983000.0,0,0.0,0.0,0.0,0.0,2961000.0,267944000.0,0.0,320986000.0,3589000.0,28138000,0,696000.0,2156000.0,34579000.0,109815000,0,0,191000,110006000.0,0.0,52737000,144585000.0,0.0,82000.0,-108087000.0,0.0,284406000.0,176401000.0,176401000.0,320986000.0,0.0,320986000.0,0.0,137953000,91116000.0,https://www.sec.gov/Archives/edgar/data/1499780/000110465925023948/0001104659-25-023948-index.htm,https://www.sec.gov/Archives/edgar/data/1499780/000110465925023948/glbs-20241231.htm
2023-12-31,GLBS,USD,0001499780,2024-03-15,2024-03-15 16:06:01,2023,FY,74202000.0,0,74202000.0,1151000.0,1256000.0,2687000.0,79296000.0,148070000.0,0,0.0,0.0,4025000.0,0.0,10000.0,152105000.0,0.0,231401000.0,362000.0,6688000,0,688000.0,1763000.0,9501000.0,45759000,0,0,171000,45930000.0,0.0,188000,55431000.0,0.0,82000.0,-108518000.0,0.0,284406000.0,175970000.0,175970000.0,231401000.0,0.0,231401000.0,4025000.0,52447000,-21755000.0,https://www.sec.gov/Archives/edgar/data/1499780/000110465924034994/0001104659-24-034994-index.htm,https://www.sec.gov/Archives/edgar/data/1499780/000110465924034994/glbs-20231231.htm
2022-12-31,GLBS,USD,0001499780,2023-03-20,2023-03-20 16:06:05,2022,FY,52833000.0,0,52833000.0,109000.0,3028000.0,6357000.0,62327000.0,158216000.0,0,0.0,0.0,4905000.0,0.0,10000.0,163131000.0,0.0,225458000.0,3548000.0,7445000,0,416000.0,5172000.0,16902000.0,37710000,0,0,148000,37858000.0,0.0,509000,54760000.0,0.0,82000.0,-113790000.0,1.4210854715202004e-08,284406000.0,170698000.0,170698000.0,225458000.0,0.0,225458000.0,4905000.0,44834000,-7999000.0,https://www.sec.gov/Archives/edgar/data/1499780/000110465923034445/0001104659-23-034445-index.htm,https://www.sec.gov/Archives/edgar/data/1499780/000110465923034445/glbs-20221231.htm
2021-12-31,GLBS,USD,0001499780,2022-04-11,2022-04-11 16:06:35,2021,FY,45213000.0,0,45213000.0,1003000.0,852000.0,2872000.0,49940000.0,131709000.0,0,0.0,0.0,3993000.0,0.0,10000.0,135712000.0,0.0,185652000.0,1100000.0,5393000,0,2044000.0,3589000.0,12126000.0,26994000,0,0,114000,27108000.0,0.0,905000,39234000.0,0.0,82000.0,-138070000.0,0.0,284406000.0,146418000.0,146418000.0,185652000.0,0.0,185652000.0,3993000.0,32208000,-13005000.0,https://www.sec.gov/Archives/edgar/data/1499780/000110465922044646/0001104659-22-044646-index.htm,https://www.sec.gov/Archives/edgar/data/1499780/000110465922044646/glbs-20211231.htm
2020-12-31,GLBS,USD,0001499780,2021-03-29,2021-03-29 16:16:19,2020,FY,19037000.0,0,19037000.0,153000.0,1248000.0,1843000.0,22281000.0,62900000.0,0,0.0,0.0,1250000.0,0.0,10000.0,64160000.0,0.0,86441000.0,4758000.0,5860000,0,285000.0,2159000.0,13062000.0,31254000,0,0,31000,31285000.0,0.0,562000,44347000.0,0.0,12000.0,-153020000.0,0.0,195102000.0,42094000.0,42094000.0,86441000.0,0.0,86441000.0,1250000.0,37114000,18077000.0,https://www.sec.gov/Archives/edgar/data/1499780/000110465921043172/0001104659-21-043172-index.htm,https://www.sec.gov/Archives/edgar/data/1499780/000110465921043172/tm219749d1_20f.htm
2024-12-31,KDP,USD,0001418135,2025-02-25,2025-02-25 09:19:39,2024,FY,510000000.0,0,510000000.0,1502000000.0,1299000000.0,686000000.0,3997000000.0,2964000000.0,20053000000,23634000000.0,43687000000.0,1543000000.0,39000000.0,1200000000.0,49433000000.0,0.0,53430000000.0,2985000000.0,2895000000,67000000,0.0,2140000000.0,8087000000.0,14379000000,0,5435000000,1286000000,21100000000.0,0.0,1720000000,29187000000.0,0.0,14000000.0,4793000000.0,-276000000.0,19712000000.0,24243000000.0,24243000000.0,53430000000.0,0.0,53430000000.0,1543000000.0,17274000000,16764000000.0,https://www.sec.gov/Archives/edgar/data/1418135/000141813525000013/0001418135-25-000013-index.htm,https://www.sec.gov/Archives/edgar/data/1418135/000141813525000013/kdp-20241231.htm
2023-12-31,KDP,USD,0001418135,2024-02-22,2024-02-22 09:06:02,2023,FY,267000000.0,0,267000000.0,1519000000.0,1142000000.0,447000000.0,3375000000.0,3575000000.0,20202000000,23287000000.0,43489000000.0,1456000000.0,31000000.0,204000000.0,48755000000.0,0.0,52130000000.0,3597000000.0,3546000000,29000000,0.0,1744000000.0,8916000000.0,11358000000,0,5760000000,420000000,17538000000.0,0.0,1633000000,26454000000.0,0.0,14000000.0,4559000000.0,315000000.0,20788000000.0,25676000000.0,25676000000.0,52130000000.0,0.0,52130000000.0,1456000000.0,14824000000,14557000000.0,https://www.sec.gov/Archives/edgar/data/1418135/000141813524000007/0001418135-24-000007-index.htm,https://www.sec.gov/Archives/edgar/data/1418135/000141813524000007/kdp-20231231.htm
2022-12-31,KDP,USD,0001418135,2023-02-23,2023-02-23 16:09:13,2022,FY,535000000.0,49000000,535000000.0,1484000000.0,1314000000.0,456000000.0,3804000000.0,2491000000.0,20072000000,23183000000.0,43255000000.0,1000000000.0,35000000.0,1252000000.0,48033000000.0,0.0,51837000000.0,5206000000.0,1090000000,87000000,0.0,1693000000.0,8076000000.0,12493000000,0,5739000000,404000000,18636000000.0,0.0,1616000000,26712000000.0,0.0,14000000.0,3539000000.0,129000000.0,21444000000.0,25126000000.0,25125000000.0,51837000000.0,-1000000.0,51837000000.0,1049000000.0,11967000000,11432000000.0,https://www.sec.gov/Archives/edgar/data/1418135/000141813523000003/0001418135-23-000003-index.htm,https://www.sec.gov/Archives/edgar/data/1418135/000141813523000003/kdp-20221231.htm
2021-12-31,KDP,USD,0001418135,2022-02-24,2022-02-24 16:22:20,2021,FY,567000000.0,2000000,567000000.0,1148000000.0,894000000.0,465000000.0,3057000000.0,2494000000.0,20182000000,23856000000.0,44038000000.0,30000000.0,42000000.0,937000000.0,47541000000.0,0.0,50598000000.0,4316000000.0,459000000,144000000,1252000000.0,1566000000.0,6485000000.0,12807000000,0,5986000000,348000000,19141000000.0,0.0,1384000000,25626000000.0,0.0,14000000.0,3199000000.0,-26000000.0,21785000000.0,24972000000.0,24972000000.0,50598000000.0,0.0,50598000000.0,30000000.0,11882000000,11315000000.0,https://www.sec.gov/Archives/edgar/data/1418135/000141813522000005/0001418135-22-000005-index.htm,https://www.sec.gov/Archives/edgar/data/1418135/000141813522000005/kdp-20211231.htm
2020-12-31,KDP,USD,0001418135,2021-02-25,2021-02-25 14:32:58,2020,FY,240000000.0,0,240000000.0,1048000000.0,762000000.0,387000000.0,2388000000.0,2212000000.0,20184000000,23968000000.0,44152000000.0,88000000.0,45000000.0,894000000.0,47391000000.0,0.0,49779000000.0,3740000000.0,2461000000,39000000,1193000000.0,1454000000.0,7694000000.0,12021000000,0,5993000000,241000000,18255000000.0,0.0,994000000,25949000000.0,0.0,14000000.0,2061000000.0,77000000.0,21677000000.0,23829000000.0,23830000000.0,49779000000.0,1000000.0,49779000000.0,88000000.0,13488000000,13248000000.0,https://www.sec.gov/Archives/edgar/data/1418135/000141813521000005/0001418135-21-000005-index.htm,https://www.sec.gov/Archives/edgar/data/1418135/000141813521000005/kdp-20201231.htm
2024-12-31,CLBR-UN,USD,0001847064,2025-03-13,2025-03-13 16:05:55,2024,FY,36324354.0,0,36324354.0,761923.0,2663397.0,7087488.0,46837162.0,550142.0,10930978,15790437.0,26721415.0,0.0,0.0,785122.0,28056679.0,0.0,74893841.0,3503553.0,3777279,66013,53671.0,1223903.0,8624419.0,327432,0,0,39091784,39419216.0,0.0,163716,48043635.0,0.0,4279.0,-119900428.0,0.0,146746355.0,26850206.0,26850206.0,74893841.0,0.0,74893841.0,0.0,4063582,-32260772.0,https://www.sec.gov/Archives/edgar/data/1847064/000162828025012592/0001628280-25-012592-index.htm,https://www.sec.gov/Archives/edgar/data/1847064/000162828025012592/psqh-20241231.htm
2023-12-31,CLBR-UN,USD,0001847064,2023-12-31,2023-12-29 19:00:00,2023,FY,16446030.0,0,16446030.0,204879.0,1439182.0,3084576.0,21174667.0,451377.0,0,3557029.0,3557029.0,0.0,0.0,63546.0,4071952.0,0.0,25246619.0,1828508.0,310911,124250,225148.0,1517303.0,4006120.0,16457,0,0,10790000,10806457.0,0.0,327368,14812577.0,0.0,2762.0,-62213139.0,0.0,72644419.0,10434042.0,10434042.0,25246619.0,0.0,25246619.0,0.0,327368,-16118662.0,,
2022-12-31,CLBR-UN,USD,0001847064,2022-12-31,2022-12-30 19:00:00,2022,FY,2330405.0,0,2330405.0,0.0,0.0,289379.0,2619784.0,320243.0,0,1267673.0,1267673.0,174948027.0,0.0,-174940064.0,1595879.0,0.0,4215663.0,424065.0,169275,524777,49654.0,-483283.0,684488.0,129762,0,0,0,129762.0,0.0,299037,814250.0,0.0,771.0,-8883952.0,0.0,12283863.0,3401413.0,3401413.0,4215663.0,0.0,4215663.0,174948027.0,299037,-2031368.0,,
2021-12-31,CLBR-UN,USD,0001847064,2021-12-31,2021-12-30 19:00:00,2021,FY,399403.0,0,399403.0,0.0,0.0,32153.0,431556.0,0.0,0,582257.0,582257.0,172506512.0,0.0,-172504012.0,584757.0,0.0,1016313.0,143335.0,0,0,0.0,12474.0,155809.0,0,0,0,0,12121016.0,-12121016.0,0,155809.0,0.0,486.0,-1905376.0,0.0,2765394.0,860504.0,860504.0,1016313.0,0.0,1016313.0,172506512.0,0,-399403.0,,
2024-12-31,BIP-PA,USD,0001406234,2025-03-24,2025-03-21 18:31:45,2024,FY,2071000000.0,0,2071000000.0,0.0,0.0,1958000000.0,4029000000.0,55910000000.0,0,28622000000.0,28622000000.0,5927000000.0,0.0,10102000000.0,100561000000.0,0.0,104590000000.0,0.0,0,0,0.0,1209000000.0,1209000000.0,51094000000,0,0,22434000000,73528000000.0,0.0,0,74737000000.0,918000000.0,4704000000.0,0.0,0.0,0.0,5622000000.0,29853000000.0,104590000000.0,24231000000.0,104590000000.0,5927000000.0,51094000000,49023000000.0,https://www.sec.gov/Archives/edgar/data/1406234/000162828025014380/0001628280-25-014380-index.htm,https://www.sec.gov/Archives/edgar/data/1406234/000162828025014380/bip-20241231.htm
2023-12-31,BIP-PA,USD,0001406234,2024-03-18,2024-03-18 07:58:41,2023,FY,1857000000.0,801000000,2442000000.0,3734000000.0,512000000.0,1291000000.0,7979000000.0,48546000000.0,14488000000,15845000000.0,30333000000.0,5934000000.0,107000000.0,7885000000.0,92805000000.0,0.0,100784000000.0,2253000000.0,6484000000,0,490000000.0,2478000000.0,11705000000.0,43090000000,462000000,7903000000,3608000000,55063000000.0,0.0,3626000000,66768000000.0,918000000.0,6196000000.0,-3246000000.0,2371000000.0,0.0,6239000000.0,34016000000.0,100784000000.0,27777000000.0,100784000000.0,6615000000.0,49574000000,47933000000.0,https://www.sec.gov/Archives/edgar/data/1406234/000162828024011576/0001628280-24-011576-index.htm,https://www.sec.gov/Archives/edgar/data/1406234/000162828024011576/bip-20231231.htm
2022-12-31,BIP-PA,USD,0001406234,2023-03-17,2023-03-17 17:28:46,2022,FY,1279000000.0,1128000000,1279000000.0,2342000000.0,531000000.0,1295000000.0,1279000000.0,37991000000.0,8789000000,11822000000.0,20611000000.0,6110000000.0,6978000000.0,0.0,71690000000.0,0.0,72969000000.0,1872000000.0,3562000000,0,460000000.0,2483000000.0,8377000000.0,30266000000,254000000,15115000000,2543000000,47415000000.0,-8377000000.0,3421000000,47415000000.0,918000000.0,6092000000.0,-2657000000.0,1937000000.0,19264000000.0,25554000000.0,44791000000.0,72969000000.0,19237000000.0,72969000000.0,7238000000.0,33795000000,32516000000.0,https://www.sec.gov/Archives/edgar/data/1406234/000162828023008523/0001628280-23-008523-index.htm,https://www.sec.gov/Archives/edgar/data/1406234/000162828023008523/bip-20221231.htm
2021-12-31,BIP-PA,USD,0001406234,2022-03-09,2022-03-09 17:27:08,2021,FY,1406000000.0,556000000,1406000000.0,1923000000.0,400000000.0,767000000.0,1406000000.0,39310000000.0,8979000000,14214000000.0,23193000000.0,5202000000.0,4850000000.0,0.0,72555000000.0,0.0,73961000000.0,1877000000.0,3548000000,0,338000000.0,2898000000.0,8661000000.0,29572000000,366000000,15077000000,2960000000,47570000000.0,-8661000000.0,3839000000,47570000000.0,1138000000.0,6074000000.0,-2125000000.0,1753000000.0,19551000000.0,26391000000.0,45911000000.0,73961000000.0,19520000000.0,73961000000.0,5758000000.0,29253000000,27847000000.0,https://www.sec.gov/Archives/edgar/data/1406234/000162828022005592/0001628280-22-005592-index.htm,https://www.sec.gov/Archives/edgar/data/1406234/000162828022005592/bip-20211231.htm
2020-12-31,BIP-PA,USD,0001406234,2021-03-18,2021-03-18 17:23:37,2020,FY,867000000.0,574000000,867000000.0,1543000000.0,221000000.0,484000000.0,867000000.0,32102000000.0,6634000000,11767000000.0,18401000000.0,5953000000.0,4008000000.0,0.0,60464000000.0,0.0,61331000000.0,1461000000.0,1891000000,0,256000000.0,1916000000.0,5524000000.0,25308000000,467000000,13106000000,3747000000,39658000000.0,-5524000000.0,3803000000,39658000000.0,1130000000.0,5526000000.0,-2285000000.0,992000000.0,16310000000.0,21673000000.0,37964000000.0,61331000000.0,16291000000.0,61331000000.0,6527000000.0,23178000000,22311000000.0,https://www.sec.gov/Archives/edgar/data/1406234/000162828021005114/0001628280-21-005114-index.htm,https://www.sec.gov/Archives/edgar/data/1406234/000162828021005114/bip-20201231.htm
2024-12-31,PCB,USD,0001423869,2025-03-13,2025-03-13 16:05:50,2024,FY,27100000.0,146349000,173449000.0,10466000.0,0.0,0.0,183915000.0,25534000.0,0,0.0,0.0,0.0,7249000.0,0.0,32783000.0,2847273000.0,3063971000.0,0.0,15000000,0,0.0,-15000000.0,15000000.0,0,0,0,2685157000,2685157000.0,0.0,0,2700157000.0,0.0,143195000.0,160797000.0,-9319000.0,69141000.0,363814000.0,363814000.0,3063971000.0,0.0,3063971000.0,146349000.0,15000000,-12100000.0,https://www.sec.gov/Archives/edgar/data/1423869/000142386925000006/0001423869-25-000006-index.htm,https://www.sec.gov/Archives/edgar/data/1423869/000142386925000006/pcb-20241231.htm
2023-12-31,PCB,USD,0001423869,2024-03-12,2024-03-12 16:06:10,2023,FY,242342000.0,143323000,242342000.0,9468000.0,0.0,0.0,251810000.0,24912000.0,0,6666000.0,6666000.0,143323000.0,7537000.0,2372263000.0,2554701000.0,-17005000.0,2789506000.0,29009000.0,0,0,0.0,-10957000.0,18052000.0,59137000,0,0,2363445000,2422582000.0,0.0,20137000,2440634000.0,69141000.0,142563000.0,146092000.0,-8924000.0,0.0,348872000.0,348872000.0,2789506000.0,0.0,2789506000.0,286646000.0,59137000,-183205000.0,https://www.sec.gov/Archives/edgar/data/1423869/000142386924000006/0001423869-24-000006-index.htm,https://www.sec.gov/Archives/edgar/data/1423869/000142386924000006/pcb-20231231.htm
2022-12-31,PCB,USD,0001423869,2023-03-09,2023-03-09 16:06:34,2022,FY,147031000.0,141863000,288894000.0,7472000.0,-154503000.0,0.0,296366000.0,13274000.0,0,7347000.0,7347000.0,141863000.0,3115000.0,-10462000.0,155137000.0,1968533000.0,2420036000.0,11802000.0,0,0,-10916000.0,-886000.0,11802000.0,26809000,-11843000,11843000,2057785000,11802000.0,2060990000.0,6809000,2084594000.0,69141000.0,149631000.0,127181000.0,-10511000.0,0.0,335442000.0,335442000.0,2420036000.0,0.0,2420036000.0,283726000.0,26809000,-120222000.0,https://www.sec.gov/Archives/edgar/data/1423869/000142386923000007/0001423869-23-000007-index.htm,https://www.sec.gov/Archives/edgar/data/1423869/000142386923000007/pcb-20221231.htm
2021-12-31,PCB,USD,0001423869,2022-03-04,2022-03-04 16:07:11,2021,FY,203285000.0,123198000,326483000.0,5368000.0,-208653000.0,0.0,331851000.0,9884000.0,114989000,7269000.0,122258000.0,123198000.0,10824000.0,-133082000.0,133082000.0,1684802000.0,2149735000.0,8871000.0,0,0,-3835000.0,-5036000.0,8871000.0,17444000,14988000,2456000,1876005000,17444000.0,1867134000.0,7444000,1893449000.0,0.0,154992000.0,101140000.0,154000.0,0.0,256286000.0,256286000.0,2149735000.0,0.0,2149735000.0,246396000.0,17444000,-185841000.0,https://www.sec.gov/Archives/edgar/data/1423869/000142386922000006/0001423869-22-000006-index.htm,https://www.sec.gov/Archives/edgar/data/1423869/000142386922000006/pcb-20211231.htm
2020-12-31,PCB,USD,0001423869,2021-03-11,2021-03-11 16:06:53,2020,FY,194098000.0,120527000,314625000.0,9334000.0,-204833000.0,0.0,323959000.0,11664000.0,117671000,6400000.0,124071000.0,120527000.0,8120000.0,-132191000.0,132191000.0,1466703000.0,1922853000.0,5759000.0,0,0,-66735000.0,60976000.0,5759000.0,88455000,84277000,4178000,1600610000,88455000.0,1594851000.0,8455000,1689065000.0,0.0,164140000.0,67692000.0,1956000.0,0.0,233788000.0,233788000.0,1922853000.0,0.0,1922853000.0,241054000.0,88455000,-105643000.0,https://www.sec.gov/Archives/edgar/data/1423869/000142386921000007/0001423869-21-000007-index.htm,https://www.sec.gov/Archives/edgar/data/1423869/000142386921000007/pcb-20201231.htm
2024-12-31,NGS,USD,0001084991,2025-03-17,2025-03-17 16:05:46,2024,FY,2142000.0,0,2142000.0,15626000.0,18051000.0,12357000.0,48176000.0,22989000.0,0,0.0,0.0,0.0,0.0,421363000.0,444352000.0,0.0,492528000.0,9670000.0,153000,355000,0.0,7180000.0,17358000.0,170000000,0,45873000,4240000,220113000.0,0.0,153000,237471000.0,0.0,138000.0,151508000.0,0.0,103411000.0,255057000.0,255057000.0,492528000.0,0.0,492528000.0,0.0,170153000,168011000.0,https://www.sec.gov/Archives/edgar/data/1084991/000108499125000024/0001084991-25-000024-index.htm,https://www.sec.gov/Archives/edgar/data/1084991/000108499125000024/ngs-20241231.htm
2023-12-31,NGS,USD,0001084991,2024-04-01,2024-04-01 16:40:37,2023,FY,2746000.0,0,2746000.0,50724000.0,21639000.0,1162000.0,76271000.0,394199000.0,0,775000.0,775000.0,0.0,0.0,7484000.0,402458000.0,0.0,478729000.0,17628000.0,0,0,0.0,15085000.0,32713000.0,164000000,0,41636000,4486000,210122000.0,0.0,0,242835000.0,0.0,137000.0,134281000.0,-5.329070518200751e-09,101476000.0,235894000.0,235894000.0,478729000.0,0.0,478729000.0,0.0,164000000,161254000.0,https://www.sec.gov/Archives/edgar/data/1084991/000108499124000017/0001084991-24-000017-index.htm,https://www.sec.gov/Archives/edgar/data/1084991/000108499124000017/ngs-20231231.htm
2022-12-31,NGS,USD,0001084991,2023-03-31,2023-03-31 16:10:06,2022,FY,3372000.0,0,3372000.0,26206000.0,23414000.0,1155000.0,54147000.0,268975000.0,0,900000.0,900000.0,0.0,39798000.0,-35574000.0,274099000.0,0.0,328246000.0,6481000.0,155000,10000,37000.0,23716000.0,30399000.0,25000000,39798000,39798000,42771000,67771000.0,0.0,155000,98170000.0,0.0,135000.0,129534000.0,8.881784197001252e-09,100407000.0,230076000.0,230076000.0,328246000.0,0.0,328246000.0,0.0,25349000,21977000.0,https://www.sec.gov/Archives/edgar/data/1084991/000108499123000032/0001084991-23-000032-index.htm,https://www.sec.gov/Archives/edgar/data/1084991/000108499123000032/ngs-20221231.htm
2021-12-31,NGS,USD,0001084991,2022-04-29,2022-04-29 16:03:20,2021,FY,22942000.0,0,22942000.0,21927000.0,19329000.0,905000.0,65103000.0,228098000.0,0,1025000.0,1025000.0,-39288000.0,39288000.0,4280000.0,233403000.0,0.0,298506000.0,4795000.0,68000,51000,1312000.0,14052000.0,20278000.0,217000,0,39288000,2813000,42318000.0,0.0,285000,62596000.0,0.0,134000.0,130103000.0,5.329070518200751e-09,105673000.0,235910000.0,235910000.0,298506000.0,0.0,298506000.0,-39288000.0,285000,-22657000.0,https://www.sec.gov/Archives/edgar/data/1084991/000108499122000036/0001084991-22-000036-index.htm,https://www.sec.gov/Archives/edgar/data/1084991/000108499122000036/ngs-form10xkxayrended12x31.htm
2020-12-31,NGS,USD,0001084991,2021-03-31,2021-03-31 14:37:29,2020,FY,28925000.0,0,28925000.0,11884000.0,19926000.0,11983000.0,72718000.0,229817000.0,0,1151000.0,1151000.0,-41890000.0,41890000.0,3115000.0,234083000.0,0.0,306801000.0,2373000.0,615000,66000,1103000.0,6704000.0,10861000.0,285000,0,41890000,44111000,44396000.0,0.0,483000,55257000.0,0.0,133000.0,139286000.0,-9.103828801926284e-09,112125000.0,251544000.0,251544000.0,306801000.0,0.0,306801000.0,-41890000.0,900000,-28025000.0,https://www.sec.gov/Archives/edgar/data/1084991/000108499121000026/0001084991-21-000026-index.htm,https://www.sec.gov/Archives/edgar/data/1084991/000108499121000026/ngs-20201231.htm
2024-04-26,MDT,USD,0001613103,2024-06-20,2024-06-20 16:16:51,2024,FY,1284000000.0,6721000000,8005000000.0,6128000000.0,5217000000.0,2585000000.0,21935000000.0,7143000000.0,40986000000,13225000000.0,54211000000.0,1616000000.0,0.0,5076000000.0,68046000000.0,0.0,89981000000.0,2410000000.0,1275000000,1330000000,0.0,5774000000.0,10789000000.0,24772000000,0,515000000,3485000000,28772000000.0,0.0,1084000000,39561000000.0,0.0,0.0,30403000000.0,-3318000000.0,23129000000.0,50214000000.0,50420000000.0,89981000000.0,206000000.0,89981000000.0,8337000000.0,26047000000,24763000000.0,https://www.sec.gov/Archives/edgar/data/1613103/000161310324000072/0001613103-24-000072-index.htm,https://www.sec.gov/Archives/edgar/data/1613103/000161310324000072/mdt-20240426.htm
2023-04-28,MDT,USD,0001613103,2023-06-22,2023-06-22 16:32:12,2023,FY,1543000000.0,6416000000,7959000000.0,5998000000.0,5293000000.0,2425000000.0,21675000000.0,5569000000.0,41425000000,14844000000.0,56269000000.0,1640000000.0,3477000000.0,2319000000.0,69274000000.0,-1000000.0,90948000000.0,2662000000.0,200000000,840000000,314000000.0,5349000000.0,9051000000.0,24344000000,91000000,708000000,5180000000,30232000000.0,0.0,244000000,39283000000.0,0.0,0.0,30392000000.0,-3499000000.0,24590000000.0,51483000000.0,51665000000.0,90948000000.0,182000000.0,90948000000.0,6416000000.0,24364000000,22821000000.0,https://www.sec.gov/Archives/edgar/data/1613103/000161310323000040/0001613103-23-000040-index.htm,https://www.sec.gov/Archives/edgar/data/1613103/000161310323000040/mdt-20230428.htm
2022-04-29,MDT,USD,0001613103,2022-06-23,2022-06-23 16:13:25,2022,FY,3714000000.0,6859000000,10573000000.0,5551000000.0,4616000000.0,2319000000.0,23059000000.0,5413000000.0,40502000000,15595000000.0,56097000000.0,1049000000.0,3403000000.0,1959000000.0,67921000000.0,1000000.0,90981000000.0,2276000000.0,3742000000,704000000,305000000.0,5672000000.0,12394000000.0,20372000000,94000000,884000000,4609000000,25865000000.0,0.0,62000000,38259000000.0,0.0,0.0,30250000000.0,-2265000000.0,24566000000.0,52551000000.0,52722000000.0,90981000000.0,171000000.0,90981000000.0,6859000000.0,24114000000,20400000000.0,https://www.sec.gov/Archives/edgar/data/1613103/000161310322000023/0001613103-22-000023-index.htm,https://www.sec.gov/Archives/edgar/data/1613103/000161310322000023/mdt-20220429.htm
2021-04-30,MDT,USD,0001613103,2021-06-25,2021-06-25 16:51:46,2021,FY,3593000000.0,7224000000,10817000000.0,5462000000.0,4313000000.0,1956000000.0,22548000000.0,5221000000.0,41961000000,17740000000.0,59701000000.0,709000000.0,3169000000.0,1734000000.0,70534000000.0,1000000.0,93083000000.0,2106000000.0,197000000,435000000,276000000.0,5771000000.0,8509000000.0,27207000000,3808000000,1028000000,4737000000,32972000000.0,0.0,1086000000,41481000000.0,0.0,0.0,28594000000.0,-3485000000.0,26319000000.0,51428000000.0,51602000000.0,93083000000.0,174000000.0,93083000000.0,7224000000.0,26389000000,22796000000.0,https://www.sec.gov/Archives/edgar/data/1613103/000161310321000027/0001613103-21-000027-index.htm,https://www.sec.gov/Archives/edgar/data/1613103/000161310321000027/mdt-20210430.htm
2020-04-24,MDT,USD,0001613103,2020-06-19,2020-06-19 16:28:08,2020,FY,4140000000.0,6808000000,10948000000.0,4645000000.0,4229000000.0,2209000000.0,22031000000.0,4828000000.0,39841000000,19063000000.0,58904000000.0,480000000.0,2832000000.0,1614000000.0,68658000000.0,0.0,90689000000.0,1996000000.0,2947000000,502000000,0.0,4921000000.0,10366000000.0,22795000000,4592000000,1174000000,5482000000,29451000000.0,0.0,995000000,39817000000.0,0.0,0.0,28132000000.0,-3560000000.0,26165000000.0,50737000000.0,50872000000.0,90689000000.0,135000000.0,90689000000.0,6808000000.0,24797000000,20657000000.0,https://www.sec.gov/Archives/edgar/data/1613103/000161310320000021/0001613103-20-000021-index.htm,https://www.sec.gov/Archives/edgar/data/1613103/000161310320000021/mdt-20200424.htm
2023-12-31,BMA,ARS,0000000000,2023-12-31,2023-12-30 19:00:00,2023,FY,1203105095000.0,325941974,1203431036974.0,441804141.0,0.0,2097095904000.0,3300968745115.0,398684354.0,75086630207,83997793.0,75170628000.0,1685111000.0,357384246646.0,4568475132646.0,4645729556000.0,-1228487190115.0,6718211111000.0,0.0,0,327174859,0.0,2227285660655.0,2227612835514.0,396480596000,0,50749005,1871992585995,2268523931000.0,178049294486.0,9388790000,4674186061000.0,0.0,714498.0,203502666000.0,875912939000.0,964142843502.0,2043559163000.0,2043559683595.0,6718211111000.0,520595.0,6718211111000.0,2949466241.0,396480596000,-806624499000.0,,
2022-12-31,BMA,ARS,0000000000,2022-12-31,2022-12-30 19:00:00,2022,FY,778796544000.0,429468486000,1208265030000.0,1862053172.0,0.0,377698868245.0,1560468247000.0,317211464000.0,0,54308754000.0,54308754000.0,3069601799000.0,0.0,-3441122017000.0,3441122017000.0,1507203670000.0,6508793934000.0,0.0,0,107203884000,0.0,-107203884000.0,0.0,1264589219,0,40903089000,-1480838597,280097328000.0,0.0,32355458,280097328000.0,0.0,639413000.0,-249980896000.0,1264499929000.0,479511940506.0,1594856139000.0,1595119874000.0,6508793934000.0,263735000.0,6508793934000.0,3499070285000.0,239194239000,-539602305000.0,,
2021-12-31,BMA,ARS,0000000000,2021-12-31,2021-12-30 19:00:00,2021,FY,335692114000.0,0,335692114000.0,1060912480.0,0.0,241291002847.0,459043580000.0,102991484000.0,0,16370965000.0,16370965000.0,668741786000.0,0.0,-788104235000.0,788104235000.0,699419410000.0,1946567225000.0,0.0,0,20628821000,0.0,-20628821000.0,0.0,777119742,0,12169160000,-881783384,102524266000.0,0.0,23793003,102524266000.0,0.0,639413000.0,-85721104000.0,366085407000.0,199588115583.0,466723603000.0,466797391000.0,1946567225000.0,73788000.0,1946567225000.0,668741786000.0,90355106000,-245337008000.0,,
2020-12-31,BMA,ARS,0000000000,2020-12-31,2020-12-30 19:00:00,2020,FY,196175043000.0,0,196175043000.0,551998974.0,0.0,181734971745.0,253305321000.0,51877880000.0,0,7704151000.0,7704151000.0,429601179000.0,0.0,-489183210000.0,489183210000.0,426598338000.0,1169086869000.0,0.0,0,16709544000,0.0,-16709544000.0,0.0,589239118,0,11242317000,-697863610,72226841000.0,0.0,17144059,72226841000.0,0.0,639413000.0,-97570997000.0,230643564000.0,140613303922.0,228742907000.0,228745729000.0,1169086869000.0,2822000.0,1169086869000.0,429601179000.0,60984524000,-135190519000.0,,
2019-12-31,BMA,ARS,0000000000,2019-12-31,2019-12-29 19:00:00,2019,FY,0.0,0,0.0,0.0,0.0,106841004635.0,106835466000.0,11002193000.0,0,2122978999.0,2122978999.0,146331000.0,4938831000.0,303364133001.0,321574467000.0,0.0,428409933000.0,12799494770.0,4315644000,0,0.0,-17115138770.0,30858911000.0,1186958193,581526000,2079000,306554591806,307743628999.0,1.0,581526000,338602540000.0,0.0,639413000.0,40588849000.0,36143493000.0,12434292000.0,89806047000.0,89807393000.0,428409933000.0,1346000.0,428409933000.0,146331000.0,33734601000,33734601000.0,,
2025-01-31,HQY,USD,0001428336,2025-03-18,2025-03-18 16:22:42,2025,FY,295948000.0,0,295948000.0,118006000.0,0.0,63795000.0,477749000.0,46424000.0,1648145000,1204658000.0,2852803000.0,0.0,0.0,71574000.0,2970801000.0,0.0,3448550000.0,14361000.0,10001000,0,0.0,131961000.0,156323000.0,84438000,0,55834000,880721000,1020993000.0,156323000.0,42219000,1333639000.0,0.0,9000.0,0.0,0.0,2114902000.0,2114911000.0,2114911000.0,3448550000.0,0.0,3448550000.0,0.0,52220000,-243728000.0,https://www.sec.gov/Archives/edgar/data/1428336/000142833625000009/0001428336-25-000009-index.htm,https://www.sec.gov/Archives/edgar/data/1428336/000142833625000009/hqy-20250131.htm
2024-01-31,HQY,USD,0001428336,2024-03-22,2024-03-22 16:01:19,2024,FY,403979000.0,0,403979000.0,104893000.0,0.0,48564000.0,557436000.0,54393000.0,1648145000,835948000.0,2484093000.0,0.0,0.0,67868000.0,2606354000.0,0.0,3163790000.0,12041000.0,9404000,0,0.0,95646000.0,117091000.0,923738000,0,68670000,19270000,1011678000.0,0.0,58170000,1128769000.0,0.0,9000.0,205628000.0,-5.6843418860808015e-08,1829384000.0,2035021000.0,2035021000.0,3163790000.0,0.0,3163790000.0,835947999.0,933142000,529163000.0,https://www.sec.gov/Archives/edgar/data/1428336/000142833624000016/0001428336-24-000016-index.htm,https://www.sec.gov/Archives/edgar/data/1428336/000142833624000016/hqy-20240131.htm
2023-01-31,HQY,USD,0001428336,2023-03-30,2023-03-30 16:09:51,2023,FY,254266000.0,0,254266000.0,96835000.0,1.0,31792000.0,382893000.0,69323000.0,1648145000,936359000.0,2584504000.0,0.0,0.0,52180000.0,2706007000.0,0.0,3088900000.0,13899000.0,37818000,0,0.0,79344000.0,131061000.0,1025814000,0,82665000,-46280000,1062199000.0,0.0,69147000,1193260000.0,0.9999997615814209,8000.0,149916000.0,1.7053025658242404e-07,1745716000.0,1895640000.0,1895640000.0,3088900000.0,0.0,3088900000.0,0.0,994485000,740219000.0,https://www.sec.gov/Archives/edgar/data/1428336/000142833623000014/0001428336-23-000014-index.htm,https://www.sec.gov/Archives/edgar/data/1428336/000142833623000014/hqy-20230131.htm
2022-01-31,HQY,USD,0001428336,2022-03-31,2022-03-31 16:04:24,2022,FY,225414000.0,0,225414000.0,87428000.0,0.0,38495000.0,351337000.0,86985000.0,1645836000,973137000.0,2618973000.0,0.0,0.0,49807000.0,2755765000.0,0.0,3107102000.0,27541000.0,33092000,0,0.0,92554000.0,153187000.0,1052541000,0,99846000,-51047000,1101340000.0,0.0,77403000,1254527000.0,0.0,8000.0,176059000.0,-2.8421709430404007e-08,1676508000.0,1852575000.0,1852575000.0,3107102000.0,0.0,3107102000.0,0.0,1008230000,782816000.0,https://www.sec.gov/Archives/edgar/data/1428336/000142833622000009/0001428336-22-000009-index.htm,https://www.sec.gov/Archives/edgar/data/1428336/000142833622000009/hqy-20220131.htm
2021-01-31,HQY,USD,0001428336,2021-03-31,2021-03-31 16:04:51,2021,FY,328803000.0,0,328803000.0,72767000.0,0.0,58607000.0,460177000.0,118614000.0,1326793000,767003000.0,2093796000.0,0.0,0.0,37420000.0,2249830000.0,0.0,2710007000.0,1614000.0,90574000,0,0.0,112513000.0,204301000.0,1072665000,0,119729000,-65416000,1126978000.0,0.0,88261000,1331279000.0,0.0,8000.0,220348000.0,-5.6843418860808015e-08,1158372000.0,1378728000.0,1378728000.0,2710007000.0,0.0,2710007000.0,0.0,1074978000,746175000.0,https://www.sec.gov/Archives/edgar/data/1428336/000142833621000011/0001428336-21-000011-index.htm,https://www.sec.gov/Archives/edgar/data/1428336/000142833621000011/hqy-20210131.htm
2024-12-31,RVMD,USD,0001628171,2025-02-26,2025-02-26 16:10:31,2024,FY,543064000.0,1746235000,2289299000.0,0.0,0.0,38333000.0,2327632000.0,141823000.0,14608000,56670000.0,71278000.0,0.0,0.0,17568000.0,230669000.0,0.0,2558301000.0,54427000.0,12872000,0,0.0,96615000.0,163914000.0,122971000,0,2353000,3859000,129183000.0,0.0,0,293097000.0,0.0,18000.0,-1737801000.0,1321000.0,4001666000.0,2265204000.0,2265204000.0,2558301000.0,0.0,2558301000.0,1746235000.0,135843000,-407221000.0,https://www.sec.gov/Archives/edgar/data/1628171/000095017025027736/0000950170-25-027736-index.htm,https://www.sec.gov/Archives/edgar/data/1628171/000095017025027736/rvmd-20241231.htm
2023-12-31,RVMD,USD,0001628171,2024-02-26,2024-02-26 16:08:29,2023,FY,696148000.0,1156807000,1852955000.0,1254000.0,0.0,25072000.0,1879281000.0,100014000.0,14608000,57739000.0,72347000.0,0.0,0.0,10063000.0,182424000.0,0.0,2061705000.0,61788000.0,7369000,0,0.0,74694000.0,143851000.0,80575000,0,3115000,7970000,91660000.0,0.0,87944000,235511000.0,0.0,16000.0,-1137708000.0,544000.0,2963342000.0,1826194000.0,1826194000.0,2061705000.0,0.0,2061705000.0,1156807000.0,87944000,-608204000.0,https://www.sec.gov/Archives/edgar/data/1628171/000095017024020145/0000950170-24-020145-index.htm,https://www.sec.gov/Archives/edgar/data/1628171/000095017024020145/rvmd-20231231.htm
2022-12-31,RVMD,USD,0001628171,2023-02-27,2023-02-27 16:07:50,2022,FY,161412000.0,483531000,644943000.0,4673000.0,1.0,10569000.0,660185000.0,73736000.0,14608000,58807000.0,73415000.0,1737000.0,26259000.0,-23402000.0,151745000.0,0.0,811930000.0,21306000.0,13546000,0,4459000.0,22673000.0,61984000.0,57432000,0,7025000,301000,64758000.0,0.0,64205000,126742000.0,0.0,9000.0,-701341000.0,-1780000.0,1388300000.0,685188000.0,685188000.0,811930000.0,0.0,811930000.0,483531000.0,64205000,-97207000.0,https://www.sec.gov/Archives/edgar/data/1628171/000095017023004645/0000950170-23-004645-index.htm,https://www.sec.gov/Archives/edgar/data/1628171/000095017023004645/rvmd-20221231.htm
2021-12-31,RVMD,USD,0001628171,2022-02-28,2022-02-28 16:16:03,2021,FY,108497000.0,468557000,577054000.0,5929000.0,-12719000.0,6790000.0,577054000.0,71236000.0,14608000,59876000.0,74484000.0,1737000.0,27971000.0,-14494000.0,160934000.0,0.0,737988000.0,14057000.0,12428000,0,18931000.0,21507000.0,18931000.0,60419000,6573000,7444000,634000,116489000.0,0.0,66633000,135420000.0,737988000.0,8000.0,-452636000.0,-376000.0,1055572000.0,602568000.0,602568000.0,737988000.0,0.0,737988000.0,468557000.0,66633000,-41864000.0,https://www.sec.gov/Archives/edgar/data/1628171/000095017022002297/0000950170-22-002297-index.htm,https://www.sec.gov/Archives/edgar/data/1628171/000095017022002297/rvmd-20211231.htm
2020-12-31,RVMD,USD,0001628171,2021-03-02,2021-03-02 16:11:22,2020,FY,104268000.0,336473000,440741000.0,6393000.0,0.0,6988000.0,454122000.0,36337000.0,14608000,60945000.0,75553000.0,1084000.0,19432000.0,-19127000.0,113279000.0,0.0,567401000.0,12609000.0,3672000,0,20592000.0,18784000.0,47176000.0,28992000,8481000,7444000,632000,45549000.0,0.0,32664000,92725000.0,567401000.0,7000.0,-265545000.0,116000.0,740098000.0,474676000.0,474676000.0,567401000.0,0.0,567401000.0,336473000.0,32664000,-71604000.0,https://www.sec.gov/Archives/edgar/data/1628171/000156459021010276/0001564590-21-010276-index.htm,https://www.sec.gov/Archives/edgar/data/1628171/000156459021010276/rvmd-10k_20201231.htm
2024-12-31,HBAN,USD,0000049196,2025-02-14,2025-02-14 13:01:14,2024,FY,1685000000.0,27273000000,28958000000.0,7580000000.0,0.0,0.0,28958000000.0,1066000000.0,5561000000,677000000.0,6238000000.0,0.0,0.0,0.0,7304000000.0,167968000000.0,204230000000.0,0.0,199000000,0,0.0,-199000000.0,199000000.0,0,0,0,184249000000,184249000000.0,0.0,0,184448000000.0,1989000000.0,15000000.0,5204000000.0,-2866000000.0,15398000000.0,19740000000.0,19782000000.0,204230000000.0,42000000.0,204230000000.0,27273000000.0,199000000,-1486000000.0,https://www.sec.gov/Archives/edgar/data/49196/000004919625000020/0000049196-25-000020-index.htm,https://www.sec.gov/Archives/edgar/data/49196/000004919625000020/hban-20241231.htm
2023-12-31,HBAN,USD,0000049196,2024-02-16,2024-02-16 14:05:33,2023,FY,10323000000.0,-194000000,10129000000.0,0.0,0.0,0.0,10129000000.0,1109000000.0,5561000000,672000000.0,6233000000.0,0.0,0.0,0.0,7342000000.0,171897000000.0,189368000000.0,0.0,0,0,0.0,0.0,2000000.0,12394000000,0,0,156956000000,169350000000.0,618000000.0,0,169970000000.0,2394000000.0,15000000.0,4322000000.0,-2676000000.0,15298000000.0,19353000000.0,19398000000.0,189368000000.0,45000000.0,189368000000.0,25305000000.0,12396000000,2073000000.0,https://www.sec.gov/Archives/edgar/data/49196/000004919624000020/0000049196-24-000020-index.htm,https://www.sec.gov/Archives/edgar/data/49196/000004919624000020/hban-20231231.htm
2022-12-31,HBAN,USD,0000049196,2023-02-17,2023-02-17 15:08:18,2022,FY,6918000000.0,23423000000,25062.0,0.0,-13714000000.0,0.0,25062.0,1156000000.0,5571000000,712000000.0,6283000000.0,41348000000.0,0.0,-48786994312.0,5688.0,182905969250.0,182906000000.0,0.0,1774000000,0,0.0,-1774000000.0,2485.0,9686000000,0,0,155451000000,112062.0,165136885453.0,0,165137000000.0,2167000000.0,14000000.0,3419000000.0,-3098000000.0,15229000000.0,17731000000.0,17769000000.0,182906000000.0,38000000.0,182906000000.0,41047000000.0,11713000000,4795000000.0,https://www.sec.gov/Archives/edgar/data/49196/000004919623000020/0000049196-23-000020-index.htm,https://www.sec.gov/Archives/edgar/data/49196/000004919623000020/hban-20221231.htm
2021-12-31,HBAN,USD,0000049196,2022-02-18,2022-02-18 15:44:27,2021,FY,5914000000.0,28460000000,34374000000.0,4956000000.0,-6365000000.0,0.0,39330000000.0,1164000000.0,5349000000,611000000.0,5960000000.0,41601000000.0,0.0,-48725000000.0,48725000000.0,86009000000.0,174064000000.0,0.0,14000000,0,0.0,-14000000.0,334000000.0,7108000000,0,0,147304000000,7108000000.0,147304000000.0,0,154746000000.0,2167000000.0,14000000.0,2202000000.0,-229000000.0,15143000000.0,19297000000.0,19318000000.0,174064000000.0,21000000.0,174064000000.0,70061000000.0,7442000000,1528000000.0,https://www.sec.gov/Archives/edgar/data/49196/000004919622000023/0000049196-22-000023-index.htm,https://www.sec.gov/Archives/edgar/data/49196/000004919622000023/hban-20211231.htm
2020-12-31,HBAN,USD,0000049196,2021-02-26,2021-02-26 17:19:33,2020,FY,6712000000.0,16485000000,23197000000.0,0.0,-8968000000.0,0.0,23197000000.0,757000000.0,1990000000,428000000.0,2418000000.0,25826000000.0,0.0,-29001000000.0,29001000000.0,70840000000.0,123038000000.0,0.0,112000000,0,0.0,-112000000.0,183000000.0,8352000000,0,0,101510000000,8352000000.0,101510000000.0,0,110045000000.0,2191000000.0,10000000.0,1878000000.0,192000000.0,8722000000.0,12993000000.0,12993000000.0,123038000000.0,0.0,123038000000.0,42311000000.0,8535000000,1823000000.0,https://www.sec.gov/Archives/edgar/data/49196/000004919621000018/0000049196-21-000018-index.htm,https://www.sec.gov/Archives/edgar/data/49196/000004919621000018/hban-20201231.htm
2023-12-31,ORKT,SGD,0000000000,2023-12-31,2023-12-30 19:00:00,2023,FY,1067228.0,0,1067228.0,1033476.0,1.0,194048.0,2294753.0,136158.0,0,1613890.0,1613890.0,0.0,0.0,179338.0,1929386.0,0.0,4224139.0,284388.0,369506,0,597116.0,367576.0,1618586.0,503577,5359,0,0,508936.0,0.0,123881,2127522.0,0.0,26808.0,-1118283.0,81567.0,3106525.0,2096617.0,2096617.0,4224139.0,0.0,4224139.0,0.0,873083,-194145.0,,
2022-12-31,ORKT,SGD,0000000000,2022-12-31,2022-12-30 19:00:00,2022,FY,2000234.0,0,2000234.0,2396442.0,1.0,38527.0,4435203.0,289921.0,0,1815680.0,1815680.0,0.0,161000.0,25635.0,2292236.0,0.0,6727439.0,317211.0,279306,0,1844984.0,336281.0,2777782.0,437425,148120,-148120,0,585545.0,0.0,253321,3363327.0,0.0,26808.0,189410.0,41369.0,3106525.0,3364112.0,3364112.0,6727439.0,0.0,6727439.0,0.0,716731,-1283503.0,,
2021-12-31,ORKT,SGD,0000000000,2021-12-31,2021-12-30 19:00:00,2021,FY,1640499.0,0,1640499.0,1367984.0,1.0,134783.0,3143267.0,10540.0,0,1560831.0,1560831.0,0.0,161000.0,25635.0,1758006.0,0.0,4901273.0,477643.0,145442,0,1448723.0,668509.0,2740317.0,463409,335604,-335604,0,799013.0,0.0,0,3539330.0,0.0,26808.0,-1798477.0,27087.0,3106525.0,1361943.0,1361943.0,4901273.0,0.0,4901273.0,0.0,608851,-1031648.0,,
2024-12-31,DINO,USD,0001915657,2025-02-20,2025-02-20 14:43:59,2024,FY,800000000.0,0,800000000.0,1074000000.0,2495000000.0,645000000.0,5014000000.0,6913000000.0,2977000000,351000000.0,3328000000.0,0.0,0.0,1388000000.0,11629000000.0,0.0,16643000000.0,2236000000.0,427000000,3000000,0.0,377000000.0,3043000000.0,301000000,0,1224000000,2729000000,4254000000.0,0.0,0,7297000000.0,0.0,2000000.0,5170000000.0,-47000000.0,4153000000.0,9278000000.0,9346000000.0,16643000000.0,68000000.0,16643000000.0,0.0,728000000,-72000000.0,https://www.sec.gov/Archives/edgar/data/1915657/000191565725000019/0001915657-25-000019-index.htm,https://www.sec.gov/Archives/edgar/data/1915657/000191565725000019/dino-20241231.htm
2023-12-31,DINO,USD,0001915657,2024-02-21,2024-02-21 16:42:25,2023,FY,1353747000.0,0,1353747000.0,1725119000.0,2921831000.0,145757000.0,6146454000.0,6974838000.0,2977744000,410632000.0,3388376000.0,0.0,0.0,1206597000.0,11569811000.0,0.0,17716265000.0,2205759000.0,106973000,8772000,0.0,453045000.0,2774549000.0,3063422000,0,0,1640996000,4704418000.0,0.0,431312000,7478967000.0,0.0,2232000.0,5379182000.0,-11783999.0,4799459999.0,10169090000.0,10237298000.0,17716265000.0,68208000.0,17716265000.0,-216407000.0,3095535000,1741788000.0,https://www.sec.gov/Archives/edgar/data/1915657/000191565724000040/0001915657-24-000040-index.htm,https://www.sec.gov/Archives/edgar/data/1915657/000191565724000040/dino-20231231.htm
2022-12-31,DINO,USD,0001915657,2023-02-28,2023-02-28 12:01:03,2022,FY,1665066000.0,0,1665066000.0,1626199000.0,3214528000.0,165576000.0,6748319000.0,7039973000.0,2978315000,463726000.0,3442041000.0,0.0,0.0,895150000.0,11377164000.0,0.0,18125483000.0,2334107000.0,416885000,0,0.0,494537000.0,3245529000.0,3202728000,0,0,1659654000,4862382000.0,0.0,364141000,8107911000.0,0.0,2232000.0,4130252000.0,-22012999.0,5133343999.0,9243815000.0,10017572000.0,18125483000.0,773757000.0,18125483000.0,0.0,3560048000,1894982000.0,https://www.sec.gov/Archives/edgar/data/1915657/000191565723000015/0001915657-23-000015-index.htm,https://www.sec.gov/Archives/edgar/data/1915657/000191565723000015/dino-20221231.htm
2021-12-31,DINO,USD,0001915657,2021-12-31,2021-12-31 00:00:00,2021,FY,234444000.0,0,234444000.0,1241888000.0,2122128000.0,163994000.0,3762454000.0,5811045000.0,2293044000,299058000.0,2592102000.0,0.0,0.0,751012000.0,9154159000.0,0.0,12916613000.0,1613484000.0,110606000,0,0.0,341374000.0,2065464000.0,3438040000,0,0,1118644000,4556684000.0,0.0,475909000,6622148000.0,0.0,2560000.0,4413836000.0,2670999.0,1268818000.0,5687885000.0,6294465000.0,12916613000.0,606580000.0,12916613000.0,0.0,3438040000,3203596000.0,,
2020-12-31,DINO,USD,0001915657,2020-12-31,2020-12-31 00:00:00,2020,FY,1368318000.0,0,1368318000.0,630036000.0,1173476000.0,138931000.0,3310761000.0,4923687000.0,2293935000,334802000.0,2628737000.0,0.0,0.0,643679000.0,8196103000.0,0.0,11506864000.0,1000959000.0,97937000,0,0.0,276260000.0,1375156000.0,3433600000,0,0,975905000,4409505000.0,0.0,388819000,5784661000.0,0.0,2560000.0,3913179000.0,13461999.0,1239160001.0,5168361000.0,5722203000.0,11506864000.0,553842000.0,11506864000.0,0.0,3433600000,2065282000.0,,
2024-06-30,EVI,USD,0000065312,2024-10-25,2024-10-25 15:37:53,2024,FY,4558000.0,0,4558000.0,44632000.0,47901000.0,4850000.0,101941000.0,22028000.0,75102000,22022000.0,97124000.0,-1.0,4030000.0,9565999.0,132747999.0,1.0,234689000.0,23101000.0,6220000,1778000,24419000.0,12953000.0,69803000.0,18752000,0,5498000,0,24250000.0,0.0,8959000,94053000.0,0.0,322000.0,34183000.0,0.0,102101000.0,136606000.0,136606000.0,230659000.0,0.0,230659000.0,-5498000.0,21862000,17304000.0,https://www.sec.gov/Archives/edgar/data/65312/000117494724001167/0001174947-24-001167-index.htm,https://www.sec.gov/Archives/edgar/data/65312/000117494724001167/form10ka-33042_evi.htm
2023-06-30,EVI,USD,0000065312,2023-10-27,2023-10-27 13:44:24,2023,FY,5921000.0,0,5921000.0,51927000.0,59167000.0,8483000.0,125498000.0,21667000.0,73388000,24128000.0,97516000.0,-5023000.0,5023000.0,9166000.0,128349000.0,0.0,253847000.0,26690000.0,6054000,1960000,23964000.0,73382000.0,76445000.0,47977000,-5023000,5023000,-1531000,46446000.0,0.0,9581000,122891000.0,1.4901161193847656e-08,318000.0,32608000.0,-1.4654943925052066e-08,98030000.0,130956000.0,130956000.0,253847000.0,0.0,253847000.0,-5023000.0,44450000,38529000.0,https://www.sec.gov/Archives/edgar/data/65312/000117494723001245/0001174947-23-001245-index.htm,https://www.sec.gov/Archives/edgar/data/65312/000117494723001245/form10ka-30951_evi.htm
2022-06-30,EVI,USD,0000065312,2022-09-13,2022-09-13 16:14:09,2022,FY,3974000.0,0,3974000.0,47694000.0,49359000.0,4585000.0,105612000.0,20513000.0,71039000,26234000.0,97273000.0,5700000.0,-164000.0,1834000.0,125156000.0,0.0,230768000.0,30838999.0,5036000,1793000,21795000.0,64836002.0,74847000.0,39312000,4666000,4666000,-1070000,38242000.0,0.0,8254000,113089000.0,0.0,316000.0,22889000.0,3.1086244689504383e-09,94474000.0,117679000.0,117679000.0,230768000.0,0.0,230768000.0,5700000.0,36094000,32120000.0,https://www.sec.gov/Archives/edgar/data/65312/000117494722001008/0001174947-22-001008-index.htm,https://www.sec.gov/Archives/edgar/data/65312/000117494722001008/evi10k0622.htm
2021-06-30,EVI,USD,0000065312,2021-10-28,2021-10-28 16:30:09,2021,FY,6057000.0,0,6057000.0,30715000.0,25129000.0,3322000.0,65223000.0,17654000.0,63881000,23677000.0,87558000.0,-4208000.0,4208000.0,7415000.0,112627000.0,0.0,177850000.0,20665000.0,4262000,1186000,13576000.0,33892000.0,49462000.0,17440000,-4208000,4208000,0,21648000.0,0.0,7698000,71110000.0,1.4901161193847656e-08,310000.0,18794000.0,-1.2434497875801753e-08,87636000.0,106740000.0,106740000.0,177850000.0,0.0,177850000.0,-4208000.0,19571000,13514000.0,https://www.sec.gov/Archives/edgar/data/65312/000117494721000933/0001174947-21-000933-index.htm,https://www.sec.gov/Archives/edgar/data/65312/000117494721000933/form10ka-26871_evi.htm
2020-06-30,EVI,USD,0000065312,2020-09-14,2020-09-14 17:15:03,2020,FY,9789000.0,0,9789000.0,27456000.0,24063000.0,3346000.0,64654000.0,13303000.0,56678000,21754000.0,78432000.0,-1728000.0,1728000.0,4329000.0,96064000.0,0.0,160718000.0,18888000.0,6024000,832000,9069000.0,28418000.0,42477000.0,32344000,-1728000,1728000,-1929000,30415000.0,0.0,5329000,72892000.0,0.0,301000.0,10410000.0,-3.9968028886505635e-09,77115000.0,87826000.0,87826000.0,160718000.0,0.0,160718000.0,-1728000.0,33039000,23250000.0,https://www.sec.gov/Archives/edgar/data/65312/000117494720000945/0001174947-20-000945-index.htm,https://www.sec.gov/Archives/edgar/data/65312/000117494720000945/evi10k0620.htm
2024-12-31,INTT,USD,0001036262,2025-03-13,2025-03-13 16:05:39,2024,FY,19830000.0,0,19830000.0,29495000.0,26837000.0,2650000.0,78812000.0,15224000.0,30744000,26376000.0,57120000.0,0.0,67000.0,1065000.0,73476000.0,0.0,152288000.0,7991000.0,9483000,87000,5059000.0,9328000.0,31948000.0,9021000,0,0,11529000,20550000.0,0.0,0,52498000.0,0.0,124000.0,45087000.0,-2137000.0,56716000.0,99790000.0,99790000.0,152288000.0,0.0,152288000.0,0.0,18504000,-1326000.0,https://www.sec.gov/Archives/edgar/data/1036262/000143774925007520/0001437749-25-007520-index.htm,https://www.sec.gov/Archives/edgar/data/1036262/000143774925007520/intt20241231_10k.htm
2023-12-31,INTT,USD,0001036262,2024-03-27,2024-03-27 17:03:15,2023,FY,45260000.0,0,45260000.0,18175000.0,20089000.0,2254000.0,85778000.0,8177000.0,21728000,16596000.0,38324000.0,0.0,1437000.0,1113000.0,49051000.0,0.0,134829000.0,5521000.0,6023000,1095000,3797000.0,7863000.0,24299000.0,11441000,1331000,0,1477000,14249000.0,0.0,5422000,38548000.0,0.0,122000.0,42196000.0,414000.0,53549000.0,96281000.0,96281000.0,134829000.0,0.0,134829000.0,-1.0,17464000,-27796000.0,https://www.sec.gov/Archives/edgar/data/1036262/000143774924009626/0001437749-24-009626-index.htm,https://www.sec.gov/Archives/edgar/data/1036262/000143774924009626/intt20231231_10k.htm
2022-12-31,INTT,USD,0001036262,2023-03-22,2023-03-22 16:20:49,2022,FY,13434000.0,0,13434000.0,21215000.0,22565000.0,2837000.0,60051000.0,8902000.0,21605000,18559000.0,40164000.0,0.0,280000.0,669000.0,50015000.0,0.0,110066000.0,7394000.0,5745000,1409000,4498000.0,7823000.0,26869000.0,16747000,-3462000,3462000,1494000,18241000.0,0.0,6350000,45110000.0,0.0,111000.0,32854000.0,218000.0,31773000.0,64956000.0,64956000.0,110066000.0,0.0,110066000.0,0.0,22492000,9058000.0,https://www.sec.gov/Archives/edgar/data/1036262/000143774923007539/0001437749-23-007539-index.htm,https://www.sec.gov/Archives/edgar/data/1036262/000143774923007539/intt20221231_10k.htm
2021-12-31,INTT,USD,0001036262,2022-03-23,2022-03-23 07:46:05,2021,FY,21195000.0,0,21195000.0,16536000.0,12863000.0,2966000.0,52077000.0,8607000.0,21448000,21634000.0,42152000.0,-2440000.0,2440000.0,139000.0,50898000.0,0.0,102975000.0,4281000.0,5471000,2024000,6038000.0,7258000.0,25072000.0,21248000,0,1379000,1383000,23080000.0,0.0,6619000,48152000.0,0.0,109000.0,24393000.0,594000.0,29727000.0,54823000.0,54823000.0,102975000.0,0.0,102975000.0,-2440000.0,26719000,5524000.0,https://www.sec.gov/Archives/edgar/data/1036262/000143774922006956/0001437749-22-006956-index.htm,https://www.sec.gov/Archives/edgar/data/1036262/000143774922006956/intt20211231_10k.htm
2020-12-31,INTT,USD,0001036262,2021-03-23,2021-03-23 16:20:31,2020,FY,10277000.0,0,10277000.0,8435000.0,7476000.0,776000.0,26964000.0,2350000.0,13738000,12421000.0,26159000.0,-2389000.0,2389000.0,6557000.0,35066000.0,0.0,62030000.0,2424000.0,2430000,825000,396000.0,2781000.0,8856000.0,6050000,0,1922000,450000,8422000.0,0.0,7265000,17278000.0,0.0,106000.0,17110000.0,889000.0,26647000.0,44752000.0,44752000.0,62030000.0,0.0,62030000.0,-2389000.0,7265000,-3012000.0,https://www.sec.gov/Archives/edgar/data/1036262/000143774921006901/0001437749-21-006901-index.htm,https://www.sec.gov/Archives/edgar/data/1036262/000143774921006901/intt20201231_10k.htm
2023-03-31,GEMZ,USD,0001104023,2023-03-31,2023-03-29 20:00:00,2022,FY,0.0,0,0.0,0.0,0.0,0.0,0.0,0.0,0,0.0,0.0,0.0,0.0,0.0,0.0,0.0,0.0,0.0,0,0,0.0,0.0,0.0,0,0,0,0,0.0,0.0,0,0.0,0.0,0.0,0.0,0.0,0.0,0.0,0.0,0.0,0.0,0.0,0.0,0,0.0,,
2022-03-31,GEMZ,USD,0001104023,2022-03-31,2022-03-29 20:00:00,2021,FY,39.098,0,39.098,390.40500000000003,0.0,1979.8460000000002,2409.349,1.379,0,0.0,0.0,0.0,0.0,16804.0,16806.0,-0.34900000000197906,19215.0,1028.642,0,0,0.0,128.81600000000003,1157.458,0,0,0,0,0.0,0.0,0,1157.458,0.0,43184.0,-37266.65,0.0,12140.650000000001,18058.0,18058.0,19215.0,0.0,19215.0,0.0,0,-39.098,,
2021-03-31,GEMZ,USD,0001104023,2021-03-31,2021-03-29 20:00:00,2020,FY,22.807000000000002,0,22.807000000000002,355.479,0.0,890.8219999999999,1269.108,1.379,0,0.0,0.0,0.0,0.0,16804.0,16806.0,-0.10800000000017462,18075.0,130.177,0,0,0.0,305.7,435.877,0,0,0,0,0.0,0.0,0,435.877,0.0,17417.0,-11851.659,0.0009999999992515995,12073.658,17639.0,17639.0,18075.0,0.0,18075.0,0.0,0,-22.807000000000002,,
2020-03-31,GEMZ,USD,0001104023,2020-03-31,2020-03-29 20:00:00,2019,FY,0.0,0,0.0,0.0,0.0,0.0,0.0,0.0,0,0.0,0.0,0.0,0.0,0.0,0.0,0.0,0.0,0.0,0,0,0.0,0.0,0.0,0,0,0,0,0.0,0.0,0,0.0,0.0,0.0,0.0,0.0,0.0,0.0,0.0,0.0,0.0,0.0,0.0,0,0.0,,
2019-03-31,GEMZ,USD,0001104023,2019-03-31,2019-03-29 20:00:00,2018,FY,0.0,0,0.0,0.0,0.0,0.0,0.0,0.0,0,0.0,0.0,0.0,0.0,0.0,0.0,0.0,0.0,0.0,0,0,0.0,0.0,0.0,0,0,0,0,0.0,0.0,0,0.0,0.0,0.0,0.0,0.0,0.0,0.0,0.0,0.0,0.0,0.0,0.0,0,0.0,,
2024-12-31,AIP,USD,0001667011,2025-02-18,2025-02-18 17:09:18,2024,FY,13684000.0,0,13684000.0,20608000.0,0.0,34791000.0,69083000.0,7857000.0,4178000,3024000.0,7202000.0,8504000.0,0.0,13489000.0,37052000.0,0.0,106135000.0,539000.0,917000,0,40445000.0,17381000.0,59282000.0,2998000,0,0,45043000,48041000.0,0.0,0,107323000.0,0.0,40000.0,-136885000.0,135000.0,135522000.0,-1188000.0,-1188000.0,106135000.0,0.0,106135000.0,8504000.0,3915000,-9769000.0,https://www.sec.gov/Archives/edgar/data/1667011/000166701125000010/0001667011-25-000010-index.htm,https://www.sec.gov/Archives/edgar/data/1667011/000166701125000010/aip-20241231.htm
2023-12-31,AIP,USD,0001667011,2024-02-20,2024-02-20 17:05:39,2023,FY,13696000.0,27477000,41173000.0,12315000.0,-4197000.0,9139000.0,58430000.0,10034000.0,4178000,3858000.0,8036000.0,20302000.0,0.0,5999000.0,44371000.0,0.0,102801000.0,183000.0,2851000,0,32719000.0,10649000.0,46402000.0,4902000,33982000,0,2412000,41296000.0,0.0,4391000,87698000.0,0.0,37000.0,-103247000.0,120000.0,118193000.0,15103000.0,15103000.0,102801000.0,0.0,102801000.0,47779000.0,7753000,-5943000.0,https://www.sec.gov/Archives/edgar/data/1667011/000166701124000010/0001667011-24-000010-index.htm,https://www.sec.gov/Archives/edgar/data/1667011/000166701124000010/aip-20231231.htm
2022-12-31,AIP,USD,0001667011,2023-03-01,2023-02-28 19:04:09,2022,FY,37423000.0,30728000,68151000.0,7926000.0,1.0,5035000.0,81112000.0,5500000.0,4218000,4575000.0,8793000.0,16324000.0,0.0,3787000.0,34404000.0,0.0,115516000.0,572000.0,2163000,0,28839000.0,12095000.0,43669000.0,1457000,31833000,0,1022000,34312000.0,0.0,1908000,77981000.0,0.0,34000.0,-66378000.0,101000.0,103778000.0,37535000.0,37535000.0,115516000.0,0.0,115516000.0,47052000.0,3620000,-33803000.0,https://www.sec.gov/Archives/edgar/data/1667011/000166701123000009/0001667011-23-000009-index.htm,https://www.sec.gov/Archives/edgar/data/1667011/000166701123000009/aip-20221231.htm
2021-12-31,AIP,USD,0001667011,2022-03-07,2022-03-07 16:13:15,2021,FY,85825000.0,0,85825000.0,14507000.0,0.0,3487000.0,106647000.0,5203000.0,2677000,2959000.0,5636000.0,852000.0,-852000.0,2957000.0,13796000.0,0.0,120443000.0,1722000.0,1794000,0,28403000.0,10573000.0,42492000.0,2117000,20773000,0,2157000,25047000.0,0.0,2812000,67539000.0,120443000.0,31000.0,-38991000.0,-81000.0,91945000.0,52904000.0,52904000.0,120443000.0,0.0,120443000.0,852000.0,3911000,-81914000.0,https://www.sec.gov/Archives/edgar/data/1667011/000166701122000010/0001667011-22-000010-index.htm,https://www.sec.gov/Archives/edgar/data/1667011/000166701122000010/aip-20211231.htm
2020-12-31,AIP,USD,0001667011,2020-12-31,2020-12-31 00:00:00,2020,FY,11744000.0,0,11744000.0,15424000.0,1237000.0,1784000.0,28952000.0,5118000.0,2677000,3409000.0,6086000.0,0.0,0.0,2580000.0,13784000.0,0.0,42736000.0,1116000.0,1967000,0,17894000.0,9195000.0,28226000.0,2806000,15014000,6430000,2268000,26518000.0,0.0,2846000,54744000.0,5712000.0,18000.0,-15607000.0,-31000.0,3612000.0,-12008000.0,-12008000.0,42736000.0,0.0,42736000.0,0.0,4773000,-6971000.0,,
2024-12-31,JVSAU,USD,0001866001,2025-03-11,2025-03-11 06:25:37,2024,FY,809301.0,0,809301.0,0.0,0.0,54261.0,863562.0,0.0,0,0.0,0.0,0.0,0.0,60270176.0,60270176.0,0.0,61133738.0,91530.0,286385,0,0.0,70000.0,447915.0,0,0,0,0,0.0,0.0,0,447915.0,0.0,121245294.0,574267.0,0.0,-121220294.0,599267.0,599267.0,61133738.0,0.0,61133738.0,0.0,286385,-522916.0,https://www.sec.gov/Archives/edgar/data/1866001/000121390025022424/0001213900-25-022424-index.htm,https://www.sec.gov/Archives/edgar/data/1866001/000121390025022424/ea0233902-10ka1_jvspac.htm
2023-12-31,JVSAU,USD,0000000000,2023-12-31,2023-12-30 19:00:00,2023,FY,0.0,0,0.0,0.0,0.0,7650.0,7650.0,0.0,0,0.0,0.0,0.0,0.0,386725.0,386725.0,0.0,394375.0,5312.0,286385,0,0.0,200000.0,491697.0,0,0,0,0,0.0,0.0,0,491697.0,0.0,25000.0,-122322.0,-1.39e-11,1.39e-11,-97322.0,-97322.0,394375.0,0.0,394375.0,0.0,286385,286385.0,,
2022-12-31,JVSAU,USD,0000000000,2022-12-31,2022-12-30 19:00:00,2022,FY,0.0,0,0.0,0.0,0.0,5000.0,5000.0,0.0,0,0.0,0.0,0.0,0.0,232313.0,232313.0,0.0,237313.0,11000.0,131035,0,-11001.0,115773.0,257807.0,0,0,0,0,0.0,0.0,0,257807.0,0.0,25000.0,-45495.0,0.0,0.0,-20495.0,-20495.0,237313.0,0.0,237313.0,0.0,131035,131035.0,,
2021-12-31,JVSAU,USD,0000000000,2021-12-31,2021-12-30 19:00:00,2021,FY,0.0,0,0.0,0.0,0.0,5000.0,5000.0,0.0,0,0.0,0.0,0.0,0.0,227313.0,227313.0,0.0,232313.0,11000.0,123795,0,-11000.0,115773.0,250568.0,0,0,0,0,0.0,0.0,0,250568.0,0.0,25000.0,-43255.0,-3.04e-12,0.0,-18255.0,-18255.0,232313.0,0.0,232313.0,0.0,123795,123795.0,,
2024-12-31,IOVA,USD,0001425205,2025-02-27,2025-02-27 17:15:54,2024,FY,115694000.0,208087000,323781000.0,69340000.0,51520000.0,12377000.0,457018000.0,164282000.0,0,282398000.0,282398000.0,0.0,0.0,6728000.0,453408000.0,0.0,910426000.0,27509000.0,12896000,0,0.0,81936000.0,122341000.0,44365000,0,32315000,1000000,77680000.0,0.0,0,200021000.0,3000.0,13000.0,-2384552000.0,-1046000.0,3095987000.0,710405000.0,710405000.0,910426000.0,0.0,910426000.0,208087000.0,57261000,-58433000.0,https://www.sec.gov/Archives/edgar/data/1425205/000155837025001834/0001558370-25-001834-index.htm,https://www.sec.gov/Archives/edgar/data/1425205/000155837025001834/iova-20241231x10k.htm
2023-12-31,IOVA,USD,0001425205,2024-02-28,2024-02-28 17:15:45,2023,FY,114888000.0,164979000,279867000.0,151000.0,10372000.0,17458000.0,307848000.0,176545000.0,0,229258000.0,229258000.0,0.0,0.0,66700000.0,472503000.0,0.0,780351000.0,33122999.0,7777000,0,0.0,69406001.0,110306000.0,68085000,0,17347000,0,85432000.0,0.0,74862000,195738000.0,3000.0,11000.0,-2012375000.0,2526000.0,2594448000.0,584613000.0,584613000.0,780351000.0,0.0,780351000.0,164979000.0,75862000,-39026000.0,https://www.sec.gov/Archives/edgar/data/1425205/000155837024002036/0001558370-24-002036-index.htm,https://www.sec.gov/Archives/edgar/data/1425205/000155837024002036/iova-20231231x10k.htm
2022-12-31,IOVA,USD,0001425205,2023-02-28,2023-02-28 17:15:47,2022,FY,231731000.0,240114000,471845000.0,0.0,0.0,7271000.0,471845000.0,178247000.0,0,0.0,0.0,6430000.0,0.0,-178247000.0,6430000.0,185707000.0,663982000.0,26603000.0,25174000,0,0.0,39708000.0,91485000.0,72859000,0,0,0,84446000.0,-11587000.0,84446000,164344000.0,3000.0,8000.0,-1568338000.0,-902000.0,2068867000.0,499638000.0,499638000.0,663982000.0,0.0,663982000.0,240114000.0,84446000,-147285000.0,https://www.sec.gov/Archives/edgar/data/1425205/000155837023002419/0001558370-23-002419-index.htm,https://www.sec.gov/Archives/edgar/data/1425205/000155837023002419/iova-20221231x10k.htm
2021-12-31,IOVA,USD,0001425205,2022-02-24,2022-02-24 17:14:55,2021,FY,78229000.0,426181000,595998000.0,0.0,0.0,7092000.0,507956000.0,169921000.0,0,0.0,0.0,91588000.0,0.0,7868000.0,269377000.0,0.0,777333000.0,27377000.0,10114000,0,0.0,51709000.0,89200000.0,66474000,0,0,0,66474000.0,0.0,70531000,155674000.0,3000.0,7000.0,-1172445000.0,-601000.0,1794695000.0,621659000.0,621659000.0,777333000.0,0.0,777333000.0,517769000.0,71531000,-6698000.0,https://www.sec.gov/Archives/edgar/data/1425205/000155837022001976/0001558370-22-001976-index.htm,https://www.sec.gov/Archives/edgar/data/1425205/000155837022001976/iova-20211231x10k.htm
2020-12-31,IOVA,USD,0001425205,2021-02-25,2021-02-25 17:15:37,2020,FY,67329000.0,562108000,629437000.0,0.0,0.0,13326000.0,636100000.0,113915000.0,0,0.0,0.0,5525000.0,0.0,12918000.0,132358000.0,0.0,768458000.0,13513000.0,12568000,0,0.0,28790000.0,54871000.0,90750000,0,0,-33661000,57089000.0,0.0,51659000,111960000.0,4000.0,6000.0,-830193000.0,19000.0,1486662000.0,656498000.0,656498000.0,768458000.0,0.0,768458000.0,562108000.0,51659000,-15670000.0,https://www.sec.gov/Archives/edgar/data/1425205/000155837021001858/0001558370-21-001858-index.htm,https://www.sec.gov/Archives/edgar/data/1425205/000155837021001858/iova-20201231x10k.htm
2024-12-31,TRTX-PC,USD,0001630472,2025-02-18,2025-02-18 16:49:48,2024,FY,190160000.0,0,190160000.0,27277000.0,0.0,0.0,217437000.0,0.0,0,0.0,0.0,0.0,0.0,0.0,0.0,3513992000.0,3731429000.0,6655000.0,0,0,1744000.0,25089000.0,33488000.0,0,0,0,2615644000,2615644000.0,-31744000.0,0,2617388000.0,8000.0,81000.0,-617222000.0,0.0,1731174000.0,1114041000.0,1114041000.0,3731429000.0,0.0,3731429000.0,0.0,2568823000,-190160000.0,https://www.sec.gov/Archives/edgar/data/1630472/000163047225000005/0001630472-25-000005-index.htm,https://www.sec.gov/Archives/edgar/data/1630472/000163047225000005/trtx-20241231.htm
2023-12-31,TRTX-PC,USD,0001630472,2024-02-20,2024-02-20 16:12:22,2023,FY,206376000.0,0,206376000.0,98703000.0,0.0,0.0,305079000.0,174057000.0,0,0.0,0.0,0.0,0.0,0.0,174057000.0,3735176000.0,4214312000.0,10225000.0,0,0,0.0,-10225000.0,83187000.0,3039359000,1281000,0,-3040640000,3041921000.0,-35581000.0,0,3089527000.0,8000.0,77000.0,-600267000.0,0.0,1724967000.0,1124785000.0,1124785000.0,4214312000.0,0.0,4214312000.0,247229000.0,3039359000,2832983000.0,https://www.sec.gov/Archives/edgar/data/1630472/000163047224000006/0001630472-24-000006-index.htm,https://www.sec.gov/Archives/edgar/data/1630472/000163047224000006/trtx-20231231.htm
2022-12-31,TRTX-PC,USD,0001630472,2023-02-21,2023-02-21 16:27:52,2022,FY,254050000.0,4978674000,5232724000.0,206056000.0,1.0,503489000.0,5275132000.0,0.0,0,0.0,0.0,297168000.0,5545138000.0,-757539000.0,5084767000.0,-4814761000.0,5545138000.0,11080000.0,0,0,1459000.0,-9621000.0,1459000.0,4160517000,1459000,0,0,4221683000.0,0.0,0,4223142000.0,8000.0,77000.0,-395027000.0,-5.6843418860808015e-08,1716938000.0,1321996000.0,5228198000.0,5545138000.0,3906202000.0,5545138000.0,4978674000.0,4160517000,3906467000.0,https://www.sec.gov/Archives/edgar/data/1630472/000163047223000005/0001630472-23-000005-index.htm,https://www.sec.gov/Archives/edgar/data/1630472/000163047223000005/trtx-20221231.htm
2021-12-31,TRTX-PC,USD,0001630472,2022-02-23,2022-02-22 21:43:19,2021,FY,260635000.0,0,260635000.0,26808000.0,60622000.0,0.0,287443000.0,60622000.0,0,0.0,-5218020000.0,204000.0,5218020000.0,-204000.0,60622000.0,4869955000.0,5218020000.0,2723000.0,0,0,1366000.0,-2723000.0,2723000.0,3707897000,1366000,0,-3709263000,3709263000.0,41328000.0,0,3753314000.0,8000.0,77000.0,-247265000.0,1.1368683772161603e-07,1711886000.0,1464706000.0,4911564000.0,5218020000.0,3446858000.0,5218020000.0,204000.0,3707897000,3447262000.0,https://www.sec.gov/Archives/edgar/data/1630472/000156459022006015/0001564590-22-006015-index.htm,https://www.sec.gov/Archives/edgar/data/1630472/000156459022006015/trtx-10k_20211231.htm
2020-12-31,TRTX-PC,USD,0001630472,2021-02-24,2021-02-24 16:18:41,2020,FY,319669000.0,0,319669000.0,28768000.0,99200000.0,0.0,348437000.0,99200000.0,0,0.0,-4908743000.0,174000.0,4908743000.0,-174000.0,99200000.0,4461106000.0,4908743000.0,2630000.0,0,0,1418000.0,49331000.0,2630000.0,3388743000,1418000,0,0,3390161000.0,249052000.0,0,3641843000.0,199551000.0,77000.0,-292858000.0,5.6843418860808015e-08,1360130000.0,1266900000.0,1466451000.0,4908743000.0,199551000.0,4908743000.0,174000.0,3388743000,3069074000.0,https://www.sec.gov/Archives/edgar/data/1630472/000156459021008107/0001564590-21-008107-index.htm,https://www.sec.gov/Archives/edgar/data/1630472/000156459021008107/trtx-10k_20201231.htm
2024-06-30,GSCCF,USD,0000000000,2024-06-30,2024-06-28 20:00:00,2024,FY,35715000.0,0,35715000.0,194635.0,0.0,148000.0,36058000.0,188141000.0,0,0.0,0.0,275483.0,0.0,517.0,188417000.0,0.0,224475000.0,4056000.0,1241000,0,0.0,915000.0,6212000.0,42000,0,0,0,42000.0,0.0,83000,6254000.0,0.0,281671000.0,-60352000.0,-3098000.0,0.0,218221000.0,218221000.0,224475000.0,0.0,224475000.0,275483.0,1283000,-34432000.0,,
2023-06-30,GSCCF,USD,0000000000,2023-06-30,2023-06-29 20:00:00,2023,FY,52709000.0,0,52709000.0,246000.0,-56.0,107000.0,53062000.0,152950000.0,0,0.0,0.0,307161.0,0.0,-161.0,153257000.0,0.0,206319000.0,6805000.0,134000,0,0.0,1903000.0,8842000.0,78000,0,0,0,78000.0,0.0,212000,8920000.0,0.0,255364000.0,-52527000.0,-5438000.0,0.0,197399000.0,197399000.0,206319000.0,0.0,206319000.0,307161.0,212000,-52497000.0,,
2022-06-30,GSCCF,USD,0000000000,2022-06-30,2022-06-30 00:00:00,2022,FY,93946398.0,0,93946398.0,112000.0,-88.0,29000.0,94092922.0,118440784.0,0,0.0,0.0,194585.0,0.0,-594.0,118634775.0,0.0,212727697.0,7878000.0,168000,0,1.0,1389364.0,9435364.0,87000,0,0,-324,86676.0,0.0,255000,9522040.0,0.04501599073410034,232165263.0,-38516042.045017,9556436.0,0.0,203205657.0,203205657.0,212727697.0,0.0,212727697.0,194585.0,253838,-93692560.0,,
2021-06-30,GSCCF,USD,0000000000,2021-06-30,2021-06-30 00:00:00,2021,FY,62419606.0,0,62419606.0,0.0,196.0,247747.0,62689337.0,86168630.0,0,0.0,0.0,199699.0,0.0,156.0,86368485.0,0.0,149057822.0,4103804.0,188585,0,2.0,1159313.0,5451704.0,59355,0,0,0,59355.0,0.0,247940,5511059.0,0.6769839823246002,173356073.0,-32613301.676985,2803991.0,23274.0,143546763.0,143546763.0,149057822.0,0.0,149057822.0,199699.0,247941,-62171665.0,,
2020-06-30,GSCCF,USD,0000000000,2020-06-30,2020-06-30 00:00:00,2020,FY,26294705.0,0,26294705.0,0.0,-57999.0,0.0,26334558.0,65382897.0,0,0.0,0.0,232024.0,0.0,-464.0,65614457.0,0.0,91949015.0,1069845.0,140859,0,1.0,1103514.0,2314219.0,87951,0,0,189645,277596.0,1.0,228810,2591816.0,0.6287830173969269,105328615.0,-22730614.628783,6759198.0,-32109.0000000149,89357199.0,89357199.0,91949015.0,0.0,91949015.0,232024.0,228810,-26065895.0,,
2023-07-31,MVT,USD,0000897269,2023-07-31,2023-07-30 20:00:00,2022,FY,0.0,-6688792,-6688792.0,3878200.0,0.0,0.0,4382141.0,0.0,0,0.0,0.0,412813132.0,0.0,-6688792.0,406124340.0,6688792.0,417195273.0,11669121.0,0,0,0.0,-6914062.0,16424180.0,34799,0,0,139965201,140000000.0,0.0,0,156424180.0,0.0,286203129.0,-25432036.0,0.0,-260771093.0,260771093.0,260771093.0,417195273.0,0.0,417195273.0,406124340.0,34799,34799.0,,
2022-04-30,MVT,USD,0000897269,2022-04-30,2022-04-29 20:00:00,2021,FY,311.0,-93660088,311.0,7441991.0,0.0,0.0,5598301.0,0.0,0,0.0,0.0,476505608.0,0.0,-93660088.0,382845520.0,96246778.0,484690599.0,7339380.0,0,0,0.0,44683768.0,59362528.0,458059,0,0,139541941,140000000.0,9499106.0,0,208861634.0,0.0,290433291.0,-14604326.0,0.0,0.0,275828965.0,275828965.0,484690599.0,0.0,484690599.0,382845520.0,458059,457748.0,,
2021-04-30,MVT,USD,0000897269,2021-04-30,2021-04-29 20:00:00,2020,FY,20562.0,-99183830,20562.0,6681514.0,0.0,0.0,6982925.0,0.0,0,0.0,0.0,525572711.0,0.0,-99183830.0,426388881.0,99183830.0,532555636.0,1266596.0,0,0,0.0,57117538.0,59650730.0,140000000,0,0,-140000000,140000000.0,0.0,0,199650730.0,0.0,289962077.0,42942829.0,0.0,-332904906.0,332904906.0,332904906.0,532555636.0,0.0,532555636.0,426388881.0,0,-20562.0,,
2020-04-30,MVT,USD,0000897269,2020-04-30,2020-04-29 20:00:00,2019,FY,0.0,-91569052,-91569052.0,12093124.0,91592863.0,-4.0,12116931.0,0.0,0,0.0,0.0,477614503.0,0.0,-91569052.0,386045451.0,91569052.0,489731434.0,2747924.0,0,0,0.0,54012591.0,59508439.0,140000000,0,0,-140000000,140000000.0,0.0,0,199508439.0,0.0,289962077.0,260918.0,0.0,0.0,290222995.0,290222995.0,489731434.0,0.0,489731434.0,386045451.0,56197700,56197700.0,,
2019-04-30,MVT,USD,0000897269,2019-04-30,2019-04-29 20:00:00,2018,FY,104969.0,-82646701,104969.0,7916056.0,21970.0,441055.0,8484050.0,0.0,0,0.0,0.0,498643073.0,0.0,-82646701.0,415996372.0,82646701.0,507127123.0,1496008.0,0,0,0.0,46960548.0,49952564.0,140000000,0,0,-140000000,140000000.0,0.0,0,189952564.0,0.0,289726481.0,27448078.0,0.0,-317174559.0,317174559.0,317174559.0,507127123.0,0.0,507127123.0,415996372.0,47982010,47877041.0,,
2024-12-31,AHT-PH,USD,0001232582,2025-03-21,2025-03-21 16:27:37,2024,FY,112907000.0,0,112907000.0,35579000.0,3631000.0,0.0,152117000.0,43780000.0,0,797000.0,797000.0,0.0,0.0,0.0,44577000.0,2964291000.0,3160985000.0,0.0,0,0,0.0,0.0,0.0,0,0,0,0,0.0,0.0,0,3372771000.0,156671000.0,56000.0,-2811868000.0,0.0,2235904000.0,-419237000.0,-396728000.0,3160985000.0,22509000.0,3160985000.0,0.0,0,-112907000.0,https://www.sec.gov/Archives/edgar/data/1232582/000123258225000055/0001232582-25-000055-index.htm,https://www.sec.gov/Archives/edgar/data/1232582/000123258225000055/aht-20241231.htm
2023-12-31,AHT-PH,USD,0001232582,2024-03-14,2024-03-14 16:41:36,2023,FY,165231000.0,13696000,178927000.0,75946000.0,3679000.0,171268000.0,414732000.0,44047000.0,0,797000.0,797000.0,9960000.0,0.0,2979049000.0,3033853000.0,13696000.0,3462281000.0,129323000.0,44156000,0,0.0,21400000.0,194879000.0,3415149000,0,0,76530000,3491679000.0,0.0,63234000,3686558000.0,84820000.0,374000.0,-2729312000.0,0.0,2382975001.0,-261142999.0,-224276999.0,3462281000.0,36866000.0,3462281000.0,23656000.0,3459305000,3294074000.0,https://www.sec.gov/Archives/edgar/data/1232582/000123258224000035/0001232582-24-000035-index.htm,https://www.sec.gov/Archives/edgar/data/1232582/000123258224000035/aht-20231231.htm
2022-12-31,AHT-PH,USD,0001232582,2023-03-10,2023-03-10 16:18:52,2022,FY,417064000.0,3118331000,417064000.0,49809000.0,3856000.0,239705000.0,663252000.0,43921000.0,0,797000.0,797000.0,19576000.0,3917377000.0,-727546000.0,3254125000.0,0.0,3917377000.0,115970000.0,0,0,0.0,19724000.0,135694000.0,3902051000,4044168000,79630000,6423000,3910522000.0,0.0,63508000,4046216000.0,65000.0,345000.0,-2534043000.0,-126791000.0,2383244000.0,-150389000.0,-128839000.0,3917377000.0,21550000.0,3917377000.0,3137907000.0,3902051000,3484987000.0,https://www.sec.gov/Archives/edgar/data/1232582/000123258223000032/0001232582-23-000032-index.htm,https://www.sec.gov/Archives/edgar/data/1232582/000123258223000032/aht-20221231.htm
2021-12-31,AHT-PH,USD,0001232582,2022-02-28,2022-02-28 16:33:46,2021,FY,592110000.0,501000,592110000.0,80837000.0,3291000.0,113419000.0,789156000.0,44575000.0,0,797000.0,797000.0,11253000.0,3236212000.0,16150000.0,3308987000.0,0.0,4098143000.0,117650000.0,0,0,-3255980000.0,48374000.0,138118000.0,676948000,4078055000,47283000,3262989000,3939937000.0,0.0,45106000,4078055000.0,65000.0,345000.0,-2382970000.0,20088000.0,2379906000.0,-2654000.0,20088000.0,4098143000.0,22742000.0,4098143000.0,11253000.0,3932928000,3340818000.0,https://www.sec.gov/Archives/edgar/data/1232582/000123258222000038/0001232582-22-000038-index.htm,https://www.sec.gov/Archives/edgar/data/1232582/000123258222000038/aht-20211231.htm
2020-12-31,AHT-PH,USD,0001232582,2021-03-16,2021-03-15 17:49:08,2020,FY,92905000.0,263000,92905000.0,45207000.0,2447000.0,97544000.0,233368000.0,45008000.0,0,797000.0,797000.0,2811000.0,3429096000.0,23303000.0,3501015000.0,0.0,3734383000.0,99954000.0,0,0,-2902783000.0,113120000.0,213074000.0,3774220000,3994887000,47566000,7593000,3781813000.0,0.0,45309000,3994887000.0,152000.0,644000.0,-2093292000.0,-260504000.0,1808875000.0,-283621000.0,-260504000.0,3734383000.0,23117000.0,3734383000.0,2811000.0,3774220000,3681315000.0,https://www.sec.gov/Archives/edgar/data/1232582/000123258221000060/0001232582-21-000060-index.htm,https://www.sec.gov/Archives/edgar/data/1232582/000123258221000060/aht-20201231.htm
2023-12-31,NUGN,USD,0001593549,2024-04-08,2024-04-08 08:00:56,2023,FY,30634.0,0,30634.0,682138.0,0.0,355001.0,1067773.0,0.0,0,45137942.0,45137942.0,654288.0,0.0,0.0,45792230.0,0.0,46860003.0,323937.0,85665,0,0.0,0.0,409602.0,0,0,0,3428403,3428403.0,0.0,0,3838005.0,13881.0,81280.0,-19023956.0,-3.552713678800501e-09,61939774.0,43010979.0,43021999.0,46860003.0,11020.0,46860003.0,654288.0,85665,55031.0,https://www.sec.gov/Archives/edgar/data/1593549/000149315224013415/0001493152-24-013415-index.htm,https://www.sec.gov/Archives/edgar/data/1593549/000149315224013415/form10-ka.htm
2022-12-31,NUGN,USD,0001593549,2023-08-25,2023-08-25 14:47:31,2022,FY,24159.0,0,24159.0,489910.0,1.0,121460.0,635529.0,0.0,0,12726847.0,12726847.0,9952880.0,0.0,-22679727.0,22679727.0,1.0,23315257.0,139530.0,62549,0,0.0,3046017.0,3248096.0,0,0,0,0,1.0,0.0,0,3248097.0,2233.0,22700.0,-12450797.0,-1.7763568394002505e-09,32493022.0,20067160.0,20067160.0,23315257.0,0.0,23315257.0,9952880.0,62549,38390.0,https://www.sec.gov/Archives/edgar/data/1593549/000149315223030188/0001493152-23-030188-index.htm,https://www.sec.gov/Archives/edgar/data/1593549/000149315223030188/form10-ka.htm
2021-12-31,NUGN,USD,0001593549,2021-12-31,2021-12-31 00:00:00,2021,FY,484183.0,0,484183.0,0.0,0.0,0.0,484183.0,0.0,0,8033241.0,8033241.0,11929359.0,0.0,-19962600.0,19962600.0,0.0,20446783.0,258900.0,0,0,0.0,0.0,258900.0,0,0,0,0,0.0,0.0,0,258900.0,70000.0,76590.0,-11963639.0,-70000.0,32074932.0,20187883.0,20187883.0,20446783.0,0.0,20446783.0,11929359.0,0,-484183.0,,
2020-12-31,NUGN,USD,0001593549,2020-12-31,2020-12-30 19:00:00,2020,FY,0.0,0,0.0,0.0,0.0,0.0,0.0,0.0,0,0.0,0.0,0.0,0.0,0.0,0.0,0.0,0.0,0.0,0,0,0.0,5000.0,5000.0,0,0,0,0,0.0,0.0,0,5000.0,192.0,5925.0,-12652790.0,-1.7763568394002505e-09,12641673.0,-5000.0,-5000.0,0.0,0.0,0.0,0.0,0,0.0,,
2019-12-31,NUGN,USD,0001593549,2019-12-31,2019-12-29 19:00:00,2019,FY,0.0,0,0.0,0.0,0.0,0.0,0.0,0.0,0,0.0,0.0,0.0,0.0,0.0,0.0,0.0,0.0,0.0,0,0,0.0,0.0,0.0,0,0,0,0,0.0,0.0,0,0.0,192.0,5925.0,-12647790.0,0.0,12647598.0,5925.0,5925.0,0.0,0.0,0.0,0.0,0,0.0,,
2024-12-31,ECX,CNY,0001861974,2024-12-31,2024-12-31 00:00:00,2024,FY,324000000.0,130500000,454500000.0,1611700000.0,233900000.0,531300000.0,2831400000.0,293000000.0,25700000,309800000.0,335500000.0,15800000.0,0.0,295600000.0,939900000.0,0.0,3771300000.0,2272000000.0,1871500000,0,0.0,981800000.0,5125300000.0,121400000,0,0,269400000,390800000.0,0.0,162300000,5516100000.0,0.0,0.0,-7603000000.0,-363499999.0,6206899999.0,-1759600000.0,-1744800000.0,3771300000.0,14800000.0,3771300000.0,146300000.0,1992900000,1668900000.0,,
2023-12-31,ECX,CNY,0001861974,2024-04-03,2024-04-03 16:35:47,2023,FY,561148000.0,137876000,699024000.0,2058033000.0,160781000.0,370903000.0,3288741000.0,245990000.0,0,179341000.0,179341000.0,300987000.0,0.0,252585000.0,978903000.0,0.0,4267644000.0,2096761000.0,1245082000,117281000,207638000.0,548717000.0,4215479000.0,563306000,0,0,323318000,886624000.0,0.0,142728000,5102103000.0,0.0,10000.0,-6670371000.0,-344734000.0,6093685000.0,-921410000.0,-834459000.0,4267644000.0,86951000.0,4267644000.0,438863000.0,1808388000,1247240000.0,https://www.sec.gov/Archives/edgar/data/1861974/000162828024014607/0001628280-24-014607-index.htm,https://www.sec.gov/Archives/edgar/data/1861974/000162828024014607/exc-20231231.htm
2022-12-31,ECX,CNY,0001861974,2023-04-24,2023-04-24 16:02:52,2022,FY,737400000.0,0,737400000.0,2512228000.0,131600000.0,298061000.0,3281200000.0,203700000.0,11000,36689000.0,36700000.0,489800000.0,0.0,239700000.0,969900000.0,0.0,4251100000.0,1686966000.0,1069515000,21600000,321400000.0,827987000.0,3599500000.0,508637000,282200000,16500000,329410000,828800000.0,0.0,99878000,4428300000.0,0.0,10000.0,-5711000000.0,-385900000.0,5938870000.0,-177200000.0,-15260000.0,4251100000.0,161940000.0,4251100000.0,489800000.0,1562000000,824600000.0,https://www.sec.gov/Archives/edgar/data/1861974/000110465923048955/0001104659-23-048955-index.htm,https://www.sec.gov/Archives/edgar/data/1861974/000110465923048955/ecx-20221231x20f.htm
2021-12-31,ECX,CNY,0001861974,2021-12-31,2021-12-31 00:00:00,2021,FY,877959000.0,0,877959000.0,1021731000.0,223319000.0,333629000.0,2456638000.0,103156000.0,0,31026000.0,31026000.0,1354049000.0,0.0,21833000.0,1510064000.0,0.0,3966702000.0,761498000.0,1059304000,39094000,365970000.0,796791000.0,3022657000.0,0,473066000,0,4549199000,5022265000.0,0.0,0,8044922000.0,4532907000.0,7000.0,-4109041000.0,6048000.0,-4532907000.0,-4102986000.0,-4078220000.0,3966702000.0,24766000.0,3966702000.0,1354049000.0,1059304000,181345000.0,,
2020-12-31,ECX,CNY,0001861974,2020-12-31,2020-12-30 19:00:00,2020,FY,729936000.0,0,729936000.0,993214000.0,233864000.0,470685000.0,2427699000.0,106083000.0,0,30043000.0,30043000.0,2653000.0,0.0,11608000.0,150387000.0,0.0,2578086000.0,1339039000.0,326000000,0,0.0,1602559000.0,3267598000.0,775387000,0,0,366669000,1142056000.0,0.0,0,4409654000.0,232475000.0,7000.0,-2242466000.0,1496999.0,165412001.0,-1843075000.0,-1831568000.0,2578086000.0,11507000.0,2578086000.0,2653000.0,1101387000,371451000.0,,
2025-02-01,JWN,USD,0000072333,2025-03-21,2025-03-21 16:35:46,2024,FY,1035000000.0,0,1035000000.0,245000000.0,2104000000.0,305000000.0,3689000000.0,4458000000.0,249000000,0.0,249000000.0,0.0,0.0,570000000.0,5277000000.0,0.0,8966000000.0,1288000000.0,244000000,0,0.0,1556000000.0,3088000000.0,1421000000,0,0,3317000000,4738000000.0,0.0,0,7826000000.0,0.0,3496000000.0,-2369000000.0,0.0,13000000.0,1140000000.0,1140000000.0,8966000000.0,0.0,8966000000.0,0.0,1665000000,630000000.0,https://www.sec.gov/Archives/edgar/data/72333/000007233325000039/0000072333-25-000039-index.htm,https://www.sec.gov/Archives/edgar/data/72333/000007233325000039/jwn-20250201.htm
2024-02-03,JWN,USD,0000072333,2024-03-19,2024-03-19 17:28:26,2023,FY,628000000.0,0,628000000.0,334000000.0,1888000000.0,286000000.0,3136000000.0,4536000000.0,249000000,0.0,249000000.0,0.0,0.0,523000000.0,5308000000.0,0.0,8444000000.0,1236000000.0,490000000,0,0.0,1346000000.0,3072000000.0,3989000000,0,0,535000000,4524000000.0,0.0,1617000000,7596000000.0,0.0,3418000000.0,-2578000000.0,8000000.0,0.0,848000000.0,848000000.0,8444000000.0,0.0,8444000000.0,0.0,4479000000,3851000000.0,https://www.sec.gov/Archives/edgar/data/72333/000007233324000031/0000072333-24-000031-index.htm,https://www.sec.gov/Archives/edgar/data/72333/000007233324000031/jwn-20240203.htm
2023-01-28,JWN,USD,0000072333,2023-03-10,2023-03-10 17:26:18,2022,FY,687000000.0,0,687000000.0,265000000.0,1941000000.0,316000000.0,3209000000.0,4821000000.0,249000000,0.0,249000000.0,0.0,0.0,466000000.0,5536000000.0,0.0,8745000000.0,1238000000.0,258000000,0,370000000.0,1494000000.0,2990000000.0,5908000000,0,0,-892000000,5016000000.0,0.0,1784000000,8006000000.0,0.0,3353000000.0,-2588000000.0,-26000000.0,0.0,739000000.0,739000000.0,8745000000.0,0.0,8745000000.0,0.0,4640000000,3953000000.0,https://www.sec.gov/Archives/edgar/data/72333/000007233323000037/0000072333-23-000037-index.htm,https://www.sec.gov/Archives/edgar/data/72333/000007233323000037/jwn-20230128.htm
2022-01-29,JWN,USD,0000072333,2022-03-11,2022-03-11 17:25:20,2021,FY,322000000.0,0,322000000.0,255000000.0,2289000000.0,612000000.0,3172000000.0,5058000000.0,249000000,0.0,249000000.0,0.0,0.0,390000000.0,5697000000.0,0.0,8869000000.0,1529000000.0,242000000,0,366000000.0,1543000000.0,3314000000.0,5965000000,0,0,-991000000,4974000000.0,0.0,1798000000,8288000000.0,0.0,3283000000.0,-2652000000.0,-50000000.0,0.0,581000000.0,581000000.0,8869000000.0,0.0,8869000000.0,0.0,4651000000,4329000000.0,https://www.sec.gov/Archives/edgar/data/72333/000007233322000060/0000072333-22-000060-index.htm,https://www.sec.gov/Archives/edgar/data/72333/000007233322000060/jwn-20220129.htm
2021-01-30,JWN,USD,0000072333,2021-03-16,2021-03-15 19:53:18,2020,FY,681000000.0,0,681000000.0,245000000.0,1863000000.0,1706000000.0,3642000000.0,5313000000.0,249000000,0.0,249000000.0,0.0,0.0,334000000.0,5896000000.0,0.0,9538000000.0,1960000000.0,760000000,0,352000000.0,1400000000.0,4120000000.0,6143000000,0,0,-1030000000,5113000000.0,0.0,1947000000,9233000000.0,0.0,3205000000.0,-2830000000.0,-70000000.0,0.0,305000000.0,305000000.0,9538000000.0,0.0,9538000000.0,0.0,5216000000,4535000000.0,https://www.sec.gov/Archives/edgar/data/72333/000007233321000099/0000072333-21-000099-index.htm,https://www.sec.gov/Archives/edgar/data/72333/000007233321000099/jwn-20210130.htm
2024-12-31,HHH,USD,0001467831,2025-02-26,2025-02-26 16:06:37,2024,FY,596083000.0,0,596083000.0,105185000.0,0.0,0.0,701268000.0,5806000.0,0,36354000.0,36354000.0,169566000.0,0.0,7224341000.0,7436067000.0,1073901000.0,9211236000.0,48317000.0,0,29284000,125784000.0,4929540000.0,5132925000.0,5456000,0,142100000,1088981000,1236537000.0,0.0,5456000,6369462000.0,0.0,566000.0,-185993000.0,1968000.0,2959685000.0,2776226000.0,2841774000.0,9211236000.0,65548000.0,9211236000.0,169566000.0,5132925000,4536842000.0,https://www.sec.gov/Archives/edgar/data/1981792/000162828025008128/0001628280-25-008128-index.htm,https://www.sec.gov/Archives/edgar/data/1981792/000162828025008128/hhh-20241231.htm
2023-12-31,HHH,USD,0001467831,2024-02-27,2024-02-27 16:08:01,2023,FY,631548000.0,0,631548000.0,762480000.0,671000.0,520384000.0,1915083000.0,44897000.0,0,57384000.0,57384000.0,0.0,0.0,7559639000.0,7661920000.0,0.0,9577003000.0,49363000.0,0,30096000,118432000.0,369303000.0,567194000.0,5354204000,0,87835000,508846000,5950885000.0,0.0,51584000,6518079000.0,0.0,565000.0,-383696000.0,1272000.0,3374730000.0,2992871000.0,3058924000.0,9577003000.0,66053000.0,9577003000.0,-9577003000.0,5354204000,4722656000.0,https://www.sec.gov/Archives/edgar/data/1981792/000162828024007207/0001628280-24-007207-index.htm,https://www.sec.gov/Archives/edgar/data/1981792/000162828024007207/hhh-20231231.htm
2022-12-31,HHH,USD,0001467831,2022-12-31,2022-12-31 00:00:00,2022,FY,626653000.0,0,626653000.0,656975000.0,23324000.0,539668000.0,1951134000.0,46926000.0,0,64866000.0,64866000.0,2895000.0,7525959000.0,11683000.0,7652329000.0,0.0,9603463000.0,36174000.0,0,37835000,111106000.0,369143000.0,944511000.0,4632442000,-390253000,254336000,166062000,5052840000.0,0.0,51321000,5997351000.0,168077000.0,564000.0,168077000.0,10335000.0,3361523000.0,3540499000.0,3606112000.0,9603463000.0,65613000.0,9603463000.0,2895000.0,4798504000,4171851000.0,,
2021-12-31,HHH,USD,0001467831,2021-12-31,2021-12-31 00:00:00,2021,FY,843212000.0,0,843212000.0,574791000.0,58546000.0,440341000.0,1998741000.0,57022000.0,0,73977000.0,73977000.0,2913000.0,7441167000.0,7874000.0,7582953000.0,0.0,9581694000.0,72828000.0,103022000,26965000,102845000.0,598714000.0,983167000.0,4557498000,102845000,204837000,177000,4865357000.0,0.0,69363000,5848524000.0,0.0,563000.0,-16456000.0,-14457000.0,3740345000.0,3709995000.0,3733170000.0,9581694000.0,23175000.0,9581694000.0,2913000.0,4660520000,3817308000.0,,
2020-12-31,HHH,USD,0001467831,2020-12-31,2020-12-31 00:00:00,2020,FY,1014686000.0,0,1014686000.0,447017000.0,56943000.0,294342000.0,1906840000.0,56255000.0,0,82071000.0,82071000.0,2926000.0,7080459000.0,11781000.0,7233492000.0,0.0,9140332000.0,28589000.0,321712000,38863000,92457000.0,8833000.0,852258000.0,4034586000,92457000,187639000,258369000,4573051000.0,0.0,68929000,5425309000.0,0.0,562000.0,-72556000.0,-38590000.0,3825187000.0,3714603000.0,3715023000.0,9140332000.0,420000.0,9140332000.0,2926000.0,4356298000,3341612000.0,,
2023-12-31,SPRB,USD,0001683553,2024-03-18,2024-03-18 16:05:38,2023,FY,96339000.0,0,96339000.0,0.0,0.0,5844000.0,102183000.0,1181000.0,0,0.0,0.0,0.0,0.0,582000.0,1763000.0,0.0,103946000.0,3332000.0,1873000,0,4911000.0,14349000.0,24465000.0,2736000,0,0,236000,2972000.0,0.0,1270000,27437000.0,0.0,4000.0,-197232000.0,0.0,273737000.0,76509000.0,76509000.0,103946000.0,0.0,103946000.0,35000.0,4609000,-91730000.0,https://www.sec.gov/Archives/edgar/data/1683553/000095017024032819/0000950170-24-032819-index.htm,https://www.sec.gov/Archives/edgar/data/1683553/000095017024032819/sprb-20231231.htm
2022-12-31,SPRB,USD,0001683553,2023-03-16,2023-03-16 16:11:28,2022,FY,24487000.0,54590000,79077000.0,0.0,0.0,4531000.0,83608000.0,1400000.0,0,0.0,0.0,-54535410.0,0.0,55175410.0,2040000.0,0.0,85648000.0,1426000.0,1761000,0,0.0,9260000.0,12447000.0,4554000,0,0,161000,4715000.0,0.0,1400000,17162000.0,0.0,3000.0,-149313000.0,-558000.0,218354000.0,68486000.0,68486000.0,85648000.0,0.0,85648000.0,54590.0,6176000,-18311000.0,https://www.sec.gov/Archives/edgar/data/1683553/000095017023008456/0000950170-23-008456-index.htm,https://www.sec.gov/Archives/edgar/data/1683553/000095017023008456/sprb-20221231.htm
2021-12-31,SPRB,USD,0001683553,2022-03-14,2022-03-14 16:26:37,2021,FY,42748000.0,46221000,88969000.0,0.0,0.0,2926000.0,91895000.0,1479000.0,0,0.0,0.0,32459000.0,0.0,653000.0,34591000.0,0.0,126486000.0,2823000.0,360000,0,0.0,5688000.0,8871000.0,6171000,0,0,73000,6244000.0,0.0,1653000,15115000.0,0.0,3000.0,-103133000.0,-184000.0,214685000.0,111371000.0,111371000.0,126486000.0,0.0,126486000.0,78680000.0,6171000,-36577000.0,https://www.sec.gov/Archives/edgar/data/1683553/000095017022003582/0000950170-22-003582-index.htm,https://www.sec.gov/Archives/edgar/data/1683553/000095017022003582/sprb-20211231.htm
2020-12-31,SPRB,USD,0001683553,2021-03-22,2021-03-22 16:35:56,2020,FY,157150000.0,0,157150000.0,0.0,0.0,3247000.0,160397000.0,1793000.0,0,0.0,0.0,216000.0,0.0,477000.0,2486000.0,0.0,162883000.0,3628000.0,2803000,0,0.0,3332000.0,9763000.0,3575000,0,0,118000,3693000.0,0.0,1902000,13456000.0,162883000.0,2000.0,-60841000.0,-162883000.0,373149000.0,149427000.0,149427000.0,162883000.0,0.0,162883000.0,216000.0,6129000,-151021000.0,https://www.sec.gov/Archives/edgar/data/1683553/000156459021014593/0001564590-21-014593-index.htm,https://www.sec.gov/Archives/edgar/data/1683553/000156459021014593/sprb-10k_20201231.htm
2019-12-31,SPRB,USD,0001683553,2019-12-31,2019-12-31 00:00:00,2019,FY,3924000.0,0,3924000.0,0.0,0.0,728000.0,4652000.0,0.0,0,0.0,0.0,0.0,0.0,40000.0,40000.0,0.0,4692000.0,1878000.0,1252000,0,0.0,1173000.0,4303000.0,3193000,0,0,27833000,31026000.0,0.0,0,35329000.0,27813000.0,1000.0,-31302000.0,-27813000.0,55626000.0,-30637000.0,-30637000.0,4692000.0,0.0,4692000.0,0.0,4445000,521000.0,,
2022-12-31,BSPK,USD,0001409197,2023-04-27,2023-04-27 12:58:59,2022,FY,24433.0,0,24433.0,0.0,90000.0,0.0,111732.0,285859.0,0,0.0,0.0,0.0,0.0,12000.0,297859.0,0.0,409591.0,0.0,479830,0,0.0,385818.0,865648.0,216039,0,0,0,216039.0,0.0,280369,1081687.0,0.0,9944.0,-23883798.0,0.0,23201758.0,-672096.0,-672096.0,409591.0,0.0,409591.0,0.0,695869,671436.0,https://www.sec.gov/Archives/edgar/data/1409197/000121390023033118/0001213900-23-033118-index.htm,https://www.sec.gov/Archives/edgar/data/1409197/000121390023033118/f10k2022_bespoke.htm
2021-12-31,BSPK,USD,0001409197,2021-12-31,2021-12-31 00:00:00,2021,FY,148227.0,0,148227.0,3636.0,46825.0,6439.0,205127.0,342525.0,0,0.0,0.0,0.0,0.0,12000.0,354525.0,0.0,559652.0,0.0,62277,0,0.0,157729.0,220006.0,280369,0,0,0,280369.0,0.0,340146,500375.0,0.0,299180.0,-19767572.0,0.0,19527669.0,59277.0,59277.0,559652.0,0.0,559652.0,0.0,342646,194419.0,,
2020-08-31,BSPK,USD,0001409197,2020-12-18,2020-12-17 18:34:15,2020,FY,126603.0,0,126603.0,3585.0,0.0,2319.0,132507.0,0.0,0,33741.0,33741.0,0.0,0.0,0.0,33741.0,0.0,166248.0,0.0,620000,0,0.0,59913.0,679913.0,0,0,0,620000,620000.0,-620000.0,0,679913.0,0.0,194389.0,-18776689.0,0.0,18068635.0,-513665.0,-513665.0,166248.0,0.0,166248.0,0.0,620000,493397.0,https://www.sec.gov/Archives/edgar/data/1409197/000121390020043297/0001213900-20-043297-index.htm,https://www.sec.gov/Archives/edgar/data/1409197/000121390020043297/f10k2020_bespokeextracts.htm
2019-08-31,BSPK,USD,0001409197,2019-12-16,2019-12-16 14:11:49,2019,FY,10343.0,0,10343.0,6452.0,3171.0,17637.0,37603.0,0.0,0,41821.0,41821.0,0.0,0.0,0.0,41821.0,0.0,79424.0,0.0,50,0,0.0,111006.0,111056.0,0,0,0,50,50.0,-50.0,0,111056.0,0.0,78156.0,-14135883.0,0.0,14026095.0,-31632.0,-31632.0,79424.0,0.0,79424.0,0.0,50,-10293.0,https://www.sec.gov/Archives/edgar/data/1409197/000121390019026230/0001213900-19-026230-index.htm,https://www.sec.gov/Archives/edgar/data/1409197/000121390019026230/f10k2019_bespokeextracts.htm
2018-08-31,BSPK,USD,0001409197,2018-12-14,2018-12-14 16:33:19,2018,FY,79784.0,0,79784.0,2004.0,61857.0,30976.0,174621.0,0.0,0,45166.0,45166.0,0.0,0.0,0.0,45166.0,0.0,219787.0,0.0,460750,0,0.0,105424.0,566174.0,81153,0,0,0,81153.0,0.0,0,647327.0,0.0,42903.0,-16716644.0,0.0,16246201.0,-427540.0,-427540.0,219787.0,0.0,219787.0,0.0,541903,462119.0,https://www.sec.gov/Archives/edgar/data/1409197/000121390018017377/0001213900-18-017377-index.htm,https://www.sec.gov/Archives/edgar/data/1409197/000121390018017377/f10k2018_bespokeextracts.htm
2024-12-31,FMCKN,USD,0001026214,2025-02-13,2025-02-13 07:59:26,2024,FY,5534000000.0,55771000000,61305000000.0,11029000000.0,0.0,0.0,72334000000.0,0.0,0,0.0,0.0,0.0,5018000000.0,0.0,5018000000.0,3309340000000.0,3386692000000.0,9822000000.0,14675000000,0,0.0,0.0,24497000000.0,3290274000000,0,0,0,3290274000000.0,12346000000.0,0,3327117000000.0,72648000000.0,0.0,-23270000000.0,-27000000.0,10224000000.0,59575000000.0,59575000000.0,3386692000000.0,0.0,3386692000000.0,55771000000.0,3304949000000,3300580000000.0,https://www.sec.gov/Archives/edgar/data/1026214/000102621425000040/0001026214-25-000040-index.htm,https://www.sec.gov/Archives/edgar/data/1026214/000102621425000040/fmcc-20241231.htm
2023-12-31,FMCKN,USD,0001026214,2024-02-14,2024-02-14 07:54:29,2023,FY,5041000000.0,4890000000,5041000000.0,9925000000.0,0.0,0.0,14966000000.0,0.0,4843000000,0.0,4843000000.0,43275000000.0,0.0,-48118000000.0,3324053000000.0,-58043000000.0,3280976000000.0,8812000000.0,5976000000,0,0.0,-14788000000.0,0.0,3208191000000,0,0,30884000000,3239075000000.0,3233254000000.0,0,3233254000000.0,86757000000.0,0.0,-35128000000.0,-22000000.0,-3885000000.0,47722000000.0,47722000000.0,3280976000000.0,0.0,3280976000000.0,48165000000.0,3208346000000,3202327000000.0,https://www.sec.gov/Archives/edgar/data/1026214/000102621424000025/0001026214-24-000025-index.htm,https://www.sec.gov/Archives/edgar/data/1026214/000102621424000025/fmcc-20231231.htm
2022-12-31,FMCKN,USD,0001026214,2023-02-22,2023-02-22 07:58:44,2022,FY,5653000000.0,6534000000,12187000000.0,8529000000.0,9475000000.0,0.0,14889000000.0,-5777000000.0,5777000000,0.0,5777000000.0,38701000000.0,5777000000.0,-5777000000.0,38701000000.0,3154743000000.0,3208333000000.0,7309000000.0,0,0,0.0,-7309000000.0,15021000000.0,3097293000000,3171315000000,-3171315000000,-3097293000000,15021000000.0,3141273000000.0,0,3171315000000.0,86757000000.0,0.0,-45666000000.0,-188000000.0,-3885000000.0,37018000000.0,3176490000000.0,3208333000000.0,3139472000000.0,3208333000000.0,45235000000.0,3145832000000,3140179000000.0,https://www.sec.gov/Archives/edgar/data/1026214/000102621423000037/0001026214-23-000037-index.htm,https://www.sec.gov/Archives/edgar/data/1026214/000102621423000037/fmcc-20221231.htm
2021-12-31,FMCKN,USD,0001026214,2022-02-10,2022-02-10 07:57:53,2021,FY,8455000000.0,4012000000,12467000000.0,7474000000.0,176000000.0,0.0,19941000000.0,-6214000000.0,6214000000,0.0,6214000000.0,53015000000.0,6214000000.0,-6214000000.0,53015000000.0,2952630000000.0,3025586000000.0,6268000000.0,0,0,-42357000000.0,-6268000000.0,6268000000.0,2982452000000,2997553000000,-17368000000,-2982452000000,2980185000000.0,11100000000.0,0,2997553000000.0,86757000000.0,154000000.0,-54993000000.0,154000000.0,-3885000000.0,28033000000.0,2998068000000.0,3025586000000.0,2970035000000.0,3025586000000.0,57027000000.0,2980185000000,2971730000000.0,https://www.sec.gov/Archives/edgar/data/1026214/000102621422000031/0001026214-22-000031-index.htm,https://www.sec.gov/Archives/edgar/data/1026214/000102621422000031/fmcc-20211231.htm
2020-12-31,FMCKN,USD,0001026214,2021-02-11,2021-02-11 07:57:45,2020,FY,6510000000.0,15367000000,21877000000.0,7754000000.0,198000000.0,0.0,29631000000.0,-6557000000.0,6557000000,0.0,6557000000.0,59825000000.0,6557000000.0,-6557000000.0,59825000000.0,2537959000000.0,2627415000000.0,6210000000.0,0,0,0.0,-6210000000.0,11165000000.0,2587591000000,2611002000000,-18456000000,-2587591000000,2592546000000.0,7291000000.0,0,2611002000000.0,86757000000.0,643000000.0,-67102000000.0,643000000.0,-3885000000.0,16413000000.0,2585070000000.0,2627415000000.0,2568657000000.0,2627415000000.0,75192000000.0,2592546000000,2586036000000.0,https://www.sec.gov/Archives/edgar/data/1026214/000102621421000033/0001026214-21-000033-index.htm,https://www.sec.gov/Archives/edgar/data/1026214/000102621421000033/fmcc-20201231.htm
2024-09-30,BEN,USD,0000038777,2024-11-12,2024-11-12 14:07:56,2024,FY,3309500000.0,0,3309500000.0,1479100000.0,0.0,0.0,4788600000.0,1769700000.0,6211400000,4802100000.0,11013500000.0,13373300000.0,0.0,420000000.0,26576500000.0,1099400000.0,32464500000.0,1412800000.0,0,406400000,0.0,0.0,1819200000.0,965100000,0,284900000,14830500000,16080500000.0,0.0,965100000,17899700000.0,0.0,52400000.0,11927600000.0,-419500000.0,947600000.0,12508100000.0,13829900000.0,32464500000.0,1321800000.0,32464500000.0,13373300000.0,965100000,-2344400000.0,https://www.sec.gov/Archives/edgar/data/38777/000003877724000206/0000038777-24-000206-index.htm,https://www.sec.gov/Archives/edgar/data/38777/000003877724000206/ben-20240930.htm
2023-09-30,BEN,USD,0000038777,2023-11-14,2023-11-13 18:13:39,2023,FY,4402400000.0,0,4402400000.0,1348400000.0,0.0,0.0,15388000000.0,1206400000.0,6003800000,4902200000.0,10906000000.0,11859200000.0,131900000.0,266900000.0,24370400000.0,-9637200000.0,30121200000.0,879700000.0,95200000,513500000,0.0,1693800000.0,3182200000.0,11628500000,1665100000,450400000,-378900000,13365100000.0,0.0,467800000,16547300000.0,0.0,49600000.0,12376600000.0,-509300000.0,0.0,11916900000.0,13573900000.0,30121200000.0,1657000000.0,30121200000.0,11859200000.0,11752400000,7350000000.0,https://www.sec.gov/Archives/edgar/data/38777/000003877723000169/0000038777-23-000169-index.htm,https://www.sec.gov/Archives/edgar/data/38777/000003877723000169/ben-20230930.htm
2022-09-30,BEN,USD,0000038777,2022-11-14,2022-11-14 17:11:49,2022,FY,4782500000.0,0,4782500000.0,1264800000.0,1.0,0.0,6047300000.0,1207800000.0,5778600000,5082100000.0,10860700000.0,9549400000.0,102800000.0,292600000.0,22013300000.0,0.0,28060600000.0,466200000.0,0,523100000,0.0,2111300000.0,1636200000.0,9207000000,14235900000,347800000,1580500000,12599700000.0,0.0,408700000,14235900000.0,12045600000.0,50000000.0,12045600000.0,-621000000.0,0.0,11474600000.0,13824700000.0,28060600000.0,2350100000.0,28060600000.0,9549400000.0,9362500000,4580000000.0,https://www.sec.gov/Archives/edgar/data/38777/000003877722000198/0000038777-22-000198-index.htm,https://www.sec.gov/Archives/edgar/data/38777/000003877722000198/ben-20220930.htm
2021-09-30,BEN,USD,0000038777,2021-11-19,2021-11-19 14:47:37,2021,FY,4647200000.0,0,4647200000.0,1428200000.0,0.0,0.0,6075400000.0,1218400000.0,4457700000,4710200000.0,9167900000.0,7330400000.0,131900000.0,244400000.0,18093000000.0,0.0,24168400000.0,479300000.0,0,693600000,-518400000.0,39100000.0,1730900000.0,7386600000,1179300000,311700000,816300000,9693900000.0,0.0,389100000,11424800000.0,11550800000.0,50200000.0,11550800000.0,-377600000.0,0.0,11223400000.0,12743600000.0,24168400000.0,1520200000.0,24168400000.0,7330400000.0,7588800000,2941600000.0,https://www.sec.gov/Archives/edgar/data/38777/000003877721000205/0000038777-21-000205-index.htm,https://www.sec.gov/Archives/edgar/data/38777/000003877721000205/ben-20210930.htm
2020-09-30,BEN,USD,0000038777,2020-11-23,2020-11-20 20:08:41,2020,FY,3957500000.0,0,3957500000.0,1233100000.0,5222900000.0,0.0,5158100000.0,1348600000.0,4500800000,4914200000.0,9415000000.0,3979700000.0,44100000.0,275400000.0,15062800000.0,0.0,20220900000.0,1038100000.0,0,703300000,-621000000.0,1332000000.0,1640300000.0,6438700000,1064000000,305300000,456100000,7064900000.0,0.0,621000000,8705200000.0,10472600000.0,49500000.0,10472600000.0,-407600000.0,0.0,10114500000.0,11515700000.0,20220900000.0,1401200000.0,20220900000.0,3979700000.0,4971500000,1014000000.0,https://www.sec.gov/Archives/edgar/data/38777/000003877720000203/0000038777-20-000203-index.htm,https://www.sec.gov/Archives/edgar/data/38777/000003877720000203/form10-k93020.htm
2024-12-31,SKT,USD,0000899715,2025-02-21,2025-02-21 16:25:48,2024,FY,46992000.0,0,46992000.0,0.0,0.0,0.0,46992000.0,76099000.0,0,85028000.0,85028000.0,65665000.0,-65665000.0,2107399000.0,2334191000.0,-809000.0,2380374000.0,0.0,0,0,0.0,107775000.0,107775000.0,1508258000,0,0,85476000,1593734000.0,-809000.0,84499000,1700700000.0,0.0,699711000.0,0.0,-29131000.0,9094000.0,679674000.0,679674000.0,2380374000.0,0.0,2380374000.0,65665000.0,1508258000,1461266000.0,https://www.sec.gov/Archives/edgar/data/899715/000089971525000036/0000899715-25-000036-index.htm,https://www.sec.gov/Archives/edgar/data/899715/000089971525000036/skt-20241231.htm
2023-12-31,SKT,USD,0000899715,2024-02-21,2024-02-21 16:08:59,2023,FY,12778000.0,9187000,21965000.0,0.0,0.0,0.0,21965000.0,77400000.0,0,91269000.0,91269000.0,71900000.0,0.0,1964263000.0,2204832000.0,97322000.0,2324119000.0,118505000.0,5130000,0,0.0,5765000.0,129400000.0,1506514000,0,0,96892000,1603406000.0,0.0,80311000,1732806000.0,0.0,1088000.0,-490171000.0,-23519000.0,1079387000.0,566785000.0,591313000.0,2324119000.0,24528000.0,2324119000.0,81087000.0,1525279000,1512501000.0,https://www.sec.gov/Archives/edgar/data/899715/000089971524000044/0000899715-24-000044-index.htm,https://www.sec.gov/Archives/edgar/data/899715/000089971524000044/skt-20231231.htm
2022-12-31,SKT,USD,0000899715,2023-02-27,2023-02-27 09:09:52,2022,FY,212124000.0,52450000,264574000.0,0.0,-14117999.0,0.0,264574000.0,78636000.0,0,-30529000.0,-30529000.0,73809000.0,2217665000.0,-386490000.0,1953091000.0,0.0,2217665000.0,104741000.0,0,0,0.0,0.0,104741000.0,1516022000,1703731000,100828000,82968000,1598990000.0,0.0,87528000,1703731000.0,0.0,1045000.0,-485557000.0,-11037000.0,987192000.0,491643000.0,513934000.0,2217665000.0,22291000.0,2217665000.0,126259000.0,1516022000,1303898000.0,https://www.sec.gov/Archives/edgar/data/899715/000089971523000044/0000899715-23-000044-index.htm,https://www.sec.gov/Archives/edgar/data/899715/000089971523000044/skt-20221231.htm
2021-12-31,SKT,USD,0000899715,2022-11-28,2022-11-28 16:15:40,2021,FY,161255000.0,2485000,161255000.0,53300000.0,-2485000.0,0.0,265840000.0,79807000.0,0,-16520000.0,-16520000.0,82647000.0,2157384000.0,-411774000.0,1891544000.0,0.0,2157384000.0,92995000.0,4436000,0,-92995000.0,-4436000.0,92995000.0,1481514000,1657595000,103774000,83086000,1564600000.0,0.0,88874000,1657595000.0,0.0,1041000.0,-483409000.0,-17761000.0,978054000.0,477925000.0,499789000.0,2157384000.0,21864000.0,2157384000.0,82647000.0,1485950000,1324695000.0,https://www.sec.gov/Archives/edgar/data/899715/000089971522000195/0000899715-22-000195-index.htm,https://www.sec.gov/Archives/edgar/data/899715/000089971522000195/skt-20211231.htm
2020-12-31,SKT,USD,0000899715,2021-02-23,2021-02-23 17:00:14,2020,FY,84832000.0,0,84832000.0,65800000.0,0.0,0.0,190114000.0,81499000.0,0,-3907000.0,-3907000.0,94579000.0,2189531000.0,-362285000.0,1999417000.0,0.0,2189531000.0,88253000.0,57193000,0,-88253000.0,-57193000.0,88253000.0,1600798000,1830648000,107005000,141471000,1742395000.0,0.0,90105000,1830648000.0,0.0,936000.0,-420104000.0,-26585000.0,787143000.0,341390000.0,358883000.0,2189531000.0,17493000.0,2189531000.0,94579000.0,1657991000,1573159000.0,https://www.sec.gov/Archives/edgar/data/899715/000089971521000065/0000899715-21-000065-index.htm,https://www.sec.gov/Archives/edgar/data/899715/000089971521000065/skt-20201231.htm
2024-12-31,KEP,KRW,0000887225,2024-12-31,2024-12-31 00:00:00,2024,FY,2382979000000.0,1397822000000,5237696000000.0,11300765000000.0,9769236000000.0,2947508000000.0,29255205000000.0,173234319000000.0,99179000000,974184000000.0,1073363000000.0,13514594000000.0,0.0,29730314000000.0,217552590000000.0,0.0,246807795000000.0,4494504000000.0,45045571000000,0,0.0,14428714000000.0,63968789000000.0,91263768000000,0,0,50212405000000,141476173000000.0,0.0,3699456000000,205444962000000.0,0.0,3209820000000.0,20128247000000.0,14132599000000.0,2444570000000.0,39915236000000.0,41362833000000.0,246807795000000.0,1447597000000.0,246807795000000.0,14912416000000.0,136309339000000,133926360000000.0,,
2023-12-31,KEP,KRW,0000000000,2024-04-30,2024-04-30 16:09:43,2023,FY,4342887000000.0,2969236000000,7312123000000.0,12193508000000.0,8875615000000.0,1462701000000.0,29536215000000.0,179875535000000.0,99156000000,1033984000000.0,1133140000000.0,15587916000000.0,13161802000000.0,420357000000.0,210178750000000.0,0.0,239714965000000.0,4341482000000.0,41734112000000,482934000000,771541000000.0,13918352000000.0,61248421000000.0,95705598000000,10826138000000,5163135000000,29506923000000,141201794000000.0,0.0,3807880000000,202450215000000.0,0.0,3209820000000.0,16338262000000.0,557430000000.0,15739531000000.0,35845043000000.0,37264750000000.0,239714965000000.0,1419707000000.0,239714965000000.0,15149130000000.0,137439710000000,133096823000000.0,https://www.sec.gov/Archives/edgar/data/887225/000119312524125063/0001193125-24-125063-index.htm,https://www.sec.gov/Archives/edgar/data/887225/000119312524125063/d75992d20f.htm
2022-12-31,KEP,KRW,0000000000,2022-12-31,2022-12-30 19:00:00,2022,FY,3234780000000.0,4286975000000,7521755000000.0,10221209000000.0,9930732000000.0,1789617000000.0,29750545000000.0,178444966000000.0,100093000000,377006000000.0,477099000000.0,12328883000000.0,10934375000000.0,2869126000000.0,205054449000000.0,0.0,234804994000000.0,7529857000000.0,23273039000000,636821000000,789014000000.0,7745640000000.0,44518577000000.0,101495469000000,10279615000000,6457103000000,30053974000000,148286161000000.0,0.0,4163143000000,192804738000000.0,0.0,3209820000000.0,21431300000000.0,496976000000.0,2112327000000.0,40545396000000.0,42000256000000.0,234804994000000.0,1454860000000.0,234804994000000.0,16615858000000.0,4163143000000,928363000000.0,,
2021-12-31,KEP,KRW,0000000000,2021-12-31,2021-12-30 19:00:00,2021,FY,2635238000000.0,1868796000000,4504034000000.0,7952124000000.0,7608182000000.0,1774870000000.0,22050845000000.0,173119781000000.0,105647000000,1044077000000.0,1149724000000.0,10381194000000.0,1901992000000.0,2505334000000.0,189058025000000.0,0.0,211108870000000.0,4780260000000.0,4965776000000,229460000000,699584000000.0,21057140000000.0,31732220000000.0,6092569000000,9707152000000,7100938000000,91167619000000,114064801000000.0,0.0,4410503000000,145797021000000.0,0.0,3209820000000.0,45246982000000.0,-57632000000.0,2063605000000.0,63769010000000.0,65311849000000.0,211108870000000.0,1542839000000.0,211108870000000.0,12249990000000.0,66570419000000,63935181000000.0,,
2020-12-31,KEP,KRW,0000000000,2020-12-31,2020-12-30 19:00:00,2020,FY,2029584000000.0,2800220000000,4829804000000.0,7730669000000.0,6742909000000.0,1021083000000.0,20561941000000.0,168709387000000.0,98166000000,1055730000000.0,1153896000000.0,8643354000000.0,1733146000000.0,2340387000000.0,182580170000000.0,0.0,203142111000000.0,2606861000000.0,2689846000000,476898000000,4356043000000.0,19446953000000.0,25881222000000.0,63094207000000,9581254000000,9100247000000,24819278000000,106594043000000.0,0.0,4621096000000,132475265000000.0,0.0,3209820000000.0,51133601000000.0,-409577000000.0,2067863000000.0,69296680000000.0,70666846000000.0,203142111000000.0,1370166000000.0,203142111000000.0,11443574000000.0,4621096000000,2591512000000.0,,
2024-12-31,KTTA,USD,0001841330,2025-03-24,2025-03-24 16:55:36,2024,FY,6922729000.0,0,6922729000.0,0.0,0.0,445586000.0,7368315000.0,122343000.0,1262911000,7311150000.0,8574061000.0,0.0,0.0,0.0,8696404000.0,0.0,16064719000.0,0.0,0,0,0.0,1119871000.0,1119871000.0,0,0,0,162172000,162172000.0,0.0,0,1282043000.0,0.0,139000.0,-49582778000.0,-7171000.0,64372486000.0,14782676000.0,14782676000.0,16064719000.0,0.0,16064719000.0,0.0,0,-6922729000.0,https://www.sec.gov/Archives/edgar/data/1841330/000101376225001646/0001013762-25-001646-index.htm,https://www.sec.gov/Archives/edgar/data/1841330/000101376225001646/ea0230888-10k_pasithea.htm
2023-12-31,KTTA,USD,0001841330,2024-03-29,2024-03-28 20:11:52,2023,FY,16331052.0,0,16331052.0,40500.0,-40500.0,361101.0,16692153.0,220479.0,1262911,7941314.0,9204225.0,0.0,0.0,0.0,9424704.0,1.0,26116858.0,2552360.0,81680,0,0.0,0.0,2634040.0,0,0,0,84366,84366.0,0.0,81680,2718406.0,0.0,104.0,-35318538.0,-4652.0,58721538.0,23398452.0,23398452.0,26116858.0,0.0,26116858.0,0.0,81680,-16249372.0,https://www.sec.gov/Archives/edgar/data/1841330/000121390024027508/0001213900-24-027508-index.htm,https://www.sec.gov/Archives/edgar/data/1841330/000121390024027508/ea0200415-10k_pasithea.htm
2022-12-31,KTTA,USD,0001841330,2023-03-30,2023-03-30 17:22:12,2022,FY,33146895.0,0,33146895.0,0.0,1.0,988829.0,34076693.0,1253246.0,1262911,8587239.0,9850150.0,0.0,0.0,-11103396.0,11103396.0,0.0,45180089.0,1481393.0,160362,0,-1614343.0,235879.0,1877634.0,344021,0,0,460186,804207.0,0.0,504383,2681841.0,0.0,17987.0,-19356880.0,-661.0,61855659.0,42498248.0,42498248.0,45180089.0,0.0,45180089.0,0.0,926887,-32220008.0,https://www.sec.gov/Archives/edgar/data/1841330/000121390023024755/0001213900-23-024755-index.htm,https://www.sec.gov/Archives/edgar/data/1841330/000121390023024755/f10k2022_pasitheathera.htm
2021-12-31,KTTA,USD,0001841330,2022-03-30,2022-03-30 16:11:17,2021,FY,52966706.0,0,52966706.0,0.0,0.0,333751.0,53300457.0,20124.0,0,0.0,0.0,0.0,0.0,-20124.0,20124.0,0.0,53320581.0,447280.0,0,0,0.0,0.0,447280.0,0,0,0,1452800,1452800.0,0.0,0,1900080.0,0.0,17684.0,-2214505.0,-10561.0,53627883.0,51420501.0,51420501.0,53320581.0,0.0,53320581.0,0.0,0,-52966706.0,https://www.sec.gov/Archives/edgar/data/1841330/000121390022016160/0001213900-22-016160-index.htm,https://www.sec.gov/Archives/edgar/data/1841330/000121390022016160/f10k2021_pasitheathera.htm
2020-12-31,KTTA,USD,0001841330,2020-12-31,2020-12-31 00:00:00,2020,FY,243650.0,0,243650.0,0.0,0.0,4308.0,247958.0,0.0,0,0.0,0.0,0.0,0.0,0.0,0.0,0.0,247958.0,6603.0,0,0,0.0,0.0,6603.0,0,0,0,0,0.0,0.0,0,6603.0,2.9103830456733704e-11,14938.0,-40984.0,-2.0816681711721685e-11,267401.00000000006,241355.0,241355.0,247958.0,0.0,247958.0,0.0,0,-243650.0,,
2023-12-31,GNRV,USD,0001418489,2023-12-31,2023-12-29 19:00:00,2023,FY,21981000.0,0,21981000.0,4568000.0,0.0,0.0,26549000.0,3809000.0,0,0.0,0.0,4412000.0,0.0,517428000.0,525649000.0,-3122000.0,549076000.0,4329000.0,17464000,0,0.0,201433000.0,223226000.0,32866000,0,0,257464000,290330000.0,-108000.0,0,513448000.0,0.0,70000.0,-3478000.0,-1956000.0,40992000.0,35628000.0,35628000.0,549076000.0,0.0,549076000.0,4412000.0,49866000,27885000.0,,
2022-12-31,GNRV,USD,0001418489,2022-12-31,2022-12-31 00:00:00,2022,FY,47731000.0,15036000,62767000.0,0.0,-49652000.0,0.0,67356000.0,2472000.0,0,0.0,15114000.0,15036000.0,2394000.0,-17508000.0,17508000.0,445386000.0,530250000.0,2682000.0,0,0,-7141000.0,-2682000.0,3189000.0,12545000,-203000,203000,-12545000,3189000.0,481033000.0,0,487411000.0,0.0,70000.0,3822000.0,-2209000.0,41156000.0,42839000.0,42839000.0,530250000.0,0.0,530250000.0,30072000.0,22545000,-25186000.0,,
2021-12-31,GNRV,USD,0001418489,2021-12-31,2021-12-31 00:00:00,2021,FY,83586000.0,18101000,101687000.0,0.0,-85198000.0,0.0,105534000.0,2335000.0,0,0.0,19263000.0,18101000.0,1173000.0,-20436000.0,20436000.0,363482000.0,489452000.0,3637000.0,0,0,3384000.0,-3637000.0,3637000.0,12519000,12347000,172000,-12519000,12519000.0,427859000.0,0,444015000.0,0.0,68000.0,5996000.0,-119000.0,39492000.0,45437000.0,45437000.0,489452000.0,0.0,489452000.0,36202000.0,12519000,-71067000.0,,
2020-12-31,GNRV,USD,0001418489,2020-12-31,2020-12-31 00:00:00,2020,FY,73030000.0,7474000,80504000.0,0.0,-74140000.0,0.0,82117000.0,1147000.0,0,0.0,7348000.0,7474000.0,1273000.0,-8621000.0,8621000.0,361181000.0,451919000.0,1490000.0,0,0,0.0,-1490000.0,1490000.0,12494000,12395000,99000,-12494000,12494000.0,395691000.0,0,409675000.0,0.0,67000.0,2679000.0,176000.0,39322000.0,42244000.0,42244000.0,451919000.0,0.0,451919000.0,14948000.0,12494000,-60536000.0,,
2019-12-31,GNRV,USD,0001418489,2019-12-31,2019-12-31 00:00:00,2019,FY,20961000.0,5631000,26592000.0,0.0,-21832000.0,0.0,27864000.0,456000.0,0,0.0,5290000.0,5631000.0,797000.0,-6087000.0,6087000.0,287375000.0,321326000.0,760000.0,0,0,0.0,-760000.0,11260000.0,10509000,220875000,59000,-10568000,232138000.0,-232138000.0,9000,11260000.0,0.0,67000.0,-352000.0,81000.0,39308000.0,39104000.0,39104000.0,321326000.0,0.0,321326000.0,11262000.0,10500000,-10461000.0,,
2024-12-31,VAC,USD,0001524358,2025-02-28,2025-02-28 15:10:24,2024,FY,197000000.0,0,197000000.0,2827000000.0,735000000.0,331000000.0,4090000000.0,1170000000.0,3117000000,790000000.0,3907000000.0,0.0,0.0,641000000.0,5718000000.0,0.0,9808000000.0,343000000.0,0,0,354000000.0,604000000.0,1301000000.0,5225000000,0,345000000,496000000,6066000000.0,0.0,199000000,7367000000.0,0.0,1000000.0,852000000.0,-8000000.0,1597000000.0,2442000000.0,2441000000.0,9808000000.0,-1000000.0,9808000000.0,0.0,5225000000,5028000000.0,https://www.sec.gov/Archives/edgar/data/1524358/000152435825000044/0001524358-25-000044-index.htm,https://www.sec.gov/Archives/edgar/data/1524358/000152435825000044/vac-20241231.htm
2023-12-31,VAC,USD,0001524358,2024-02-27,2024-02-27 16:44:46,2023,FY,248000000.0,0,248000000.0,2728000000.0,634000000.0,326000000.0,3936000000.0,1260000000.0,3117000000,854000000.0,3971000000.0,0.0,0.0,513000000.0,5744000000.0,0.0,9680000000.0,362000000.0,0,0,382000000.0,548000000.0,1292000000.0,5145000000,0,280000000,581000000,6006000000.0,0.0,189000000,7298000000.0,0.0,1000000.0,742000000.0,16000000.0,1623000000.0,2382000000.0,2382000000.0,9680000000.0,0.0,9680000000.0,0.0,5145000000,4897000000.0,https://www.sec.gov/Archives/edgar/data/1524358/000152435824000006/0001524358-24-000006-index.htm,https://www.sec.gov/Archives/edgar/data/1524358/000152435824000006/vac-20231231.htm
2022-12-31,VAC,USD,0001524358,2023-02-27,2023-02-27 17:22:17,2022,FY,524000000.0,0,524000000.0,2490000000.0,660000000.0,330000000.0,4004000000.0,1139000000.0,3117000000,911000000.0,4028000000.0,0.0,0.0,468000000.0,5635000000.0,0.0,9639000000.0,356000000.0,0,0,344000000.0,620000000.0,1320000000.0,5026000000,0,331000000,464000000,5821000000.0,0.0,86000000,7141000000.0,0.0,1000000.0,593000000.0,15000000.0,1887000000.0,2496000000.0,2498000000.0,9639000000.0,2000000.0,9639000000.0,0.0,5026000000,4502000000.0,https://www.sec.gov/Archives/edgar/data/1524358/000152435823000009/0001524358-23-000009-index.htm,https://www.sec.gov/Archives/edgar/data/1524358/000152435823000009/vac-20221231.htm
2021-12-31,VAC,USD,0001524358,2022-03-01,2022-03-01 16:18:40,2021,FY,342000000.0,0,342000000.0,2324000000.0,719000000.0,461000000.0,3846000000.0,1136000000.0,3150000000,993000000.0,4143000000.0,0.0,0.0,488000000.0,5767000000.0,0.0,9613000000.0,265000000.0,0,0,453000000.0,546000000.0,1264000000.0,4487000000,453000000,350000000,73000000,5363000000.0,0.0,83000000,6627000000.0,0.0,1000000.0,275000000.0,-16000000.0,2716000000.0,2976000000.0,2986000000.0,9613000000.0,10000000.0,9613000000.0,0.0,4487000000,4145000000.0,https://www.sec.gov/Archives/edgar/data/1524358/000152435822000013/0001524358-22-000013-index.htm,https://www.sec.gov/Archives/edgar/data/1524358/000152435822000013/vac-20211231.htm
2020-12-31,VAC,USD,0001524358,2021-03-01,2021-03-01 16:39:39,2020,FY,524000000.0,0,524000000.0,2116000000.0,759000000.0,468000000.0,3867000000.0,791000000.0,2817000000,952000000.0,3769000000.0,0.0,0.0,471000000.0,5031000000.0,0.0,8898000000.0,209000000.0,0,0,488000000.0,506000000.0,1203000000.0,4268000000,488000000,274000000,-17000000,5013000000.0,0.0,8000000,6216000000.0,0.0,1000000.0,272000000.0,-48000000.0,2426000000.0,2651000000.0,2682000000.0,8898000000.0,31000000.0,8898000000.0,0.0,4268000000,3744000000.0,https://www.sec.gov/Archives/edgar/data/1524358/000152435821000016/0001524358-21-000016-index.htm,https://www.sec.gov/Archives/edgar/data/1524358/000152435821000016/vac-20201231.htm
2024-03-31,MAV,USD,0001258943,2024-03-31,2024-03-30 20:00:00,2023,FY,125590.0,0,125590.0,3414040.0,0.0,1622950.0,5162580.0,0.0,0,0.0,0.0,265993917.0,0.0,100.0,265994017.0,-33750.0,271122847.0,741348.0,0,0,0.0,304409.0,1045757.0,0,0,0,0,0.0,51045757.0,0,51045757.0,50000000.0,284214601.0,-64137511.0,-1.4210854715202004e-08,-50000000.0,220077090.0,220077090.0,271122847.0,0.0,271122847.0,265993917.0,0,-125590.0,,
2023-03-31,MAV,USD,0001258943,2023-03-31,2023-03-30 20:00:00,2022,FY,291431.0,0,291431.0,5237267.0,1.0,825048.0,6353746.0,0.0,0,0.0,0.0,359231329.0,0.0,-359231329.0,359231329.0,137.0,365585212.0,825048.0,0,0,0.0,215374.0,1040422.0,0,0,0,0,0.0,0.0,0,1040422.0,140000000.0,284214601.0,-59669811.0,84544790.0,-224544790.0,224544790.0,224544790.0,365585212.0,0.0,365585212.0,359231329.0,0,-291431.0,,
2022-03-31,MAV,USD,0001258943,2022-03-31,2022-03-30 20:00:00,2021,FY,0.0,0,0.0,5267286.0,0.0,956578.0,6223864.0,0.0,0,0.0,0.0,433191947.0,0.0,-433191947.0,433191947.0,9461.0,439425272.0,776955.0,233895,0,-233895.0,1367120.0,2377970.0,0,0,0,0,0.0,182377970.0,0,182377970.0,180000000.0,285888967.0,-28841665.0,77047302.0,-257047302.0,257047302.0,257047302.0,439425272.0,0.0,439425272.0,433191947.0,233895,233895.0,,
2021-03-31,MAV,USD,0001258943,2021-03-31,2021-03-30 20:00:00,2020,FY,0.0,0,0.0,5237147.0,0.0,0.0,5237147.0,0.0,0,0.0,0.0,466318711.0,0.0,-466318711.0,466318711.0,85212.0,471641070.0,78.0,0,0,-867197.0,1026840.0,1026918.0,0,0,0,0,867197.0,179132804.0,0,181026919.0,180000000.0,285696996.0,4917155.0,110614151.0,-290614151.0,290614151.0,290614151.0,471641070.0,0.0,471641070.0,466318711.0,867197,867197.0,,
2020-03-31,MAV,USD,0001258943,2020-03-31,2020-03-30 20:00:00,2019,FY,12338713.0,0,12338713.0,5299397.0,0.0,0.0,17638110.0,0.0,0,0.0,0.0,423977418.0,0.0,-423977418.0,423977418.0,177952.0,441793480.0,275474.0,0,0,0.0,146000.0,421474.0,0,0,0,0,0.0,160421474.0,0,160421474.0,160000000.0,285696996.0,-4324990.0,121372006.0,-281372006.0,281372006.0,281372006.0,441793480.0,0.0,441793480.0,423977418.0,0,-12338713.0,,
2024-12-31,BGB,USD,0001546429,2024-12-31,2024-12-31 00:00:00,2024,FY,456499.0,0,456499.0,35562397.0,0.0,-35562397.0,456499.0,0.0,0,0.0,0.0,973146622.0,0.0,-973146622.0,1009791094.0,1010247593.0,1010247593.0,97453587.0,0,0,0.0,-97453587.0,0.0,0,0,0,0,0.0,439556364.0,0,439556364.0,0.0,44664.0,-268856786.0,0.0,839503351.0,570691229.0,570691229.0,1010247593.0,0.0,1010247593.0,973146622.0,0,-456499.0,,
2023-12-31,BGB,USD,0001546429,2023-12-31,2023-12-29 19:00:00,2023,FY,557627.0,16517158,17074785.0,14164325.0,0.0,-31239110.0,14832351.0,0.0,0,0.0,0.0,924960464.0,0.0,-924960464.0,924960464.0,939792815.0,939792815.0,44309887.0,0,0,238290113.0,-282600000.0,0.0,44388177,0,0,-44388177,44388177.0,374327785.0,0,374327785.0,0.0,44664.0,-274082985.0,0.0,839503351.0,565465030.0,565465030.0,939792815.0,0.0,939792815.0,924960464.0,326988177,-557627.0,,
2022-12-31,BGB,USD,0001546429,2022-12-31,2022-12-31 00:00:00,2022,FY,49914966.0,0,49914966.0,71721710.0,122295293.0,-122295293.0,121636676.0,0.0,0,0.0,0.0,850471344.0,0.0,-850471344.0,850471344.0,374908.0,972482928.0,117699563.0,268900000,0,-151200437.0,-117699563.0,117699563.0,44954207,0,0,-44954207,117699563.0,198224112.0,0,433623238.0,0.0,44664.0,-300891453.0,0.0,839706479.0,538859690.0,538859690.0,972482928.0,0.0,972482928.0,850471344.0,268900000,218985034.0,,
2021-12-31,BGB,USD,0001546429,2021-12-31,2021-12-31 00:00:00,2021,FY,7735023.0,0,7735023.0,68247911.0,0.0,-75982934.0,75982934.0,0.0,0,0.0,0.0,1019399769.0,0.0,-1019399769.0,1019399769.0,41210.0,1095423913.0,79590081.0,323800000,0,-244209919.0,-79590081.0,79590081.0,0,0,0,0,323800000.0,46983513.0,0,450373594.0,194700824.0,44664.0,-194700824.0,-194700824.0,1034407303.0,645050319.0,645050319.0,1095423913.0,0.0,1095423913.0,1019399769.0,323800000,316064977.0,,
2020-12-31,BGB,USD,0001546429,2020-12-31,2020-12-31 00:00:00,2020,FY,34821452.0,0,34821452.0,12982979.0,0.0,-47804431.0,47804431.0,0.0,0,0.0,0.0,1007408273.0,0.0,-1007408273.0,1007408273.0,40077.0,1055252781.0,65788547.0,309100000,0,-243311453.0,-65788547.0,65788547.0,0,0,0,0,309100000.0,46623113.0,0,421511660.0,0.0,44664.0,-206010017.0,0.0,839706474.0,633741121.0,633741121.0,1055252781.0,0.0,1055252781.0,1007408273.0,309100000,274278548.0,,
2024-02-29,IIM,USD,0000885601,2024-02-29,2024-02-27 19:00:00,2023,FY,0.0,0,18339302.0,8434463.0,0.0,0.0,26773765.0,0.0,0,0.0,0.0,947750485.0,0.0,-947750485.0,1060543794.0,-131132132.0,956185427.0,6629049.0,1463817,0,0.0,-8092866.0,9627386.0,309073247,0,0,-309073247,309311500.0,-1357890.0,0,317580996.0,0.0,678098016.0,-39493585.0,0.0,0.0,638604431.0,638604431.0,956185427.0,0.0,956185427.0,947750485.0,310537064,328876366.0,,
2023-02-28,IIM,USD,0000885601,2023-02-28,2023-02-27 19:00:00,2022,FY,0.0,-168248357,-168248357.0,14684249.0,183005908.0,0.0,14684249.0,0.0,0,0.0,0.0,965666343.0,0.0,-168248357.0,797417986.0,168251225.0,980353460.0,10295619.0,2435389,0,-2435389.0,-12731008.0,13763130.0,115205000,0,0,-115205000,348289292.0,246555.0,0,362298977.0,0.0,678549373.0,-60494890.0,5.6843418860808015e-08,0.0,618054483.0,618054483.0,980353460.0,0.0,980353460.0,797417986.0,115205000,115205000.0,,
2022-02-28,IIM,USD,0000885601,2022-02-28,2022-02-27 19:00:00,2021,FY,0.0,-342670811,-342670811.0,13883321.0,356652216.0,0.0,13883321.0,0.0,0,0.0,0.0,1193765977.0,0.0,-342670811.0,851095166.0,342673687.0,1207652174.0,9625791.0,1344496,0,-1344496.0,-10970287.0,11454349.0,225015000,0,0,-225015000,458087465.0,265796.0,0,469807610.0,0.0,679686655.0,58157909.0,2.1316282072803006e-08,0.0,737844564.0,737844564.0,1207652174.0,0.0,1207652174.0,851095166.0,225015000,225015000.0,,
2021-02-28,IIM,USD,0000885601,2021-02-28,2021-02-27 19:00:00,2020,FY,3469092.0,-366734150,3469092.0,11498024.0,-1.862645149230957e-09,0.0,14967116.0,0.0,0,0.0,0.0,1227003339.0,0.0,-366734150.0,860269189.0,366734150.0,1241970455.0,1271062.0,0,0,0.0,-1271062.0,1849941.0,462114903,0,0,-462114903,462114903.0,310622.0,0,464275466.0,0.0,679364020.0,98330969.0,-1.4210854715202004e-08,0.0,777694989.0,777694989.0,1241970455.0,0.0,1241970455.0,860269189.0,229030000,225560908.0,,
2020-02-29,IIM,USD,0000885601,2020-02-29,2020-02-28 19:00:00,2019,FY,486625.0,-402093554,486625.0,11392712.0,12003113.0,0.0,11879337.0,0.0,0,0.0,0.0,1287935102.0,0.0,-402093554.0,885841548.0,402093554.0,1299814439.0,6492646.0,0,0,0.0,-6492646.0,7184282.0,485461997,0,0,-485461997,485461997.0,314621.0,0,492960900.0,0.0,679177068.0,127676471.0,1613707080.0,-1613707080.0,806853539.0,806853539.0,1299814439.0,0.0,1299814439.0,885841548.0,252395000,251908375.0,,
2023-12-31,ATMVR,USD,0001937891,2024-04-16,2024-04-16 17:26:18,2023,FY,28560.0,0,28560.0,0.0,0.0,34573.0,63133.0,0.0,0,0.0,0.0,0.0,0.0,50880604.0,50880604.0,0.0,50943737.0,213118.0,165000,0,0.0,9837.0,387955.0,0,0,0,0,0.0,0.0,0,387955.0,0.0,50880832.0,-325050.0,0.0,0.0,50555782.0,50555782.0,50943737.0,0.0,50943737.0,50880604.0,165000,136440.0,https://www.sec.gov/Archives/edgar/data/1937891/000149315224014881/0001493152-24-014881-index.htm,https://www.sec.gov/Archives/edgar/data/1937891/000149315224014881/form10-k.htm
2022-12-31,ATMVR,USD,0001937891,2023-03-31,2023-03-31 16:31:25,2022,FY,659035.0,0,659035.0,0.0,0.0,82771.0,733728.0,0.0,0,0.0,0.0,70418228.0,0.0,-9185847.0,61232381.0,0.0,61966109.0,248034.0,0,0,0.0,9837.0,171145.0,0,0,0,0,0.0,0.0,0,171145.0,0.0,61200224.0,-42157.0,-6.938893903907228e-15,-8542686.0,61794964.0,61794964.0,61966109.0,0.0,61966109.0,70418228.0,0,-659035.0,https://www.sec.gov/Archives/edgar/data/1937891/000149315223010328/0001493152-23-010328-index.htm,https://www.sec.gov/Archives/edgar/data/1937891/000149315223010328/form10-k.htm
2024-12-31,DLR-PK,USD,0001297996,2025-02-25,2025-02-24 21:40:43,2024,FY,3870891000.0,0,3870891000.0,1257464000.0,0.0,0.0,5128355000.0,1178853000.0,8929431000,2178054000.0,11107485000.0,2639800000.0,0.0,25229123000.0,40155261000.0,0.0,45283616000.0,2056215000.0,1611308000,0,539802000.0,418661000.0,4625986000.0,16397288000,0,1084562000,0,17481850000.0,0.0,1294219000,22107836000.0,731690000.0,3337000.0,0.0,-1182283000.0,21787653000.0,21340397000.0,22773582000.0,45283616000.0,1433185000.0,45283616000.0,2639800000.0,18008596000,14137705000.0,https://www.sec.gov/Archives/edgar/data/1297996/000155837025001424/0001558370-25-001424-index.htm,https://www.sec.gov/Archives/edgar/data/1297996/000155837025001424/dlr-20241231x10k.htm
2023-12-31,DLR-PK,USD,0001297996,2024-02-23,2024-02-23 07:24:51,2023,FY,1625495000.0,0,1625495000.0,1278110000.0,0.0,478503000.0,3382108000.0,1414256000.0,9239871000,2500237000.0,11740108000.0,2295889000.0,0.0,25280897000.0,40731150000.0,0.0,44113258000.0,2168984000.0,1323387000,0,0.0,356925000.0,3849296000.0,17987065000,0,1151096000,129480000,19267641000.0,0.0,1727792000,23116937000.0,731690000.0,3088000.0,0.0,-6014041000.0,24396797000.0,19117534000.0,20996321000.0,44113258000.0,1878787000.0,44113258000.0,2295889000.0,18968001000,17342506000.0,https://www.sec.gov/Archives/edgar/data/1297996/000155837024001575/0001558370-24-001575-index.htm,https://www.sec.gov/Archives/edgar/data/1297996/000155837024001575/dlr-20231231x10k.htm
2022-12-31,DLR-PK,USD,0001297996,2023-02-27,2023-02-24 21:24:08,2022,FY,141773000.0,17120000,141773000.0,969292000.0,1712655000.0,0.0,1111065000.0,1351329000.0,9208497000,3092627000.0,12301124000.0,1991426000.0,41484998000.0,-16754944000.0,40373933000.0,0.0,41484998000.0,1868885000.0,117456000,0,369654000.0,354381000.0,4383051000.0,17950391000,21862854000,1192752000,9335000,17479802000.0,0.0,1471044000,21862853000.0,731690000.0,2887000.0,-4698313000.0,-595798000.0,22044209000.0,17583334000.0,19622145000.0,41484998000.0,2038811000.0,41484998000.0,1991426000.0,18067847000,17926074000.0,https://www.sec.gov/Archives/edgar/data/1297996/000155837023002087/0001558370-23-002087-index.htm,https://www.sec.gov/Archives/edgar/data/1297996/000155837023002087/dlr-20221231x10k.htm
2021-12-31,DLR-PK,USD,0001297996,2022-02-25,2022-02-25 17:19:45,2021,FY,142698000.0,0,142698000.0,671721000.0,1.0,0.0,814419000.0,1405441000.0,7937440000,2735486000.0,10672926000.0,1807689000.0,21309626000.0,359459000.0,35555141000.0,0.0,36369560000.0,1543623000.0,0,0,336578000.0,675307000.0,2280524000.0,14960397000,17845778000,666451000,-61594000,15565254000.0,0.0,1512187000,17845778000.0,731690000.0,2824000.0,-3631929000.0,-173880000.0,21075863000.0,18004568000.0,18523782000.0,36369560000.0,519214000.0,36369560000.0,1807689000.0,14960397000,14817699000.0,https://www.sec.gov/Archives/edgar/data/1297996/000155837022002195/0001558370-22-002195-index.htm,https://www.sec.gov/Archives/edgar/data/1297996/000155837022002195/dlr-20211231x10k.htm
2020-12-31,DLR-PK,USD,0001297996,2021-03-01,2021-03-01 17:05:19,2020,FY,108501000.0,0,108501000.0,603111000.0,0.0,0.0,711612000.0,1386959000.0,8330996000,3166198000.0,11497194000.0,1148158000.0,21111134000.0,221234000.0,35364679000.0,0.0,36076291000.0,1420162000.0,0,0,371659000.0,1052050000.0,2843871000.0,14241524000,-698308000,698308000,0,14744073000.0,0.0,1468712000,17587944000.0,950940000.0,2788000.0,-3997938000.0,135010000.0,20626897000.0,17717697000.0,18488347000.0,36076291000.0,770650000.0,36076291000.0,1148158000.0,14773429000,14664928000.0,https://www.sec.gov/Archives/edgar/data/1297996/000155837021002191/0001558370-21-002191-index.htm,https://www.sec.gov/Archives/edgar/data/1297996/000155837021002191/dlr-20201231x10k.htm
2024-12-31,STEL,USD,0001473844,2025-03-03,2025-03-03 16:09:26,2024,FY,419967000.0,1673016000,2092983000.0,37884000.0,0.0,0.0,2130867000.0,111856000.0,497318000,92546000.0,589864000.0,0.0,0.0,0.0,701720000.0,8073203000.0,10905790000.0,17052000.0,0,0,0.0,0.0,17052000.0,70105000,0,0,0,70105000.0,9210773000.0,0,9297930000.0,0.0,534000.0,492640000.0,-125364000.0,1240050000.0,1607860000.0,1607860000.0,10905790000.0,0.0,10905790000.0,1673016000.0,70105000,-419967000.0,https://www.sec.gov/Archives/edgar/data/1473844/000147384425000014/0001473844-25-000014-index.htm,https://www.sec.gov/Archives/edgar/data/1473844/000147384425000014/stel-20241231.htm
2023-12-31,STEL,USD,0001473844,2024-02-29,2024-02-29 16:01:21,2023,FY,399237000.0,1395680000,1516684000.0,44244000.0,0.0,0.0,1560928000.0,118683000.0,497318000,116712000.0,614030000.0,0.0,0.0,0.0,732713000.0,8353498000.0,10647139000.0,11288000.0,0,0,0.0,0.0,11288000.0,159765000,0,0,0,159765000.0,8955068000.0,0,9126121000.0,0.0,533000.0,405945000.0,-118087000.0,1232627000.0,1521018000.0,1521018000.0,10647139000.0,0.0,10647139000.0,1395680000.0,159765000,-239472000.0,https://www.sec.gov/Archives/edgar/data/1473844/000147384424000010/0001473844-24-000010-index.htm,https://www.sec.gov/Archives/edgar/data/1473844/000147384424000010/stel-20231231.htm
2022-12-31,STEL,USD,0001473844,2023-03-15,2023-03-15 16:06:24,2022,FY,371705000.0,1807586000,2179291000.0,44743000.0,-416448000.0,0.0,2224034000.0,126803000.0,497260000,143525000.0,640785000.0,1807586000.0,104095000.0,-104095000.0,2575174000.0,6101229000.0,10900437000.0,2098000.0,0,0,-2536000.0,-2098000.0,2098000.0,173292000,-34595000,34595000,-173292000,2098000.0,9513065000.0,0,9517261000.0,0.0,530000.0,303146000.0,-143261000.0,1222761000.0,1383176000.0,1383176000.0,10900437000.0,0.0,10900437000.0,3615172000.0,173292000,-198413000.0,https://www.sec.gov/Archives/edgar/data/1473844/000147384423000013/0001473844-23-000013-index.htm,https://www.sec.gov/Archives/edgar/data/1473844/000147384423000013/stel-20221231.htm
2021-12-31,STEL,USD,0001473844,2021-12-31,2021-12-31 00:00:00,2021,FY,950146000.0,358518000,1308664000.0,33392000.0,-824293000.0,790901000.0,1308664000.0,69608000.0,80950000,3658000.0,84608000.0,425046000.0,13369000.0,-13369000.0,579262000.0,2598075000.0,4486001000.0,1753000.0,0,0,-1198000.0,-1753000.0,1753000.0,78284000,53322000,10820000,-78284000,64142000.0,-1753000.0,14142000,64142000.0,0.0,253000.0,237165000.0,3057000.0,276502000.0,562125000.0,562125000.0,4486001000.0,0.0,4486001000.0,783564000.0,64142000,-886004000.0,,
2020-12-31,STEL,USD,0001473844,2020-12-31,2020-12-31 00:00:00,2020,FY,538007000.0,200686000,538007000.0,0.0,0.0,0.0,538007000.0,74437000.0,80950000,4171000.0,85121000.0,237281000.0,17723000.0,-17723000.0,396839000.0,3014371000.0,3949217000.0,0.0,1817000,0,0.0,-1817000.0,3102523000.0,64630000,59424000,7023000,-64630000,66447000.0,-3102523000.0,14630000,66447000.0,0.0,255000.0,214456000.0,6775000.0,324965000.0,546451000.0,546451000.0,3949217000.0,0.0,3949217000.0,237281000.0,66447000,-471560000.0,,
2023-12-31,BCAX,USD,0002023658,2023-12-31,2023-12-31 00:00:00,2023,FY,230440000.0,0,230440000.0,0.0,0.0,633000.0,231073000.0,815000.0,0,0.0,0.0,0.0,0.0,2094000.0,2909000.0,0.0,233982000.0,3186000.0,285000,0,0.0,11614000.0,15085000.0,372000,0,0,367294000,367666000.0,0.0,657000,382751000.0,0.0,2000.0,-153021000.0,0.0,4250000.0,-148769000.0,-148769000.0,233982000.0,0.0,233982000.0,0.0,657000,-229783000.0,,
2022-12-31,BCAX,USD,0002023658,2022-12-31,2022-12-31 00:00:00,2022,FY,4158000.0,0,4158000.0,0.0,0.0,826000.0,4984000.0,636000.0,0,0.0,0.0,0.0,0.0,1083000.0,1719000.0,0.0,6703000.0,5137000.0,0,0,0.0,18759000.0,23896000.0,0,0,0,81610000,81610000.0,0.0,0,105506000.0,0.0,2000.0,-101036000.0,0.0,2231000.0,-98803000.0,-98803000.0,6703000.0,0.0,6703000.0,0.0,0,-4158000.0,,
2024-06-30,NEOV,USD,0001748137,2024-09-27,2024-09-27 16:30:18,2024,FY,986427.0,0,986427.0,1805980.0,1787308.0,76815.0,4656530.0,0.0,0,0.0,0.0,0.0,0.0,0.0,0.0,0.0,4656530.0,5316.0,0,0,0.0,55784.0,61100.0,0,0,0,0,0.0,0.0,0,61100.0,0.0,33236.0,-20742538.0,0.0,25304732.0,4595430.0,4595430.0,4656530.0,0.0,4656530.0,0.0,0,-986427.0,https://www.sec.gov/Archives/edgar/data/1748137/000168316824006718/0001683168-24-006718-index.htm,https://www.sec.gov/Archives/edgar/data/1748137/000168316824006718/neovolta_10k-063024.htm
2023-06-30,NEOV,USD,0001748137,2023-09-22,2023-09-22 17:00:25,2023,FY,2002789.0,0,2002789.0,1826385.0,2580571.0,96119.0,6505864.0,0.0,0,0.0,0.0,0.0,0.0,0.0,0.0,0.0,6505864.0,0.0,0,0,0.0,39491.0,39491.0,0,0,0,0,0.0,0.0,0,39491.0,0.0,33155.0,-18439228.0,0.0,24872446.0,6466373.0,6466373.0,6505864.0,0.0,6505864.0,0.0,0,-2002789.0,https://www.sec.gov/Archives/edgar/data/1748137/000168316823006642/0001683168-23-006642-index.htm,https://www.sec.gov/Archives/edgar/data/1748137/000168316823006642/neovolta_i10k-063023.htm
2022-06-30,NEOV,USD,0001748137,2022-09-27,2022-09-27 08:00:37,2022,FY,330385.0,0,330385.0,1317738.0,2238208.0,478002.0,4125332.0,0.0,0,0.0,0.0,0.0,0.0,0.0,0.0,0.0,4125332.0,205600.0,1068000,0,0.0,180792.0,1454392.0,53716,0,0,0,53716.0,0.0,0,1508108.0,0.0,21978.0,-15799395.0,0.0,18394641.0,2617224.0,2617224.0,4125332.0,0.0,4125332.0,0.0,1121716,791331.0,https://www.sec.gov/Archives/edgar/data/1748137/000168316822006609/0001683168-22-006609-index.htm,https://www.sec.gov/Archives/edgar/data/1748137/000168316822006609/neovolta_i10k-063022.htm
2021-06-30,NEOV,USD,0001748137,2021-06-30,2021-06-30 00:00:00,2021,FY,425681.0,0,425681.0,1128444.0,1662140.0,45926.0,3262191.0,0.0,0,0.0,0.0,0.0,0.0,0.0,0.0,0.0,3262191.0,53510.0,0,0,0.0,40739.0,94249.0,19308,0,0,0,19308.0,0.0,0,113557.0,1.862645149230957e-09,19641.0,-10040370.0,-1.7763568394002505e-09,13169362.999999998,3148634.0,3148634.0,3262191.0,0.0,3262191.0,0.0,19308,-406373.0,,
2020-06-30,NEOV,USD,0001748137,2020-06-30,2020-06-29 20:00:00,2020,FY,1309304.0,0,1309304.0,391112.0,1553296.0,150015.0,3403727.0,0.0,0,0.0,0.0,0.0,0.0,0.0,0.0,0.0,3403727.0,3660.0,0,0,0.0,21624.0,25284.0,44037,0,0,0,44036.0,1.0,0,69321.0,0.0,14422.0,-2394498.0,-4.440892098500626e-10,5714482.0,3334406.0,3334406.0,3403727.0,0.0,3403727.0,0.0,44037,-1265267.0,,
2023-12-31,SBYSF,ZAR,0000000000,2023-12-31,2023-12-30 19:00:00,2023,FY,25560000000.0,0,25560000000.0,8680000000.0,26363000000.0,1219000000.0,61822000000.0,61898000000.0,499000000,3000000.0,502000000.0,16254000000.0,1942000000.0,523000000.0,81119000000.0,0.0,142941000000.0,4278000000.0,15680000000,765000000,305000000.0,15379000000.0,36407000000.0,25330000000,6327000000,4176000000,19094000000,54927000000.0,0.0,582000000,91334000000.0,0.0,21647000000.0,-8470000000.0,35553000000.0,0.0,48730000000.0,51607000000.0,142941000000.0,2877000000.0,142941000000.0,16254000000.0,41010000000,15450000000.0,,
2022-12-31,SBYSF,ZAR,0000000000,2022-12-31,2022-12-30 19:00:00,2022,FY,26076000000.0,0,26076000000.0,7871000000.0,26384000000.0,433000000.0,60764000000.0,77188000000.0,8241000000,81000000.0,8322000000.0,17117000000.0,2442000000.0,798000000.0,105867000000.0,0.0,166631000000.0,4147000000.0,233000000,93000000,21000000.0,15725000000.0,20219000000.0,22814000000,6399000000,9360000000,16835000000,55408000000.0,0.0,319000000,75627000000.0,0.0,21647000000.0,33781000000.0,32673000000.0,0.0,91004000000.0,93907000000.0,166631000000.0,2903000000.0,166631000000.0,17117000000.0,23047000000,-3029000000.0,,
2021-12-31,SBYSF,ZAR,0000000000,2021-12-31,2021-12-30 19:00:00,2021,FY,30292000000.0,0,30292000000.0,8844000000.0,25080000000.0,615000000.0,64831000000.0,62716000000.0,7727000000,7727000000.0,7727000000.0,16163000000.0,906000000.0,651000000.0,88163000000.0,0.0,152994000000.0,3670000000.0,211000000,189000000,156000000.0,16315000000.0,20541000000.0,20368000000,6204000000,7818000000,16718000000,51108000000.0,0.0,281000000,71649000000.0,0.0,21647000000.0,27958000000.0,30332000000.0,0.0,81345000000.0,82753000000.0,152994000000.0,1408000000.0,152994000000.0,16163000000.0,20579000000,-9713000000.0,,
2020-12-31,SBYSF,ZAR,0000000000,2020-12-31,2020-12-30 19:00:00,2020,FY,20239800000.0,0,20239800000.0,6682000000.0,24952400000.0,369000000.0,52242600000.0,60895600000.0,7165200000,7165200000.0,7165200000.0,11402000000.0,1576400000.0,821300000.0,81860500000.0,0.0,134103100000.0,4325000000.0,989000000,787700000,66900000.0,11318400000.0,17487100000.0,17720000000,6362700000,7631000000,14186000000,45900000000.0,0.0,326000000,63387100000.0,0.0,30149800000.0,12760100000.0,25570400000.0,0.0,70716000000.0,72951700000.0,134103100000.0,2235700000.0,134103100000.0,11402000000.0,18709400000,-1530400000.0,,
2019-12-31,SBYSF,ZAR,0000000000,2019-12-31,2019-12-30 19:00:00,2019,FY,5619000000.0,0,5619000000.0,4598000000.0,15503400000.0,443000000.0,26163700000.0,57841100000.0,6854900000,6854900000.0,6854900000.0,9239700000.0,288900000.0,683500000.0,74908100000.0,0.0,101071800000.0,3208000000.0,148000000,449800000,1270600000.0,9250000000.0,14326800000.0,23971000000,6896500000,6656800000,18082400000,55606700000.0,0.0,383000000,69933500000.0,0.0,40662000000.0,-15433700000.0,4442300000.0,0.0,31138300000.0,32606000000.0,101071800000.0,1467700000.0,101071800000.0,9239700000.0,24119000000,18500000000.0,,
2023-12-31,SMID,USD,0000924719,2024-05-23,2024-05-23 16:15:26,2023,FY,9175000.0,0,9175000.0,17734000.0,5150000.0,1266000.0,33325000.0,27680000.0,0,0.0,0.0,0.0,0.0,343000.0,28023000.0,0.0,61348000.0,7336000.0,679000,473000,2717000.0,4813000.0,16018000.0,5094000,4424000,1651000,0,11169000.0,0.0,45000,27187000.0,0.0,54000.0,26395000.0,-3.191891195797325e-10,7712000.0,34161000.0,34161000.0,61348000.0,0.0,61348000.0,0.0,5773000,-3402000.0,https://www.sec.gov/Archives/edgar/data/924719/000165495424006855/0001654954-24-006855-index.htm,https://www.sec.gov/Archives/edgar/data/924719/000165495424006855/smid_10k.htm
2022-12-31,SMID,USD,0000924719,2023-04-17,2023-04-17 17:30:27,2022,FY,6726000.0,0,6726000.0,17690000.0,3818000.0,706000.0,28940000.0,25124000.0,0,0.0,0.0,0.0,1472000.0,-1223000.0,25373000.0,0.0,54313000.0,5816000.0,772000,146000,2980000.0,2247000.0,11224000.0,5775000,2174000,2085000,0,10034000.0,0.0,122000,21258000.0,0.0,53000.0,25664000.0,-3.191891195797325e-10,7338000.0,33055000.0,33055000.0,54313000.0,0.0,54313000.0,0.0,6470000,-256000.0,https://www.sec.gov/Archives/edgar/data/924719/000165495423004852/0001654954-23-004852-index.htm,https://www.sec.gov/Archives/edgar/data/924719/000165495423004852/smid_10k.htm
2021-12-31,SMID,USD,0000924719,2022-03-31,2022-03-31 13:46:56,2021,FY,13492000.0,0,13492000.0,10863000.0,2845000.0,551000.0,27751000.0,21926000.0,0,0.0,0.0,0.0,2092000.0,1556000.0,25574000.0,0.0,53325000.0,2071000.0,551000,2033000,3779000.0,3018000.0,13909000.0,3802000,1865000,1955000,0,7666000.0,0.0,211000,21575000.0,0.0,53000.0,24864000.0,-3.191891195797325e-10,6833000.0,31750000.0,31750000.0,53325000.0,0.0,53325000.0,0.0,4403000,-9089000.0,https://www.sec.gov/Archives/edgar/data/924719/000165495422004286/0001654954-22-004286-index.htm,https://www.sec.gov/Archives/edgar/data/924719/000165495422004286/smid_10k.htm
2020-12-31,SMID,USD,0000924719,2021-03-30,2021-03-30 07:21:17,2020,FY,8764000.0,1228000,9992000.0,10540000.0,2194000.0,615000.0,23341000.0,18602000.0,0,0.0,0.0,0.0,1914000.0,2642000.0,23158000.0,0.0,46499000.0,1866000.0,910000,470000,2343000.0,3880000.0,8900000.0,7099000,600000,2461000,3790000,13950000.0,0.0,296000,22850000.0,0.0,52000.0,17294000.0,-3.191891195797325e-10,6303000.0,23649000.0,23649000.0,46499000.0,0.0,46499000.0,1228000.0,7924000,-840000.0,https://www.sec.gov/Archives/edgar/data/924719/000165495421003448/0001654954-21-003448-index.htm,https://www.sec.gov/Archives/edgar/data/924719/000165495421003448/smid-12312020x10k.htm
2019-12-31,SMID,USD,0000924719,2020-03-26,2020-03-26 09:24:20,2019,FY,1364000.0,1176000,2540000.0,13465000.0,2242000.0,784000.0,19031000.0,17735000.0,0,0.0,0.0,0.0,2486000.0,2863000.0,23084000.0,0.0,42115000.0,3180000.0,1087000,0,2968000.0,3444000.0,9602000.0,4382000,241000,1886000,5183000,11692000.0,0.0,377000,21294000.0,0.0,52000.0,14639000.0,-10000.0,6150000.0,20821000.0,20821000.0,42115000.0,0.0,42115000.0,1176000.0,5388000,4024000.0,https://www.sec.gov/Archives/edgar/data/924719/000165495420003266/0001654954-20-003266-index.htm,https://www.sec.gov/Archives/edgar/data/924719/000165495420003266/smid-12312019x10k.htm
2024-03-31,CRVL,USD,0000874866,2024-05-24,2024-05-24 16:31:07,2024,FY,105563000.0,0,105563000.0,97108000.0,0.0,99560000.0,302231000.0,109950000.0,36814000,821000.0,37635000.0,0.0,3545000.0,1318000.0,152448000.0,0.0,454679000.0,16410000.0,8864000,221000,0.0,159004000.0,184499000.0,22533000,0,0,0,22533000.0,0.0,31397000,207032000.0,0.0,3000.0,807920000.0,0.0,-560276000.0,247647000.0,247647000.0,454679000.0,0.0,454679000.0,-41180000001.0,31397000,-74166000.0,https://www.sec.gov/Archives/edgar/data/874866/000095017024064645/0000950170-24-064645-index.htm,https://www.sec.gov/Archives/edgar/data/874866/000095017024064645/crvl-20240331.htm
2023-03-31,CRVL,USD,0000874866,2023-05-26,2023-05-26 16:31:50,2023,FY,71329000.0,0,71329000.0,81034000.0,0.0,9569000.0,243770000.0,110491000.0,36814000,1244000.0,38058000.0,0.0,224000.0,1380000.0,150153000.0,0.0,393923000.0,15058000.0,9900000,251000,107000000.0,35678000.0,167887000.0,23860000,0,21591000,0,23860000.0,0.0,33760000,191747000.0,0.0,3000000.0,731668000.0,1.1368683772161603e-07,-529495000.0,202176000.0,202176000.0,393923000.0,0.0,393923000.0,0.0,23860000,-47469000.0,https://www.sec.gov/Archives/edgar/data/874866/000095017023024535/0000950170-23-024535-index.htm,https://www.sec.gov/Archives/edgar/data/874866/000095017023024535/crvl-20230331.htm
2022-03-31,CRVL,USD,0000874866,2022-05-27,2022-05-27 16:42:27,2022,FY,97504000.0,0,97504000.0,82586000.0,0.0,12756000.0,264994000.0,111288000.0,36814000,1669000.0,38483000.0,0.0,22034000.0,-21553000.0,150252000.0,0.0,415246000.0,14080000.0,13348000,351000,95577000.0,48014000.0,171370000.0,29792000,-1689000000,1689000,0,31481000.0,0.0,43140000,202851000.0,0.0,3000.0,665303000.0,0.0,-452911000.0,212395000.0,212395000.0,415246000.0,0.0,415246000.0,-1689481000.0,43140000,-54364000.0,https://www.sec.gov/Archives/edgar/data/874866/000095017022010872/0000950170-22-010872-index.htm,https://www.sec.gov/Archives/edgar/data/874866/000095017022010872/crvl-20220331.htm
2021-03-31,CRVL,USD,0000874866,2021-05-28,2021-05-28 16:19:00,2021,FY,139716000.0,0,139716000.0,64721999.0,2.0,64503001.0,268941000.0,115943000.0,36814000,2104000.0,38918000.0,0.0,613000.0,345000.0,155819000.0,0.0,424760000.0,12353000.0,12765000,1221000,79012000.0,57109000.0,162460000.0,41898000,0,56685000,0,41898000.0,0.0,54663000,204358000.0,1.1920928955078125e-07,3000000.0,598893000.0,-1.1368683772161603e-07,-378494000.0,220402000.0,220402000.0,424760000.0,0.0,424760000.0,-958000.0,41898000,-97818000.0,https://www.sec.gov/Archives/edgar/data/874866/000156459021030813/0001564590-21-030813-index.htm,https://www.sec.gov/Archives/edgar/data/874866/000156459021030813/crvl-10k_20210331.htm
2020-03-31,CRVL,USD,0000874866,2020-08-21,2020-08-21 16:15:38,2020,FY,83223000.0,0,83223000.0,65766999.0,1.0,60001001.0,208991000.0,166566000.0,36814000,2540000.0,39354000.0,0.0,34694000.0,-33345000.0,207269000.0,0.0,416260000.0,15145000.0,13223000,11010000000,66636000.0,-10904679000.0,133689000.0,85096000,-7764000000,7764000,0,92860000.0,0.0,98319000,226549000.0,0.0,3000000.0,552537000.0,0.0,-362829000.0,189711000.0,189711000.0,416260000.0,0.0,416260000.0,-7765349000.0,85096000,1873000.0,https://www.sec.gov/Archives/edgar/data/874866/000156459020040951/0001564590-20-040951-index.htm,https://www.sec.gov/Archives/edgar/data/874866/000156459020040951/crvl-10ka_20200331.htm
2024-12-31,AIQUF,EUR,0000000000,2024-12-31,2024-12-31 00:00:00,2024,FY,1915300000.0,0,1915300000.0,0.0,2189600000.0,4242500000.0,8347400000.0,25538700000.0,14977400000,1691500000.0,16668900000.0,0.0,335000000.0,977500000.0,43520100000.0,0.0,51867500000.0,3319000000.0,2911200000,273100000,0.0,2980800000.0,9484100000.0,9536900000,0,2527100000,2698100000,14762100000.0,0.0,1373600000,24246200000.0,0.0,3180400000.0,21840300000.0,0.0,1839300000.0,26860000000.0,27621300000.0,51867500000.0,761300000.0,51867500000.0,944600000.0,12448100000,10532800000.0,,
2023-12-31,AIQUF,EUR,0000000000,2023-12-31,2023-12-29 19:00:00,2023,FY,1478900000.0,1200000,1624700000.0,2993700000.0,2027600000.0,1138800000.0,7717600000.0,23652200000.0,14194200000,1631300000.0,15825500000.0,514100000.0,0.0,718100000.0,40709900000.0,-95100000.0,48332400000.0,2807000000.0,2464800000,236400000,630900000.0,2706900000.0,8846000000.0,9572800000,28400000,-28400000,4842100000,14443300000.0,0.0,1266000000,23289300000.0,0.0,2884800000.0,20495400000.0,0.0,941300000.0,24321500000.0,25043100000.0,48332400000.0,721600000.0,48332400000.0,515300000.0,12037600000,10558700000.0,,
2022-12-31,AIQUF,EUR,0000000000,2022-12-31,2022-12-31 00:00:00,2022,FY,1756400000.0,500000,1756400000.0,-197200000.0,1961000000.0,4520800000.0,8238200000.0,23646900000.0,14587200000,1811400000.0,16398600000.0,941200000.0,232300000.0,60800000.0,41279800000.0,0.0,49518000000.0,1646600000.0,2231500000,260100000,2443400000.0,4758000000.0,8896200000.0,11249900000,29700000,2465400000,4799900000,16049800000.0,0.0,1279800000,24946000000.0,231200000.0,2879000000.0,18626800000.0,-231200000.0,2461800000.0,23736400000.0,24572000000.0,49518000000.0,835600000.0,49518000000.0,600500000.0,13375700000,11619300000.0,,
2021-12-31,AIQUF,EUR,0000000000,2021-12-31,2021-12-31 00:00:00,2021,FY,2096600000.0,900000,2096600000.0,2694100000.0,1585100000.0,1063900000.0,7590600000.0,22531500000.0,13992300000,1452600000.0,15444900000.0,918500000.0,239300000.0,58300000.0,39192500000.0,0.0,46783100000.0,1340800000.0,2417000000,277800000,2321700000.0,4408900000.0,8444500000.0,11547200000,26900000,2126800000,4792600000,16339800000.0,0.0,1260800000,24784300000.0,911099999.0,2614100000.0,16217300000.0,-911099999.0,3542000000.0,21462300000.0,21998800000.0,46783100000.0,536500000.0,46783100000.0,537500000.0,13880600000,11784000000.0,,
2020-12-31,AIQUF,EUR,0000000000,2020-12-31,2020-12-31 00:00:00,2020,FY,1791400000.0,-500000,1791400000.0,2205800000.0,1405900000.0,963700000.0,6366300000.0,20002900000.0,13087400000,1397800000.0,14485200000.0,839400000.0,268400000.0,14900000.0,35610800000.0,0.0,41977100000.0,633200000.0,2410400000,215200000,2170400000.0,4016300000.0,7275100000.0,11199900000,28200000,1871500000,4497500000,15697400000.0,0.0,1187600000,22972500000.0,2175000000.0,2605100000.0,13468900000.0,-2175000000.0,4643300000.0,18542300000.0,19004600000.0,41977100000.0,462300000.0,41977100000.0,408600000.0,13491200000,11699800000.0,,
2024-12-31,OMAB,MXN,0001378239,2024-12-31,2024-12-31 00:00:00,2024,FY,1656365000.0,0,1656365000.0,1866241000.0,0.0,769925000.0,4292531000.0,3238839000.0,0,18715808000.0,18715808000.0,0.0,0.0,985882000.0,22940529000.0,0.0,27233060000.0,960451000.0,619022000,0,0.0,1687827000.0,3267300000.0,10841848000,0,0,2579675000,13421523000.0,0.0,178990000,16688823000.0,0.0,297782000.0,10050187000.0,7019000.0,29786000.0,10384774000.0,10544237000.0,27233060000.0,159463000.0,27233060000.0,0.0,11460870000,9804505000.0,,
2023-12-31,OMAB,MXN,0000000000,2024-04-29,2024-04-29 14:08:17,2023,FY,2576256000.0,0,2576256000.0,1683750000.0,0.0,647924000.0,4907930000.0,3002116000.0,0,16421304000.0,16421304000.0,0.0,867421000.0,38824000.0,20329665000.0,0.0,25237595000.0,286264000.0,44928000,410775000,32892000.0,1699031000.0,2473890000.0,10830624000,0,57721000,2036858000,12925203000.0,0.0,198844000,15399093000.0,0.0,297782000.0,7828436000.0,1514455000.0,29786000.0,9670459000.0,9838502000.0,25237595000.0,168043000.0,25237595000.0,0.0,10875552000,8299296000.0,https://www.sec.gov/Archives/edgar/data/1378239/000155837024006069/0001558370-24-006069-index.htm,https://www.sec.gov/Archives/edgar/data/1378239/000155837024006069/omab-20231231x20f.htm
2022-12-31,OMAB,MXN,0000000000,2022-12-31,2022-12-30 19:00:00,2022,FY,3336420000.0,0,3336420000.0,1525228000.0,672588000.0,731829000.0,5593477000.0,2731099000.0,0,13940366000.0,13940366000.0,0.0,756909000.0,48127000.0,17476501000.0,0.0,23069978000.0,223153000.0,2733446000,957609000,46377000.0,1298433000.0,5259018000.0,7659095000,1162998000,56671000,377576000,9256340000.0,0.0,208205000,14515358000.0,0.0,297782000.0,6528698000.0,1512945000.0,29786000.0,8369211000.0,8554620000.0,23069978000.0,185409000.0,23069978000.0,0.0,10392541000,7056121000.0,,
2021-12-31,OMAB,MXN,0000000000,2021-12-31,2021-12-30 19:00:00,2021,FY,5987164000.0,0,5987164000.0,1361270000.0,162165000.0,427996000.0,7776430000.0,2921427000.0,0,11680684000.0,11680684000.0,0.0,464404000.0,46196000.0,15112711000.0,0.0,22889141000.0,123330000.0,2729332000,997854000,58512000.0,993402000.0,4902430000.0,5192026000,1178144000,36189000,342120000,6748479000.0,0.0,224736000,11650909000.0,0.0,297782000.0,9702141000.0,1026252000.0,29786000.0,11055961000.0,11238232000.0,22889141000.0,182271000.0,22889141000.0,0.0,7921358000,1934194000.0,,
2020-12-31,OMAB,MXN,0000000000,2020-12-31,2020-12-30 19:00:00,2020,FY,2958804000.0,0,2958804000.0,1376008000.0,115233000.0,396017000.0,4675138000.0,2878716000.0,0,10229656000.0,10229656000.0,0.0,317758000.0,34621000.0,13460751000.0,0.0,18135889000.0,107507000.0,3040055000,370188000,91841000.0,559462000.0,4169053000.0,1665096000,990106000,133828000,351559000,3140589000.0,0.0,194763000,7309642000.0,0.0,300822000.0,8824666000.0,1495067000.0,29786000.0,10650341000.0,10826247000.0,18135889000.0,175906000.0,18135889000.0,0.0,4705151000,1746347000.0,,
2024-12-31,TXRH,USD,0001289460,2025-02-28,2025-02-28 11:41:54,2024,FY,245225000.0,0,245225000.0,193170000.0,40756000.0,37417000.0,516568000.0,2387538000.0,169684000,1265000.0,170949000.0,0.0,0.0,115724000.0,2674211000.0,0.0,3190779000.0,144791000.0,28172000,2986000,401198000.0,250983000.0,828130000.0,826300000,0,8184000,154442000,988926000.0,0.0,826300000,1817056000.0,0.0,67000.0,1358280000.0,0.0,0.0,1358347000.0,1373723000.0,3190779000.0,15376000.0,3190779000.0,0.0,854472000,609247000.0,https://www.sec.gov/Archives/edgar/data/1289460/000155837025001904/0001558370-25-001904-index.htm,https://www.sec.gov/Archives/edgar/data/1289460/000155837025001904/txrh-20241231x10k.htm
2023-12-26,TXRH,USD,0001289460,2024-02-23,2024-02-23 11:25:35,2023,FY,104246000.0,0,104246000.0,175474000.0,38320000.0,38434000.0,356474000.0,2170736000.0,169684000,3483000.0,173167000.0,0.0,0.0,92999000.0,2436902000.0,0.0,2793376000.0,131638000.0,27523000,3262000,373913000.0,209210000.0,745434000.0,743476000,0,23104000,123851000,890431000.0,0.0,770887000,1635865000.0,0.0,67000.0,1141595000.0,0.0,0.0,1141662000.0,1157511000.0,2793376000.0,15849000.0,2793376000.0,-9380000.0,773687000,669441000.0,https://www.sec.gov/Archives/edgar/data/1289460/000155837024001595/0001558370-24-001595-index.htm,https://www.sec.gov/Archives/edgar/data/1289460/000155837024001595/txrh-20231226x10k.htm
2022-12-27,TXRH,USD,0001289460,2023-02-24,2023-02-24 10:02:52,2022,FY,173861000.0,0,173861000.0,150264000.0,38015000.0,34701000.0,396841000.0,1900607000.0,148732000,5607000.0,154339000.0,-240032000.0,240032000.0,73878000.0,2128824000.0,0.0,2525665000.0,105560000.0,25490000,35698000,335403000.0,149859000.0,652010000.0,727874000,0,20979000,97140000,845993000.0,0.0,703364000,1498003000.0,0.0,67000.0,999432000.0,0.0,13139000.0,1012638000.0,1027662000.0,2525665000.0,15024000.0,2525665000.0,-240032000.0,753364000,579503000.0,https://www.sec.gov/Archives/edgar/data/1289460/000155837023001979/0001558370-23-001979-index.htm,https://www.sec.gov/Archives/edgar/data/1289460/000155837023001979/txrh-20221227x10k.htm
2021-12-28,TXRH,USD,0001289460,2022-02-25,2022-02-25 16:01:36,2021,FY,335645000.0,0,335645000.0,161358000.0,31595000.0,34927000.0,563525000.0,1740854000.0,127001000,1520000.0,128521000.0,-226865000.0,226865000.0,79052000.0,1948427000.0,0.0,2511952000.0,95234000.0,43904000,33460000,300657000.0,226522001.0,602144000.0,722892000,-11734000,11734000,101698000,836324000.0,0.0,644844000,1438468000.0,0.0,69000.0,943551000.0,0.0,114504000.0,1058124000.0,1073484000.0,2511952000.0,15360000.0,2511952000.0,-226865000.0,722892000,387247000.0,https://www.sec.gov/Archives/edgar/data/1289460/000155837022002141/0001558370-22-002141-index.htm,https://www.sec.gov/Archives/edgar/data/1289460/000155837022002141/txrh-20211228x10k.htm
2020-12-29,TXRH,USD,0001289460,2021-02-26,2021-02-26 13:52:49,2020,FY,363155000.0,0,363155000.0,98418000.0,22364000.0,32861000.0,510651000.0,1619248000.0,127001000,2271000.0,129272000.0,-217071000.0,217071000.0,65990000.0,1814510000.0,0.0,2325161000.0,66977000.0,69271000,27610000,232812000.0,192065000.0,506318000.0,762171000,-2802000,2802000,110819000,875792000.0,0.0,591442000,1382110000.0,0.0,70000.0,781915000.0,-106000.0,145626000.0,927505000.0,943051000.0,2325161000.0,15546000.0,2325161000.0,-217071000.0,812171000,449016000.0,https://www.sec.gov/Archives/edgar/data/1289460/000155837021001970/0001558370-21-001970-index.htm,https://www.sec.gov/Archives/edgar/data/1289460/000155837021001970/txrh-20201229x10k.htm
2024-12-31,ROP,USD,0000882835,2025-02-24,2025-02-24 17:06:17,2024,FY,188200000.0,0,188200000.0,1012400000.0,120800000.0,221300000.0,1542700000.0,149700000.0,19312900000,9059600000.0,28372500000.0,772300000.0,0.0,497500000.0,29792000000.0,0.0,31334700000.0,148100000.0,1043099999,98500000,0.0,2542500001.0,3832200000.0,6579900000,0,0,2055000000,8634900000.0,0.0,0,12467100000.0,0.0,1100000.0,16034900000.0,-166500000.0,2998100000.0,18867600000.0,18867600000.0,31334700000.0,0.0,31334700000.0,772300000.0,7622999999,7434799999.0,https://www.sec.gov/Archives/edgar/data/882835/000088283525000008/0000882835-25-000008-index.htm,https://www.sec.gov/Archives/edgar/data/882835/000088283525000008/rop-20241231.htm
2023-12-31,ROP,USD,0000882835,2024-02-22,2024-02-22 17:05:32,2023,FY,214300000.0,0,214300000.0,984000000.0,118600000.0,164500000.0,1481400000.0,119600000.0,17118800000,8212100000.0,25330900000.0,795700000.0,32200000.0,407700000.0,26686100000.0,0.0,28167500000.0,143000000.0,542800000,40400000,1583800000.0,653200000.0,2963200000.0,5830600000,0,1513100000,415800000,7759500000.0,0.0,43300000,10722700000.0,0.0,1100000.0,14816300000.0,-122800000.0,2750200000.0,17444800000.0,17444800000.0,28167500000.0,0.0,28167500000.0,795700000.0,6373400000,6159100000.0,https://www.sec.gov/Archives/edgar/data/882835/000088283524000008/0000882835-24-000008-index.htm,https://www.sec.gov/Archives/edgar/data/882835/000088283524000008/rop-20231231.htm
2022-12-31,ROP,USD,0000882835,2023-02-27,2023-02-27 16:48:06,2022,FY,792800000.0,0,792800000.0,877000000.0,111300000.0,151300000.0,1932400000.0,85300000.0,15946100000,8030700000.0,23976800000.0,535000000.0,55900000.0,395400000.0,25048400000.0,0.0,26980800000.0,122600000.0,745600000,16600000,1370700000.0,637000000.0,2892500000.0,5962500000,111500000,1676800000,411200000,8050500000.0,0.0,46400000,10943000000.0,0.0,1100000.0,13730700000.0,-187000000.0,2493000000.0,16037800000.0,16037800000.0,26980800000.0,0.0,26980800000.0,535000000.0,6661700000,5868900000.0,https://www.sec.gov/Archives/edgar/data/882835/000088283523000016/0000882835-23-000016-index.htm,https://www.sec.gov/Archives/edgar/data/882835/000088283523000016/rop-20221231.htm
2021-12-31,ROP,USD,0000882835,2022-02-22,2022-02-22 17:02:07,2021,FY,351500000.0,0,351500000.0,786300000.0,176100000.0,1214100000.0,2421100000.0,102800000.0,14094500000,6588500000.0,20683000000.0,0.0,101100000.0,405900000.0,21292800000.0,0.0,23713900000.0,98300000.0,840700000,132000000,1130200000.0,2050800000.0,3121800000.0,7279500000,69900000,1479500000,1748800000,9028300000.0,0.0,198400000,12150100000.0,0.0,1100000.0,9455600000.0,-183100000.0,2290200000.0,11563800000.0,11563800000.0,23713900000.0,0.0,23713900000.0,0.0,7921800000,7570300000.0,https://www.sec.gov/Archives/edgar/data/882835/000088283522000012/0000882835-22-000012-index.htm,https://www.sec.gov/Archives/edgar/data/882835/000088283522000012/rop-20211231.htm
2020-12-31,ROP,USD,0000882835,2021-02-22,2021-02-22 08:59:47,2020,FY,308300000.0,0,308300000.0,840400000.0,198400000.0,438500000.0,1752300000.0,140600000.0,14395200000,7206900000.0,21602100000.0,0.0,104000000.0,425800000.0,22272500000.0,0.0,24024800000.0,127100000.0,556200000,26900000,994600000.0,1734200000.0,2444400000.0,9254200000,42700000,1562500000,1846400000,11100600000.0,0.0,249600000,13545000000.0,0.0,1100000.0,8546200000.0,-147000000.0,2079500000.0,10479800000.0,10479800000.0,24024800000.0,0.0,24024800000.0,0.0,9566500000,9258200000.0,https://www.sec.gov/Archives/edgar/data/882835/000088283521000011/0000882835-21-000011-index.htm,https://www.sec.gov/Archives/edgar/data/882835/000088283521000011/rop-20201231.htm
2024-12-31,LBTYA,USD,0001570585,2025-02-18,2025-02-18 16:16:10,2024,FY,1816300000.0,335600000,2151900000.0,449800000.0,0.0,698600000.0,3300300000.0,4326000000.0,3152600000,1290400000.0,4443000000.0,11688000000.0,0.0,1682400000.0,22139400000.0,0.0,25439700000.0,371200000.0,898500000,272500000,285300000.0,1306400000.0,3133900000.0,8880000000,0,0,881500000,9761500000.0,0.0,0,12895400000.0,0.0,3400000.0,0.0,-657000000.0,13197900000.0,12544300000.0,12722700000.0,25439700000.0,178400000.0,25439700000.0,12023600000.0,9778500000,7962200000.0,https://www.sec.gov/Archives/edgar/data/1570585/000157058525000021/0001570585-25-000021-index.htm,https://www.sec.gov/Archives/edgar/data/1570585/000157058525000021/lbtya-20241231.htm
2023-12-31,LBTYA,USD,0001570585,2024-03-26,2024-03-26 16:44:22,2023,FY,1415900000.0,1990500000,3406400000.0,870100000.0,0.0,1322300000.0,5641600000.0,9122000000.0,10477000000,2053600000.0,12530600000.0,13396100000.0,0.0,1397600000.0,36446300000.0,0.0,42087900000.0,689800000.0,806800000,263900000,249200000.0,2323100000.0,4332800000.0,16611200000,0,0,2136500000,18747700000.0,0.0,1697900000,23080500000.0,0.0,3800000.0,15566000000.0,2170300000.0,1322500000.0,19062600000.0,19007400000.0,42087900000.0,-55200000.0,42087900000.0,15386600000.0,17418000000,16002100000.0,https://www.sec.gov/Archives/edgar/data/1570585/000157058524000100/0001570585-24-000100-index.htm,https://www.sec.gov/Archives/edgar/data/1570585/000157058524000100/lbtya-20231231.htm
2022-12-31,LBTYA,USD,0001570585,2023-03-28,2023-03-28 16:52:50,2022,FY,1726200000.0,2621600000,4347800000.0,902600000.0,382700000.0,1047000000.0,6297400000.0,6504500000.0,9316100000,2342400000.0,11658500000.0,14856100000.0,233800000.0,3344700000.0,36597600000.0,0.0,42895000000.0,610100000.0,1231400000,235600000,264400000.0,1843900000.0,3921000000.0,15058400000,-533799999,533799999,1342200000,16400600000.0,0.0,2227200000,20321600000.0,0.0,4600000.0,19617700000.0,513400000.0,2300700000.0,22436400000.0,22573400000.0,42895000000.0,137000000.0,42895000000.0,17477700000.0,15409100000,13682900000.0,https://www.sec.gov/Archives/edgar/data/1570585/000157058523000085/0001570585-23-000085-index.htm,https://www.sec.gov/Archives/edgar/data/1570585/000157058523000085/lbtya-20221231.htm
2021-12-31,LBTYA,USD,0001570585,2022-02-17,2022-02-17 17:27:57,2021,FY,910600000.0,2269600000,3180200000.0,969800000.0,925000000.0,1790500000.0,5940500000.0,6981500000.0,9523400000,2342500000.0,11865900000.0,19703000000.0,423400000.0,2002700000.0,40976500000.0,0.0,46917000000.0,613400000.0,850300000,236600000,274700000.0,2109800000.0,4084800000.0,15871100000,-544500000,544500000,1363100000,17234200000.0,0.0,1710100000,21319000000.0,0.0,5300000.0,18144500000.0,3892200000.0,3892900000.0,25934900000.0,25598000000.0,46917000000.0,-336900000.0,46917000000.0,21972600000.0,16051200000,15140600000.0,https://www.sec.gov/Archives/edgar/data/1570585/000157058522000038/0001570585-22-000038-index.htm,https://www.sec.gov/Archives/edgar/data/1570585/000157058522000038/lbtya-20211231.htm
2020-12-31,LBTYA,USD,0001570585,2021-03-30,2021-03-30 16:47:34,2020,FY,1327200000.0,1600200000,2927400000.0,1105800000.0,-148800000.0,1769200000.0,4849100000.0,8054100000.0,10466700000,2886000000.0,13352700000.0,5354500000.0,565100000.0,26917200000.0,54243600000.0,0.0,59092700000.0,579100000.0,1433900000,253600000,430900000.0,2244500000.0,4467000000.0,16480800000,-653300000,653300000,24802400000,41327300000.0,0.0,1981500000,45794300000.0,0.0,6300000.0,4692100000.0,3693100000.0,5271600000.0,13662600000.0,13298400000.0,59092700000.0,-364200000.0,59092700000.0,6954700000.0,14997700000,13670500000.0,https://www.sec.gov/Archives/edgar/data/1570585/000157058521000073/0001570585-21-000073-index.htm,https://www.sec.gov/Archives/edgar/data/1570585/000157058521000073/lbtya-20201231.htm
2024-12-31,FDBC,USD,0001098151,2025-03-13,2025-03-13 17:12:02,2024,FY,83353000.0,331457000,357726000.0,37459000.0,0.0,0.0,367358000.0,45674000.0,19628000,876000.0,20504000.0,0.0,0.0,8739000.0,74917000.0,2142341000.0,2584616000.0,0.0,0,0,0.0,0.0,0.0,16991000,0,0,-6266000,10725000.0,2380647000.0,10725000,2380647000.0,0.0,0.0,140113000.0,-55574000.0,119430000.0,203969000.0,203969000.0,2584616000.0,0.0,2584616000.0,331457000.0,16991000,-66362000.0,https://www.sec.gov/Archives/edgar/data/1098151/000143774925007555/0001437749-25-007555-index.htm,https://www.sec.gov/Archives/edgar/data/1098151/000143774925007555/fdbc20241231_10k.htm
2023-12-31,FDBC,USD,0001098151,2024-03-20,2024-03-20 15:47:58,2023,FY,111949000.0,344040000,111949000.0,42693000.0,0.0,0.0,154642000.0,43176000.0,19628000,1184000.0,20812000.0,568273000.0,0.0,1758949000.0,2391210000.0,-42693000.0,2503159000.0,0.0,117000000,0,0.0,911705000.0,1028705000.0,17122000,0,0,2179558000,2196680000.0,-911705000.0,9750000,2313680000.0,0.0,117695000.0,128251000.0,-56467000.0,0.0,189479000.0,189479000.0,2503159000.0,0.0,2503159000.0,912313000.0,134122000,22173000.0,https://www.sec.gov/Archives/edgar/data/1098151/000143774924008680/0001437749-24-008680-index.htm,https://www.sec.gov/Archives/edgar/data/1098151/000143774924008680/fdbc20231231_10k.htm
2022-12-31,FDBC,USD,0001098151,2023-03-20,2023-03-20 15:03:42,2022,FY,29091000.0,420862000,29091000.0,41710000.0,383116000.0,37746000.0,491663000.0,31307000.0,19628000,1540000.0,21168000.0,643606000.0,27422000.0,-27422000.0,696081000.0,1190628000.0,2378372000.0,17483000.0,12940000,0,0.0,-30423000.0,30423000.0,18086000,-12074000,12074000,2184396000,30423000.0,2154576000.0,10467000,2215422000.0,0.0,115611000.0,119754000.0,-71152000.0,-1263000.0,162950000.0,162950000.0,2378372000.0,0.0,2378372000.0,1064468000.0,20559000,-8532000.0,https://www.sec.gov/Archives/edgar/data/1098151/000143774923007221/0001437749-23-007221-index.htm,https://www.sec.gov/Archives/edgar/data/1098151/000143774923007221/fdbc20221231_10k.htm
2021-12-31,FDBC,USD,0001098151,2022-03-23,2022-03-23 16:51:04,2021,FY,96877000.0,738980000,835857000.0,33758000.0,-104837000.0,0.0,869615000.0,29310000.0,19628000,1942000.0,21570000.0,738980000.0,8670000.0,-8670000.0,789860000.0,759629000.0,2419104000.0,15943000.0,0,0,14313000.0,-30256000.0,15943000.0,21567000,171000,10449000,2185808000,10620000.0,2180812000.0,10947000,2207375000.0,0.0,114108000.0,97442000.0,179000.0,0.0,211729000.0,211729000.0,2419104000.0,0.0,2419104000.0,1477960000.0,10620000,-86257000.0,https://www.sec.gov/Archives/edgar/data/1098151/000109815122000006/0001098151-22-000006-index.htm,https://www.sec.gov/Archives/edgar/data/1098151/000109815122000006/fdbc-20211231x10k.htm
2020-12-31,FDBC,USD,0001098151,2021-03-19,2021-03-19 17:14:36,2020,FY,69346000.0,392420000,461766000.0,25807000.0,-75314000.0,0.0,487573000.0,27626000.0,7053000,1734000.0,8787000.0,392420000.0,5820000.0,-5820000.0,428833000.0,783104000.0,1699510000.0,10400000.0,0,0,9772000.0,-20172000.0,10400000.0,12935000,-5856000,10856000,1519905000,5000000.0,1517440000.0,7935000,1532840000.0,0.0,77676000.0,80042000.0,8952000.0,0.0,166670000.0,166670000.0,1699510000.0,0.0,1699510000.0,784840000.0,5000000,-64346000.0,https://www.sec.gov/Archives/edgar/data/1098151/000109815121000013/0001098151-21-000013-index.htm,https://www.sec.gov/Archives/edgar/data/1098151/000109815121000013/fdbc-20201231x10k.htm
2024-12-31,FPH,USD,0001574197,2025-02-24,2025-02-21 20:48:39,2024,FY,430875000.0,0,430875000.0,101670000.0,2298080000.0,992000.0,2831617000.0,29487000.0,0,9037000.0,9037000.0,0.0,0.0,0.0,38524000.0,206276000.0,3076417000.0,100292000.0,0,173424000,0.0,125000.0,273841000.0,525737000,0,33570000,63172000,622479000.0,0.0,0,896320000.0,0.0,0.0,157077000.0,-1468000.0,1715550000.0,1871159000.0,1896159000.0,3076417000.0,25000000.0,3076417000.0,185324000.0,525737000,94862000.0,https://www.sec.gov/Archives/edgar/data/1574197/000157419725000006/0001574197-25-000006-index.htm,https://www.sec.gov/Archives/edgar/data/1574197/000157419725000006/fph-20241231.htm
2023-12-31,FPH,USD,0001574197,2024-03-04,2024-03-01 20:10:32,2023,FY,353801000.0,0,353801000.0,69930000.0,2213479000.0,992000.0,2638202000.0,45147000.0,0,25270000.0,25270000.0,252816000.0,0.0,7853000.0,331086000.0,0.0,2969288000.0,81649000.0,0,173208000,0.0,6553000.0,261410000.0,692538000,0,7067000,239810000,939415000.0,-238641000.0,10974000,962184000.0,0.0,0.0,88780000.0,-2332000.0,591606000.0,678054000.0,2007104000.0,2969288000.0,1329050000.0,2969288000.0,252816000.0,692538000,337745000.0,https://www.sec.gov/Archives/edgar/data/1574197/000157419724000018/0001574197-24-000018-index.htm,https://www.sec.gov/Archives/edgar/data/1574197/000157419724000018/fph-20231231.htm
2022-12-31,FPH,USD,0001574197,2023-03-06,2023-03-03 21:39:38,2022,FY,131771000.0,0,131771000.0,79863000.0,2239125000.0,18255000.0,2469014000.0,30243000.0,0,40257000.0,40257000.0,331594000.0,11506000.0,3170000.0,416770000.0,0.0,2885784000.0,94426000.0,0,173068000,11506000.0,93086000.0,360580000.0,633186000,-63326000,11506000,-12535000,632157000.0,0.0,12535000,992737000.0,33386000.0,0.0,33386000.0,-2988000.0,587733000.0,618131000.0,1893047000.0,2885784000.0,1274916000.0,2885784000.0,331594000.0,620651000,488880000.0,https://www.sec.gov/Archives/edgar/data/1574197/000157419723000011/0001574197-23-000011-index.htm,https://www.sec.gov/Archives/edgar/data/1574197/000157419723000011/fph-20221231.htm
2021-12-31,FPH,USD,0001574197,2022-03-11,2022-03-11 16:44:15,2021,FY,265462000.0,0,265462000.0,79082000.0,2096824000.0,24066000.0,2465434000.0,31466000.0,0,51405000.0,51405000.0,374553000.0,12998000.0,7054000.0,477476000.0,0.0,2942910000.0,115374000.0,0,174126000,-688652000.0,95918000.0,385418000.0,633047000,-73622000,12998000,-13931000,632114000.0,0.0,13931000,1017532000.0,48789000.0,0.0,48789000.0,-1952000.0,587587000.0,634424000.0,1925378000.0,2942910000.0,1290954000.0,2942910000.0,374553000.0,619116000,353654000.0,https://www.sec.gov/Archives/edgar/data/1574197/000157419722000016/0001574197-22-000016-index.htm,https://www.sec.gov/Archives/edgar/data/1574197/000157419722000016/fph-20211231.htm
2020-12-31,FPH,USD,0001574197,2021-03-10,2021-03-09 18:17:46,2020,FY,298144000.0,0,298144000.0,78055000.0,1990859000.0,26956000.0,2394014000.0,32769000.0,0,71747000.0,71747000.0,442850000.0,12578000.0,8027000.0,567971000.0,0.0,2961985000.0,135331000.0,0,173248000,-706532000.0,113149000.0,421728000.0,632757000,-113149000,12578000,-15176000,630159000.0,0.0,15176000,1051887000.0,42221000.0,0.0,42221000.0,-2833000.0,578278000.0,617666000.0,1910098000.0,2961985000.0,1292432000.0,2961985000.0,442850000.0,617581000,319437000.0,https://www.sec.gov/Archives/edgar/data/1574197/000157419721000007/0001574197-21-000007-index.htm,https://www.sec.gov/Archives/edgar/data/1574197/000157419721000007/fph-20201231.htm
2023-12-31,FHSEY,CNY,0000000000,2023-12-31,2023-12-30 19:00:00,2023,FY,189243000.0,0,189243000.0,82202000.0,81000.0,499976000.0,771502000.0,119808000.0,30347000,7247000.0,37594000.0,0.0,20294000.0,42426000.0,220122000.0,0.0,991624000.0,21508000.0,87970000,29678000,0.0,690814000.0,829970000.0,0,0,0,6209000,6209000.0,0.0,0,836179000.0,0.0,6000.0,-205996000.0,54261000.0,305197000.0,153468000.0,155445000.0,991624000.0,1977000.0,991624000.0,33351000.0,87970000,-101273000.0,,
2022-12-31,FHSEY,CNY,0000000000,2022-12-31,2022-12-31 00:00:00,2022,FY,105258000.0,0,105258000.0,87247000.0,1730000.0,282456000.0,476478000.0,128163000.0,30348000,5995000.0,36343000.0,0.0,13309000.0,58186000.0,236001000.0,0.0,712479000.0,13809000.0,54112000,29622000,141574000.0,352485000.0,450028000.0,24987000,113000,5155000,6800000,31787000.0,0.0,45527000,481815000.0,0.0,6000.0,-175694000.0,56796000.0,357689000.0,230233000.0,230664000.0,712479000.0,431000.0,712479000.0,0.0,79099000,-26159000.0,,
2021-12-31,FHSEY,CNY,0000000000,2021-12-31,2021-12-31 00:00:00,2021,FY,144409000.0,0,144409000.0,28346000.0,1625000.0,237146000.0,431275000.0,140670000.0,164873000,47523000.0,212396000.0,0.0,42193000.0,56488000.0,451747000.0,0.0,883022000.0,3138000.0,83297000,31639000,152448000.0,430458000.0,548532000.0,88356000,29328000,25914000,51142000,139498000.0,0.0,84256000,688030000.0,0.0,6000.0,-200312000.0,40903000.0,290594000.0,181469000.0,194992000.0,883022000.0,13523000.0,883022000.0,0.0,127475000,-16934000.0,,
2020-12-31,FHSEY,CNY,0000000000,2020-12-31,2020-12-31 00:00:00,2020,FY,148756000.0,0,148756000.0,30779000.0,1469000.0,228947000.0,373173000.0,142407000.0,40218000,48976000.0,89194000.0,500000.0,12274000.0,18524000.0,262899000.0,0.0,636072000.0,8063000.0,110778000,15377000,217252000.0,527501000.0,661719000.0,28643000,19644000,11933000,42590000,69827000.0,0.0,92783000,731546000.0,0.0,0.0,-201524000.0,41735000.0,105719000.0,-95661000.0,-95474000.0,636072000.0,187000.0,636072000.0,500000.0,139420000,-9336000.0,,
2019-12-31,FHSEY,CNY,0000000000,2019-12-31,2019-12-31 00:00:00,2019,FY,153418000.0,0,153418000.0,92435000.0,1393000.0,17887000.0,265133000.0,136431000.0,40218000,50705000.0,90923000.0,15364000.0,6567000.0,943000.0,250228000.0,0.0,515361000.0,11207000.0,25041000,6055000,189092000.0,369578000.0,411881000.0,7453000,9810000,12323000,25819000,33272000.0,0.0,22030000,445153000.0,0.0,0.0,-180770000.0,29101000.0,250891999.0,70122000.0,70208000.0,515361000.0,86000.0,515361000.0,15364000.0,22030000,-131388000.0,,
2021-12-31,SMKG,USD,0000900475,2021-12-31,2021-12-30 19:00:00,2021,FY,48.0,0,48.0,182245.0,0.0,0.0,182293.0,0.0,0,408679.0,408679.0,1200000.0,0.0,-1.0,1608678.0,0.0,1790971.0,2551741.0,470659,0,0.0,0.0,3022400.0,0,1024999,0,0,1024999.0,0.0,0,4047399.0,0.0,472370.0,-8417539.0,-1.0,5688741.0,-2256429.0,-2256429.0,1790971.0,0.0,1790971.0,1200000.0,470659,470611.0,,
2020-12-31,SMKG,USD,0000900475,2020-12-31,2020-12-30 19:00:00,2020,FY,92.0,0,92.0,72045.0,-1.4210854715202004e-14,0.0,72137.0,0.0,0,480515.0,480515.0,1700000.0,0.0,-1.0,2180514.0,1.0,2252652.0,1962139.0,407812,0,0.0,-407812.0,1962139.0,407812,1265000,0,0,1672812.0,0.0,0,3634951.0,0.9999999990686774,468537.0,-7428598.0,6046298.0,5577762.0,-1382300.0,-1382300.0,2252651.0,0.0,2252651.0,1700000.0,407812,407720.0,,
2019-12-31,SMKG,USD,0000900475,2019-12-31,2019-12-29 19:00:00,2019,FY,120.0,0,120.0,88490.0,-1.42e-11,1.000000000014552,88611.0,0.0,0,421465.0,421465.0,1200000.0,0.0,0.0,1621465.0,0.0,1710076.0,1360130.0,285533,0,-285.533000000054,-285533.0,1360130.0,285533,1080000,0,0,1365533.0,0.0,0,2725663.0,0.0,442793.0,-5692561.0,4676974.0,4234181.0,-1015587.0,-1015587.0,1710076.0,0.0,1710076.0,1200000.0,285533,285413.0,,
2018-12-31,SMKG,USD,0000900475,2018-12-31,2018-12-30 19:00:00,2018,FY,423.0,0,423.0,53200.0,0.0,103142.0,156765.0,0.0,0,720450.0,720450.0,0.0,0.0,0.0,720450.0,0.0,877215.0,862268.0,0,0,0.0,0.0,862268.0,2176682,0,0,0,2176681.0,1.0,0,3038950.0,0.0,367293.0,-5835073.0,0.0,3306045.0,-2161735.0,-2161735.0,877215.0,0.0,877215.0,0.0,2176682,2176259.0,,
2017-12-31,SMKG,USD,0000900475,2017-12-31,2017-12-30 19:00:00,2017,FY,13417.0,0,13417.0,15000.0,0.0,1.73e-12,28417.0,0.0,0,357521.0,357521.0,0.0,0.0,0.0,357521.0,0.0,385938.0,1423942.0,0,0,0.0,0.0,1423942.0,1530698,0,0,0,1530698.0,0.0,0,2954640.0,0.0,279076.0,-4860040.0,0.0,2012262.0,-2568702.0,-2568702.0,385938.0,0.0,385938.0,0.0,1530698,1517281.0,,
2024-12-31,HFRO,USD,0001710680,2024-12-31,2024-12-31 00:00:00,2024,FY,16560812.0,0,16560812.0,27664845.0,0.0,-27664845.0,16560812.0,0.0,0,0.0,0.0,880669563.0,0.0,-880669563.0,916059611.0,932620423.0,932620423.0,519118.0,0,0,0.0,-519118.0,0.0,0,0,0,0,0.0,149288505.0,0,149288505.0,0.0,1392620466.0,-609288548.0,0.0,0.0,783331918.0,783331918.0,932620423.0,0.0,932620423.0,880669563.0,0,-16560812.0,,
2023-12-31,HFRO,USD,0001710680,2023-12-31,2023-12-30 19:00:00,2023,FY,7652285.0,87211,14797087.0,18750072.0,0.0,-33547159.0,0.0,0.0,0,0.0,0.0,1007518718.0,0.0,-1007518718.0,0.0,1041220524.0,1041220524.0,1685919.0,0,0,0.0,1388329.0,3074248.0,0,0,0,0,0.0,170804519.0,0,170804519.0,139756249.0,1415084508.0,-544668503.0,0.0,-139756249.0,870416005.0,870416005.0,1041220524.0,0.0,1041220524.0,1007605929.0,20690000,-7652285.0,,
2022-12-31,HFRO,USD,0001710680,2022-12-31,2022-12-31 00:00:00,2022,FY,25211337.0,402719,25211337.0,30047176.0,37232217.0,-62443554.0,30047176.0,0.0,0,0.0,0.0,1066779262.0,0.0,62801077.0,1129580339.0,-30047176.0,1129580339.0,13100000.0,0,0,0.0,-13100000.0,13100000.0,21722000,0,0,-21722000,43836413.0,-13100000.0,0,43836413.0,139756249.0,1454795842.0,-508808165.0,-1454795842.0,1454795842.0,1085743926.0,1085743926.0,1129580339.0,0.0,1129580339.0,1066779262.0,21722000,-3489337.0,,
2021-12-31,HFRO,USD,0001710680,2021-12-31,2021-12-31 00:00:00,2021,FY,51432727.0,156357,51432727.0,16628557.0,107135524.0,-146209764.0,68061284.0,0.0,0,0.0,0.0,1068268902.0,0.0,-1068268902.0,1068268902.0,39488290.0,1175818476.0,15170483.0,0,0,0.0,-15170483.0,15170483.0,0,0,0,0,40447388.0,-40447388.0,0,15170483.0,139756249.0,1504331119.0,-508716280.0,-1504331119.0,1504331119.0,1135371088.0,1135371088.0,1175818476.0,0.0,1175818476.0,1068268902.0,0,-51432727.0,,
2020-12-31,HFRO,USD,0001710680,2020-12-31,2020-12-31 00:00:00,2020,FY,147787850.0,172731,147787850.0,21249511.0,189204862.0,-209372363.0,169037361.0,0.0,0,0.0,0.0,1112739451.0,0.0,-1112739451.0,1112739451.0,20848047.0,1302624859.0,2223860.0,0,0,0.0,-2223860.0,2223860.0,0,0,0,0,200000000.0,10296865.0,0,212520725.0,139756249.0,1576243109.0,-625895224.0,-1576243109.0,1576243109.0,1090104134.0,1090104134.0,1302624859.0,0.0,1302624859.0,1112739451.0,200000000,52212150.0,,
2023-12-31,IMII,USD,0001416090,2024-05-02,2024-05-02 17:12:23,2023,FY,2.0,0,2.0,0.0,0.0,10000.0,10002.0,12853.0,0,0.0,0.0,0.0,0.0,531.0,13384.0,0.0,23386.0,348902.0,205030,0,0.0,1022417.0,1576349.0,868618,0,0,0,868618.0,0.0,9595,2444967.0,1.0,26389.0,-28913582.0,0.0,26465611.0,-2421581.0,-2421581.0,23386.0,0.0,23386.0,0.0,1073648,1073646.0,https://www.sec.gov/Archives/edgar/data/1416090/000109690624001010/0001096906-24-001010-index.htm,https://www.sec.gov/Archives/edgar/data/1416090/000109690624001010/form_10k.htm
2022-12-31,IMII,USD,0001416090,2023-04-17,2023-04-17 17:31:11,2022,FY,-23106.0,0,-23106.0,0.0,0.0,302849.0,302849.0,27089.0,0,0.0,0.0,0.0,0.0,823465.0,850554.0,0.0,1153403.0,127612.0,6524684,0,0.0,22415902.0,29068198.0,5448575,0,0,767673,6216248.0,0.0,23106,35284446.0,1.0,2446.0,-41655570.0,-618683.0,8152715.0,-34119091.0,-34131043.0,1153403.0,-11952.0,1153403.0,0.0,11959748,11982854.0,https://www.sec.gov/Archives/edgar/data/1416090/000149315223012623/0001493152-23-012623-index.htm,https://www.sec.gov/Archives/edgar/data/1416090/000149315223012623/form10-k.htm
2021-12-31,IMII,USD,0001416090,2022-04-15,2022-04-15 15:38:19,2021,FY,55273.0,0,55273.0,12026.0,455438.0,44262.0,543008.0,467453.0,0,0.0,0.0,0.0,0.0,161576.0,629029.0,0.0,1172037.0,48339.0,5876235,0,14699835.0,19355194.0,30658748.0,5493753,0,0,674074,788847.0,0.0,36182,31447595.0,1.0,1624.0,-37508429.0,-639949.0,7881439.0,-30265314.0,-30275558.0,1172037.0,-10244.0,1172037.0,0.0,11369988,11314715.0,https://www.sec.gov/Archives/edgar/data/1416090/000149315222010072/0001493152-22-010072-index.htm,https://www.sec.gov/Archives/edgar/data/1416090/000149315222010072/form10-k.htm
2020-12-31,IMII,USD,0001416090,2021-04-15,2021-04-15 17:08:58,2020,FY,34358.0,118166,152524.0,11870.0,736749.0,44562.0,923424.0,413811.0,0,0.0,0.0,0.0,0.0,163095.0,576906.0,0.0,1500330.0,719070.0,9431286,0,11272857.0,18837164.0,28987520.0,1377715,0,0,602337,1980052.0,0.0,0,30967572.0,1.0,787.0,-34668784.0,-673185.0,5882614.0,-29458567.0,-29467242.0,1500330.0,-8675.0,1500330.0,118166.0,10809001,10774643.0,https://www.sec.gov/Archives/edgar/data/1416090/000149315221008929/0001493152-21-008929-index.htm,https://www.sec.gov/Archives/edgar/data/1416090/000149315221008929/form10k.htm
2019-12-31,IMII,USD,0001416090,2020-03-30,2020-03-30 14:48:07,2019,FY,47996.0,0,47996.0,20538.0,855069.0,23728.0,935467.0,443348.0,0,0.0,0.0,0.0,0.0,36802.0,480150.0,0.0,1415617.0,750529.0,7488262,0,9050055.0,14093162.0,22331953.0,1566627,0,0,573051,2079678.0,-7.275957614183426e-12,0,24411631.0,1.0,600.0,-28984217.0,-525951.0,5309544.0,-22988061.0,-22996014.0,1415617.0,-7953.0,1415617.0,0.0,9114889,9066893.0,https://www.sec.gov/Archives/edgar/data/1416090/000149315220005161/0001493152-20-005161-index.htm,https://www.sec.gov/Archives/edgar/data/1416090/000149315220005161/form10-k.htm
2024-12-31,WTRG,USD,0000078128,2025-02-27,2025-02-27 16:48:54,2024,FY,9156000.0,0,9156000.0,2515000.0,0.0,261865000.0,264380000.0,0.0,2340713000,3273000.0,2343986000.0,0.0,135026000.0,8333002000.0,10812014000.0,6950160000.0,18026554000.0,258615000.0,329349000,38219000,0.0,348485000.0,974668000.0,7395828000,113323000,1831868000,1512058000,10853077000.0,0.0,27447000,11827745000.0,0.0,139105000.0,1949492000.0,0.0,4110212000.0,6198809000.0,6198809000.0,18026554000.0,0.0,18026554000.0,0.0,7725177000,7716021000.0,https://www.sec.gov/Archives/edgar/data/78128/000156276225000036/0001562762-25-000036-index.htm,https://www.sec.gov/Archives/edgar/data/78128/000156276225000036/wtrg-20241231x10k.htm
2023-12-31,WTRG,USD,0000078128,2024-02-29,2024-02-29 11:08:08,2023,FY,4612000.0,0,4612000.0,245736000.0,112667000.0,128964000.0,491979000.0,12134488000.0,2340738000,3593000.0,2344331000.0,0.0,0.0,1870660999.0,16349479999.0,0.0,16841458999.0,221191000.0,227538000,40641000,0.0,308557000.0,797927000.0,6860510000,128755000,1628324000,1529759999,10147348999.0,1.0,34425000,10945276000.0,0.0,138297000.0,1706675000.0,0.0,4051211000.0,5896183000.0,5896183000.0,16841459000.0,0.0,16841459000.0,-2527510000.0,7088048000,7083436000.0,https://www.sec.gov/Archives/edgar/data/78128/000156276224000047/0001562762-24-000047-index.htm,https://www.sec.gov/Archives/edgar/data/78128/000156276224000047/wtrg-20231231x10k.htm
2022-12-31,WTRG,USD,0000078128,2023-03-01,2023-03-01 16:24:47,2022,FY,11398000.0,0,11398000.0,376828000.0,199735000.0,70198000.0,658159000.0,11130946000.0,2340792000,4604000.0,2345396000.0,1342000.0,42206000.0,1541058000.0,15060948000.0,0.0,15719107000.0,238843000.0,456550000,34393000,42206000.0,292083000.0,1021869000.0,6408723000,114732000,1345766000,1450631000,9319852000.0,0.0,37666000,10341721000.0,0.0,133486000.0,1534331000.0,4.689582056016661e-07,3709569000.0,5377386000.0,5377386000.0,15719107000.0,0.0,15719107000.0,1342000.0,6798913000,6787515000.0,https://www.sec.gov/Archives/edgar/data/78128/000156276223000064/0001562762-23-000064-index.htm,https://www.sec.gov/Archives/edgar/data/78128/000156276223000064/wtrg-20221231x10k.htm
2021-12-31,WTRG,USD,0000078128,2022-03-01,2022-03-01 15:12:53,2021,FY,10567000.0,0,10567000.0,260921000.0,109560000.0,56747000.0,437795000.0,10251866000.0,2340815000,5764000.0,2346579000.0,-1310000.0,1310000.0,1622038000.0,14220483000.0,0.0,14658278000.0,192932000.0,278867999,37924000,-192932000.0,165339001.0,675063000.0,5827734000,103619000,1406537000,1460875000,8798765000.0,0.0,48230000,9473828000.0,0.0,128050000.0,1434201000.0,-2.4158453015843406e-07,3622199000.0,5184450000.0,5184450000.0,14658278000.0,0.0,14658278000.0,-1310000.0,5976650000,5966083000.0,https://www.sec.gov/Archives/edgar/data/78128/000156276222000068/0001562762-22-000068-index.htm,https://www.sec.gov/Archives/edgar/data/78128/000156276222000068/wtrg-20211231x10k.htm
2020-12-31,WTRG,USD,0000078128,2021-03-01,2021-03-01 16:44:56,2020,FY,4827000.0,0,4827000.0,273313000.0,58401000.0,43679000.0,380220000.0,9512877000.0,2324547000,7241000.0,2331788000.0,-14501000.0,14501000.0,1480392000.0,13325057000.0,0.0,13705277000.0,177489000.0,170217000,37172000,-177489000.0,218995000.0,603873000.0,5563386000,99014000,1258098000,1497029000,8417527000.0,0.0,63308000,9021400000.0,0.9999990463256836,124285000.0,1261862000.0,6.821210263296962e-07,3297730000.0,4683877000.0,4683877000.0,13705277000.0,0.0,13705277000.0,-14501000.0,5670295000,5665468000.0,https://www.sec.gov/Archives/edgar/data/78128/000156276221000081/0001562762-21-000081-index.htm,https://www.sec.gov/Archives/edgar/data/78128/000156276221000081/wtrg-20201231x10k.htm
2024-12-31,OCS,CHF,0001953530,2025-03-11,2025-03-11 16:35:27,2024,FY,27708000.0,70955000,98663000.0,3392000.0,0.0,2842000.0,104897000.0,1688000.0,0,13292000.0,13292000.0,0.0,0.0,476000.0,15456000.0,0.0,120353000.0,5871000.0,315000,0,0.0,38049000.0,44235000.0,865000,0,0,1870000,2735000.0,0.0,1180000,46970000.0,0.0,446000.0,-285557000.0,-2504000.0,360998000.0,73383000.0,73383000.0,120353000.0,0.0,120353000.0,70955000.0,1180000,-26528000.0,https://www.sec.gov/Archives/edgar/data/1953530/000095017025037224/0000950170-25-037224-index.htm,https://www.sec.gov/Archives/edgar/data/1953530/000095017025037224/ocs-20241231.htm
2023-12-31,OCS,CHF,0001953530,2024-03-19,2024-03-19 06:45:47,2023,FY,38327000.0,53324000,91651000.0,1204000.0,0.0,8160000.0,101015000.0,1042999.0,0,12206000.0,12206000.0,0.0,0.0,89001.0,13338000.0,0.0,114353000.0,7596000.0,174000,0,0.0,11318000.0,19088000.0,431000,0,0,1106000,1537000.0,0.0,605000,20625000.0,0.0,366000.0,-199780000.0,-1399000.0,294541000.0,93728000.0,93728000.0,114353000.0,0.0,114353000.0,53324000.0,605000,-37722000.0,https://www.sec.gov/Archives/edgar/data/1953530/000095017024033144/0000950170-24-033144-index.htm,https://www.sec.gov/Archives/edgar/data/1953530/000095017024033144/ocs-20231231.htm
2022-12-31,OCS,CHF,0001953530,2023-03-28,2023-03-28 17:12:12,2022,FY,19786000.0,0,19786000.0,1077000.0,-1077999.0,2794000.0,23657000.0,1123000.0,0,12206000.0,12206000.0,50000.0,24000.0,0.0,13403000.0,0.0,37060000.0,3867000.0,142000,0,8010000.0,8011000.0,12020000.0,122940000,0,0,91000,123031000.0,0.0,633000,135051000.0,0.0,340000.0,-110978000.0,-564000.0,13512000.0,-97991000.0,-97991000.0,37060000.0,0.0,37060000.0,50000.0,123082000,103296000.0,https://www.sec.gov/Archives/edgar/data/1953530/000095017023010352/0000950170-23-010352-index.htm,https://www.sec.gov/Archives/edgar/data/1953530/000095017023010352/ocs-20221231.htm
2021-12-31,OCS,CHF,0001953530,2021-12-31,2021-12-31 00:00:00,2021,FY,46277000.0,0,46277000.0,911000.0,-911000.0,793000.0,47981000.0,1287000.0,0,8724000.0,8724000.0,52000.0,0.0,-1000.0,10062000.0,0.0,58043000.0,824000.0,193000,0,0.0,3045000.0,4062000.0,114079000,845000,11000,12000,114936000.0,0.0,770000,118998000.0,0.0,335000.0,-72280000.0,-1311000.0,12301000.0,-60955000.0,-60955000.0,58043000.0,0.0,58043000.0,52000.0,114272000,67995000.0,,
2020-12-31,OCS,CHF,0001953530,2020-12-31,2020-12-31 00:00:00,2020,FY,4952000.0,0,4952000.0,1139000.0,72000.0,1212000.0,6164000.0,1440000.0,0,8724000.0,8724000.0,50000.0,6000.0,0.0,10220000.0,-1000.0,16383000.0,790000.0,188000,0,3365000.0,-1000.0,4342000.0,54623000,0,0,1072000,55695000.0,0.0,833000,60037000.0,0.0,297000.0,-53728000.0,-1372000.0,11149000.0,-43654000.0,-43654000.0,16383000.0,0.0,16383000.0,50000.0,54811000,49859000.0,,
