,country,currency,estimateCurrency,exchange,finnhubIndustry,ipo,logo,marketCapitalization,name,phone,shareOutstanding,ticker,weburl
0,US,USD,USD,NASDAQ NMS - GLOBAL MARKET,Energy,1997-04-04,https://static2.finnhub.io/file/publicdatany/finnhubimage/stock_logo/942959066436.png,102.16407809983896,Gulf Island Fabrication Inc,17137146123,16.35,GIFI,https://www.gulfisland.com/
0,US,USD,USD,"NEW YORK STOCK EXCHANGE, INC.",N/A,1984-08-23,https://static2.finnhub.io/file/publicdatany/finnhubimage/stock_logo/942959012256.png,98.74,Korea Fund Inc,12127393000,4.83,KF,https://www.thekoreafund.com/
0,US,USD,USD,"NEW YORK STOCK EXCHANGE, INC.",Electrical Equipment,2004-07-30,https://static2.finnhub.io/file/publicdatany/finnhubimage/stock_logo/ENS.png,3991.3456246855726,EnerSys,16102081600,39.43,ENS,https://www.enersys.com
0,US,USD,USD,OTC MARKETS,N/A,2021-02-11,https://static2.finnhub.io/file/publicdatany/finnhubimage/stock_logo/950796962906.png,87.68368684429645,Goal Acquisitions Corp,15122871871,7.46,PUCK,https://www.goalacquisitions.com/
0,CA,USD,USD,NASDAQ NMS - GLOBAL MARKET,Semiconductors,2007-06-26,https://static2.finnhub.io/file/publicdatany/finnhubimage/stock_logo/942976532156.png,280.1441360204918,POET Technologies Inc,14013381212,78.03,POET,https://www.poet-technologies.com/
0,NL,USD,USD,NYSE EURONEXT - EURONEXT PARIS,Semiconductors,2000-07-18,https://static2.finnhub.io/file/publicdatany/finnhubimage/stock_logo/STM.PA.png,21558.533746,STMicroelectronics NV,31206543210,911.28,STMPA.PA,https://www.st.com/
0,JE,USD,USD,NYSE MKT LLC,Metals & Mining,1984-10-02,https://static2.finnhub.io/file/publicdatany/finnhubimage/stock_logo/950506994136.png,204.63499861395354,Caledonia Mining Corporation PLC,441534679800,19.21,CMCL,https://www.caledoniamining.com/
0,US,USD,USD,"NEW YORK STOCK EXCHANGE, INC.",Energy,2017-04-04,https://static2.finnhub.io/file/publicdatany/finnhubimage/stock_logo/950548154066.png,8076.5009597479475,Kinetik Holdings Inc,17136217330,157.77,KNTK,https://www.kinetik.com/
0,US,USD,USD,"NEW YORK STOCK EXCHANGE, INC.",Utilities,1949-11-16,https://static2.finnhub.io/file/publicdatany/finnhubimage/stock_logo/DTE.png,27289.675966731425,DTE Energy Co,13132354000,207.24,DTE,https://ir.dteenergy.com/
0,SG,USD,USD,NASDAQ NMS - GLOBAL MARKET,Road & Rail,2020-10-01,https://static2.finnhub.io/file/publicdatany/finnhubimage/stock_logo/GRAB.png,18162.62962381957,Grab Holdings Ltd,6596841256,4027.0,GRAB,https://www.grab.com/sg/
0,US,USD,USD,NASDAQ NMS - GLOBAL MARKET,Banking,2000-08-18,https://static2.finnhub.io/file/publicdatany/finnhubimage/stock_logo/PNFP.png,8248.841514429905,Pinnacle Financial Partners Inc,16157443700,77.37,PNFP,https://www.pnfp.com/
0,US,USD,USD,NASDAQ NMS - GLOBAL MARKET,Biotechnology,2014-10-16,https://static2.finnhub.io/file/publicdatany/finnhubimage/stock_logo/ATRA.png,39.742275,Atara Biotherapeutics Inc,18056234244,5.76,ATRA,https://www.atarabio.com/
0,US,USD,USD,NASDAQ NMS - GLOBAL MARKET,Commercial Services & Supplies,1980-03-18,https://static2.finnhub.io/file/publicdatany/finnhubimage/stock_logo/942959052156.png,171.201658284466,Virco Mfg Corp,13105330474,16.29,VIRC,https://virco.com
0,IL,USD,USD,NASDAQ NMS - GLOBAL MARKET,Electrical Equipment,2020-05-05,https://static2.finnhub.io/file/publicdatany/finnhubimage/stock_logo/950517679136.png,145.71735588578676,Innoviz Technologies Ltd,972747003692,198.17,INVZ,https://innoviz.tech/
0,US,USD,USD,NASDAQ NMS - GLOBAL MARKET,N/A,2024-11-01,,241.4,Newbury Street II Acquisition Corp,16173342805,24.12,NTWOU,
0,US,USD,USD,"NEW YORK STOCK EXCHANGE, INC.",Banking,2001-06-21,https://static2.finnhub.io/file/publicdatany/finnhubimage/stock_logo/942958991816.png,547.568169534171,SmartFinancial Inc,18662902554,16.93,SMBK,https://www.smartfinancialinc.com/
0,US,USD,USD,NASDAQ NMS - GLOBAL MARKET,Electrical Equipment,2024-02-27,https://static2.finnhub.io/file/publicdatany/finnhubimage/stock_logo/950357434996.png,55.69933626446281,SolarMax Technology Inc,19512218172,45.28,SMXT,https://www.solarmaxtech.com/
0,US,USD,USD,NASDAQ NMS - GLOBAL MARKET,Professional Services,2016-12-13,https://static2.finnhub.io/file/publicdatany/finnhubimage/stock_logo/CNDT.png,532.421152,Conduent Inc,18446632638,161.83,CNDT,https://www.conduent.com
0,US,USD,USD,NASDAQ NMS - GLOBAL MARKET,Financial Services,2021-12-03,https://static2.finnhub.io/file/publicdatany/finnhubimage/stock_logo/950865914156.png,2.71025160655738,Beneficient,12144454705,8.66,BENF,https://www.trustben.com/
0,CA,USD,USD,TORONTO STOCK EXCHANGE,Metals & Mining,2007-11-30,https://static2.finnhub.io/file/publicdatany/finnhubimage/stock_logo/FNV.TO.png,39283.92431,Franco-Nevada Corp,14163066300,192.49,FNV.TO,https://www.franco-nevada.com/
0,US,USD,USD,"NEW YORK STOCK EXCHANGE, INC.",Professional Services,2020-06-30,https://static2.finnhub.io/file/publicdatany/finnhubimage/stock_logo/950746570926.png,3889.7593602060892,Dun & Bradstreet Holdings Inc,19046486350,441.52,DNB,https://investor.dnb.com/
0,US,USD,USD,OTC MARKETS,N/A,2006-10-10,https://static2.finnhub.io/file/publicdatany/finnhubimage/stock_logo/942959042336.png,0.255925,Sun Pacific Holding Corp,17328450906,0.24,SNPW,https://sunpacificholding.com/
0,US,USD,USD,NASDAQ NMS - GLOBAL MARKET,Trading Companies & Distributors,2022-01-25,https://static2.finnhub.io/file/publicdatany/finnhubimage/stock_logo/950813586296.png,7.88927313554536,FGI Industries Ltd,19734280400,9.56,FGI,https://www.fgi-industries.com/
0,TW,USD,USD,NASDAQ NMS - GLOBAL MARKET,Media,2000-02-17,https://static2.finnhub.io/file/publicdatany/finnhubimage/stock_logo/942958921236.png,17.46253190831832,GigaMedia Ltd,886226568000,11.05,GIGM,http://www.gigamedia.com
0,US,,,OTC MARKETS,N/A,2009-02-24,https://static2.finnhub.io/file/publicdatany/finnhubimage/stock_logo/942960523476.png,1.734634,GEMXX Corp,17029301815,115.31,GEMZ,https://www.gemxx.com/
0,CA,CAD,CAD,TORONTO STOCK EXCHANGE,Energy,1998-10-23,https://static2.finnhub.io/file/publicdatany/finnhubimage/stock_logo/PPL.TO.png,31323.099112,Pembina Pipeline Corp,14032317500,580.58,PPL.TO,https://www.pembina.com/
0,US,USD,USD,"NEW YORK STOCK EXCHANGE, INC.",Auto Components,1999-01-29,https://static2.finnhub.io/file/publicdatany/finnhubimage/stock_logo/AXL.png,549.1034142922756,American Axle & Manufacturing Holdings Inc,13137583600,117.58,AXL,https://www.aam.com/investors
0,US,USD,USD,"NEW YORK STOCK EXCHANGE, INC.",N/A,1986-11-20,https://static2.finnhub.io/file/publicdatany/finnhubimage/stock_logo/942959012066.png,224.88,MFS Municipal Income Trust,18006372929,41.19,MFM,https://www.mfs.com/wps/portal/mfs/us-advisor-pub/products/closed-end/!ut/p/a1/hY5bT4NAEIV_DY8ys9sK1
0,US,USD,USD,NASDAQ NMS - GLOBAL MARKET,Metals & Mining,1983-03-28,https://static2.finnhub.io/file/publicdatany/finnhubimage/stock_logo/PLL.png,167.31935422740523,Piedmont Lithium Inc,17044618000,21.94,PLL,https://piedmontlithium.com/
0,US,USD,USD,"NEW YORK STOCK EXCHANGE, INC.",N/A,2014-10-08,https://static2.finnhub.io/file/publicdatany/finnhubimage/stock_logo/950429434986.png,986.38,Eagle Point Credit Company Inc,12038623150,111.84,ECC,http://eaglepointcreditcompany.com/
0,AR,ARS,ARS,BOLSA DE COMERCIO DE BUENOS AIRES,Banking,2016-05-11,https://static2.finnhub.io/file/publicdatany/finnhubimage/stock_logo/SUPV3.BA.png,1338996.21,Grupo Supervielle SA,,394.98,SUPV2.BA,https://www.gruposupervielle.com/Spanish/SpanishHome/default.aspx
0,US,USD,USD,NASDAQ NMS - GLOBAL MARKET,N/A,2022-08-10,https://static2.finnhub.io/file/publicdatany/finnhubimage/stock_logo/950811523086.png,53.96908528320802,Embrace Change Acquisition Corp,18586884965,4.52,EMCG,https://embracechange.top/
0,US,USD,USD,NASDAQ NMS - GLOBAL MARKET,Banking,1987-01-12,https://static2.finnhub.io/file/publicdatany/finnhubimage/stock_logo/942959134556.png,278.2117434431818,First of Long Island Corp,15166714900,22.6,FLIC,https://www.fnbli.com/
0,US,USD,USD,NASDAQ NMS - GLOBAL MARKET,Electrical Equipment,2021-01-27,https://static2.finnhub.io/file/publicdatany/finnhubimage/stock_logo/SHLS.png,470.92498092358795,Shoals Technologies Group Inc,16154511400,166.99,SHLS,https://www.shoals.com/
0,CL,CLP,CLP,SANTIAGO STOCK EXCHANGE,Beverages,1982-08-26,https://static2.finnhub.io/file/publicdatany/finnhubimage/stock_logo/ANDINA-B.SN.png,2713978.6,Embotelladora Andina SA,566003603600,946.57,ANDINA-B.SN,https://www.koandina.com/
0,US,USD,USD,"NEW YORK STOCK EXCHANGE, INC.",N/A,2014-12-22,https://static2.finnhub.io/file/publicdatany/finnhubimage/stock_logo/950441771276.png,537.5,Nuveen Dow 30SM Dynamic Overwrite Fund,13129178146,36.37,DIAX,https://www.nuveen.com/CEF/Product/Overview.aspx
0,US,USD,USD,NASDAQ NMS - GLOBAL MARKET,N/A,2023-01-13,https://static2.finnhub.io/file/publicdatany/finnhubimage/stock_logo/950824563876.png,147.3584970292704,Israel Acquisitions Corp,15122871871,6.35,ISRL,https://israelacquisitionscorp.com/
0,SG,USD,USD,NASDAQ NMS - GLOBAL MARKET,Semiconductors,2020-08-14,https://static2.finnhub.io/file/publicdatany/finnhubimage/stock_logo/MAXN.png,52.9034010984127,Maxeon Solar Technologies Ltd,654084572302,15.22,MAXN,https://maxeon.com/
0,US,USD,USD,OTC MARKETS,N/A,2017-05-05,https://static2.finnhub.io/file/publicdatany/finnhubimage/stock_logo/950517796176.png,0.002406,GEX Management Inc,18772104396,2405.61,GXXM,https://www.gexmanagement.com/
0,US,USD,USD,"NEW YORK STOCK EXCHANGE, INC.",N/A,1989-05-19,https://static2.finnhub.io/file/publicdatany/finnhubimage/stock_logo/942980524056.png,66.37,MFS Investment Grade Municipal Trust,16179545000,8.2,CXH,https://www.mfs.com/wps/portal/mfs/us-advisor-pub/products/closed-end/
0,US,USD,USD,NASDAQ NMS - GLOBAL MARKET,Chemicals,1998-05-13,https://static2.finnhub.io/file/publicdatany/finnhubimage/stock_logo/IOSP.png,2511.4407775280292,Innospec Inc,17203556451,24.96,IOSP,https://innospec.com/
0,US,USD,USD,"NEW YORK STOCK EXCHANGE, INC.",Building,2012-03-29,https://static2.finnhub.io/file/publicdatany/finnhubimage/stock_logo/ZWS.png,5823.94,Zurn Elkay Water Solutions Corp,14146433000,168.42,ZWS,https://zurnelkay.com/
0,CH,USD,USD,LONDON STOCK EXCHANGE,Metals & Mining,2011-05-24,https://static2.finnhub.io/file/publicdatany/finnhubimage/stock_logo/950348441936.png,39735.163584,Glencore PLC,41417092000,12154.21,GLEN.L,https://www.glencore.com/
0,US,USD,USD,NASDAQ NMS - GLOBAL MARKET,Financial Services,2016-11-04,https://static2.finnhub.io/file/publicdatany/finnhubimage/stock_logo/950512685216.png,124.44880292612609,Great Elm Capital Corp,16173753006,11.54,GECC,http://www.greatelmcc.com
0,IT,EUR,EUR,"NEW YORK STOCK EXCHANGE, INC.",Life Sciences Tools & Services,2021-07-16,https://static2.finnhub.io/file/publicdatany/finnhubimage/stock_logo/STVN.png,5878.124258695652,Stevanato Group SpA,390499318173,302.84,STVN,https://www.stevanatogroup.com/
0,US,USD,USD,OTC MARKETS,Tobacco,2008-03-05,https://static2.finnhub.io/file/publicdatany/finnhubimage/stock_logo/942975308886.png,3.669872,VPR Brands LP,13055376607,91.75,VPRB,https://vprbrands.com/
0,US,USD,USD,NASDAQ NMS - GLOBAL MARKET,Pharmaceuticals,2021-03-02,https://static2.finnhub.io/file/publicdatany/finnhubimage/stock_logo/950798955646.png,231.4762018289786,Biote Corp,19724869346,54.34,BTMD,https://haymakeracquisition.com/
0,US,USD,USD,NASDAQ NMS - GLOBAL MARKET,Health Care,2000-10-19,https://static2.finnhub.io/file/publicdatany/finnhubimage/stock_logo/942959018046.png,415.659193494705,Delcath Systems Inc,15187438892,31.97,DCTH,https://delcath.com/
0,NL,EUR,EUR,NYSE EURONEXT - EURONEXT PARIS,Aerospace & Defense,2000-07-10,https://static2.finnhub.io/file/publicdatany/finnhubimage/stock_logo/942958849556.png,136977.473954,Airbus SE,31715245600,792.28,AIR.PA,https://www.airbus.com/
0,US,USD,USD,"NEW YORK STOCK EXCHANGE, INC.",Media,1972-09-21,https://static2.finnhub.io/file/publicdatany/finnhubimage/stock_logo/942959044746.png,515.1321638329327,Marcus Corp,14149051000,31.75,MCS,http://www.marcuscorp.com/
0,CA,CAD,CAD,CANADIAN NATIONAL STOCK EXCHANGE,N/A,2021-11-22,https://static2.finnhub.io/file/publicdatany/finnhubimage/stock_logo/950814812066.png,4.93647,Asep Medical Holdings Inc,17786000509,74.18,ASEP.CN,https://asepmedical.com/
0,CH,EUR,EUR,SWISS EXCHANGE,"Textiles, Apparel & Luxury Goods",1997-12-16,https://static2.finnhub.io/file/publicdatany/finnhubimage/stock_logo/942958905326.png,102024.816283,Compagnie Financiere Richemont SA,41227213500,537.58,CFR.SW,https://www.richemont.com/
0,NO,USD,USD,OSLO BORS ASA,Energy,2001-06-18,https://static2.finnhub.io/file/publicdatany/finnhubimage/stock_logo/EQNR.OL.png,663504.489243,Equinor ASA,4751990000,2792.78,EQNR.OL,https://www.equinor.com/
0,US,USD,USD,"NEW YORK STOCK EXCHANGE, INC.",Aerospace & Defense,2011-03-19,https://static2.finnhub.io/file/publicdatany/finnhubimage/stock_logo/HII.png,7688.993418954931,Huntington Ingalls Industries Inc,17573802000,39.13,HII,https://hii.com/
0,US,USD,USD,NASDAQ NMS - GLOBAL MARKET,Banking,2019-07-02,https://static2.finnhub.io/file/publicdatany/finnhubimage/stock_logo/950683283446.png,128.72137013793105,Richmond Mutual Bancorporation Inc,17659734299,10.91,RMBI,https://ir.rmbi.firstbankrichmond.com/overview/corporate-profile/default.aspx
0,US,USD,USD,NASDAQ NMS - GLOBAL MARKET,Consumer products,2021-05-11,https://static2.finnhub.io/file/publicdatany/finnhubimage/stock_logo/950715177596.png,12.67786890385714,Flora Growth Corp,14168612267,18.2,FLGC,https://www.floragrowth.com/
0,US,USD,USD,"NEW YORK STOCK EXCHANGE, INC.",Technology,2020-09-30,https://static2.finnhub.io/file/publicdatany/finnhubimage/stock_logo/PLTR.png,199144.23373825074,Palantir Technologies Inc,17203583679,2344.35,PLTR,https://www.palantir.com/
0,CA,CAD,CAD,TSX VENTURE EXCHANGE - NEX,Metals & Mining,2002-05-06,https://static2.finnhub.io/file/publicdatany/finnhubimage/stock_logo/942960349856.png,53.36908,Spanish Mountain Gold Ltd,16046013651,427.28,SPA.V,https://www.spanishmountaingold.com/
0,US,USD,USD,"NEW YORK STOCK EXCHANGE, INC.",Semiconductors,1993-02-09,https://static2.finnhub.io/file/publicdatany/finnhubimage/stock_logo/WOLF.png,925.6481642361111,Wolfspeed Inc,19194075300,155.57,WOLF,https://www.wolfspeed.com/
0,US,USD,USD,NASDAQ NMS - GLOBAL MARKET,Retail,1986-10-03,https://static2.finnhub.io/file/publicdatany/finnhubimage/stock_logo/LE.png,364.35112017809433,Lands End Inc,16089359341,30.93,LE,https://www.landsend.com
0,US,USD,USD,OTC MARKETS,Technology,2020-11-10,https://static2.finnhub.io/file/publicdatany/finnhubimage/stock_logo/950783490906.png,33.80131272,Latch Inc,13142005218,160.96,LTCH,https://www.latch.com/
0,US,USD,USD,NASDAQ NMS - GLOBAL MARKET,Distributors,1995-10-13,https://static2.finnhub.io/file/publicdatany/finnhubimage/stock_logo/POOL.png,13709.155189906875,Pool Corp,19858925521,37.63,POOL,https://www.poolcorp.com/
0,US,USD,USD,NASDAQ NMS - GLOBAL MARKET,Commercial Services & Supplies,2021-03-15,https://static2.finnhub.io/file/publicdatany/finnhubimage/stock_logo/950834058686.png,101.32812161290322,Bridger Aerospace Group Holdings Inc,14068130079,54.19,BAER,https://bridgeraerospace.com/
0,HK,USD,USD,NASDAQ NMS - GLOBAL MARKET,Financial Services,2017-10-20,https://static2.finnhub.io/file/publicdatany/finnhubimage/stock_logo/950525366106.png,79.04914455721395,Metalpha Technology Holding Ltd,85235652920,38.37,MATH,https://www.dvintinc.com/
0,US,USD,USD,"NEW YORK STOCK EXCHANGE, INC.",N/A,2013-03-26,https://static.finnhub.io/logo/bda2b3613157e01068283b755ce79e2fe1ae3fbdf2a75a8be684b81266e296f0.png,199.24,Eaton Vance Municipal Income 2028 Term Trust,18002256265,10.89,ETX,https://funds.eatonvance.com/municipal-income-2028-term-trust-etx.php
0,US,USD,USD,OTC MARKETS,Telecommunication,2004-06-22,https://static2.finnhub.io/file/publicdatany/finnhubimage/stock_logo/942959119556.png,1.61761,Digerati Technologies Inc,12106147240,187.93,DTGI,https://digerati-inc.com/
0,CN,USD,USD,NASDAQ NMS - GLOBAL MARKET,Technology,2015-10-22,https://static2.finnhub.io/file/publicdatany/finnhubimage/stock_logo/DTSS.png,16.2520011,Datasea Inc,861058401996,7.49,DTSS,http://www.dataseainc.com/
0,US,USD,USD,NASDAQ NMS - GLOBAL MARKET,"Hotels, Restaurants & Leisure",1994-05-26,https://static2.finnhub.io/file/publicdatany/finnhubimage/stock_logo/PENN.png,2795.8780346839653,PENN Entertainment Inc,16103732400,152.95,PENN,https://www.pennentertainment.com/
0,CN,USD,USD,NASDAQ NMS - GLOBAL MARKET,Diversified Consumer Services,2021-04-16,https://static2.finnhub.io/file/publicdatany/finnhubimage/stock_logo/950837804776.png,548.5153956012024,SunCar Technology Group Inc,,108.62,SDA,https://suncartech.com/
0,US,USD,USD,"NEW YORK STOCK EXCHANGE, INC.",Energy,2005-01-28,https://static2.finnhub.io/file/publicdatany/finnhubimage/stock_logo/WTI.png,217.0244820625,W&T Offshore Inc,17136268525,147.64,WTI,https://www.wtoffshore.com/
0,US,USD,USD,NASDAQ NMS - GLOBAL MARKET,N/A,2023-02-10,https://static2.finnhub.io/file/publicdatany/finnhubimage/stock_logo/950825153326.png,44.14,Bellevue Life Sciences Acquisition Corp,14256357700,19.28,BLAC,
0,LU,PEN,PEN,"NEW YORK STOCK EXCHANGE, INC.",Health Care,2024-03-22,https://static2.finnhub.io/file/publicdatany/finnhubimage/stock_logo/950869617786.png,246.00000206549117,Auna SA,,73.92,AUNA,
0,US,USD,USD,OTC MARKETS,Health Care,2009-03-31,https://static2.finnhub.io/file/publicdatany/finnhubimage/stock_logo/942979090916.png,2.299385,Vycor Medical Inc,15625582000,33.37,VYCO,https://www.vycormedical.com/
0,US,USD,USD,"NEW YORK STOCK EXCHANGE, INC.",Insurance,1980-03-17,https://static2.finnhub.io/file/publicdatany/finnhubimage/stock_logo/AFG.png,10678.325448641584,American Financial Group Inc,15135792121,83.98,AFG,https://www.afginc.com/
0,FI,EUR,EUR,NASDAQ OMX HELSINKI LTD.,Metals & Mining,1988-08-15,https://static2.finnhub.io/file/publicdatany/finnhubimage/stock_logo/942958663156.png,1741.454886,Outokumpu Oyj,35894211,456.87,OUT1V.HE,https://www.outokumpu.com/
0,US,USD,USD,"NEW YORK STOCK EXCHANGE, INC.",Utilities,2020-12-15,https://static2.finnhub.io/file/publicdatany/finnhubimage/stock_logo/950785282746.png,790.3988061666666,Altus Power Inc,12036980090,160.8,AMPS,https://www.altuspower.com/
0,US,USD,USD,NASDAQ NMS - GLOBAL MARKET,Biotechnology,2019-03-28,https://static2.finnhub.io/file/publicdatany/finnhubimage/stock_logo/950355398456.png,40.87937413203883,Precision BioSciences Inc,19193145512,7.89,DTIL,https://precisionbiosciences.com/
0,CN,CNY,CNY,"NEW YORK STOCK EXCHANGE, INC.",Automobiles,2020-08-27,https://static2.finnhub.io/file/publicdatany/finnhubimage/stock_logo/XPEV.png,20949.92065006519,Xpeng Inc,,1900.45,XPEV,https://www.heyxpeng.com/no/
0,CA,USD,USD,NASDAQ NMS - GLOBAL MARKET,Diversified Consumer Services,2022-05-17,https://static2.finnhub.io/file/publicdatany/finnhubimage/stock_logo/950824341026.png,26.195396400818,Visionary Holdings Inc,19057390593,3.77,GV,https://visiongroupca.com
0,US,USD,USD,NASDAQ NMS - GLOBAL MARKET,Energy,2009-08-17,https://static2.finnhub.io/file/publicdatany/finnhubimage/stock_logo/942981122446.png,29.279721053401612,Vivakor Inc,19492812606,40.34,VIVK,https://vivakor.com/
0,US,USD,USD,"NEW YORK STOCK EXCHANGE, INC.",Utilities,2013-07-17,https://static2.finnhub.io/file/publicdatany/finnhubimage/stock_logo/CWEN.A.png,5527.695193170504,Clearway Energy Inc,16096081525,202.15,CWEN.A,http://investor.clearwayenergy.com/
0,US,USD,USD,"NEW YORK STOCK EXCHANGE, INC.",Food Products,1927-12-01,https://static2.finnhub.io/file/publicdatany/finnhubimage/stock_logo/HSY.png,37458.159296306425,Hershey Co,17175344200,202.41,HSY,https://www.thehersheycompany.com/
0,GB,EUR,EUR,LONDON STOCK EXCHANGE,Consumer products,1939-08-11,https://static2.finnhub.io/file/publicdatany/finnhubimage/stock_logo/ULVR.L.png,114223.756063,Unilever PLC,442018942790,2517.05,ULVR.L,https://www.unilever.com/
0,CA,CAD,CAD,TSX VENTURE EXCHANGE - NEX,Metals & Mining,2003-06-09,https://static2.finnhub.io/file/publicdatany/finnhubimage/stock_logo/942958611946.png,22.397334,Salazar Resources Ltd,16046859316,248.86,SRL.V,https://salazarresources.com/
0,US,USD,USD,OTC MARKETS,Insurance,2002-01-25,https://static2.finnhub.io/file/publicdatany/finnhubimage/stock_logo/942959152596.png,94.43975384211366,UTG Inc,12172416300,3.15,UTGN,https://utgins.com/
0,US,USD,USD,NASDAQ NMS - GLOBAL MARKET,N/A,2024-12-23,,214.28,Translational Development Acquisition Corp,14132042769,21.3,TDACU,
0,US,USD,USD,NASDAQ NMS - GLOBAL MARKET,Real Estate,2004-06-23,https://static2.finnhub.io/file/publicdatany/finnhubimage/stock_logo/REAX.V.png,901.7400038224098,Real Brokerage Inc,16464697107,195.4,REAX,https://adlventures.com/
0,US,USD,USD,NASDAQ NMS - GLOBAL MARKET,Biotechnology,2021-10-29,https://static2.finnhub.io/file/publicdatany/finnhubimage/stock_logo/950011759116.png,369.64083550200803,Aura Biosciences Inc,16175008864,49.95,AURA,https://aurabiosciences.com/
0,US,USD,USD,NASDAQ NMS - GLOBAL MARKET,Financial Services,2013-06-27,https://static2.finnhub.io/file/publicdatany/finnhubimage/stock_logo/950378461246.png,238.33428186272255,Silvercrest Asset Management Group Inc,12126490600,13.86,SAMG,https://www.silvercrestgroup.com/
0,CN,USD,USD,OTC MARKETS,N/A,2011-02-10,https://static2.finnhub.io/file/publicdatany/finnhubimage/stock_logo/942981215956.png,0.816789,Tanke Biosciences Corp,862038859025,22.29,TNBI,http://www.tanke-bio.com/
0,US,USD,USD,OTC MARKETS,N/A,2022-05-27,https://static2.finnhub.io/file/publicdatany/finnhubimage/stock_logo/950792414116.png,967.5,Copper Property CTL Pass Through Trust,19722431100,75.0,CPPTL,https://www.ctltrust.net/
0,US,,,OTC MARKETS,N/A,2021-10-18,,32.75,Grayscale Horizen Trust (Zen),12126681427,11.1,HZEN,
0,GB,USD,USD,NASDAQ NMS - GLOBAL MARKET,Pharmaceuticals,2022-03-15,https://static2.finnhub.io/file/publicdatany/finnhubimage/stock_logo/950813793776.png,2.28290036363636,Akanda Corp,442034889514,1.11,AKAN,https://akandacorp.com/
0,HK,USD,USD,NASDAQ NMS - GLOBAL MARKET,Consumer products,1995-06-22,https://static2.finnhub.io/file/publicdatany/finnhubimage/stock_logo/942959142846.png,60.0982517524178,Natural Health Trends Corp,85231070800,11.51,NHTC,https://www.naturalhealthtrendscorp.com/
0,US,USD,USD,OTC MARKETS,Retail,2016-02-19,https://static2.finnhub.io/file/publicdatany/finnhubimage/stock_logo/950462893906.png,0.541891,Sharing Services Global Corp,17142036717,0.31,SHRG,https://www.shrginc.com/
0,US,USD,USD,NASDAQ NMS - GLOBAL MARKET,Biotechnology,2021-04-28,https://static2.finnhub.io/file/publicdatany/finnhubimage/stock_logo/950656797726.png,1.0931111065088799,Transcode Therapeutics Inc,18573016857,0.7,RNAZ,https://www.transcodetherapeutics.com/
0,US,USD,USD,NASDAQ NMS - GLOBAL MARKET,Biotechnology,2024-05-28,https://static2.finnhub.io/file/publicdatany/finnhubimage/stock_logo/950869929426.png,196.58277807357356,Inhibrx Biosciences Inc,18587954220,14.48,INBX,https://inhibrx.com/
0,DE,EUR,EUR,XETRA,Automobiles,1926-01-01,https://static2.finnhub.io/file/publicdatany/finnhubimage/stock_logo/942958692276.png,54370.91671,Bayerische Motoren Werke AG,49893820,638.72,BMW.DE,https://www.bmwgroup.com/
0,US,USD,USD,NASDAQ NMS - GLOBAL MARKET,Utilities,1943-07-06,https://static2.finnhub.io/file/publicdatany/finnhubimage/stock_logo/EXC.png,43334.91298026982,Exelon Corp,13123947399,1005.22,EXC,https://www.exeloncorp.com/
0,US,USD,USD,"NEW YORK STOCK EXCHANGE, INC.",Media,2020-04-09,https://static2.finnhub.io/file/publicdatany/finnhubimage/stock_logo/MSGE.png,1268.6321851217297,Sphere Entertainment Co,12124656000,35.83,SPHR,https://www.msgentertainment.com/
0,US,USD,USD,AEQUITAS NEO EXCHANGE,Airlines,1969-03-14,https://static2.finnhub.io/file/publicdatany/finnhubimage/stock_logo/950727996596.png,50.154,Global Crossing Airlines Group Inc,17867518503,61.35,JET.NE,https://www.globalairlinesgroup.com/
0,US,USD,USD,"NEW YORK STOCK EXCHANGE, INC.",Real Estate,2021-11-01,https://static2.finnhub.io/file/publicdatany/finnhubimage/stock_logo/950813825376.png,152.617242,Orion Office REIT Inc,16026981002,56.11,ONL,https://www.onlreit.com/
0,US,USD,USD,"NEW YORK STOCK EXCHANGE, INC.",Insurance,2021-03-03,https://static2.finnhub.io/file/publicdatany/finnhubimage/stock_logo/950402494166.png,3432.255252668374,Oscar Health Inc,1646403367,250.57,OSCR,https://www.hioscar.com/
0,GB,GBP,GBP,OTC MARKETS,Biotechnology,2010-01-05,https://static2.finnhub.io/file/publicdatany/finnhubimage/stock_logo/942958956146.png,208.21739736,Silence Therapeutics PLC,442034576900,46.66,SLNCF,https://www.silence-therapeutics.com/
0,IL,USD,USD,NASDAQ NMS - GLOBAL MARKET,Pharmaceuticals,2014-03-20,https://static2.finnhub.io/file/publicdatany/finnhubimage/stock_logo/942970267586.png,182.6141269457125,Mediwound Ltd,97289324010,10.79,MDWD,https://www.mediwound.com/
0,JP,JPY,JPY,TOKYO STOCK EXCHANGE-TOKYO PRO MARKET,Banking,2023-10-02,https://static2.finnhub.io/file/publicdatany/finnhubimage/stock_logo/950865615956.png,651725.51207,Kyoto Financial Group Inc,81753612211,301.36,5844.T,https://www.kyoto-fg.co.jp/
0,US,USD,USD,"NEW YORK STOCK EXCHANGE, INC.",Health Care,2015-09-18,https://static2.finnhub.io/file/publicdatany/finnhubimage/stock_logo/PEN.png,10583.797787195757,Penumbra Inc,15107483200,38.52,PEN,https://www.penumbrainc.com/
0,JP,JPY,JPY,TOKYO STOCK EXCHANGE-TOKYO PRO MARKET,Food Products,2009-04-01,https://static2.finnhub.io/file/publicdatany/finnhubimage/stock_logo/942981023546.png,873670.464539,Meiji Holdings Co Ltd,81332734001,282.2,2269.T,https://www.meiji.com/
0,GB,USD,USD,NASDAQ NMS - GLOBAL MARKET,Biotechnology,2021-02-05,https://static2.finnhub.io/file/publicdatany/finnhubimage/stock_logo/950796914606.png,1542.49831,Immunocore Holdings PLC,441235438600,50.07,IMCR,http://www.immunocore.com/
0,JP,JPY,JPY,TOKYO STOCK EXCHANGE-TOKYO PRO MARKET,Financial Services,2004-01-04,https://static2.finnhub.io/file/publicdatany/finnhubimage/stock_logo/942980077736.png,1683102.874756,Japan Exchange Group Inc,81336661361,1044.58,8697.T,https://www.jpx.co.jp/
0,US,USD,USD,NASDAQ NMS - GLOBAL MARKET,Banking,1992-03-03,https://static2.finnhub.io/file/publicdatany/finnhubimage/stock_logo/942959064746.png,582.5989591086604,First Financial Corp,18122386000,11.85,THFF,https://www.first-online.bank/
0,US,USD,USD,NASDAQ NMS - GLOBAL MARKET,Banking,1987-01-01,https://static2.finnhub.io/file/publicdatany/finnhubimage/stock_logo/942959152576.png,77.16069603556875,First US Bancshares Inc,12055821084,5.7,FUSB,https://www.fusb.com/resources/company-profile
0,US,USD,USD,NASDAQ NMS - GLOBAL MARKET,Biotechnology,2019-04-18,https://static2.finnhub.io/file/publicdatany/finnhubimage/stock_logo/950679452206.png,15.31497884615385,HOOKIPA Pharma Inc,114318906360,12.06,HOOK,https://www.hookipapharma.com/
0,US,USD,USD,NASDAQ NMS - GLOBAL MARKET,Utilities,1980-03-17,https://static2.finnhub.io/file/publicdatany/finnhubimage/stock_logo/OTTR.png,3396.015196231663,Otter Tail Corp,18664108780,41.87,OTTR,https://www.ottertail.com/
0,US,USD,USD,NASDAQ NMS - GLOBAL MARKET,N/A,2023-12-15,https://static2.finnhub.io/file/publicdatany/finnhubimage/stock_logo/950868840986.png,59.203643340092164,Bayview Acquisition Corp,12039985540,5.44,BAYA,
0,US,,,NASDAQ NMS - GLOBAL MARKET,N/A,2024-10-24,,110.4,Charlton Aria Acquisition Corp,18312047337,11.0,CHARU,
0,US,USD,USD,NASDAQ NMS - GLOBAL MARKET,Leisure Products,1963-08-12,https://static2.finnhub.io/file/publicdatany/finnhubimage/stock_logo/MAT.png,6934.200282438315,Mattel Inc,13102522000,330.2,MAT,https://corporate.mattel.com/
0,US,USD,USD,OTC MARKETS,N/A,2001-07-16,https://static2.finnhub.io/file/publicdatany/finnhubimage/stock_logo/950376588686.png,1.9909185625,Hallmark Venture Group Inc,18776464833,523.93,HLLK,
0,AU,AUD,AUD,NASDAQ NMS - GLOBAL MARKET,Pharmaceuticals,2024-10-29,,12.07975393984963,Gelteq Ltd,61390873990,9.44,GELS,https://www.gelteq.com
0,HK,CNY,CNY,NASDAQ NMS - GLOBAL MARKET,Metals & Mining,1995-08-07,https://static2.finnhub.io/file/publicdatany/finnhubimage/stock_logo/CHNR.png,5.38473534387947,China Natural Resources Inc,1185228107205,9.87,CHNR,https://www.chnr.net/
0,US,USD,USD,NASDAQ NMS - GLOBAL MARKET,Banking,1974-09-16,https://static2.finnhub.io/file/publicdatany/finnhubimage/stock_logo/942959067916.png,2682.2304495848816,Independent Bank Corp (Massachusetts),17818786100,42.61,INDB,https://indb.rocklandtrust.com/corporate-profile/default.aspx
0,KY,USD,USD,NASDAQ NMS - GLOBAL MARKET,Professional Services,2021-10-20,https://static2.finnhub.io/file/publicdatany/finnhubimage/stock_logo/950813741186.png,27.62595664808245,Aeries Technology Inc,14156299066,44.56,AERT,https://aeriestechnology.com/
0,US,USD,USD,NASDAQ NMS - GLOBAL MARKET,Insurance,1980-01-16,https://static2.finnhub.io/file/publicdatany/finnhubimage/stock_logo/942959056296.png,28.763657979729732,Atlantic American Corp,14042665500,20.4,AAME,https://www.atlam.com/
0,US,USD,USD,NASDAQ NMS - GLOBAL MARKET,Electrical Equipment,1981-12-29,https://static2.finnhub.io/file/publicdatany/finnhubimage/stock_logo/942959072506.png,936.9725598932154,NAPCO Security Technologies Inc,16318429400,36.4,NSSC,https://www.napcosecurity.com/
0,LU,USD,USD,"NEW YORK STOCK EXCHANGE, INC.",Semiconductors,2011-03-10,https://static2.finnhub.io/file/publicdatany/finnhubimage/stock_logo/MX.png,153.27545478846153,MagnaChip Semiconductor Corp,352456262,37.2,MX,https://www.magnachip.com/
0,US,USD,USD,"NEW YORK STOCK EXCHANGE, INC.",Building,2006-10-11,https://static2.finnhub.io/file/publicdatany/finnhubimage/stock_logo/AWI.png,6498.775109574683,Armstrong World Industries Inc,17173970611,43.46,AWI,https://www.armstrongceilings.com/
0,US,USD,USD,NASDAQ NMS - GLOBAL MARKET,Energy,2007-05-25,https://static2.finnhub.io/file/publicdatany/finnhubimage/stock_logo/CLNE.png,402.489303106267,Clean Energy Fuels Corp,19494371000,223.61,CLNE,https://www.cleanenergyfuels.com/
0,JP,JPY,JPY,TOKYO STOCK EXCHANGE-TOKYO PRO MARKET,Industrial Conglomerates,1949-05-14,https://static2.finnhub.io/file/publicdatany/finnhubimage/stock_logo/942958773256.png,18167254.066406,Hitachi Ltd,81332581111,4580.34,6501.T,https://www.hitachi.co.jp/
0,US,USD,USD,OTC MARKETS,N/A,2023-07-27,,10.25,BrooqLy Inc,12247896673,25.61,BRQL,https://www.brooqly.com/
0,US,USD,USD,NASDAQ NMS - GLOBAL MARKET,Professional Services,1996-02-28,https://static2.finnhub.io/file/publicdatany/finnhubimage/stock_logo/CSGS.png,1848.8983202060597,CSG Systems International Inc,13037962850,28.84,CSGS,https://www.csgi.com/
0,US,USD,USD,NASDAQ NMS - GLOBAL MARKET,Financial Services,2017-10-26,https://static2.finnhub.io/file/publicdatany/finnhubimage/stock_logo/950341736926.png,1773.512911179487,Merchants Bancorp,13175697420,45.85,MBIN,http://www.merchantsbankofindiana.com
0,US,,,NASDAQ NMS - GLOBAL MARKET,N/A,2024-07-10,https://static2.finnhub.io/file/publicdatany/finnhubimage/stock_logo/950879634036.png,311.267,SIM Acquisition I Corp,12039402657,30.67,SIMA,
0,US,USD,USD,NASDAQ NMS - GLOBAL MARKET,Health Care,2019-07-25,https://static2.finnhub.io/file/publicdatany/finnhubimage/stock_logo/950004514636.png,576.2701406226324,Castle Biosciences Inc,12817969032,28.51,CSTL,https://castlebiosciences.com/
0,US,USD,USD,OTC MARKETS,Pharmaceuticals,2013-09-10,https://static2.finnhub.io/file/publicdatany/finnhubimage/stock_logo/950354170026.png,1.55620641,Americann Inc,13038390061,24.39,ACAN,https://americann.co/
0,US,USD,USD,"NEW YORK STOCK EXCHANGE, INC.",Professional Services,2024-09-24,,4863.615539820513,Amentum Holdings Inc,12149208175,243.3,AMTM,
0,CA,USD,USD,"NEW YORK STOCK EXCHANGE, INC.",Commercial Services & Supplies,2020-09-24,https://static2.finnhub.io/file/publicdatany/finnhubimage/stock_logo/LICY.png,8.15,Li-Cycle Holdings Corp,14165833509,35.43,LICY,https://li-cycle.com/
0,US,USD,USD,"NEW YORK STOCK EXCHANGE, INC.",Distributors,1986-08-20,https://static2.finnhub.io/file/publicdatany/finnhubimage/stock_logo/GPC.png,17648.91056837934,Genuine Parts Co,16789345000,138.78,GPC,https://www.genpt.com/
0,SG,SGD,SGD,NASDAQ NMS - GLOBAL MARKET,"Hotels, Restaurants & Leisure",2024-09-25,https://static2.finnhub.io/file/publicdatany/finnhubimage/stock_logo/950872099526.png,14.5296,Premium Catering Holdings Ltd,6569701488,29.2,PC,
0,US,USD,USD,"NEW YORK STOCK EXCHANGE, INC.",Real Estate,2009-07-30,https://static2.finnhub.io/file/publicdatany/finnhubimage/stock_logo/950000550446.png,1244.717578,PennyMac Mortgage Investment Trust,18182247442,86.86,PMT,https://www.pennymac.com/
0,CN,CNY,CNY,NASDAQ NMS - GLOBAL MARKET,Technology,2024-08-16,https://static2.finnhub.io/file/publicdatany/finnhubimage/stock_logo/950891280846.png,79.9,YXT.Com Group Holding Ltd,8651266899881,60.08,YXT,
0,US,USD,USD,NASDAQ NMS - GLOBAL MARKET,Retail,2000-08-01,https://static2.finnhub.io/file/publicdatany/finnhubimage/stock_logo/942959008786.png,684.0754383643684,SpartanNash Co,16168782000,33.76,SPTN,https://www.spartannash.com/
0,IE,USD,USD,NASDAQ NMS - GLOBAL MARKET,Pharmaceuticals,2012-01-18,https://static2.finnhub.io/file/publicdatany/finnhubimage/stock_logo/JAZZ.png,8430.275234455625,Jazz Pharmaceuticals PLC,35316347800,60.73,JAZZ,https://www.jazzpharma.com/
0,US,USD,USD,NASDAQ NMS - GLOBAL MARKET,Financial Services,2004-07-27,https://static2.finnhub.io/file/publicdatany/finnhubimage/stock_logo/PSEC.png,1946.173981744186,Prospect Capital Corp,12124480702,442.74,PSEC,https://www.prospectstreet.com/
0,US,USD,USD,NASDAQ NMS - GLOBAL MARKET,Technology,2021-11-17,https://static2.finnhub.io/file/publicdatany/finnhubimage/stock_logo/950376220326.png,3491.580518198844,Braze Inc,16099640585,103.48,BRZE,https://www.braze.com/
0,US,USD,USD,NASDAQ NMS - GLOBAL MARKET,Pharmaceuticals,2020-05-01,https://static2.finnhub.io/file/publicdatany/finnhubimage/stock_logo/950004540236.png,12.587505349096709,Lyra Therapeutics Inc,16173734600,65.46,LYRA,https://lyratherapeutics.com/
0,SE,USD,USD,"NEW YORK STOCK EXCHANGE, INC.",Auto Components,1997-04-28,https://static2.finnhub.io/file/publicdatany/finnhubimage/stock_logo/ALV.png,7557.725425991983,Autoliv Inc,46858720600,77.72,ALV,https://www.autoliv.com/
0,US,USD,USD,OTC MARKETS,N/A,2016-03-15,https://static2.finnhub.io/file/publicdatany/finnhubimage/stock_logo/950351673066.png,0.9482895238095199,Dream Homes & Development Corp,16096938881,47.41,DREM,https://www.dreamhomesltd.com/
0,US,USD,USD,NASDAQ NMS - GLOBAL MARKET,Financial Services,2021-06-24,https://static2.finnhub.io/file/publicdatany/finnhubimage/stock_logo/950800549986.png,18.07348285566119,SHF Holdings Inc,13034313435,55.73,SHFS,
0,US,USD,USD,"NEW YORK STOCK EXCHANGE, INC.",Technology,2014-12-12,https://static2.finnhub.io/file/publicdatany/finnhubimage/stock_logo/WK.png,4819.541496550483,Workiva Inc,15158176100,56.13,WK,https://www.workiva.com/
0,US,USD,USD,"NEW YORK STOCK EXCHANGE, INC.",Leisure Products,2001-02-28,https://static2.finnhub.io/file/publicdatany/finnhubimage/stock_logo/942959005276.png,308.36008417985613,Marine Products Corp,14043212140,34.96,MPX,https://www.marineproductscorp.com/
0,US,USD,USD,NASDAQ NMS - GLOBAL MARKET,"Textiles, Apparel & Luxury Goods",2006-02-08,https://static2.finnhub.io/file/publicdatany/finnhubimage/stock_logo/CROX.png,5596.64687614324,Crocs Inc,13038487000,56.06,CROX,https://careers.crocs.com/
0,US,USD,USD,NASDAQ NMS - GLOBAL MARKET,Financial Services,2021-06-09,https://static2.finnhub.io/file/publicdatany/finnhubimage/stock_logo/MQ.png,2047.545518,Marqeta Inc,18779627738,504.32,MQ,https://www.marqeta.com/
0,US,USD,USD,NASDAQ NMS - GLOBAL MARKET,Utilities,1989-01-03,https://static2.finnhub.io/file/publicdatany/finnhubimage/stock_logo/942959058306.png,273.67017271717174,Cadiz Inc,12132711600,75.18,CDZI,https://www.cadizinc.com/
0,US,USD,USD,OTC MARKETS,Telecommunication,2015-11-12,https://static2.finnhub.io/file/publicdatany/finnhubimage/stock_logo/950379297606.png,8.07790546218487,Vemanti Group Inc,19495597200,73.44,VMNT,http://vemanti.com
0,US,USD,USD,NASDAQ NMS - GLOBAL MARKET,Commercial Services & Supplies,1983-11-23,https://static2.finnhub.io/file/publicdatany/finnhubimage/stock_logo/HCSG.png,785.5839497194313,Healthcare Services Group Inc,12159381661,73.49,HCSG,https://www.hcsgcorp.com/
0,US,USD,USD,NASDAQ NMS - GLOBAL MARKET,Health Care,2005-10-28,https://static2.finnhub.io/file/publicdatany/finnhubimage/stock_logo/942959027216.png,10.67817265671642,STRATA Skin Sciences Inc,12156193200,4.17,SSKN,http://www.strataskinsciences.com/
0,US,USD,USD,NASDAQ NMS - GLOBAL MARKET,Technology,1998-01-29,https://static2.finnhub.io/file/publicdatany/finnhubimage/stock_logo/VRSN.png,22748.461864701796,"VeriSign, Inc",17039483200,94.6,VRSN,https://www.verisign.com/
0,US,USD,USD,NASDAQ NMS - GLOBAL MARKET,Biotechnology,2015-04-15,https://static2.finnhub.io/file/publicdatany/finnhubimage/stock_logo/CDTX.png,258.9642727767895,Cidara Therapeutics Inc,18587526170,10.95,CDTX,https://www.cidara.com/
0,US,USD,USD,"NEW YORK STOCK EXCHANGE, INC.",Media,2007-07-18,https://static2.finnhub.io/file/publicdatany/finnhubimage/stock_logo/DHX.png,105.18287555309733,DHI Group Inc,12124486605,48.92,DHX,https://www.dhigroupinc.com/
0,US,USD,USD,"NEW YORK STOCK EXCHANGE, INC.",N/A,1999-05-26,https://static2.finnhub.io/file/publicdatany/finnhubimage/stock_logo/942961409326.png,1661.41,Nuveen California Quality Municipal Income Fund,13129177783,144.72,NAC,https://www.nuveen.com/en-us/closed-end-funds/nac-nuveen-california-quality-municipal-income-fund
0,CA,CAD,CAD,TORONTO STOCK EXCHANGE,Financial Services,1993-12-14,https://static2.finnhub.io/file/publicdatany/finnhubimage/stock_logo/MOGO.TO.png,33.52664,Mogo Inc,,24.47,MOGO.TO,https://www.mogo.ca/
0,MT,USD,USD,OTC MARKETS,"Hotels, Restaurants & Leisure",2008-12-19,https://static2.finnhub.io/file/publicdatany/finnhubimage/stock_logo/GMBL.png,0.263575,Esports Entertainment Group Inc,35635627577000,1.15,GMBL,https://esportsentertainmentgroup.com/
0,US,USD,USD,OTC MARKETS,N/A,2023-01-24,https://static2.finnhub.io/file/publicdatany/finnhubimage/stock_logo/950675106336.png,1.57,Golden Royal Development Inc,18003204394,7.84,GRDV,
0,US,USD,USD,"NEW YORK STOCK EXCHANGE, INC.",Construction,2023-05-25,https://static2.finnhub.io/file/publicdatany/finnhubimage/stock_logo/950841678006.png,4987.013074794707,Knife River Corp,17015301400,56.61,KNF,https://www.kniferiver.com/
0,BR,BRL,BRL,B3 S.A.,Food Products,2007-06-29,https://static2.finnhub.io/file/publicdatany/finnhubimage/stock_logo/942958598306.png,12247.197752,Marfrig Global Foods SA,551137928600,857.93,MRFG3.SA,https://www.marfrig.com.br/
0,US,USD,USD,NASDAQ NMS - GLOBAL MARKET,Banking,1980-03-17,https://static2.finnhub.io/file/publicdatany/finnhubimage/stock_logo/HBAN.png,22009.90084011765,Huntington Bancshares Inc,16144802265,1453.76,HBAN,https://www.huntington.com/
0,US,USD,USD,NASDAQ NMS - GLOBAL MARKET,Health Care,2021-02-10,https://static2.finnhub.io/file/publicdatany/finnhubimage/stock_logo/950796835956.png,66.46507109677418,P3 Health Partners Inc,13128228897,359.08,PIII,https://ir.p3hp.org/
0,US,USD,USD,"NEW YORK STOCK EXCHANGE, INC.",Banking,2018-08-13,https://static2.finnhub.io/file/publicdatany/finnhubimage/stock_logo/950600047616.png,904.6418465009208,Amerant Bancorp Inc,13054608728,41.92,AMTB,https://investor.amerantbank.com/
0,CA,CAD,CAD,NASDAQ NMS - GLOBAL MARKET,Leisure Products,2020-11-24,https://static2.finnhub.io/file/publicdatany/finnhubimage/stock_logo/950760815796.png,6.443984134375,Vision Marine Technologies Inc,18003852825,9.78,VMAR,https://visionmarinetechnologies.com/
0,US,USD,USD,NASDAQ NMS - GLOBAL MARKET,Biotechnology,2003-07-23,https://static2.finnhub.io/file/publicdatany/finnhubimage/stock_logo/942964389616.png,1605.3035703548046,Travere Therapeutics Inc,18889697879,88.74,TVTX,https://travere.com/
0,US,USD,USD,"NEW YORK STOCK EXCHANGE, INC.",Chemicals,2014-11-12,https://static2.finnhub.io/file/publicdatany/finnhubimage/stock_logo/AXTA.png,7619.745443359684,Axalta Coating Systems Ltd,18556292582,218.14,AXTA,https://www.axalta.com/corporate/en_US.html
0,US,USD,USD,NASDAQ NMS - GLOBAL MARKET,Health Care,2020-02-18,https://static2.finnhub.io/file/publicdatany/finnhubimage/stock_logo/MEDS.png,14.20512112033195,Scienture Holdings Inc,18002610281,13.17,SCNX,https://www.trxadehealth.com/
0,JP,JPY,JPY,TOKYO STOCK EXCHANGE-TOKYO PRO MARKET,Automobiles,1957-12-02,https://static2.finnhub.io/file/publicdatany/finnhubimage/stock_logo/7267.T.png,6939064.575195,Honda Motor Co Ltd,81334231111,5280.0,7267.T,https://global.honda/
0,US,USD,USD,"NEW YORK STOCK EXCHANGE, INC.",Insurance,2000-04-05,https://static2.finnhub.io/file/publicdatany/finnhubimage/stock_logo/MET.png,56031.00608112381,MetLife Inc,12125785500,681.23,MET,https://www.metlife.com/
0,US,USD,USD,NYSE MKT LLC,N/A,1986-06-27,https://static2.finnhub.io/file/publicdatany/finnhubimage/stock_logo/942963991496.png,127.41,Ellsworth Growth and Income Fund Ltd,19736311177,13.64,ECF,
0,GB,USD,USD,LONDON STOCK EXCHANGE,Energy,2005-07-20,https://static2.finnhub.io/file/publicdatany/finnhubimage/stock_logo/SHEL.L.png,152339.925484,Shell PLC,442079341234,6040.12,SHEL.L,https://www.shell.com/
0,CA,USD,USD,NASDAQ NMS - GLOBAL MARKET,Biotechnology,2021-02-22,https://static2.finnhub.io/file/publicdatany/finnhubimage/stock_logo/950373635916.png,72.79722002409639,ESSA Pharma Inc,17783310962,44.39,EPIX,https://www.essapharma.com/
0,US,USD,USD,TOKYO STOCK EXCHANGE-TOKYO PRO MARKET,Semiconductors,2017-09-29,https://static2.finnhub.io/file/publicdatany/finnhubimage/stock_logo/950398780306.png,49189.7,Techpoint Inc,14083240588,18.7,6697.T,http://www.techpointinc.net/
0,US,USD,USD,"NEW YORK STOCK EXCHANGE, INC.",Real Estate,2007-11-15,https://static2.finnhub.io/file/publicdatany/finnhubimage/stock_logo/KW.png,1364.8981976061225,Kennedy-Wilson Holdings Inc,13108876400,138.01,KW,https://www.kennedywilson.com/
0,US,USD,USD,NASDAQ NMS - GLOBAL MARKET,Biotechnology,2020-06-04,https://static2.finnhub.io/file/publicdatany/finnhubimage/stock_logo/LEGN.png,6270.338266,Legend Biotech Corp,17323175050,366.9,LEGN,https://investors.legendbiotech.com/
0,BR,BRL,BRL,B3 S.A.,Consumer products,2007-03-16,https://static2.finnhub.io/file/publicdatany/finnhubimage/stock_logo/942958602126.png,128.652755,Gafisa SA,551130259474,115.94,GFSA3.SA,https://www.gafisa.com.br/
0,US,USD,USD,NASDAQ NMS - GLOBAL MARKET,Financial Services,2002-07-08,https://static2.finnhub.io/file/publicdatany/finnhubimage/stock_logo/NDAQ.png,42940.348910565845,Nasdaq Inc,12124018700,575.15,NDAQ,https://www.nasdaq.com
0,US,USD,USD,OTC MARKETS,Metals & Mining,1994-06-06,https://static2.finnhub.io/file/publicdatany/finnhubimage/stock_logo/942959151536.png,7.418295,Thunder Mountain Gold Inc,12086581037,60.86,THMG,https://www.thundermountaingold.com/
0,US,USD,USD,NASDAQ NMS - GLOBAL MARKET,Construction,1990-09-26,https://static2.finnhub.io/file/publicdatany/finnhubimage/stock_logo/942959070816.png,325.20872436106487,Matrix Service Co,19188388822,27.61,MTRX,https://www.matrixservicecompany.com/
0,US,USD,USD,NASDAQ NMS - GLOBAL MARKET,Media,1993-11-04,https://static2.finnhub.io/file/publicdatany/finnhubimage/stock_logo/942959041386.png,36.95514401754386,Harte Hanks Inc,15124341100,7.29,HHS,https://www.hartehanks.com/
0,MY,,,OTC MARKETS,Retail,2001-08-30,,16.99,Sino Green Land Corp,60387278732,161.81,SGLA,
0,US,USD,USD,OTC MARKETS,Utilities,2000-10-05,https://static2.finnhub.io/file/publicdatany/finnhubimage/stock_logo/950453896506.png,40.73143000000001,JAMES Maritime Holdings Inc,18017069429,9.06,JMTM,
0,CA,CAD,CAD,NASDAQ NMS - GLOBAL MARKET,Telecommunication,2021-11-19,https://static2.finnhub.io/file/publicdatany/finnhubimage/stock_logo/950810791456.png,250.1625412684748,Telesat Corp,16137480123,50.06,TSAT,https://www.telesat.com/
0,US,USD,USD,"NEW YORK STOCK EXCHANGE, INC.",Financial Services,2002-06-13,https://static2.finnhub.io/file/publicdatany/finnhubimage/stock_logo/942959130386.png,144.25940125336754,Westwood Holdings Group Inc,12147566900,9.38,WHG,https://westwoodgroup.com/
0,CN,USD,USD,NASDAQ NMS - GLOBAL MARKET,Media,2018-08-16,https://static2.finnhub.io/file/publicdatany/finnhubimage/stock_logo/950646699186.png,18.205456491124263,Cheer Holding Inc,8613810355988.0,10.29,CHR,http://ir.gsmg.co/
0,US,USD,USD,NASDAQ NMS - GLOBAL MARKET,Biotechnology,2021-09-15,https://static2.finnhub.io/file/publicdatany/finnhubimage/stock_logo/950730683676.png,553.5967646075949,Tyra Biosciences Inc,16197284760,50.6,TYRA,https://tyra.bio/
0,US,USD,USD,"NEW YORK STOCK EXCHANGE, INC.",Machinery,1981-05-22,https://static2.finnhub.io/file/publicdatany/finnhubimage/stock_logo/B.png,2420.45,Barnes Group Inc,18605837070,50.98,B,https://www.onebarnes.com/
0,US,USD,USD,NASDAQ NMS - GLOBAL MARKET,Retail,1997-05-15,https://static2.finnhub.io/file/publicdatany/finnhubimage/stock_logo/AMZN.png,2111597.374630005,Amazon.com Inc,12062661000,10597.73,AMZN,https://www.amazon.com/
0,IL,USD,USD,TEL AVIV STOCK EXCHANGE,Electrical Equipment,2022-09-21,https://static2.finnhub.io/file/publicdatany/finnhubimage/stock_logo/950423742966.png,4725.930984,Nayax Ltd,97237694380,36.47,NYAX.TA,https://www.nayax.com/
0,US,USD,USD,NASDAQ NMS - GLOBAL MARKET,Biotechnology,2022-01-12,https://static2.finnhub.io/file/publicdatany/finnhubimage/stock_logo/950813767026.png,2.93930242038217,Tharimmune Inc,13027432995,1.93,THAR,https://tharimmune.com/
0,US,USD,USD,"NEW YORK STOCK EXCHANGE, INC.",Real Estate,2023-10-27,https://static2.finnhub.io/file/publicdatany/finnhubimage/stock_logo/950867918536.png,465.01382,Net Lease Office Properties,18446567348,14.81,NLOP,https://nloproperties.com/overview/default.aspx
0,US,USD,USD,NASDAQ NMS - GLOBAL MARKET,Food Products,2003-01-29,https://static2.finnhub.io/file/publicdatany/finnhubimage/stock_logo/942963413556.png,346.80672,CHS Inc,16513556000,12.27,CHSCP,https://www.chsinc.com/
0,CA,CAD,CAD,TORONTO STOCK EXCHANGE,Technology,1986-12-17,https://static2.finnhub.io/file/publicdatany/finnhubimage/stock_logo/GIB.A.TO.png,33271.49248,CGI Inc,15148413200,227.23,GIB.A.TO,https://www.cgi.com/en
0,US,USD,USD,"NEW YORK STOCK EXCHANGE, INC.",N/A,2002-12-24,https://static4.finnhub.io/file/publicdatany2/stock_logo/PTY_4296422791.png,2181.68,Pimco Corporate & Income Opportunity Fund,12127394000,149.33,PTY,https://www.pimco.com/en-us/investments/closed-end-funds/corporate-income-opportunity-fund
0,US,USD,USD,NASDAQ NMS - GLOBAL MARKET,Semiconductors,2007-03-29,https://static2.finnhub.io/file/publicdatany/finnhubimage/stock_logo/942959052606.png,65.54054052713178,GSI Technology Inc,1483319802,25.6,GSIT,https://www.gsitechnology.com/
0,US,USD,USD,NYSE MKT LLC,Biotechnology,1994-05-20,https://static2.finnhub.io/file/publicdatany/finnhubimage/stock_logo/ARMP.png,73.19834193999999,Armata Pharmaceuticals Inc,13106652928,36.18,ARMP,https://www.armatapharma.com/
0,US,USD,USD,NASDAQ NMS - GLOBAL MARKET,Retail,2007-02-09,https://static2.finnhub.io/file/publicdatany/finnhubimage/stock_logo/PRTS.png,64.28760282352941,Carparts.Com Inc,13107350085,57.4,PRTS,https://www.carparts.com/
0,MX,USD,USD,OTC MARKETS,N/A,2024-10-02,,8.66,Marky Corp,18609730746,4.33,MRKY,https://markycopr.com/
0,US,USD,USD,NYSE MKT LLC,Biotechnology,2018-11-29,https://static2.finnhub.io/file/publicdatany/finnhubimage/stock_logo/AGE.png,42.68148051063829,Serina Therapeutics Inc,15106718370,9.39,SER,https://www.agexinc.com/
0,IL,USD,USD,NASDAQ NMS - GLOBAL MARKET,Biotechnology,2012-08-14,https://static2.finnhub.io/file/publicdatany/finnhubimage/stock_logo/950372496776.png,27.907785,Chemomab Therapeutics Ltd,972773310156,377.13,CMMB,https://www.chemomab.com/
0,US,USD,USD,OTC MARKETS,N/A,1998-04-20,https://static2.finnhub.io/file/publicdatany/finnhubimage/stock_logo/942964709726.png,1.418992,Bioethics Ltd,18013993632,1.14,BOTH,
0,US,USD,USD,NASDAQ NMS - GLOBAL MARKET,"Hotels, Restaurants & Leisure",1999-01-04,https://static2.finnhub.io/file/publicdatany/finnhubimage/stock_logo/GDEN.png,760.3356899959321,Golden Entertainment Inc,17028914284,26.51,GDEN,https://www.goldenent.com/
0,US,USD,USD,NASDAQ NMS - GLOBAL MARKET,Biotechnology,2022-01-07,https://static2.finnhub.io/file/publicdatany/finnhubimage/stock_logo/950778928826.png,102.19871063829788,Vigil Neuroscience Inc,18572544445,40.88,VIGL,https://www.vigilneuro.com/
0,US,USD,USD,NASDAQ NMS - GLOBAL MARKET,N/A,2021-08-02,https://static2.finnhub.io/file/publicdatany/finnhubimage/stock_logo/950800551156.png,71.852606,International Media Acquisition Corp,12129603677,6.84,IMAQ,https://www.imac.org.in/home/default.aspx
0,CA,USD,USD,NASDAQ NMS - GLOBAL MARKET,Pharmaceuticals,2009-10-28,https://static2.finnhub.io/file/publicdatany/finnhubimage/stock_logo/942959000526.png,25.451260543478263,Lexaria Bioscience Corp,12507656424,17.55,LEXX,https://www.lexariabioscience.com/
0,LU,USD,USD,"NEW YORK STOCK EXCHANGE, INC.",Transportation Infrastructure,2018-02-01,https://static2.finnhub.io/file/publicdatany/finnhubimage/stock_logo/CAAP.png,2902.317508562744,Corporacion America Airports SA,35226258274,163.22,CAAP,http://www.caap.aero/
0,US,USD,USD,NASDAQ NMS - GLOBAL MARKET,Media,1990-06-18,https://static2.finnhub.io/file/publicdatany/finnhubimage/stock_logo/PARA.png,8602.939547428572,Paramount Global,12122586000,670.71,PARA,https://www.paramount.com/
0,US,USD,USD,"NEW YORK STOCK EXCHANGE, INC.",Trading Companies & Distributors,2016-05-26,https://static2.finnhub.io/file/publicdatany/finnhubimage/stock_logo/GMS.png,2873.1198114816943,GMS Inc,18003924619,38.82,GMS,https://www.gms.com/
0,US,USD,USD,"NEW YORK STOCK EXCHANGE, INC.",N/A,2020-03-27,,94.29,Rivernorth Flexible Municipal Income Fund Inc,15614847185,6.11,RFM,https://www.rivernorth.com/rfm
0,US,USD,USD,OTC MARKETS,Semiconductors,2001-07-26,https://static2.finnhub.io/file/publicdatany/finnhubimage/stock_logo/942963069186.png,15.95952,SolarWindow Technologies Inc,18002130689,53.2,WNDW,https://solarwindow.com/
0,US,USD,USD,"NEW YORK STOCK EXCHANGE, INC.",N/A,1992-07-17,https://static2.finnhub.io/file/publicdatany/finnhubimage/stock_logo/942959012286.png,567.49,Western Asset Managed Municipals Fund Inc,18887770102,54.62,MMU,
0,CN,CNY,CNY,"NEW YORK STOCK EXCHANGE, INC.",Retail,2018-07-26,https://static2.finnhub.io/file/publicdatany/finnhubimage/stock_logo/CANG.png,361.607434,Cango Inc,862131830016,144.86,CANG,https://www.cangoonline.com/
0,CA,USD,USD,"NEW YORK STOCK EXCHANGE, INC.",Technology,2020-10-11,https://static2.finnhub.io/file/publicdatany/finnhubimage/stock_logo/950821708456.png,1607.5105023594642,D-Wave Quantum Inc,16046301428,310.33,QBTS,https://www.dwavesys.com/
0,US,USD,USD,OTC MARKETS,Consumer products,1994-04-04,https://static2.finnhub.io/file/publicdatany/finnhubimage/stock_logo/942959073756.png,0.292,Fuse Science Inc,19044902245,250.0,DROP,
0,US,USD,USD,OTC MARKETS,Financial Services,1980-03-17,https://static2.finnhub.io/file/publicdatany/finnhubimage/stock_logo/942959039736.png,6763.232046774299,Federal National Mortgage Association,18002326643,1158.09,FNMA,https://www.fanniemae.com/
0,US,USD,USD,NASDAQ NMS - GLOBAL MARKET,"Textiles, Apparel & Luxury Goods",1993-04-01,https://static2.finnhub.io/file/publicdatany/finnhubimage/stock_logo/FOSL.png,73.407683,Fossil Group Inc,19722342525,53.19,FOSL,https://www.fossilgroup.com/
0,US,USD,USD,"NEW YORK STOCK EXCHANGE, INC.",Retail,2021-07-01,https://static2.finnhub.io/file/publicdatany/finnhubimage/stock_logo/950805149266.png,656.8236950178281,Torrid Holdings Inc,16266671002,104.76,CURV,https://investors.torrid.com/overview/default.aspx
0,US,USD,USD,"NEW YORK STOCK EXCHANGE, INC.",N/A,2003-07-29,https://static2.finnhub.io/file/publicdatany/finnhubimage/stock_logo/942964389686.png,506.72,BlackRock Ltd Duration Income Trust,1888825227,35.74,BLW,https://www.blackrock.com/investing/products/240191/blackrock-limited-duration-income-trust-usd-fund
0,US,USD,USD,NASDAQ NMS - GLOBAL MARKET,Health Care,2022-12-15,https://static2.finnhub.io/file/publicdatany/finnhubimage/stock_logo/950835041476.png,39592.88931884931,GE Healthcare Technologies Inc,18337351139,457.3,GEHC,https://www.gehealthcare.com
0,GB,GBP,GBP,"NEW YORK STOCK EXCHANGE, INC.",Technology,2018-07-27,https://static2.finnhub.io/file/publicdatany/finnhubimage/stock_logo/DAVA.png,1344.145734,Endava PLC,442073671000,44.5,DAVA,https://www.endava.com/
0,US,USD,USD,NASDAQ NMS - GLOBAL MARKET,Retail,2019-10-25,https://static2.finnhub.io/file/publicdatany/finnhubimage/stock_logo/950708269126.png,297.3124613819362,OneWater Marine Inc,18552084359,16.31,ONEW,https://www.onewatermarine.com/
0,US,USD,USD,"NEW YORK STOCK EXCHANGE, INC.",N/A,2004-01-28,https://static2.finnhub.io/file/publicdatany/finnhubimage/stock_logo/942969728496.png,1416.53,Eaton Vance Tax-Advantaged Global Dividend Income Fund,16174828260,76.32,ETG,https://funds.eatonvance.com/
0,US,USD,USD,"NEW YORK STOCK EXCHANGE, INC.",Chemicals,2005-01-21,https://static2.finnhub.io/file/publicdatany/finnhubimage/stock_logo/CE.png,6048.264563122058,Celanese Corp,19724434000,109.33,CE,https://www.celanese.com/
0,CA,CAD,CAD,CANADIAN NATIONAL STOCK EXCHANGE,Pharmaceuticals,2017-12-19,https://static2.finnhub.io/file/publicdatany/finnhubimage/stock_logo/950004477276.png,12.309472,BetterLife Pharma Inc,14388848841,129.46,BETR.CN,https://abetterlifepharma.com/
0,US,USD,USD,NASDAQ NMS - GLOBAL MARKET,Financial Services,2021-02-17,https://static2.finnhub.io/file/publicdatany/finnhubimage/stock_logo/950833771486.png,38.01963503571429,Binah Capital Group Inc,12124047002,16.6,BCG,
0,US,USD,USD,,N/A,,,18.29573985413985,TEN Holdings Inc,18009099598,27.36,XHLD,https://www.tenholdingsinc.com/
0,US,USD,USD,NASDAQ NMS - GLOBAL MARKET,Banking,1996-06-28,https://static2.finnhub.io/file/publicdatany/finnhubimage/stock_logo/942959076896.png,98.95561788515782,Provident Financial Holdings Inc,19096866060,6.69,PROV,https://ir.myprovident.com/
0,PA,USD,USD,"NEW YORK STOCK EXCHANGE, INC.",Financial Services,1992-09-24,https://static2.finnhub.io/file/publicdatany/finnhubimage/stock_logo/942959010406.png,1355.0404177760195,Foreign Trade Bank of Latin America Inc,5072108500,36.79,BLX,https://www.bladex.com/
0,US,USD,USD,TORONTO STOCK EXCHANGE,Metals & Mining,2011-07-14,https://static2.finnhub.io/file/publicdatany/finnhubimage/stock_logo/950351669516.png,883.0982465675057,Perpetua Resources Corp,12089013060,70.34,PPTA.TO,https://perpetuaresources.com/
0,US,USD,USD,"NEW YORK STOCK EXCHANGE, INC.","Hotels, Restaurants & Leisure",1989-12-13,https://static2.finnhub.io/file/publicdatany/finnhubimage/stock_logo/MGM.png,9146.185482128003,MGM Resorts International,17026937120,285.55,MGM,https://www.mgmresorts.com/
0,US,USD,USD,"NEW YORK STOCK EXCHANGE, INC.",Financial Services,2014-10-30,https://static2.finnhub.io/file/publicdatany/finnhubimage/stock_logo/ENVA.png,2360.3754546780656,Enova International Inc,13125684200,25.79,ENVA,https://www.enova.com/
0,US,USD,USD,"NEW YORK STOCK EXCHANGE, INC.",Insurance,1980-03-17,https://static2.finnhub.io/file/publicdatany/finnhubimage/stock_logo/AFG.png,10678.325448641584,American Financial Group Inc,15135792121,83.98,AFG,https://www.afginc.com/
0,US,USD,USD,"NEW YORK STOCK EXCHANGE, INC.",Financial Services,2013-04-18,https://static2.finnhub.io/file/publicdatany/finnhubimage/stock_logo/950886231836.png,3568.8185573129344,HA Sustainable Infrastructure Capital Inc,14105719860,118.96,HASI,https://investors.hasi.com/
0,US,USD,USD,NASDAQ NMS - GLOBAL MARKET,Real Estate,2004-12-17,https://static2.finnhub.io/file/publicdatany/finnhubimage/stock_logo/942959000426.png,32.382059,Sotherly Hotels Inc,17572295648,19.85,SOHO,https://sotherlyhotels.com/
0,US,USD,USD,NASDAQ NMS - GLOBAL MARKET,Technology,1994-10-26,https://static2.finnhub.io/file/publicdatany/finnhubimage/stock_logo/950820904066.png,16792.54338821271,Aspen Technology Inc,17812211939,63.31,AZPN,https://www.aspentech.com/en
0,IE,USD,USD,NASDAQ NMS - GLOBAL MARKET,Electrical Equipment,2001-12-07,https://static2.finnhub.io/file/publicdatany/finnhubimage/stock_logo/950834501526.png,2.33,SMX (Security Matters) PLC,35319201000,1.18,SMX,https://smx.tech/
0,US,USD,USD,OTC MARKETS,Aerospace & Defense,1992-03-26,https://static2.finnhub.io/file/publicdatany/finnhubimage/stock_logo/942959082156.png,169.5587365603133,Applied Energetics Inc,15206287415,220.21,AERG,https://appliedenergetics.com/
0,US,USD,USD,NASDAQ NMS - GLOBAL MARKET,Consumer products,2021-06-24,https://static2.finnhub.io/file/publicdatany/finnhubimage/stock_logo/GRVI.png,3.619332,Upexi Inc,17013535425,1.32,UPXI,https://upexi.com/
0,US,USD,USD,"NEW YORK STOCK EXCHANGE, INC.",Banking,1985-11-26,https://static2.finnhub.io/file/publicdatany/finnhubimage/stock_logo/CBU.png,3139.546074748866,Community Financial System Inc,18007242262,52.71,CBU,https://communityfinancialsystem.com/corporate-overview/corporate-profile/default.aspx
0,US,USD,USD,"NEW YORK STOCK EXCHANGE, INC.",Auto Components,2023-06-28,https://static2.finnhub.io/file/publicdatany/finnhubimage/stock_logo/950865713976.png,1762.3295598405268,Phinia Inc,12487321900,40.81,PHIN,https://www.phinia.com/
0,CN,USD,USD,NASDAQ NMS - GLOBAL MARKET,Media,2023-10-10,https://static2.finnhub.io/file/publicdatany/finnhubimage/stock_logo/950836477316.png,61.67474404624278,Global Mofy AI Ltd,861064376636,16.67,GMM,https://ir.globalmofy.cn/
0,US,USD,USD,OTC MARKETS,N/A,2015-10-13,https://static2.finnhub.io/file/publicdatany/finnhubimage/stock_logo/950442401146.png,4.484109,Healthy Extracts Inc,17025050471,2.99,HYEX,https://healthyextractsinc.com/
0,US,USD,USD,NASDAQ NMS - GLOBAL MARKET,Packaging,2020-09-17,https://static2.finnhub.io/file/publicdatany/finnhubimage/stock_logo/950763854186.png,3227.8675275512605,Pactiv Evergreen Inc,18474827642,180.63,PTVE,https://pactivevergreen.com/
0,US,USD,USD,NASDAQ NMS - GLOBAL MARKET,Professional Services,2006-09-28,https://static2.finnhub.io/file/publicdatany/finnhubimage/stock_logo/ICFI.png,1560.619769435613,ICF International Inc,17039343000,18.44,ICFI,https://www.icf.com/
0,US,USD,USD,"NEW YORK STOCK EXCHANGE, INC.",Utilities,1983-05-20,https://static2.finnhub.io/file/publicdatany/finnhubimage/stock_logo/D.png,47050.22271465562,Dominion Energy Inc,18048192000,852.05,D,https://www.dominionenergy.com/
0,US,USD,USD,NASDAQ NMS - GLOBAL MARKET,Electrical Equipment,2010-04-30,https://static2.finnhub.io/file/publicdatany/finnhubimage/stock_logo/BEEM.png,32.650320964444454,Beam Global,18587994583,14.77,BEEM,https://beamforall.com/
0,AR,ARS,ARS,BOLSA DE COMERCIO DE BUENOS AIRES,Food Products,2008-02-22,https://static2.finnhub.io/file/publicdatany/finnhubimage/stock_logo/CRES3.BA.png,745444.15,Cresud SACIF y A,541148147800,596.36,CRES2.BA,https://www.cresud.com.ar/
0,US,USD,USD,NASDAQ NMS - GLOBAL MARKET,Retail,2017-08-14,https://static2.finnhub.io/file/publicdatany/finnhubimage/stock_logo/950521571706.png,103.89316703517588,Hf Foods Group Inc,18889050998,52.74,HFFG,https://hffoodsgroup.com/
0,US,USD,USD,"NEW YORK STOCK EXCHANGE, INC.",N/A,1988-02-19,https://static2.finnhub.io/file/publicdatany/finnhubimage/stock_logo/942959013496.png,341.28,Putnam Premier Income Trust,16172921000,95.6,PPT,https://www.putnam.com/
0,CA,CAD,CAD,TSX VENTURE EXCHANGE - NEX,Electrical Equipment,1998-01-29,https://static2.finnhub.io/file/publicdatany/finnhubimage/stock_logo/942960196266.png,4.51956,Eguana Technologies Inc,14035087177,451.96,EGT.V,http://www.eguanatech.com/
0,US,USD,USD,NASDAQ NMS - GLOBAL MARKET,Banking,1993-10-27,https://static2.finnhub.io/file/publicdatany/finnhubimage/stock_logo/942959042556.png,252.32772523350027,Fidelity D&D Bancorp Inc,15703428281,5.74,FDBC,https://bankatfidelity.q4ir.com/corporate-profile/default.aspx
0,US,USD,USD,"NEW YORK STOCK EXCHANGE, INC.",Chemicals,1980-03-17,https://static2.finnhub.io/file/publicdatany/finnhubimage/stock_logo/942959051966.png,477.89906469639584,Valhi Inc,19722331700,28.29,VHI,http://www.valhi.net/
0,US,USD,USD,OTC MARKETS,Financial Services,1985-01-23,https://static2.finnhub.io/file/publicdatany/finnhubimage/stock_logo/942959039706.png,3217.7949819230776,Federal Home Loan Mortgage Corp,17039032000,650.06,FMCC,https://www.freddiemac.com/
0,US,USD,USD,NASDAQ NMS - GLOBAL MARKET,Pharmaceuticals,2015-05-04,https://static2.finnhub.io/file/publicdatany/finnhubimage/stock_logo/MMED.NE.png,500.8554386701965,Mind Medicine (MindMed) Inc,12122206633,73.33,MNMD,https://mindmed.co/
0,US,USD,USD,"NEW YORK STOCK EXCHANGE, INC.",Machinery,2002-05-24,https://static2.finnhub.io/file/publicdatany/finnhubimage/stock_logo/NPO.png,3744.7492571100343,Enpro Inc,17047311522,21.19,NPO,https://www.enproindustries.com/
0,CA,CAD,CAD,TORONTO STOCK EXCHANGE,Metals & Mining,1989-04-27,https://static2.finnhub.io/file/publicdatany/finnhubimage/stock_logo/942960674456.png,992.435551,Rupert Resources Ltd,14163049004,216.22,RUP.TO,https://www.rupertresources.com/
0,BR,BRL,BRL,B3 S.A.,Energy,2005-11-16,https://static2.finnhub.io/file/publicdatany/finnhubimage/stock_logo/CSAN3.SA.png,13187.904944,Cosan SA,551138979797,1866.57,CSAN3.SA,https://www.cosan.com.br/
0,GB,USD,USD,"NEW YORK STOCK EXCHANGE, INC.",Telecommunication,2021-10-14,https://static2.finnhub.io/file/publicdatany/finnhubimage/stock_logo/IHS.png,1185.7434583085712,IHS Holding Ltd,442081061600,336.03,IHS,https://www.ihstowers.com/
0,US,USD,USD,NASDAQ NMS - GLOBAL MARKET,Financial Services,2021-01-29,https://static2.finnhub.io/file/publicdatany/finnhubimage/stock_logo/950731515146.png,1013.4656358265564,Trinity Capital Inc,14803745350,62.83,TRIN,https://trinitycap.com/
0,US,USD,USD,NASDAQ NMS - GLOBAL MARKET,Electrical Equipment,2013-11-22,https://static2.finnhub.io/file/publicdatany/finnhubimage/stock_logo/IPWR.png,41.06479128143713,Ideal Power Inc,15122641542,8.15,IPWR,https://www.idealpower.com/
0,US,USD,USD,NYSE MKT LLC,N/A,2003-05-28,https://static2.finnhub.io/file/publicdatany/finnhubimage/stock_logo/942964291106.png,1180.63,Eaton Vance Ltd Duration Income Fund,16174828260,116.2,EVV,https://funds.eatonvance.com/Limited-Duration-Income-Fund-EVV.php
0,US,USD,USD,"NEW YORK STOCK EXCHANGE, INC.",Food Products,2007-05-23,https://static2.finnhub.io/file/publicdatany/finnhubimage/stock_logo/BGS.png,605.4075792391304,B&G Foods Inc,19734016500,79.14,BGS,https://bgfoods.com/
0,US,USD,USD,NASDAQ NMS - GLOBAL MARKET,Machinery,2004-09-21,https://static2.finnhub.io/file/publicdatany/finnhubimage/stock_logo/942958999056.png,17.397970335129077,Nephros Inc,12013435202,10.54,NEPH,https://www.nephros.com/
0,JP,JPY,JPY,TOKYO STOCK EXCHANGE-TOKYO PRO MARKET,Semiconductors,1999-12-07,https://static2.finnhub.io/file/publicdatany/finnhubimage/stock_logo/942958774786.png,3586134.80896,Disco Corp,81345901111,108.39,6146.T,https://www.disco.co.jp/
0,US,USD,USD,"NEW YORK STOCK EXCHANGE, INC.",N/A,2004-10-27,https://static2.finnhub.io/file/publicdatany/finnhubimage/stock_logo/942962443836.png,1399.98,Nuveen S&P 500 BuyWrite Income Fund,13129178146,104.17,BXMX,https://www.nuveen.com/en-us/closed-end-funds
0,ZA,ZAR,ZAR,JOHANNESBURG STOCK EXCHANGE,Metals & Mining,1992-07-01,https://static2.finnhub.io/file/publicdatany/finnhubimage/stock_logo/DRD.JO.png,20052.419979,DRDGOLD Ltd,27114702600,864.59,DRD.JO,https://www.drdgold.com/
0,US,USD,USD,"NEW YORK STOCK EXCHANGE, INC.",Professional Services,1992-06-03,https://static2.finnhub.io/file/publicdatany/finnhubimage/stock_logo/942959031396.png,419.88604768278526,Franklin Covey Co,18018177171,13.2,FC,https://www.franklincovey.com/
0,US,USD,USD,OTC MARKETS,N/A,2020-09-28,https://static2.finnhub.io/file/publicdatany/finnhubimage/stock_logo/950509126246.png,26.94,Landbay Inc,19172325799,30.0,LNBY,
0,US,USD,USD,NASDAQ NMS - GLOBAL MARKET,Technology,1996-08-09,https://static2.finnhub.io/file/publicdatany/finnhubimage/stock_logo/942959056746.png,32.65403615384617,Aware Inc,17813825160,21.2,AWRE,https://www.aware.com/
0,US,USD,USD,"NEW YORK STOCK EXCHANGE, INC.",Media,2017-05-25,https://static2.finnhub.io/file/publicdatany/finnhubimage/stock_logo/WOW.png,384.87909858598726,WideOpenWest Inc,17204793500,84.78,WOW,https://www.wowway.com/
0,US,USD,USD,"NEW YORK STOCK EXCHANGE, INC.",Utilities,1981-05-22,https://static2.finnhub.io/file/publicdatany/finnhubimage/stock_logo/WTRG.png,10944.676508552922,Essential Utilities Inc,16105278000,274.92,WTRG,https://www.essential.co/home
0,US,USD,USD,"NEW YORK STOCK EXCHANGE, INC.",N/A,1992-06-19,https://static2.finnhub.io/file/publicdatany/finnhubimage/stock_logo/942959012996.png,46.13,Nuveen New York Select Tax Free Income Portfolio,13129178200,3.92,NXN,https://www.nuveen.com/CEF/Product/Overview.aspx
0,US,USD,USD,"NEW YORK STOCK EXCHANGE, INC.","Textiles, Apparel & Luxury Goods",2003-10-24,https://static2.finnhub.io/file/publicdatany/finnhubimage/stock_logo/CRI.png,1495.5264617295647,Carter's Inc,16783991000,36.01,CRI,http://www.carters.com/
0,US,USD,USD,NASDAQ NMS - GLOBAL MARKET,Chemicals,2010-05-26,https://static2.finnhub.io/file/publicdatany/finnhubimage/stock_logo/950870536236.png,4.600686,N2OFF Inc,1972544561349,15.34,NITO,https://savefoods.co/
0,US,USD,USD,NASDAQ NMS - GLOBAL MARKET,"Hotels, Restaurants & Leisure",1993-09-01,https://static2.finnhub.io/file/publicdatany/finnhubimage/stock_logo/950359326556.png,42.22219389818182,Rave Restaurant Group Inc,14693845000,14.71,RAVE,http://www.raverg.com/
0,CA,CAD,CAD,TORONTO STOCK EXCHANGE,Pharmaceuticals,2010-06-04,https://static2.finnhub.io/file/publicdatany/finnhubimage/stock_logo/WEED.TO.png,304.714751,Canopy Growth Corp,18555589333,173.38,WEED.TO,https://www.canopygrowth.com/
0,US,USD,USD,"NEW YORK STOCK EXCHANGE, INC.",Professional Services,2019-05-08,https://static2.finnhub.io/file/publicdatany/finnhubimage/stock_logo/PSN.png,6424.779255490423,Parsons Corp,17039888500,106.78,PSN,https://www.parsons.com/
0,US,USD,USD,"NEW YORK STOCK EXCHANGE, INC.",Financial Services,2006-05-25,https://static2.finnhub.io/file/publicdatany/finnhubimage/stock_logo/MA.png,498494.8694002903,Mastercard Inc,19142492000,911.71,MA,https://www.mastercard.us/
0,CA,USD,USD,TSX VENTURE EXCHANGE - NEX,Metals & Mining,2018-02-02,https://static2.finnhub.io/file/publicdatany/finnhubimage/stock_logo/MTA.V.png,364.592794,Metalla Royalty & Streaming Ltd,16046960741,92.49,MTA.V,https://www.metallaroyalty.com/
0,US,USD,USD,NASDAQ NMS - GLOBAL MARKET,Leisure Products,2023-04-28,https://static2.finnhub.io/file/publicdatany/finnhubimage/stock_logo/950711479836.png,3.16544771008403,Interactive Strength Inc,13106978655,1.5,TRNR,https://www.formelife.com/
0,US,USD,USD,OTC MARKETS,Financial Services,1980-03-17,https://static2.finnhub.io/file/publicdatany/finnhubimage/stock_logo/942959039736.png,6763.232046774299,Federal National Mortgage Association,18002326643,1158.09,FNMA,https://www.fanniemae.com/
0,BR,BRL,BRL,B3 S.A.,Energy,1999-09-27,https://static2.finnhub.io/file/publicdatany/finnhubimage/stock_logo/UGPA3.SA.png,17452.279297,Ultrapar Participacoes SA,551131777014,1115.4,UGPA3.SA,https://www.ultra.com.br/
0,CN,USD,USD,NASDAQ NMS - GLOBAL MARKET,Health Care,2017-11-03,https://static2.finnhub.io/file/publicdatany/finnhubimage/stock_logo/950578601046.png,193.812465,Akso Health Group,8615210054919,835.17,AHG,https://ir.xiaobaimaimai.com/
0,US,USD,USD,"NEW YORK STOCK EXCHANGE, INC.",Consumer products,2014-02-13,https://static2.finnhub.io/file/publicdatany/finnhubimage/stock_logo/IBP.png,4914.36690492389,Installed Building Products Inc,16142213399,27.76,IBP,https://installedbuildingproducts.com/
0,US,USD,USD,"NEW YORK STOCK EXCHANGE, INC.",Real Estate,2015-10-29,https://static2.finnhub.io/file/publicdatany/finnhubimage/stock_logo/950466497136.png,2879.161227,Four Corners Property Trust Inc,14159658030,99.97,FCPT,https://fcpt.com/
0,US,USD,USD,"NEW YORK STOCK EXCHANGE, INC.",N/A,2014-07-25,https://static2.finnhub.io/file/publicdatany/finnhubimage/stock_logo/950422472206.png,865.58,abrdn Healthcare Opportunities Fund,16177728500,41.36,THQ,https://www.abrdnthq.com/
0,US,USD,USD,"NEW YORK STOCK EXCHANGE, INC.",Construction,2024-10-28,,2038.4390955275671,Everus Construction Group Inc,17012216400,51.0,ECG,https://everus.com/
0,US,USD,USD,NASDAQ NMS - GLOBAL MARKET,Banking,2019-01-09,https://static2.finnhub.io/file/publicdatany/finnhubimage/stock_logo/950653681216.png,56.0076560990099,1895 Bancorp of Wisconsin Inc,14144218200,5.96,BCOW,https://www.1895bancorpofwisconsin.com/overview/corporate-profile/default.aspx
0,US,USD,USD,NASDAQ NMS - GLOBAL MARKET,Banking,1993-09-20,https://static2.finnhub.io/file/publicdatany/finnhubimage/stock_logo/CASH.png,1722.3623749851565,Pathward Financial Inc,18774977497,23.85,CASH,https://www.pathwardfinancial.com/
0,US,USD,USD,NASDAQ NMS - GLOBAL MARKET,Trading Companies & Distributors,1987-08-01,https://static2.finnhub.io/file/publicdatany/finnhubimage/stock_logo/FAST.png,45864.61894615183,Fastenal Co,15074545374,573.45,FAST,https://www.fastenal.com/
0,US,USD,USD,NASDAQ NMS - GLOBAL MARKET,Electrical Equipment,1995-12-21,https://static2.finnhub.io/file/publicdatany/finnhubimage/stock_logo/ASTC.png,11.09527355910543,Astrotech Corp,15124859530,1.7,ASTC,https://www.astrotechcorp.com/
0,FR,EUR,EUR,NYSE EURONEXT - EURONEXT PARIS,Airlines,1999-02-22,https://static2.finnhub.io/file/publicdatany/finnhubimage/stock_logo/942958669706.png,3180.592167,Air France KLM SA,33141565656,262.77,AF.PA,https://www.airfranceklm.com/fr
0,CN,CNY,CNY,"NEW YORK STOCK EXCHANGE, INC.",Media,2018-12-12,https://static2.finnhub.io/file/publicdatany/finnhubimage/stock_logo/TME.png,23401.98891741028,Tencent Music Entertainment Group,8675586013388.0,3432.15,TME,https://www.tencentmusic.com/
0,US,USD,USD,NASDAQ NMS - GLOBAL MARKET,Media,2018-02-09,https://static2.finnhub.io/file/publicdatany/finnhubimage/stock_logo/CDLX.png,101.64488303571426,Cardlytics Inc,18887985802,50.82,CDLX,https://www.cardlytics.com/
0,US,,,OTC MARKETS,N/A,2010-12-30,,0.0,Kashin Inc,13459385360,12.86,KUSA,
0,SG,,,NASDAQ NMS - GLOBAL MARKET,N/A,2025-01-23,,63.22,Columbus Acquisition Corp,19498991827,6.23,COLAU,
0,US,USD,USD,"NEW YORK STOCK EXCHANGE, INC.",N/A,2024-07-18,https://static2.finnhub.io/file/publicdatany/finnhubimage/stock_logo/950866814356.png,128.68,Pearl Diver Credit Company Inc,1442079678033,6.47,PDCC,https://pearldivercreditcompany.ssnc.cloud/pdcc
0,US,USD,USD,NASDAQ NMS - GLOBAL MARKET,Technology,1998-06-19,https://static2.finnhub.io/file/publicdatany/finnhubimage/stock_logo/DOX.png,10146.26530208545,Amdocs Ltd,13142127000,112.16,DOX,https://www.amdocs.com/
0,US,USD,USD,NYSE MKT LLC,Health Care,2017-06-12,https://static2.finnhub.io/file/publicdatany/finnhubimage/stock_logo/MYO.png,152.93100708803613,Myomo Inc,16179969058,33.69,MYO,https://myomo.com/
0,US,USD,USD,NASDAQ NMS - GLOBAL MARKET,Insurance,2017-07-17,https://static2.finnhub.io/file/publicdatany/finnhubimage/stock_logo/BHF.png,3147.459342678565,Brighthouse Financial Inc,19803657100,58.06,BHF,https://www.brighthousefinancial.com/
0,US,USD,USD,NASDAQ NMS - GLOBAL MARKET,Semiconductors,2021-10-28,https://static2.finnhub.io/file/publicdatany/finnhubimage/stock_logo/GFS.png,22220.20960771034,GlobalFoundries Inc,15183059013,552.65,GFS,https://gf.com/
0,US,USD,USD,NASDAQ NMS - GLOBAL MARKET,Semiconductors,2000-04-27,https://static2.finnhub.io/file/publicdatany/finnhubimage/stock_logo/ON.png,19132.51895291249,ON Semiconductor Corp,16022446600,421.42,ON,https://www.onsemi.com/
0,US,USD,USD,NASDAQ NMS - GLOBAL MARKET,Biotechnology,2020-10-16,https://static2.finnhub.io/file/publicdatany/finnhubimage/stock_logo/950525065356.png,776.2851021256934,Praxis Precision Medicines Inc,16173008460,20.16,PRAX,https://praxismedicines.com/
0,US,USD,USD,OTC MARKETS,Media,2008-12-23,https://static2.finnhub.io/file/publicdatany/finnhubimage/stock_logo/942981221206.png,0.51027,Reelcause Inc,17029011936,130.73,RCIT,https://rcitgroup.net/
0,US,USD,USD,NASDAQ NMS - GLOBAL MARKET,Financial Services,2001-07-19,https://static2.finnhub.io/file/publicdatany/finnhubimage/stock_logo/942964664446.png,132.79996974898785,Paysign Inc,17024532221,53.55,PAYS,https://paysign.com/
0,US,USD,USD,NASDAQ NMS - GLOBAL MARKET,Technology,1995-06-07,https://static2.finnhub.io/file/publicdatany/finnhubimage/stock_logo/SCKT.png,8.46466541150443,Socket Mobile Inc,15109333000,7.61,SCKT,https://www.socketmobile.com/
0,US,USD,USD,NASDAQ NMS - GLOBAL MARKET,Technology,2014-04-04,https://static2.finnhub.io/file/publicdatany/finnhubimage/stock_logo/FIVN.png,2462.294549881423,Five9 Inc,19252012000,75.81,FIVN,https://www.five9.com/
0,US,USD,USD,"NEW YORK STOCK EXCHANGE, INC.",N/A,2009-05-27,https://static2.finnhub.io/file/publicdatany/finnhubimage/stock_logo/942981373356.png,265.06,Eaton Vance National Municipal Opportunities Trust,16174828260,15.62,EOT,https://www.eatonvance.com/
0,US,USD,USD,NASDAQ NMS - GLOBAL MARKET,N/A,2024-01-22,https://static2.finnhub.io/file/publicdatany/finnhubimage/stock_logo/950865611066.png,98.83473996350361,Aimei Health Technology Co Ltd,134678035200,6.12,AFJK,
0,US,USD,USD,"NEW YORK STOCK EXCHANGE, INC.",Financial Services,1987-09-22,https://static2.finnhub.io/file/publicdatany/finnhubimage/stock_logo/SCHW.png,139144.74396160734,Charles Schwab Corp,18178595000,1813.57,SCHW,https://www.schwab.com/
0,CN,CNY,CNY,"NEW YORK STOCK EXCHANGE, INC.",Health Care,2009-12-11,https://static2.finnhub.io/file/publicdatany/finnhubimage/stock_logo/950004977776.png,19.928508,Concord Medical Services Holdings Ltd,861058256867,13.03,CCM,https://www.concordmedical.com/
0,FR,EUR,EUR,NYSE EURONEXT - EURONEXT PARIS,"Textiles, Apparel & Luxury Goods",1988-01-01,https://static2.finnhub.io/file/publicdatany/finnhubimage/stock_logo/942958671706.png,31762.274135,Kering SA,33145646100,123.42,KER.PA,https://www.kering.com/en/
0,US,USD,USD,NASDAQ NMS - GLOBAL MARKET,Financial Services,1995-03-03,https://static2.finnhub.io/file/publicdatany/finnhubimage/stock_logo/942959152766.png,668.996706004348,Cantaloupe Inc,18006330340,73.03,CTLP,https://www.cantaloupe.com/
0,CN,USD,USD,NASDAQ NMS - GLOBAL MARKET,Communications,2000-03-03,https://static2.finnhub.io/file/publicdatany/finnhubimage/stock_logo/UTSI.png,22.92842632780084,UTStarcom Holdings Corp,8657181928888,9.11,UTSI,https://www.utstar.com/
0,US,USD,USD,"NEW YORK STOCK EXCHANGE, INC.",Real Estate,2017-07-20,https://static2.finnhub.io/file/publicdatany/finnhubimage/stock_logo/950521245216.png,684.481187,TPG RE Finance Trust Inc,14157431500,81.0,TRTX,https://www.tpgrefinance.com/
0,JP,JPY,JPY,NASDAQ NMS - GLOBAL MARKET,Diversified Consumer Services,2020-12-29,https://static2.finnhub.io/file/publicdatany/finnhubimage/stock_logo/950396903746.png,3.358079,Medirom Healthcare Technologies Inc,81367217364,7.9,MRM,https://medirom.co.jp/
0,US,USD,USD,"NEW YORK STOCK EXCHANGE, INC.",Aerospace & Defense,1947-12-22,https://static2.finnhub.io/file/publicdatany/finnhubimage/stock_logo/TXT.png,13697.85074402944,Textron Inc,14014212800,181.62,TXT,https://www.textron.com/
0,US,USD,USD,"NEW YORK STOCK EXCHANGE, INC.",Technology,2013-09-19,https://static2.finnhub.io/file/publicdatany/finnhubimage/stock_logo/KODK.png,543.5040114753086,Eastman Kodak Co,17167244000,80.4,KODK,https://www.kodak.com/
0,AU,USD,USD,ASX - ALL MARKETS,Energy,2021-07-02,https://static2.finnhub.io/file/publicdatany/finnhubimage/stock_logo/950869357046.png,338.85171818181806,Tamboran Resources Corp,61283306626,14.22,TBN,https://www.tamboran.com/
0,US,USD,USD,NASDAQ NMS - GLOBAL MARKET,"Hotels, Restaurants & Leisure",1992-06-26,https://static2.finnhub.io/file/publicdatany/finnhubimage/stock_logo/SBUX.png,120950.63599994085,Starbucks Corp,12064471575,1135.9,SBUX,https://www.starbucks.com/
0,IE,USD,USD,"NEW YORK STOCK EXCHANGE, INC.",Trading Companies & Distributors,2006-11-20,https://static2.finnhub.io/file/publicdatany/finnhubimage/stock_logo/AER.png,18652.17162491897,AerCap Holdings NV,35318192010,186.78,AER,https://www.aercap.com/
0,US,USD,USD,NASDAQ NMS - GLOBAL MARKET,Consumer products,1994-11-10,https://static2.finnhub.io/file/publicdatany/finnhubimage/stock_logo/942959149506.png,5.09704981632653,Algorhythm Holdings Inc,19545961000,2.38,RIME,https://singingmachine.com/
0,US,USD,USD,NASDAQ NMS - GLOBAL MARKET,N/A,2022-10-04,https://static2.finnhub.io/file/publicdatany/finnhubimage/stock_logo/950829019266.png,28.36,Aquaron Acquisition Corp,16469702181,2.43,AQU,
0,US,USD,USD,NASDAQ NMS - GLOBAL MARKET,Technology,2020-12-08,https://static2.finnhub.io/file/publicdatany/finnhubimage/stock_logo/950590150446.png,5.512701,T Stamp Inc,14048069906,2.44,IDAI,https://truststamp.ai/
0,US,USD,USD,"NEW YORK STOCK EXCHANGE, INC.",Packaging,1991-12-11,https://static2.finnhub.io/file/publicdatany/finnhubimage/stock_logo/OI.png,1819.5374722862068,O-I Glass Inc,15673365000,154.65,OI,https://www.o-i.com/
0,JP,JPY,JPY,TOKYO STOCK EXCHANGE-TOKYO PRO MARKET,Semiconductors,1999-12-07,https://static2.finnhub.io/file/publicdatany/finnhubimage/stock_logo/942958774786.png,3586134.80896,Disco Corp,81345901111,108.39,6146.T,https://www.disco.co.jp/
0,US,USD,USD,NASDAQ NMS - GLOBAL MARKET,Technology,1980-12-12,https://static2.finnhub.io/file/publicdatany/finnhubimage/stock_logo/AAPL.png,3591327.0779529223,Apple Inc,14089961010,15037.87,AAPL,https://www.apple.com/
0,US,USD,USD,OTC MARKETS,Banking,2019-07-09,https://static2.finnhub.io/file/publicdatany/finnhubimage/stock_logo/950683282436.png,17.6900955,Eureka Homestead Bancorp Inc,15048340242,1.03,ERKH,https://eurekahomestead.com/
0,US,USD,USD,NYSE MKT LLC,Commercial Services & Supplies,1980-03-17,https://static2.finnhub.io/file/publicdatany/finnhubimage/stock_logo/942959032726.png,139.59361538487974,Acme United Corp,12032546060,3.74,ACU,https://www.acmeunited.com/
0,US,USD,USD,NASDAQ NMS - GLOBAL MARKET,Trading Companies & Distributors,2004-09-23,https://static2.finnhub.io/file/publicdatany/finnhubimage/stock_logo/BECN.png,6841.830135580647,Beacon Roofing Supply Inc,15713233939,61.58,BECN,https://www.becn.com/
0,ID,USD,USD,INDONESIA STOCK EXCHANGE,Chemicals,2008-05-26,https://static2.finnhub.io/file/publicdatany/finnhubimage/stock_logo/942958747466.png,614231982.8125,Chandra Asri Pacific PT Tbk,62215307950,86511.55,TPIA.JK,https://www.chandra-asri.com/
0,US,USD,USD,"NEW YORK STOCK EXCHANGE, INC.",Biotechnology,2018-03-15,https://static2.finnhub.io/file/publicdatany/finnhubimage/stock_logo/950517794166.png,1013.960878748503,Arcus Biosciences Inc,15106946200,105.84,RCUS,https://arcusbio.com/
0,US,USD,USD,NASDAQ NMS - GLOBAL MARKET,Road & Rail,1994-10-28,https://static2.finnhub.io/file/publicdatany/finnhubimage/stock_logo/CVLG.png,598.4759569737267,Covenant Logistics Group Inc,14238211212,26.55,CVLG,https://www.covenantlogistics.com/
0,US,USD,USD,OTC MARKETS,N/A,2001-07-11,https://static2.finnhub.io/file/publicdatany/finnhubimage/stock_logo/942959558036.png,13.9554185,Curative Biotechnology Inc,15619078990,919.26,CUBT,https://curativebiotech.com/
0,US,USD,USD,NASDAQ NMS - GLOBAL MARKET,Retail,2019-06-20,https://static2.finnhub.io/file/publicdatany/finnhubimage/stock_logo/950694019186.png,1275.389093304423,Grocery Outlet Holding Corp,15108451999,97.36,GO,https://groceryoutlet.com/
0,US,USD,USD,"NEW YORK STOCK EXCHANGE, INC.",Health Care,2001-07-25,https://static2.finnhub.io/file/publicdatany/finnhubimage/stock_logo/ZBH.png,20965.33,Zimmer Biomet Holdings Inc,15742676131,199.06,ZBH,https://www.zimmerbiomet.com/en
0,SG,USD,USD,HONG KONG EXCHANGES AND CLEARING LTD,"Hotels, Restaurants & Leisure",2022-12-30,https://static2.finnhub.io/file/publicdatany/finnhubimage/stock_logo/950834305096.png,13331.12973,Super Hi International Holding Ltd,8618661951778,650.3,9658.HK,https://www.superhiinternational.com/
0,US,USD,USD,NASDAQ NMS - GLOBAL MARKET,Auto Components,1980-03-17,https://static2.finnhub.io/file/publicdatany/finnhubimage/stock_logo/PATK.png,2971.8366810641064,Patrick Industries Inc,15742947511,33.64,PATK,https://patrickind.com/
0,US,USD,USD,NASDAQ NMS - GLOBAL MARKET,Retail,2021-06-10,https://static2.finnhub.io/file/publicdatany/finnhubimage/stock_logo/950363523126.png,123.20045922689074,1stdibs.Com Inc,12126273929,35.4,DIBS,https://www.1stdibs.com/
0,IL,USD,USD,NASDAQ NMS - GLOBAL MARKET,Pharmaceuticals,2018-02-01,https://static2.finnhub.io/file/publicdatany/finnhubimage/stock_logo/942970682076.png,15.88162814360771,Sol Gel Technologies Ltd,97289313433,27.86,SLGL,http://www.sol-gel.com
0,FR,EUR,EUR,NYSE EURONEXT - EURONEXT PARIS,Banking,2001-12-13,https://static2.finnhub.io/file/publicdatany/finnhubimage/stock_logo/985899343126.png,49904.905195,Credit Agricole SA,33143235202,3025.9,ACA.PA,https://www.credit-agricole.com/
0,CA,CAD,CAD,TORONTO STOCK EXCHANGE,Utilities,2015-11-05,https://static2.finnhub.io/file/publicdatany/finnhubimage/stock_logo/950467091666.png,27897.733741,Hydro One Ltd,14163455000,599.44,H.TO,https://www.hydroone.com
0,US,USD,USD,NASDAQ NMS - GLOBAL MARKET,Biotechnology,2017-09-20,https://static2.finnhub.io/file/publicdatany/finnhubimage/stock_logo/950578241996.png,395.05844398396783,Celcuity Inc,17633920767,37.13,CELC,https://www.celcuity.com/
0,US,USD,USD,OTC MARKETS,Electrical Equipment,1995-05-05,https://static2.finnhub.io/file/publicdatany/finnhubimage/stock_logo/950811455486.png,43.06157190611466,Autoscope Technologies Corp,16124382363,5.47,AATC,https://www.autoscope.com
0,US,USD,USD,"NEW YORK STOCK EXCHANGE, INC.",Consumer products,1996-11-22,https://static2.finnhub.io/file/publicdatany/finnhubimage/stock_logo/NUS.png,395.2960859701493,NU Skin Enterprises Inc,18013456100,49.72,NUS,https://www.nuskin.com/
0,CN,USD,USD,NASDAQ NMS - GLOBAL MARKET,Machinery,2025-01-02,,26.825,INLIF Ltd,8615375760760,14.5,INLF,
0,US,USD,USD,"NEW YORK STOCK EXCHANGE, INC.",Insurance,1993-05-03,https://static2.finnhub.io/file/publicdatany/finnhubimage/stock_logo/RGA.png,12583.59889256145,Reinsurance Group of America Inc,16367367000,66.02,RGA,https://www.rgare.com/
0,US,USD,USD,NASDAQ NMS - GLOBAL MARKET,Financial Services,2007-12-12,https://static2.finnhub.io/file/publicdatany/finnhubimage/stock_logo/942959026226.png,30.71139159375,FlexShopper Inc,15613671504,21.46,FPAY,https://www.flexshopper.com/
0,US,USD,USD,NYSE MKT LLC,Banking,1986-06-02,https://static2.finnhub.io/file/publicdatany/finnhubimage/stock_logo/942959051016.png,947.6223324776141,Tompkins Financial Corp,16072742078,14.43,TMP,https://www.tompkinsfinancial.com/
0,MO,USD,USD,NASDAQ NMS - GLOBAL MARKET,Electrical Equipment,1995-07-19,https://static2.finnhub.io/file/publicdatany/finnhubimage/stock_logo/942958715066.png,36.969753,Deswell Industries Inc,85328322096,15.94,DSWL,https://www.deswell.com
0,US,USD,USD,NASDAQ NMS - GLOBAL MARKET,Biotechnology,2021-08-10,https://static2.finnhub.io/file/publicdatany/finnhubimage/stock_logo/950683060856.png,98.93100599999998,Climb Bio Inc,18668572596,67.22,CLYM,https://climbbio.com/
0,US,USD,USD,NASDAQ NMS - GLOBAL MARKET,Commercial Services & Supplies,2022-02-25,https://static2.finnhub.io/file/publicdatany/finnhubimage/stock_logo/950820720456.png,78.50808265625,Bitcoin Depot Inc,16784359604,60.39,BTM,https://bitcoindepot.com/
0,US,USD,USD,NASDAQ NMS - GLOBAL MARKET,Technology,1995-09-19,https://static2.finnhub.io/file/publicdatany/finnhubimage/stock_logo/SMSI.png,21.461417,Smith Micro Software Inc,14128375300,17.74,SMSI,https://www.smithmicro.com/
0,KZ,KZT,KZT,NASDAQ NMS - GLOBAL MARKET,Financial Services,2018-05-28,,19871.988884742645,Kaspi.kz AO,77273563423,189.33,KSPI,https://ir.kaspi.kz/
0,US,USD,USD,NASDAQ NMS - GLOBAL MARKET,Machinery,2021-01-27,https://static2.finnhub.io/file/publicdatany/finnhubimage/stock_logo/950727926086.png,26.288699856213018,Agrify Corp,18554200020,1.83,AGFY,https://www.agrify.com/
0,CA,USD,USD,TORONTO STOCK EXCHANGE,Metals & Mining,2015-10-09,https://static2.finnhub.io/file/publicdatany/finnhubimage/stock_logo/SIL.TO.png,2183.75,SilverCrest Metals Inc,16046941730,149.27,SIL.TO,https://silvercrestmetals.com/
0,ID,USD,USD,INDONESIA STOCK EXCHANGE,Energy,2008-07-16,https://static2.finnhub.io/file/publicdatany/finnhubimage/stock_logo/942980522856.png,60539306.738281,Adaro Energy Indonesia TBK PT,62215211265,30758.67,ADRO.JK,https://www.adaro.com/
0,US,USD,USD,NASDAQ NMS - GLOBAL MARKET,Consumer products,2021-01-26,https://static2.finnhub.io/file/publicdatany/finnhubimage/stock_logo/950796835306.png,226.70801867867036,United Homes Group Inc,18447664663,48.41,UHG,https://www.diamondheadholdings.com/
0,GB,GBP,GBP,LONDON STOCK EXCHANGE,Banking,1986-10-08,https://static2.finnhub.io/file/publicdatany/finnhubimage/stock_logo/LLOY.L.png,44077.343162,Lloyds Banking Group PLC,442076261500,60729.07,LLOY.L,https://www.lloydsbankinggroup.com
0,US,USD,USD,NASDAQ NMS - GLOBAL MARKET,Media,2018-02-22,https://static2.finnhub.io/file/publicdatany/finnhubimage/stock_logo/LVO.png,70.15706507680648,LiveOne Inc,13106012505,96.09,LVO,https://www.livexlive.com/
0,US,USD,USD,NASDAQ NMS - GLOBAL MARKET,Biotechnology,2013-05-22,https://static2.finnhub.io/file/publicdatany/finnhubimage/stock_logo/950683392756.png,394.12107232936756,Arcturus Therapeutics Holdings Inc,18589002660,27.09,ARCT,https://arcturusrx.com/
0,US,USD,USD,NASDAQ NMS - GLOBAL MARKET,Pharmaceuticals,2016-06-02,https://static2.finnhub.io/file/publicdatany/finnhubimage/stock_logo/CLSD.png,70.36760657145784,Clearside Biomedical Inc,16782703631,75.84,CLSD,https://clearsidebio.com/
0,US,USD,USD,OTC MARKETS,N/A,2021-09-23,,4.76,Pineapple Express Cannabis Co,13577778876,19.83,PNXP,https://minaro-corp.com/
0,US,USD,USD,OTC MARKETS,N/A,2016-04-27,https://static.finnhub.io/logo/45b20f00-80d2-11ea-9130-00000000092a.png,34.11,Hubilu Venture Corporation,13103087887,26.24,HBUV,https://www.hubilu.com/
0,US,USD,USD,NYSE MKT LLC,Biotechnology,2024-08-01,https://static2.finnhub.io/file/publicdatany/finnhubimage/stock_logo/950653647366.png,34.824476190476204,OS Therapies Inc,14102977793,21.77,OSTX,https://ostherapies.com/
0,US,USD,USD,NASDAQ NMS - GLOBAL MARKET,Health Care,2014-02-14,https://static2.finnhub.io/file/publicdatany/finnhubimage/stock_logo/INGN.png,205.86926676568498,Inogen Inc,18055620500,26.53,INGN,https://www.inogen.com/
0,CN,USD,USD,NASDAQ NMS - GLOBAL MARKET,Metals & Mining,2017-09-01,https://static2.finnhub.io/file/publicdatany/finnhubimage/stock_logo/950563901726.png,7.64,ZK International Group Co Ltd,8657786852999,5.16,ZKIN,https://www.zkinternationalgroup.com/
0,US,USD,USD,"NEW YORK STOCK EXCHANGE, INC.",Food Products,2023-09-27,https://static2.finnhub.io/file/publicdatany/finnhubimage/stock_logo/950866955286.png,1728.248988007874,WK Kellogg Co,12699612000,86.2,KLG,https://www.wkkellogg.com/
0,US,USD,USD,"NEW YORK STOCK EXCHANGE, INC.",Banking,2012-09-20,https://static2.finnhub.io/file/publicdatany/finnhubimage/stock_logo/950004915956.png,1519.9294694511464,National Bank Holdings Corp,13038928715,38.06,NBHC,https://nationalbankholdings.com
0,US,USD,USD,NYSE MKT LLC,Biotechnology,2010-09-06,https://static2.finnhub.io/file/publicdatany/finnhubimage/stock_logo/PLX.png,172.30257562025318,Protalix Biotherapeutics Inc,12016969345,73.63,PLX,https://protalix.com/
0,US,USD,USD,OTC MARKETS,Health Care,2011-11-03,https://static2.finnhub.io/file/publicdatany/finnhubimage/stock_logo/950372770926.png,5.81458310350053,Mitesco Inc,18443838689,9.38,MITI,https://mitescoinc.com/
0,US,USD,USD,NASDAQ NMS - GLOBAL MARKET,Consumer products,2019-06-12,https://static2.finnhub.io/file/publicdatany/finnhubimage/stock_logo/ATER.png,18.823649557522128,Aterian Inc,13476761681,8.76,ATER,https://www.aterian.io/
0,US,USD,USD,"NEW YORK STOCK EXCHANGE, INC.",Health Care,2000-09-29,https://static2.finnhub.io/file/publicdatany/finnhubimage/stock_logo/ITGR.png,4099.972617149226,Integer Holdings Corp,12146185243,33.62,ITGR,https://integer.net
0,CN,USD,USD,NASDAQ NMS - GLOBAL MARKET,N/A,2023-02-15,https://static2.finnhub.io/file/publicdatany/finnhubimage/stock_logo/950769218096.png,35.55,Distoken Acquisition Corp,8687168227160,3.2,DIST,
0,US,USD,USD,NASDAQ NMS - GLOBAL MARKET,Biotechnology,2004-07-28,https://static2.finnhub.io/file/publicdatany/finnhubimage/stock_logo/MNKD.png,1511.8848926341464,MannKind Corp,18186615000,303.59,MNKD,https://mannkindcorp.com/
0,GB,USD,USD,"NEW YORK STOCK EXCHANGE, INC.",Financial Services,2008-10-27,https://static2.finnhub.io/file/publicdatany/finnhubimage/stock_logo/JHG.png,5864.301870983752,Janus Henderson Group PLC,442078181818,157.56,JHG,https://www.janushenderson.com/
0,US,USD,USD,OTC MARKETS,Retail,2011-02-23,https://static2.finnhub.io/file/publicdatany/finnhubimage/stock_logo/942959066656.png,0.257436,Tekumo Inc,13034892950,2162.93,TKMO,http://www.balincanusa.com/
0,US,USD,USD,"NEW YORK STOCK EXCHANGE, INC.",Road & Rail,1994-03-31,https://static2.finnhub.io/file/publicdatany/finnhubimage/stock_logo/UHAL.png,12430.13414299149,U-Haul Holding Co,17756886300,196.08,UHAL,https://www.amerco.com/
0,US,USD,USD,NASDAQ NMS - GLOBAL MARKET,Retail,1985-08-08,https://static2.finnhub.io/file/publicdatany/finnhubimage/stock_logo/ROST.png,44857.17372732498,Ross Stores Inc,19259654400,329.93,ROST,https://www.rossstores.com/
0,US,USD,USD,"NEW YORK STOCK EXCHANGE, INC.",Construction,2018-10-16,https://static2.finnhub.io/file/publicdatany/finnhubimage/stock_logo/ACA.png,3881.1079303568704,Arcosa Inc,19729426500,48.78,ACA,https://www.arcosa.com/
0,CA,USD,USD,NASDAQ NMS - GLOBAL MARKET,N/A,2023-03-24,https://static2.finnhub.io/file/publicdatany/finnhubimage/stock_logo/950838320906.png,69.4367608714409,Oak Woods Acquisition Corp,14035617750,6.04,OAKU,https://oakwoodsacquisition.com/
0,US,USD,USD,NASDAQ NMS - GLOBAL MARKET,Biotechnology,2000-04-06,https://static2.finnhub.io/file/publicdatany/finnhubimage/stock_logo/SGMO.png,216.99275624,Sangamo Therapeutics Inc,15109706000,208.65,SGMO,https://www.sangamo.com/
0,US,USD,USD,NASDAQ NMS - GLOBAL MARKET,N/A,2011-01-20,https://static2.finnhub.io/file/publicdatany/finnhubimage/stock_logo/950012210506.png,1732.99,Oxford Lane Capital Corp,12039835275,345.91,OXLC,https://www.oxfordlanecapital.com/
0,US,USD,USD,OTC MARKETS,Metals & Mining,1996-07-08,https://static2.finnhub.io/file/publicdatany/finnhubimage/stock_logo/942959557046.png,28.8960471137,Dynaresource Inc,19728689066,29.43,DYNR,https://www.dynaresource.com/
0,US,USD,USD,NASDAQ NMS - GLOBAL MARKET,Biotechnology,2024-09-13,,900.5784931365081,Bicara Therapeutics Inc,16174684219,54.42,BCAX,https://www.bicara.com/
0,HK,USD,USD,OTC MARKETS,Insurance,2000-06-22,https://static2.finnhub.io/file/publicdatany/finnhubimage/stock_logo/950742382806.png,393.61131144,QDM International Inc,85234886893,291.56,QDMI,http://www.247kiddoc.com
0,US,USD,USD,"NEW YORK STOCK EXCHANGE, INC.",Utilities,2019-07-16,https://static2.finnhub.io/file/publicdatany/finnhubimage/stock_logo/XL.png,46.87858158704453,Spruce Power Holding Corp,18667778235,18.6,SPRU,https://xlfleet.com/
0,US,,,OTC MARKETS,N/A,2011-11-21,https://static2.finnhub.io/file/publicdatany/finnhubimage/stock_logo/942979955936.png,0.109628,Eco Innovation Group Inc,18009224356,1096.28,ECOX,https://www.ecoig.com/
0,US,USD,USD,NASDAQ NMS - GLOBAL MARKET,Professional Services,1996-11-27,https://static2.finnhub.io/file/publicdatany/finnhubimage/stock_logo/942959065256.png,196.60859492149166,Forrester Research Inc,16176136000,19.0,FORR,https://www.forrester.com/consulting/
0,US,USD,USD,OTC MARKETS,Metals & Mining,2001-10-04,https://static2.finnhub.io/file/publicdatany/finnhubimage/stock_logo/950871515876.png,4.429895125,Mineralrite Corp,14698818900,4347.78,RITE,https://mineral-rite.com/
0,US,USD,USD,NASDAQ NMS - GLOBAL MARKET,Biotechnology,2014-02-24,https://static2.finnhub.io/file/publicdatany/finnhubimage/stock_logo/950351580586.png,79.7896982996109,Skye Bioscience Inc,18584100266,30.34,SKYE,https://skyebioscience.com/
0,CN,CNY,CNY,OTC MARKETS,Road & Rail,2021-06-30,https://static2.finnhub.io/file/publicdatany/finnhubimage/stock_logo/DIDI.png,24695.234797,DiDi Global Inc,861083042168,1223.06,DIDIY,https://www.didiglobal.com
0,US,,,NASDAQ NMS - GLOBAL MARKET,N/A,2024-12-13,,275.56,Roman DBDR Acquisition Corp II,16506182524,27.67,DRDBU,
0,CA,USD,USD,TORONTO STOCK EXCHANGE,Real Estate,1993-06-22,https://static2.finnhub.io/file/publicdatany/finnhubimage/stock_logo/CIGI.TO.png,9019.83452,Colliers International Group Inc,14169609500,50.62,CIGI.TO,https://www.collierscanada.com/
0,GB,USD,USD,NASDAQ NMS - GLOBAL MARKET,Biotechnology,2018-06-22,https://static2.finnhub.io/file/publicdatany/finnhubimage/stock_logo/950637440396.png,550.866834,Autolus Therapeutics PLC,442038296230,266.12,AUTL,https://www.autolus.com/
0,US,USD,USD,NASDAQ NMS - GLOBAL MARKET,Biotechnology,2018-08-09,https://static2.finnhub.io/file/publicdatany/finnhubimage/stock_logo/942970310846.png,2.417747,Vaccinex Inc,15852712700,2.68,VCNX,https://www.vaccinex.com/
0,US,USD,USD,NASDAQ NMS - GLOBAL MARKET,Commercial Services & Supplies,2009-07-16,https://static2.finnhub.io/file/publicdatany/finnhubimage/stock_logo/QRHC.png,91.40927555844156,Quest Resource Holding Corp,19724640004,20.59,QRHC,https://www.questrmg.com/investors/
0,US,USD,USD,"NEW YORK STOCK EXCHANGE, INC.",Financial Services,1988-12-09,https://static2.finnhub.io/file/publicdatany/finnhubimage/stock_logo/942959039776.png,2136.675452034108,Federal Agricultural Mortgage Corp,12028727700,10.89,AGM,https://www.farmermac.com/
0,US,USD,USD,NASDAQ NMS - GLOBAL MARKET,"Hotels, Restaurants & Leisure",2015-06-12,https://static2.finnhub.io/file/publicdatany/finnhubimage/stock_logo/WING.png,6509.859973395639,Wingstop Inc,19726866500,28.66,WING,https://ir.wingstop.com/
0,US,USD,USD,NASDAQ NMS - GLOBAL MARKET,Health Care,1997-06-18,https://static2.finnhub.io/file/publicdatany/finnhubimage/stock_logo/942959149396.png,567.2094577934322,Simulations Plus Inc,16617237723,20.09,SLP,https://www.simulations-plus.com/
0,US,USD,USD,"NEW YORK STOCK EXCHANGE, INC.",Real Estate,2010-06-24,https://static2.finnhub.io/file/publicdatany/finnhubimage/stock_logo/950006637966.png,438.352349,Hudson Pacific Properties Inc,13104455700,141.35,HPP,https://www.hudsonpacificproperties.com/
0,US,USD,USD,"NEW YORK STOCK EXCHANGE, INC.",Life Sciences Tools & Services,1995-11-17,https://static2.finnhub.io/file/publicdatany/finnhubimage/stock_logo/WAT.png,23347.905315482745,Waters Corp,15084782000,59.41,WAT,https://www.waters.com
0,US,USD,USD,NASDAQ NMS - GLOBAL MARKET,Health Care,2014-11-11,https://static2.finnhub.io/file/publicdatany/finnhubimage/stock_logo/950370778706.png,164.52003309571555,Joint Corp,14802455960,14.98,JYNT,https://www.thejoint.com/
0,US,USD,USD,NASDAQ NMS - GLOBAL MARKET,Banking,1993-03-01,https://static2.finnhub.io/file/publicdatany/finnhubimage/stock_logo/942959152436.png,79.01839074559595,United Bancorp Inc,17406330445,5.79,UBCP,https://www.unitedbancorp.com/
0,US,USD,USD,NASDAQ NMS - GLOBAL MARKET,Biotechnology,2019-10-03,https://static2.finnhub.io/file/publicdatany/finnhubimage/stock_logo/950527947946.png,209.19328061829648,Korro Bio Inc,16174681999,9.37,KRRO,https://www.korrobio.com/
0,IE,AUD,AUD,NASDAQ NMS - GLOBAL MARKET,Auto Components,2021-03-08,https://static2.finnhub.io/file/publicdatany/finnhubimage/stock_logo/950842665746.png,5.561292543435489,Carbon Revolution PLC,35319201000,1.88,CREV,https://www.carbonrev.com/
0,US,USD,USD,NASDAQ NMS - GLOBAL MARKET,Metals & Mining,2022-03-01,https://static2.finnhub.io/file/publicdatany/finnhubimage/stock_logo/950821725536.png,11.34576360849057,5E Advanced Materials Inc,14422922120,16.58,FEAM,https://5eadvancedmaterials.com/
0,IL,USD,USD,NASDAQ NMS - GLOBAL MARKET,Electrical Equipment,1997-01-22,https://static2.finnhub.io/file/publicdatany/finnhubimage/stock_logo/942958752376.png,75.67212612169637,Eltek Ltd,97239395050,6.71,ELTK,https://www.nisteceltek.com/
0,US,USD,USD,NASDAQ NMS - GLOBAL MARKET,Biotechnology,2014-11-06,https://static2.finnhub.io/file/publicdatany/finnhubimage/stock_logo/CHRS.png,120.52579859296482,Coherus BioSciences Inc,16506493530,115.21,CHRS,https://www.coherus.com/
0,US,USD,USD,NASDAQ NMS - GLOBAL MARKET,Biotechnology,2021-02-10,https://static2.finnhub.io/file/publicdatany/finnhubimage/stock_logo/950683358226.png,3.44664971097345,GRI Bio Inc,16194001171,0.53,GRI,https://www.gribio.com/
0,US,USD,USD,OTC MARKETS,N/A,2011-07-29,https://static2.finnhub.io/file/publicdatany/finnhubimage/stock_logo/942961995676.png,12.852978,Financial Gravity Companies Inc,18005883893,94.78,FGCO,https://financialgravity.com/
0,GB,USD,USD,NASDAQ NMS - GLOBAL MARKET,Biotechnology,2008-07-14,https://static2.finnhub.io/file/publicdatany/finnhubimage/stock_logo/TLSA.png,187.01441304,Tiziana Life Sciences Ltd,442074952379,110.66,TLSA,https://www.tizianalifesciences.com/
0,US,USD,USD,NASDAQ NMS - GLOBAL MARKET,Semiconductors,1972-10-05,https://static2.finnhub.io/file/publicdatany/finnhubimage/stock_logo/AMAT.png,126480.78700368485,Applied Materials Inc,14087275555,812.44,AMAT,https://www.appliedmaterials.com/
0,IE,USD,USD,ASX - ALL MARKETS,Construction,2001-10-15,https://static2.finnhub.io/file/publicdatany/finnhubimage/stock_logo/JHX.AX.png,22009.396946,James Hardie Industries PLC,35314116924,429.81,JHX.AX,http://www.ir.jameshardie.com.au/
0,US,USD,USD,NASDAQ NMS - GLOBAL MARKET,Communications,1990-02-16,https://static2.finnhub.io/file/publicdatany/finnhubimage/stock_logo/950800186156.png,254372.02058857057,Cisco Systems Inc,14085264000,3978.29,CSCO,https://www.cisco.com/
0,GB,USD,USD,LONDON STOCK EXCHANGE,Metals & Mining,1973-11-01,https://static2.finnhub.io/file/publicdatany/finnhubimage/stock_logo/RIO.L.png,81038.864143,Rio Tinto PLC,442077811623,1625.19,RIO.L,https://www.riotinto.com/
0,US,USD,USD,OTC MARKETS,Banking,1988-11-10,https://static2.finnhub.io/file/publicdatany/finnhubimage/stock_logo/950007107396.png,100.12140800000002,Community Bancorp,18023347915,5.58,CMTV,https://www.communitynationalbank.com/community-bancorp
0,US,USD,USD,OTC MARKETS,N/A,1993-10-27,https://static.finnhub.io/logo/e411f208-80f8-11ea-aeac-00000000092a.png,2.34,Strategic Acquisitions Inc,12128786532,6.67,STQN,https://www.strategicla.com/
0,US,USD,USD,"NEW YORK STOCK EXCHANGE, INC.",N/A,2021-11-24,,503.61,Guggenheim Active Allocation Fund,13128270100,32.98,GUG,
0,US,USD,USD,NASDAQ NMS - GLOBAL MARKET,Food Products,2011-07-27,https://static2.finnhub.io/file/publicdatany/finnhubimage/stock_logo/950347619736.png,56.915718955613585,Barfresh Food Group Inc,13105987110,15.81,BRFH,https://www.barfresh.com/
0,US,USD,USD,NASDAQ NMS - GLOBAL MARKET,Telecommunication,2015-02-03,https://static2.finnhub.io/file/publicdatany/finnhubimage/stock_logo/942972421796.png,729.5312980185281,Anterix Inc,19737710300,18.59,ATEX,https://anterix.com/
0,US,USD,USD,NASDAQ NMS - GLOBAL MARKET,Health Care,1989-08-23,https://static2.finnhub.io/file/publicdatany/finnhubimage/stock_logo/NEOG.png,2256.217657314629,Neogen Corp,15173729200,216.94,NEOG,https://www.neogen.com/
0,US,USD,USD,"NEW YORK STOCK EXCHANGE, INC.",Energy,2015-05-01,https://static2.finnhub.io/file/publicdatany/finnhubimage/stock_logo/950457298436.png,3114.282871525886,Black Stone Minerals LP,17134453200,211.14,BSM,https://www.blackstoneminerals.com/
0,KR,KRW,KRW,KOREA EXCHANGE (STOCK MARKET),Banking,2019-02-13,https://static2.finnhub.io/file/publicdatany/finnhubimage/stock_logo/316140.KS.png,12044796.375732,Woori Financial Group Inc,82221252000,742.59,316140.KS,https://www.woorifg.com/
0,US,USD,USD,NASDAQ NMS - GLOBAL MARKET,Biotechnology,2021-07-30,https://static2.finnhub.io/file/publicdatany/finnhubimage/stock_logo/950525376506.png,70.17033621276596,Tenaya Therapeutics Inc,14158652066,154.22,TNYA,https://www.tenayatherapeutics.com/
0,US,USD,USD,NASDAQ NMS - GLOBAL MARKET,Banking,1995-11-21,https://static2.finnhub.io/file/publicdatany/finnhubimage/stock_logo/942959065206.png,455.74374710344813,Flushing Financial Corp,17189615400,33.66,FFIC,https://investor.flushingbank.com/
0,US,USD,USD,NASDAQ NMS - GLOBAL MARKET,Machinery,1989-12-15,https://static2.finnhub.io/file/publicdatany/finnhubimage/stock_logo/942959070306.png,111.19717285399447,Perma-Pipe International Holdings Inc,12815986222,7.98,PPIH,https://www.permapipe.com/
0,US,USD,USD,NASDAQ NMS - GLOBAL MARKET,N/A,2022-04-20,https://static2.finnhub.io/file/publicdatany/finnhubimage/stock_logo/950824432336.png,41.87,Yotta Acquisition Corp,12126121400,3.68,YOTA,
0,US,USD,USD,NASDAQ NMS - GLOBAL MARKET,Logistics & Transportation,2025-02-05,,20.62,Callan JMB Inc,18304380395,4.44,CJMB,https://callanjmb.com/
0,US,USD,USD,NASDAQ NMS - GLOBAL MARKET,Biotechnology,2024-02-09,https://static2.finnhub.io/file/publicdatany/finnhubimage/stock_logo/950766933356.png,77.46751568041236,Metagenomi Inc,15108714880,37.42,MGX,https://metagenomi.co/
0,US,USD,USD,"NEW YORK STOCK EXCHANGE, INC.",Airlines,1977-06-27,https://static2.finnhub.io/file/publicdatany/finnhubimage/stock_logo/LUV.png,17305.703698760582,Southwest Airlines Co,12147924000,592.66,LUV,https://www.southwest.com/
0,US,USD,USD,NASDAQ NMS - GLOBAL MARKET,N/A,2023-06-14,https://static2.finnhub.io/file/publicdatany/finnhubimage/stock_logo/950829100616.png,42.028649931034494,ESH Acquisition Corp,12129918332,3.9,ESHA,
0,US,USD,USD,NYSE MKT LLC,Machinery,2024-04-26,https://static2.finnhub.io/file/publicdatany/finnhubimage/stock_logo/950836792916.png,9.73,CleanCore Solutions Inc,18778603030,8.37,ZONE,https://www.cleancoresol.com/
0,US,USD,USD,"NEW YORK STOCK EXCHANGE, INC.",Financial Services,2010-08-13,https://static2.finnhub.io/file/publicdatany/finnhubimage/stock_logo/942958996896.png,346.3214302808655,Saratoga Investment Corp,12127503343,14.35,SAR,https://saratogainvestmentcorp.com/
0,US,USD,USD,"NEW YORK STOCK EXCHANGE, INC.",Utilities,1980-03-17,https://static2.finnhub.io/file/publicdatany/finnhubimage/stock_logo/PNM.png,4427.262854319315,TXNM Energy Inc,15052412700,92.66,TXNM,https://www.txnmenergy.com/
0,US,USD,USD,NASDAQ NMS - GLOBAL MARKET,Biotechnology,2020-07-24,https://static2.finnhub.io/file/publicdatany/finnhubimage/stock_logo/950387919486.png,302.79914171641786,Annexon Inc,16508225500,109.71,ANNX,https://annexonbio.com/
0,US,USD,USD,"NEW YORK STOCK EXCHANGE, INC.",Building,2017-01-27,https://static2.finnhub.io/file/publicdatany/finnhubimage/stock_logo/JELD.png,522.6758564054055,JELD-WEN Holding Inc,17043785700,84.85,JELD,https://investors.jeld-wen.com
0,CA,USD,USD,TSX VENTURE EXCHANGE - NEX,Metals & Mining,1981-07-30,https://static2.finnhub.io/file/publicdatany/finnhubimage/stock_logo/942960659936.png,2.847414,Emergent Metals Corp,18664970284,51.77,EMR.V,https://emergentmetals.com/
0,US,USD,USD,"NEW YORK STOCK EXCHANGE, INC.",Aerospace & Defense,1892-06-23,https://static2.finnhub.io/file/publicdatany/finnhubimage/stock_logo/GE.png,208057.37196409004,General Electric Co,16174433000,1073.29,GE,https://www.ge.com/
0,HK,HKD,HKD,NASDAQ NMS - GLOBAL MARKET,Commercial Services & Supplies,2024-10-15,https://static2.finnhub.io/file/publicdatany/finnhubimage/stock_logo/950868750246.png,12.1878,Samfine Creation Holdings Group Ltd,85235891500,20.3,SFHG,
0,US,USD,USD,OTC MARKETS,Communications,2000-07-18,https://static2.finnhub.io/file/publicdatany/finnhubimage/stock_logo/942958996286.png,0.7779525,Telkonet Inc,14143022299,299.21,TKOI,https://www.telkonet.com/
0,US,USD,USD,NASDAQ NMS - GLOBAL MARKET,Electrical Equipment,1981-06-09,https://static2.finnhub.io/file/publicdatany/finnhubimage/stock_logo/942959062676.png,14.98045080519481,Electro-Sensors Inc,19529300100,3.43,ELSE,https://www.electro-sensors.com/
0,US,,,"NEW YORK STOCK EXCHANGE, INC.",Financial Services,2024-06-14,https://static2.finnhub.io/file/publicdatany/finnhubimage/stock_logo/950825463726.png,437.64,Sound Point Meridian Capital Inc,12128952293,20.23,SPMC,
0,CA,USD,USD,NASDAQ NMS - GLOBAL MARKET,N/A,2021-12-15,https://static2.finnhub.io/file/publicdatany/finnhubimage/stock_logo/950800423846.png,246.60742549489058,Swiftmerge Acquisition Corp,16046857303,66.55,ANNA,https://www.swiftmerg.com/
0,US,USD,USD,NASDAQ NMS - GLOBAL MARKET,Pharmaceuticals,1973-02-01,https://static2.finnhub.io/file/publicdatany/finnhubimage/stock_logo/VTRS.png,11519.096431919033,Viatris Inc,17245141800,1193.69,VTRS,https://www.viatris.com/en
0,US,USD,USD,"NEW YORK STOCK EXCHANGE, INC.",Real Estate,2013-02-13,https://static2.finnhub.io/file/publicdatany/finnhubimage/stock_logo/950347622606.png,775.270062,Orchid Island Capital Inc,17722311400,93.29,ORC,https://www.orchidislandcapital.com/
0,US,USD,USD,"NEW YORK STOCK EXCHANGE, INC.",Retail,1981-05-22,https://static2.finnhub.io/file/publicdatany/finnhubimage/stock_logo/GCO.png,303.96576007932094,Genesco Inc,16153677000,11.21,GCO,https://www.genesco.com/
0,US,USD,USD,NASDAQ NMS - GLOBAL MARKET,Aerospace & Defense,1997-11-20,https://static2.finnhub.io/file/publicdatany/finnhubimage/stock_logo/VTSI.png,62.89546550265487,VirTra Inc,14809681488,11.24,VTSI,https://www.virtra.com/
0,IL,USD,USD,NASDAQ NMS - GLOBAL MARKET,Technology,2005-09-12,https://static2.finnhub.io/file/publicdatany/finnhubimage/stock_logo/MYSZ.png,2.7542144680851104,My Size Inc,97236009030,2.04,MYSZ,https://mysizeid.com/
0,US,USD,USD,NASDAQ NMS - GLOBAL MARKET,Financial Services,2009-08-03,https://static2.finnhub.io/file/publicdatany/finnhubimage/stock_logo/RILY.png,143.94615376761905,B Riley Financial Inc,18188843737,30.5,RILY,https://brileyfin.com/
0,US,USD,USD,NASDAQ NMS - GLOBAL MARKET,Health Care,2021-03-02,https://static2.finnhub.io/file/publicdatany/finnhubimage/stock_logo/950798903636.png,29.598467125605723,Envoy Medical Inc,16513618000,21.29,COCH,https://www.envoymedical.com/
0,SG,USD,USD,NYSE MKT LLC,Diversified Consumer Services,2016-06-10,https://static2.finnhub.io/file/publicdatany/finnhubimage/stock_logo/950509236416.png,102.932848,51Talk Online Education Group,861056928909,345.24,COE,http://ir.51talk.com/
0,US,USD,USD,NASDAQ NMS - GLOBAL MARKET,Banking,1998-07-30,https://static2.finnhub.io/file/publicdatany/finnhubimage/stock_logo/942959066926.png,614.259728984985,Heritage Commerce Corp,14089476900,61.35,HTBK,https://www.heritagecommercecorp.com/
0,US,USD,USD,"NEW YORK STOCK EXCHANGE, INC.",Trading Companies & Distributors,1995-12-15,https://static2.finnhub.io/file/publicdatany/finnhubimage/stock_logo/MSM.png,4591.621010115975,MSC Industrial Direct Co Inc,15168122000,55.86,MSM,https://www.mscdirect.com/
0,US,USD,USD,NYSE MKT LLC,Real Estate,1993-10-27,https://static2.finnhub.io/file/publicdatany/finnhubimage/stock_logo/942959127346.png,24.35600417325838,CKX Lands Inc,13374932399,2.03,CKX,https://www.ckxlands.com/
0,US,USD,USD,NASDAQ NMS - GLOBAL MARKET,Pharmaceuticals,2024-10-25,https://static2.finnhub.io/file/publicdatany/finnhubimage/stock_logo/950821611336.png,285.50962689465405,Septerna Inc,16503383533,44.4,SEPN,https://septerna.com/
0,US,USD,USD,NASDAQ NMS - GLOBAL MARKET,Health Care,2000-04-11,https://static2.finnhub.io/file/publicdatany/finnhubimage/stock_logo/942959136586.png,999.1584231370404,HealthStream Inc,16153013100,30.43,HSTM,https://www.healthstream.com/
0,US,USD,USD,NASDAQ NMS - GLOBAL MARKET,Banking,1994-03-09,https://static2.finnhub.io/file/publicdatany/finnhubimage/stock_logo/942964742046.png,145.92072800569395,CB Financial Services Inc,17249665041,5.13,CBFV,https://www.communitybank.tv/investor-relations.htm
0,US,USD,USD,"NEW YORK STOCK EXCHANGE, INC.",Commercial Services & Supplies,2004-07-12,https://static2.finnhub.io/file/publicdatany/finnhubimage/stock_logo/MSA.png,6201.375789835016,MSA Safety Inc,17247768600,39.27,MSA,https://in.msasafety.com/
0,US,USD,USD,NASDAQ NMS - GLOBAL MARKET,Banking,2005-01-14,https://static2.finnhub.io/file/publicdatany/finnhubimage/stock_logo/950186925786.png,175.12957275247524,BV Financial Inc,14104775000,10.65,BVFL,https://www.bayvanguard.com/about-us/investor-relations/
0,HK,USD,USD,NASDAQ NMS - GLOBAL MARKET,Building,2022-07-13,https://static2.finnhub.io/file/publicdatany/finnhubimage/stock_logo/950766946826.png,9.70001703099207,Intelligent Living Application Group Inc,85224817938,18.06,ILAG,http://www.i-l-a-g.com/
0,US,USD,USD,NASDAQ NMS - GLOBAL MARKET,Retail,1987-12-29,https://static2.finnhub.io/file/publicdatany/finnhubimage/stock_logo/942959061646.png,105.89911819796954,Destination XL Group Inc,17818215900,54.31,DXLG,https://investor.dxl.com/investor-relations
0,CN,USD,USD,OTC MARKETS,Health Care,2022-08-17,https://static2.finnhub.io/file/publicdatany/finnhubimage/stock_logo/950814715696.png,151.4499382411067,Longduoduo Co Ltd,864725104980,30.01,LDDD,http://www.longduoduo.net/
0,CA,USD,USD,TORONTO STOCK EXCHANGE,Energy,1993-09-22,https://static2.finnhub.io/file/publicdatany/finnhubimage/stock_logo/942983675716.png,1273.709064,Enerflex Ltd,14032913438,124.14,EFX.TO,https://www.enerflex.com/
0,US,,,OTC MARKETS,Media,2022-03-02,https://static2.finnhub.io/file/publicdatany/finnhubimage/stock_logo/950800792356.png,4.2223999999999994e-05,Specificity Inc,18133644744,11.48,SPTY,https://www.specificityinc.com/
0,US,USD,USD,"NEW YORK STOCK EXCHANGE, INC.",N/A,1988-11-18,https://static2.finnhub.io/file/publicdatany/finnhubimage/stock_logo/942959012596.png,158.7,Western Asset Municipal High Income Fund Inc,18887770102,21.65,MHF,
0,US,USD,USD,NASDAQ NMS - GLOBAL MARKET,Energy,2022-05-13,https://static2.finnhub.io/file/publicdatany/finnhubimage/stock_logo/950814828686.png,1129.0335621428571,ProFrac Holding Corp,12547763722,160.15,ACDC,https://profrac.com/
0,US,USD,USD,NASDAQ NMS - GLOBAL MARKET,N/A,2021-12-07,https://static2.finnhub.io/file/publicdatany/finnhubimage/stock_logo/950814819466.png,72.09080553633216,Globalink Investment Inc,12123824605,6.01,GLLI,http://www.globalinkinvestment.com
0,US,USD,USD,NASDAQ NMS - GLOBAL MARKET,Banking,1997-07-17,https://static2.finnhub.io/file/publicdatany/finnhubimage/stock_logo/OZK.png,5167.957576403302,Bank Ozk,15019782218,113.6,OZK,https://www.ozk.com/
0,US,USD,USD,OTC MARKETS,N/A,2019-06-17,https://static2.finnhub.io/file/publicdatany/finnhubimage/stock_logo/950578324286.png,0.171008,Electromedical Technologies Inc,18888807888,855.04,EMED,https://electromedtech.com/
0,HK,USD,USD,OTC MARKETS,N/A,2004-10-29,https://static2.finnhub.io/file/publicdatany/finnhubimage/stock_logo/942972154176.png,17.624027,DH Enchantment Inc,85234263795,3831.31,ENMI,http://wesaveenergy.com/
0,GB,USD,USD,LONDON STOCK EXCHANGE,Health Care,1951-08-13,https://static2.finnhub.io/file/publicdatany/finnhubimage/stock_logo/SN.L.png,10076.077339,Smith & Nephew PLC,4401923477100,874.41,SN.L,https://www.smith-nephew.com/
0,CN,CNY,CNY,NASDAQ NMS - GLOBAL MARKET,"Hotels, Restaurants & Leisure",2014-05-09,https://static2.finnhub.io/file/publicdatany/finnhubimage/stock_logo/950422430796.png,138.704943,Tuniu Corp,862586853969,371.9,TOUR,http://www.tuniu.com/
0,US,USD,USD,"NEW YORK STOCK EXCHANGE, INC.",Real Estate,2004-06-10,https://static2.finnhub.io/file/publicdatany/finnhubimage/stock_logo/CBRE.png,39142.89013780908,CBRE Group Inc,12149796100,300.04,CBRE,https://www.cbre.us
0,US,USD,USD,OTC MARKETS,Technology,2012-10-12,https://static2.finnhub.io/file/publicdatany/finnhubimage/stock_logo/SRAX.png,6.996062,SRAX Inc,13236949800,29.15,SRAX,https://srax.com/
0,US,USD,USD,NASDAQ NMS - GLOBAL MARKET,Diversified Consumer Services,2010-06-18,https://static2.finnhub.io/file/publicdatany/finnhubimage/stock_logo/XSPA.png,5.58,XWELL Inc,12127509595,5.26,XWEL,https://www.xwell.com/
0,US,USD,USD,NASDAQ NMS - GLOBAL MARKET,Distributors,2003-10-03,https://static2.finnhub.io/file/publicdatany/finnhubimage/stock_logo/LKQ.png,11242.134579642108,LKQ Corp,16157815200,259.15,LKQ,https://www.lkqcorp.com/
0,CN,USD,USD,NASDAQ NMS - GLOBAL MARKET,Commercial Services & Supplies,2010-03-22,https://static2.finnhub.io/file/publicdatany/finnhubimage/stock_logo/942959022816.png,7.58917611211839,Smart Powerr Corp,862987651097,18.09,CREG,https://www.creg-cn.com/
0,US,USD,USD,NASDAQ NMS - GLOBAL MARKET,Electrical Equipment,2001-09-18,https://static2.finnhub.io/file/publicdatany/finnhubimage/stock_logo/942959015966.png,590.2583276681504,Preformed Line Products Co,14404615200,4.9,PLPC,https://preformed.com/
0,US,USD,USD,"NEW YORK STOCK EXCHANGE, INC.",Pharmaceuticals,1944-09-25,https://static2.finnhub.io/file/publicdatany/finnhubimage/stock_logo/JNJ.png,401325.63202419097,Johnson & Johnson,17325242455,2407.62,JNJ,https://www.jnj.com/
0,US,USD,USD,NASDAQ NMS - GLOBAL MARKET,Energy,1998-11-18,https://static2.finnhub.io/file/publicdatany/finnhubimage/stock_logo/942959047496.png,13618.064437981579,Plains All American Pipeline LP,17136544100,703.78,PAA,https://www.plains.com/
0,US,USD,USD,OTC MARKETS,Utilities,1993-10-27,https://static.finnhub.io/logo/9a21ef7e6d1b6180b2d056afd82adaa65154ae5041a147386f03ba0a8501e7c0.png,42.09,Ameren Illinois Co,16183438150,0.61,AILLP,https://www.ameren.com/illinois/about-us
0,KY,USD,USD,"NEW YORK STOCK EXCHANGE, INC.",Electrical Equipment,2010-06-25,https://static2.finnhub.io/file/publicdatany/finnhubimage/stock_logo/FN.png,6975.86970343695,Fabrinet,14087480900,35.99,FN,https://fabrinet.com/
0,CN,USD,USD,NASDAQ NMS - GLOBAL MARKET,Auto Components,2004-08-24,https://static2.finnhub.io/file/publicdatany/finnhubimage/stock_logo/942958656516.png,133.11894602045453,China Automotive Systems Inc,867164127901,30.19,CAAS,http://www.caasauto.com
0,US,USD,USD,NYSE MKT LLC,Technology,2008-03-20,https://static2.finnhub.io/file/publicdatany/finnhubimage/stock_logo/942959131956.png,37.19,Issuer Direct Corp,19194611600,3.83,ISDR,https://www.issuerdirect.com
0,US,USD,USD,NASDAQ NMS - GLOBAL MARKET,Health Care,2014-12-05,https://static2.finnhub.io/file/publicdatany/finnhubimage/stock_logo/950906481106.png,63.97346510091742,Vivani Medical Inc,14155068462,59.23,VANI,https://vivani.com/
0,CH,USD,USD,NASDAQ NMS - GLOBAL MARKET,Health Care,2021-07-23,https://static2.finnhub.io/file/publicdatany/finnhubimage/stock_logo/950433236826.png,216.5326598199357,Sophia Genetics SA,41216941060,66.83,SOPH,https://www.sophiagenetics.com/
0,US,USD,USD,NASDAQ NMS - GLOBAL MARKET,Energy,1989-01-05,https://static2.finnhub.io/file/publicdatany/finnhubimage/stock_logo/BOOM.png,166.99527699999996,DMC Global Inc,18008212666,20.24,BOOM,https://www.dmcglobal.com/
0,US,USD,USD,OTC MARKETS,N/A,2015-10-20,https://static2.finnhub.io/file/publicdatany/finnhubimage/stock_logo/950459165136.png,4.6,Balance Labs Inc,13059077600,21.67,BLNC,https://www.balancelabs.co/
0,US,USD,USD,"NEW YORK STOCK EXCHANGE, INC.",Health Care,2018-05-03,https://static2.finnhub.io/file/publicdatany/finnhubimage/stock_logo/INSP.png,5438.105778921302,Inspire Medical Systems Inc,17639575037,29.67,INSP,https://www.inspiresleep.com/
0,US,USD,USD,NASDAQ NMS - GLOBAL MARKET,Technology,2021-09-30,https://static2.finnhub.io/file/publicdatany/finnhubimage/stock_logo/950811768136.png,473.886259618705,Consensus Cloud Solutions Inc,13238609200,19.53,CCSI,https://www.consensus.com
0,CN,CNY,CNY,SHANGHAI STOCK EXCHANGE,Energy,2000-04-06,https://static2.finnhub.io/file/publicdatany/finnhubimage/stock_logo/601857.SS.png,1352284.919699615,PetroChina Co Ltd,861059982622,183020.98,601857.SS,https://www.petrochina.com.cn/
0,US,USD,USD,NASDAQ NMS - GLOBAL MARKET,Pharmaceuticals,2019-05-07,https://static2.finnhub.io/file/publicdatany/finnhubimage/stock_logo/950379915236.png,384.27253806526795,Trevi Therapeutics Inc,12033042499,87.95,TRVI,https://www.trevitherapeutics.com/
0,US,USD,USD,"NEW YORK STOCK EXCHANGE, INC.",Building,1985-04-26,https://static2.finnhub.io/file/publicdatany/finnhubimage/stock_logo/942959042316.png,536.0911942915441,Insteel Industries Inc,19107862141,19.43,IIIN,https://insteel.com/home/
0,US,USD,USD,"NEW YORK STOCK EXCHANGE, INC.",Financial Services,2010-08-13,https://static2.finnhub.io/file/publicdatany/finnhubimage/stock_logo/942958996896.png,346.3214302808655,Saratoga Investment Corp,12127503343,14.35,SAR,https://saratogainvestmentcorp.com/
0,US,USD,USD,NYSE MKT LLC,N/A,2002-08-28,https://static.finnhub.io/logo/2522a6034b723f5e32976cef61f8a0a3780495355c37f5916a71b1baa7efad6a.png,230.89,Eaton Vance California Municipal Bond Fund,16174828260,24.67,EVM,https://funds.eatonvance.com/California-Municipal-Bond-Fund-EVM.php
0,US,USD,USD,NASDAQ NMS - GLOBAL MARKET,Health Care,1993-10-27,https://static2.finnhub.io/file/publicdatany/finnhubimage/stock_logo/AXDX.png,28.04908112149533,Accelerate Diagnostics Inc,13038638088,25.04,AXDX,http://acceleratediagnostics.com/
0,US,USD,USD,"NEW YORK STOCK EXCHANGE, INC.",Financial Services,2020-06-05,https://static2.finnhub.io/file/publicdatany/finnhubimage/stock_logo/950745475866.png,7995.657230916796,Shift4 Payments Inc,18882762108,89.1,FOUR,https://www.shift4.com/
0,US,USD,USD,NASDAQ NMS - GLOBAL MARKET,Pharmaceuticals,2014-03-21,https://static2.finnhub.io/file/publicdatany/finnhubimage/stock_logo/PULM.png,26.15035880975341,Pulmatrix Inc,18883554440,3.65,PULM,https://www.pulmatrix.com/
0,US,USD,USD,NASDAQ NMS - GLOBAL MARKET,Aerospace & Defense,1999-11-05,https://static2.finnhub.io/file/publicdatany/finnhubimage/stock_logo/KTOS.png,4171.071661544271,Kratos Defense and Security Solutions Inc,18588127300,152.84,KTOS,https://www.kratosdefense.com/
0,US,USD,USD,NASDAQ NMS - GLOBAL MARKET,Retail,2015-07-16,https://static2.finnhub.io/file/publicdatany/finnhubimage/stock_logo/OLLI.png,6313.356777049025,Ollie's Bargain Outlet Holdings Inc,17176572300,61.28,OLLI,https://investors.ollies.us/
0,US,USD,USD,NYSE MKT LLC,N/A,1985-12-13,https://static2.finnhub.io/file/publicdatany/finnhubimage/stock_logo/942959011736.png,111.79,"abrdn Australia Equity Fund, Inc",12154055700,27.13,IAF,https://www.abrdniaf.com/
0,CN,USD,USD,NASDAQ NMS - GLOBAL MARKET,Automobiles,2023-06-02,https://static2.finnhub.io/file/publicdatany/finnhubimage/stock_logo/950839500576.png,6.8032706969697,Chijet Motor Co Inc,865352766202,7.04,CJET,https://chijetmotors.com/
0,KR,USD,USD,OTC MARKETS,N/A,2022-01-26,https://static.finnhub.io/logo/ad4ee97dbe2eebf471812606358ec53ec110e834a6d632a1a99eab9e25475594.png,479.1,Cyber App cCorp,827252311001,95.82,CYRB,http://cyber-app.org/
0,US,USD,USD,NASDAQ NMS - GLOBAL MARKET,Biotechnology,2020-07-30,https://static2.finnhub.io/file/publicdatany/finnhubimage/stock_logo/950441742856.png,30.37177329496403,Allovir Inc,16174332605,5.04,ALVR,https://www.allovir.com
0,US,USD,USD,NASDAQ NMS - GLOBAL MARKET,Communications,2007-06-07,https://static2.finnhub.io/file/publicdatany/finnhubimage/stock_logo/INFN.png,1580.26,Infinera Corp,14085725200,237.99,INFN,https://www.infinera.com/
0,US,USD,USD,NASDAQ NMS - GLOBAL MARKET,Health Care,2021-01-27,https://static2.finnhub.io/file/publicdatany/finnhubimage/stock_logo/950029177606.png,75.91082457680253,Hyperfine Inc,18667966767,77.46,HYPR,https://hyperfine.io/
0,CN,CNY,CNY,SHANGHAI STOCK EXCHANGE,Airlines,1997-07-30,https://static2.finnhub.io/file/publicdatany/finnhubimage/stock_logo/600029.SS.png,99194.54048683775,China Southern Airlines Co Ltd,862086112480,18120.91,600029.SS,https://www.csair.com/
0,US,USD,USD,NASDAQ NMS - GLOBAL MARKET,Retail,1987-09-22,https://static2.finnhub.io/file/publicdatany/finnhubimage/stock_logo/IMKTA.png,1168.564292257194,Ingles Markets Inc,18286692941,18.99,IMKTA,https://www.ingles-markets.com/
0,US,USD,USD,"NEW YORK STOCK EXCHANGE, INC.",Building,2011-09-16,https://static2.finnhub.io/file/publicdatany/finnhubimage/stock_logo/FBHS.png,7811.809466425566,Fortune Brands Innovations Inc,18474844400,122.58,FBIN,https://www.fbin.com/
0,CN,USD,USD,HONG KONG EXCHANGES AND CLEARING LTD,Logistics & Transportation,2023-10-27,https://static2.finnhub.io/file/publicdatany/finnhubimage/stock_logo/950866097476.png,56691.306402,J&T Global Express Ltd,8621956025,8869.4,1519.HK,https://www.jtexpress.com/
0,US,USD,USD,"NEW YORK STOCK EXCHANGE, INC.",Electrical Equipment,2015-06-16,https://static2.finnhub.io/file/publicdatany/finnhubimage/stock_logo/BW.png,102.80513033333331,Babcock & Wilcox Enterprises Inc,13308606205,94.32,BW,https://www.babcock.com/
0,US,USD,USD,NASDAQ NMS - GLOBAL MARKET,Health Care,1992-02-24,https://static2.finnhub.io/file/publicdatany/finnhubimage/stock_logo/STAA.png,904.6273038125,STAAR Surgical Co,16263037902,49.33,STAA,https://www.staar.com/
0,US,USD,USD,NYSE MKT LLC,N/A,1998-07-29,https://static2.finnhub.io/file/publicdatany/finnhubimage/stock_logo/942960197116.png,222.63,Credit Suisse High Yield Bond Fund,12123252000,103.55,DHY,https://us-fund.credit-suisse.com/en/home
0,US,USD,USD,"NEW YORK STOCK EXCHANGE, INC.",Professional Services,2019-12-20,https://static2.finnhub.io/file/publicdatany/finnhubimage/stock_logo/950715085526.png,303.48030072527473,Blacksky Technology Inc,15712671571,30.78,BKSY,https://ir.blacksky.com/
0,US,USD,USD,NASDAQ NMS - GLOBAL MARKET,Semiconductors,1992-05-14,https://static2.finnhub.io/file/publicdatany/finnhubimage/stock_logo/OLED.png,7582.7117790598895,Universal Display Corp,16096710980,47.47,OLED,https://oled.com/
0,US,USD,USD,"NEW YORK STOCK EXCHANGE, INC.",Insurance,1993-06-03,https://static2.finnhub.io/file/publicdatany/finnhubimage/stock_logo/ALL.png,53198.6794541957,Allstate Corp,18474025000,265.03,ALL,https://www.allstateinvestors.com/
0,US,USD,USD,NYSE MKT LLC,Electrical Equipment,2003-10-31,https://static2.finnhub.io/file/publicdatany/finnhubimage/stock_logo/OPTT.png,73.23872600870943,Ocean Power Technologies Inc,16097300400,146.04,OPTT,https://oceanpowertechnologies.com/
0,US,USD,USD,NASDAQ NMS - GLOBAL MARKET,Electrical Equipment,1996-08-27,https://static2.finnhub.io/file/publicdatany/finnhubimage/stock_logo/MVIS.png,260.9782354382979,MicroVision Inc,14259366847,230.73,MVIS,https://www.microvision.com/
0,US,USD,USD,NASDAQ NMS - GLOBAL MARKET,Banking,1998-06-10,https://static2.finnhub.io/file/publicdatany/finnhubimage/stock_logo/HTLF.png,2773.41,Heartland Financial USA Inc,15635892100,42.89,HTLF,https://www.htlf.com/
0,JP,JPY,JPY,TOKYO STOCK EXCHANGE-TOKYO PRO MARKET,Media,1997-11-04,https://static2.finnhub.io/file/publicdatany/finnhubimage/stock_logo/942958787846.png,3655614.307617,LY Corp,,7152.42,4689.T,https://www.lycorp.co.jp/
0,IL,USD,USD,NASDAQ NMS - GLOBAL MARKET,Pharmaceuticals,2020-06-26,https://static2.finnhub.io/file/publicdatany/finnhubimage/stock_logo/950355485526.png,29.24789525622776,PolyPid Ltd,972747195700,10.19,PYPD,https://www.polypid.com
0,JP,JPY,JPY,TOKYO STOCK EXCHANGE-TOKYO PRO MARKET,Auto Components,1951-12-10,https://static2.finnhub.io/file/publicdatany/finnhubimage/stock_logo/942958773616.png,5241140.988281,Denso Corp,81566255511,2910.98,6902.T,https://www.denso.com/
0,US,USD,USD,OTC MARKETS,Health Care,2004-10-06,https://static2.finnhub.io/file/publicdatany/finnhubimage/stock_logo/942959120826.png,11.17612482526882,Xcelerate Inc,18549002020,432.45,XCRT,https://xcelerate.global/
0,IT,EUR,EUR,AIM ITALIA - MERCATO ALTERNATIVO DEL CAPITALE,Automobiles,2015-10-21,https://static2.finnhub.io/file/publicdatany/finnhubimage/stock_logo/RACE.MI.png,79953.216,Ferrari NV,,193.92,RACE.MI,https://www.ferrari.com/
0,US,USD,USD,NASDAQ NMS - GLOBAL MARKET,Professional Services,1983-08-26,https://static2.finnhub.io/file/publicdatany/finnhubimage/stock_logo/PAYX.png,55262.47658377584,Paychex Inc,15853856666,360.06,PAYX,https://www.paychex.com/
0,CN,CNY,CNY,"NEW YORK STOCK EXCHANGE, INC.",Logistics & Transportation,2017-09-20,https://static2.finnhub.io/file/publicdatany/finnhubimage/stock_logo/BEST.png,52.926579,BEST Inc,8657188995656,376.61,BEST,http://www.best-inc.com/en/
0,SG,CNY,CNY,HONG KONG EXCHANGES AND CLEARING LTD,"Hotels, Restaurants & Leisure",2003-12-09,https://static2.finnhub.io/file/publicdatany/finnhubimage/stock_logo/9961.HK.png,324516.175506,Trip.com Group Ltd,6531389736,683.53,9961.HK,https://group.trip.com/
0,US,USD,USD,NASDAQ NMS - GLOBAL MARKET,N/A,2021-07-30,https://static2.finnhub.io/file/publicdatany/finnhubimage/stock_logo/950799037936.png,111.51,Plum Acquisition III Corp,14156836773,10.21,PLMJ,https://aptmspac.com/
0,GB,GBP,GBP,LONDON STOCK EXCHANGE,Utilities,2002-01-31,https://static2.finnhub.io/file/publicdatany/finnhubimage/stock_logo/NG.L.png,44999.014083,National Grid PLC,442070043220,4892.26,NG.L,https://www.nationalgrid.com/
0,US,USD,USD,"NEW YORK STOCK EXCHANGE, INC.",Energy,2018-05-02,https://static2.finnhub.io/file/publicdatany/finnhubimage/stock_logo/950633162726.png,47.54,PermRock Royalty Trust,18555887839,12.17,PRT,http://www.permrock.com/
0,US,USD,USD,NASDAQ NMS - GLOBAL MARKET,Retail,2021-05-14,https://static2.finnhub.io/file/publicdatany/finnhubimage/stock_logo/950509972476.png,5.4954781836734705,Digital Brands Group Inc,17209379286,0.96,DBGI,https://www.dstld.com/
0,US,USD,USD,"NEW YORK STOCK EXCHANGE, INC.","Hotels, Restaurants & Leisure",1965-04-21,https://static2.finnhub.io/file/publicdatany/finnhubimage/stock_logo/MCD.png,229549.20982827936,McDonald's Corp,16306233000,714.46,MCD,https://www.mcdonalds.com/
0,CA,USD,USD,OTC MARKETS,Biotechnology,1997-11-26,https://static2.finnhub.io/file/publicdatany/finnhubimage/stock_logo/950525445276.png,10.944196940154441,Nymox Pharmaceutical Corp,18009369669,93.45,NYMXF,https://nymox.com/
0,US,USD,USD,NASDAQ NMS - GLOBAL MARKET,Technology,2017-08-28,https://static2.finnhub.io/file/publicdatany/finnhubimage/stock_logo/REKR.png,122.26187782142854,Rekor Systems Inc,14107620800,105.4,REKR,https://www.rekor.ai/
0,US,USD,USD,NASDAQ NMS - GLOBAL MARKET,Banking,1966-01-01,https://static2.finnhub.io/file/publicdatany/finnhubimage/stock_logo/ZION.png,7443.39,Zions Bancorporation NA,18018447637,147.89,ZION,https://www.zionsbancorporation.com/overview/default.aspx
0,MY,USD,USD,NASDAQ NMS - GLOBAL MARKET,N/A,2023-06-28,https://static2.finnhub.io/file/publicdatany/finnhubimage/stock_logo/950865946056.png,56.2817,Bukit Jalil Global Acquisition 1 Ltd,60122109795,4.94,BUJA,
0,US,USD,USD,NASDAQ NMS - GLOBAL MARKET,Banking,1999-07-14,https://static2.finnhub.io/file/publicdatany/finnhubimage/stock_logo/942959134516.png,284.37201531213196,First Bancorp Inc,12075633195,11.16,FNLC,https://investors.thefirst.com/
0,US,USD,USD,NASDAQ NMS - GLOBAL MARKET,Health Care,2021-04-23,https://static2.finnhub.io/file/publicdatany/finnhubimage/stock_logo/950468516466.png,536.6424879919725,Treace Medical Concepts Inc,19043735940,62.62,TMCI,https://www.treace.com/
0,US,USD,USD,"NEW YORK STOCK EXCHANGE, INC.",Insurance,1993-05-03,https://static2.finnhub.io/file/publicdatany/finnhubimage/stock_logo/RGA.png,12583.59889256145,Reinsurance Group of America Inc,16367367000,66.02,RGA,https://www.rgare.com/
0,US,USD,USD,"NEW YORK STOCK EXCHANGE, INC.",Trading Companies & Distributors,2016-05-12,https://static2.finnhub.io/file/publicdatany/finnhubimage/stock_logo/SITE.png,5803.623384338766,SiteOne Landscape Supply Inc,14702777000,44.96,SITE,https://www.siteone.com/en/
0,US,USD,USD,OTC MARKETS,Technology,2008-01-07,https://static2.finnhub.io/file/publicdatany/finnhubimage/stock_logo/950000951926.png,10.581464,OneMeta Inc,19496427816.0,33.96,ONEI,https://www.onemeta.ai/
0,US,,,OTC MARKETS,N/A,2011-05-06,https://static2.finnhub.io/file/publicdatany/finnhubimage/stock_logo/950007903286.png,2.13803998005566,All Things Mobile Analytic Inc,18883504660,47.84,ATMH,https://allthingsmobileanalytic.com/
0,IL,USD,USD,NASDAQ NMS - GLOBAL MARKET,Food Products,1994-08-29,https://static2.finnhub.io/file/publicdatany/finnhubimage/stock_logo/942959411466.png,3.584526,Steakholder Foods Ltd,972733322853,2.88,STKH,https://steakholderfoods.com/
0,US,USD,USD,NASDAQ NMS - GLOBAL MARKET,Financial Services,1987-08-12,https://static2.finnhub.io/file/publicdatany/finnhubimage/stock_logo/942959002666.png,302.0052486286174,Security National Financial Corp,18012641060,24.28,SNFCA,https://www.securitynational.com/
0,US,USD,USD,"NEW YORK STOCK EXCHANGE, INC.",Technology,2005-02-17,https://static2.finnhub.io/file/publicdatany/finnhubimage/stock_logo/DLB.png,8033.029118910303,Dolby Laboratories Inc,14155580200,96.38,DLB,https://www.dolby.com/
0,US,USD,USD,"NEW YORK STOCK EXCHANGE, INC.",Real Estate,2025-02-05,,3617.15,Millrose Properties Inc,13055594000,166.0,MRP WI,https://millroseproperties.com
0,US,USD,USD,"NEW YORK STOCK EXCHANGE, INC.",Insurance,1997-12-08,https://static2.finnhub.io/file/publicdatany/finnhubimage/stock_logo/BRO.png,33925.8287285532,Brown & Brown Inc,13862529601,285.93,BRO,https://www.bbinsurance.com/
0,US,USD,USD,"NEW YORK STOCK EXCHANGE, INC.",Technology,2020-12-09,https://static2.finnhub.io/file/publicdatany/finnhubimage/stock_logo/AI.png,2828.986896426977,C3.ai Inc,16505032200,129.07,AI,https://c3.ai/
0,CA,CAD,CAD,TORONTO STOCK EXCHANGE,Energy,1985-05-30,https://static2.finnhub.io/file/publicdatany/finnhubimage/stock_logo/TRP.TO.png,67645.112794,TC Energy Corp,14039202000,1039.1,TRP.TO,https://www.tcenergy.com/
0,US,USD,USD,NASDAQ NMS - GLOBAL MARKET,Biotechnology,2016-02-03,https://static2.finnhub.io/file/publicdatany/finnhubimage/stock_logo/EDIT.png,142.71919928089886,Editas Medicine Inc,16174019000,82.98,EDIT,https://www.editasmedicine.com/
0,US,USD,USD,NASDAQ NMS - GLOBAL MARKET,Health Care,2001-07-11,https://static2.finnhub.io/file/publicdatany/finnhubimage/stock_logo/LFMD.png,202.26759015113873,LifeMD Inc,18663515907,43.31,LFMD,https://lifemd.com/
0,US,USD,USD,"NEW YORK STOCK EXCHANGE, INC.",Banking,2005-06-30,https://static2.finnhub.io/file/publicdatany/finnhubimage/stock_logo/WAL.png,8539.220972040246,Western Alliance Bancorp,16023893500,110.45,WAL,https://www.westernalliancebancorporation.com/
0,CN,CNY,CNY,NASDAQ NMS - GLOBAL MARKET,Financial Services,2019-03-29,https://static2.finnhub.io/file/publicdatany/finnhubimage/stock_logo/950666221416.png,37.895091,Highest Performances Holdings Inc,862028381666,378.58,HPH,http://www.puyiwm.com/
0,CN,USD,USD,HONG KONG EXCHANGES AND CLEARING LTD,Logistics & Transportation,2023-10-27,https://static2.finnhub.io/file/publicdatany/finnhubimage/stock_logo/950866097476.png,56691.306402,J&T Global Express Ltd,8621956025,8869.4,1519.HK,https://www.jtexpress.com/
0,US,USD,USD,NASDAQ NMS - GLOBAL MARKET,Banking,1985-01-30,https://static2.finnhub.io/file/publicdatany/finnhubimage/stock_logo/942959082786.png,42.289324972972985,Ameriserv Financial Inc,18008372265,16.52,ASRV,https://www.ameriserv.com/
0,CA,,,"NEW YORK STOCK EXCHANGE, INC.",N/A,2021-04-16,,0.0,Brookfield BRP Holdings (Canada) Inc,14163693369,0.0,BEPH,
0,US,USD,USD,"NEW YORK STOCK EXCHANGE, INC.",Insurance,1984-10-08,https://static2.finnhub.io/file/publicdatany/finnhubimage/stock_logo/AIG.png,48368.50109508858,American International Group Inc,12127707000,593.33,AIG,https://www.aig.com/home
0,US,USD,USD,OTC MARKETS,Biotechnology,2012-03-09,https://static2.finnhub.io/file/publicdatany/finnhubimage/stock_logo/950359280536.png,0.06375066666667,Endonovo Therapeutics Inc,18004894774,396.75,ENDV,https://endonovo.com/
0,US,USD,USD,OTC MARKETS,Health Care,2018-07-09,https://static2.finnhub.io/file/publicdatany/finnhubimage/stock_logo/950540275676.png,1647.1611324631579,SS Innovations International Inc,19544781410,171.58,SSII,https://ssinnovations.com/
0,GB,USD,USD,NYSE MKT LLC,"Textiles, Apparel & Luxury Goods",2024-02-08,https://static2.finnhub.io/file/publicdatany/finnhubimage/stock_logo/950801444946.png,17.73943726235742,Perfect Moment Ltd,4402045588849,16.89,PMNT,https://www.perfectmoment.com/
0,US,USD,USD,"NEW YORK STOCK EXCHANGE, INC.",N/A,1999-03-08,https://static2.finnhub.io/file/publicdatany/finnhubimage/stock_logo/942963136006.png,225.76,BlackRock MuniHoldings Quality Fund II Inc,18004417762,21.92,MUE,https://www.blackrock.com/investing/products/240260/blackrock-muniholdings-insured-fund-ii-inc-usd-f
0,FR,EUR,EUR,NYSE EURONEXT - EURONEXT PARIS,"Textiles, Apparel & Luxury Goods",1988-01-01,https://static2.finnhub.io/file/publicdatany/finnhubimage/stock_logo/942958671706.png,31762.274135,Kering SA,33145646100,123.42,KER.PA,https://www.kering.com/en/
0,US,USD,USD,NASDAQ NMS - GLOBAL MARKET,Electrical Equipment,1995-01-24,https://static2.finnhub.io/file/publicdatany/finnhubimage/stock_logo/NSIT.png,4967.168835149905,Insight Enterprises Inc,14808899500,31.78,NSIT,https://www.insight.com/en_US/home.html
0,BM,USD,USD,"NEW YORK STOCK EXCHANGE, INC.",Energy,2004-06-14,https://static2.finnhub.io/file/publicdatany/finnhubimage/stock_logo/SFL.png,1208.1692239413755,SFL Corporation Ltd,14412959500,133.94,SFL,https://www.sflcorp.com/
0,US,USD,USD,NASDAQ NMS - GLOBAL MARKET,Health Care,1994-05-31,https://static2.finnhub.io/file/publicdatany/finnhubimage/stock_logo/942959146186.png,130.70260965687424,Pro-Dex Inc,19497693200,3.26,PDEX,https://www.pro-dex.com/
0,US,USD,USD,NASDAQ NMS - GLOBAL MARKET,Professional Services,1994-04-06,https://static2.finnhub.io/file/publicdatany/finnhubimage/stock_logo/RCRT.png,28.38536155913979,Nixxy Inc,18559311500,13.6,NIXX,https://www.recruiter.com/
0,US,,,OTC MARKETS,Media,2002-07-02,https://static2.finnhub.io/file/publicdatany/finnhubimage/stock_logo/942959027466.png,0.730998,Macreport.Net Inc,13156734169,17.96,MRPT,
0,US,USD,USD,OTC MARKETS,Banking,2015-06-22,https://static2.finnhub.io/file/publicdatany/finnhubimage/stock_logo/950376380026.png,93.372018,Prime Meridian Holding Co,18509072301,3.29,PMHG,http://www.primemeridianbank.com
0,US,USD,USD,NASDAQ NMS - GLOBAL MARKET,Machinery,2018-07-27,https://static2.finnhub.io/file/publicdatany/finnhubimage/stock_logo/950646207626.png,19.98395969594595,Greenland Technologies Holding Corp,18888274832,13.59,GTEC,https://ir.gtec-tech.com/
0,US,USD,USD,"NEW YORK STOCK EXCHANGE, INC.",Retail,2015-10-01,https://static2.finnhub.io/file/publicdatany/finnhubimage/stock_logo/PFGC.png,12173.951056888198,Performance Food Group Co,18044847700,156.22,PFGC,https://www.pfgc.com/
0,US,USD,USD,"NEW YORK STOCK EXCHANGE, INC.",N/A,2016-12-05,https://static2.finnhub.io/file/publicdatany/finnhubimage/stock_logo/950509255076.png,733.57,Brookfield Real Assets Income Fund Inc,18557778001,55.28,RA,
0,US,USD,USD,"NEW YORK STOCK EXCHANGE, INC.",Energy,1995-09-11,https://static2.finnhub.io/file/publicdatany/finnhubimage/stock_logo/EGY.png,405.665882466488,VAALCO Energy Inc,17136230801,103.74,EGY,https://www.vaalco.com/
0,US,USD,USD,NASDAQ NMS - GLOBAL MARKET,Auto Components,1927-08-05,https://static2.finnhub.io/file/publicdatany/finnhubimage/stock_logo/GT.png,2789.897923325529,Goodyear Tire & Rubber Co,13307962121,284.97,GT,https://www.goodyear.com/
0,US,USD,USD,NASDAQ NMS - GLOBAL MARKET,Biotechnology,2005-07-27,https://static2.finnhub.io/file/publicdatany/finnhubimage/stock_logo/SONN.png,4.567895069444449,Sonnet Biotherapeutics Holdings Inc,16093752227,3.07,SONN,https://www.sonnetbio.com/
0,US,USD,USD,OTC MARKETS,Building,2009-03-26,https://static2.finnhub.io/file/publicdatany/finnhubimage/stock_logo/942978761996.png,34.367456,Trutankless Inc,14802757572,114.56,TKLS,https://trutanklessinc.com/
0,US,USD,USD,"NEW YORK STOCK EXCHANGE, INC.",Health Care,2021-06-24,https://static2.finnhub.io/file/publicdatany/finnhubimage/stock_logo/950507107876.png,59.84463532458563,NeueHealth Inc,16122381321,8.29,NEUE,https://www.neuehealth.com/
0,US,USD,USD,NASDAQ NMS - GLOBAL MARKET,"Hotels, Restaurants & Leisure",2021-10-01,https://static2.finnhub.io/file/publicdatany/finnhubimage/stock_logo/950736314756.png,1150.8265310529127,First Watch Restaurant Group Inc,19419079800,60.57,FWRG,https://investors.firstwatch.com/
0,US,USD,USD,"NEW YORK STOCK EXCHANGE, INC.",Professional Services,1999-02-11,https://static2.finnhub.io/file/publicdatany/finnhubimage/stock_logo/KFY.png,3393.130568049371,Korn Ferry,13105521834,51.58,KFY,https://www.kornferry.com/
0,IL,USD,USD,TEL AVIV STOCK EXCHANGE,Biotechnology,2005-09-22,https://static2.finnhub.io/file/publicdatany/finnhubimage/stock_logo/CANF.TA.png,58.206572,Can Fite Biopharma Ltd,97239241114,3063.5,CANF.TA,https://www.canfite.com/
0,IL,USD,USD,OTC MARKETS,N/A,2016-03-31,https://static2.finnhub.io/file/publicdatany/finnhubimage/stock_logo/950006626506.png,0.23,PV Nano Cell Ltd,97246546881,193.65,PVNNF,https://www.pvnanocell.com/
0,AU,USD,USD,ASX - ALL MARKETS,Biotechnology,1985-04-09,https://static2.finnhub.io/file/publicdatany/finnhubimage/stock_logo/942958576646.png,880.368331,Opthea Ltd,61398260399,1231.28,OPT.AX,https://opthea.com/
0,US,USD,USD,OTC MARKETS,Machinery,2020-09-04,https://static2.finnhub.io/file/publicdatany/finnhubimage/stock_logo/950763775456.png,3.8622420942029,NUBURU Inc,17207671400,19.62,BURU,https://www.nuburu.net/
0,US,USD,USD,NASDAQ NMS - GLOBAL MARKET,Health Care,2021-10-01,https://static2.finnhub.io/file/publicdatany/finnhubimage/stock_logo/HCTI.png,2.9616070732371402,Healthcare Triangle Inc,19252704812,42.59,HCTI,https://www.healthcaretriangle.com/
0,US,USD,USD,NASDAQ NMS - GLOBAL MARKET,Financial Services,2017-10-26,https://static2.finnhub.io/file/publicdatany/finnhubimage/stock_logo/950341736926.png,1773.512911179487,Merchants Bancorp,13175697420,45.85,MBIN,http://www.merchantsbankofindiana.com
0,US,USD,USD,NASDAQ NMS - GLOBAL MARKET,Pharmaceuticals,2014-04-11,https://static2.finnhub.io/file/publicdatany/finnhubimage/stock_logo/PAHC.png,957.5052713359074,Phibro Animal Health Corp,12013297300,40.5,PAHC,https://www.pahc.com/
0,GB,GBP,GBP,LONDON STOCK EXCHANGE,Construction,1945-06-28,https://static2.finnhub.io/file/publicdatany/finnhubimage/stock_logo/942958947326.png,2256.614153,Balfour Beatty PLC,442072166800,511.88,BBY.L,https://www.balfourbeatty.com/
0,AU,USD,USD,ASX - ALL MARKETS,Energy,1971-11-18,https://static2.finnhub.io/file/publicdatany/finnhubimage/stock_logo/942958574336.png,43586.135958,Woodside Energy Group Ltd,61893484000,1898.75,WDS.AX,https://www.woodside.com.au/
0,US,USD,USD,NASDAQ NMS - GLOBAL MARKET,Auto Components,2021-03-24,https://static2.finnhub.io/file/publicdatany/finnhubimage/stock_logo/950798966476.png,209.290853,Solid Power Inc,13032190720,181.99,SLDP,https://solidpowerbattery.com
0,US,USD,USD,OTC MARKETS,N/A,2015-02-09,https://static2.finnhub.io/file/publicdatany/finnhubimage/stock_logo/950375906106.png,3.59651422535211,US Nuclear Corp,18188837043,51.38,UCLE,https://usnuclearcorp.com/
0,BM,,,NASDAQ NMS - GLOBAL MARKET,Real Estate,2021-07-27,,666.82,Brookfield Property Preferred LP,14412943309,0.0,BPYPM,
0,IL,USD,USD,NASDAQ NMS - GLOBAL MARKET,Technology,2022-06-23,https://static2.finnhub.io/file/publicdatany/finnhubimage/stock_logo/950796840796.png,778.540029611885,Pagaya Technologies Ltd,,73.66,PGY,https://pagaya.com/
0,US,USD,USD,NASDAQ NMS - GLOBAL MARKET,Biotechnology,2022-02-04,https://static2.finnhub.io/file/publicdatany/finnhubimage/stock_logo/950521431486.png,3886.7393003982506,Arcellx Inc,12403270603,54.94,ACLX,https://www.arcellx.com/
0,US,USD,USD,OTC MARKETS,Retail,2015-06-23,https://static2.finnhub.io/file/publicdatany/finnhubimage/stock_logo/950351677266.png,6.0951765,CLS Holdings USA Inc,14169924539,164.73,CLSH,https://www.clsholdingsinc.com/
0,US,USD,USD,"NEW YORK STOCK EXCHANGE, INC.",Airlines,2020-09-17,https://static2.finnhub.io/file/publicdatany/finnhubimage/stock_logo/950606774776.png,5215.3481412048195,Joby Aviation Inc,18312016700,787.82,JOBY,https://www.jobyaviation.com/
0,CA,CAD,CAD,TORONTO STOCK EXCHANGE,Banking,2013-08-27,https://static2.finnhub.io/file/publicdatany/finnhubimage/stock_logo/950010855826.png,489.305794,Versabank,15196451919,32.52,VBNK.TO,https://ca.versabank.com/
0,US,USD,USD,NASDAQ NMS - GLOBAL MARKET,N/A,2025-01-30,,157.11,Stellar V Capital Corp,12126617566,15.55,SVCCU,
0,US,USD,USD,OTC MARKETS,Retail,2012-08-01,https://static2.finnhub.io/file/publicdatany/finnhubimage/stock_logo/950372689446.png,25.897267,Starco Brands Inc,18187601644,647.43,STCB,https://www.starcobrands.com/
0,US,USD,USD,OTC MARKETS,Aerospace & Defense,1993-10-28,https://static2.finnhub.io/file/publicdatany/finnhubimage/stock_logo/942959151156.png,9.767661,Tel-Instrument Electronics Corp,12019331600,3.26,TIKK,http://www.telinstrument.com/
0,BR,BRL,BRL,B3 S.A.,Paper & Forest,1992-04-15,https://static2.finnhub.io/file/publicdatany/finnhubimage/stock_logo/SUZB3.SA.png,69064.494516,Suzano SA,551135039330,1264.12,SUZB3.SA,https://www.suzano.com.br/
0,US,USD,USD,"NEW YORK STOCK EXCHANGE, INC.",Diversified Consumer Services,2003-12-17,https://static2.finnhub.io/file/publicdatany/finnhubimage/stock_logo/UTI.png,1424.5388967744389,Universal Technical Institute Inc,16234459500,54.37,UTI,https://www.uti.edu/
0,US,USD,USD,NASDAQ NMS - GLOBAL MARKET,Biotechnology,1995-12-14,https://static2.finnhub.io/file/publicdatany/finnhubimage/stock_logo/TGTX.png,6037.792547711283,TG Therapeutics Inc,18775758489,157.07,TGTX,https://www.tgtherapeutics.com/
0,US,USD,USD,OTC MARKETS,Banking,2000-05-10,https://static2.finnhub.io/file/publicdatany/finnhubimage/stock_logo/942959145256.png,88.88622,Peoples Financial Corp,12284355511,4.62,PFBX,http://www.thepeoples.com
0,US,USD,USD,NASDAQ NMS - GLOBAL MARKET,Technology,2016-10-28,https://static2.finnhub.io/file/publicdatany/finnhubimage/stock_logo/BL.png,3070.3644352969104,Blackline Inc,18182239008,62.81,BL,https://www.blackline.com/
0,IE,USD,USD,NASDAQ NMS - GLOBAL MARKET,Pharmaceuticals,1952-01-16,https://static2.finnhub.io/file/publicdatany/finnhubimage/stock_logo/950517692746.png,764.338884252538,Avadel Pharmaceuticals PLC,35319015201,96.63,AVDL,https://www.avadel.com/
0,US,USD,USD,"NEW YORK STOCK EXCHANGE, INC.",Real Estate,1980-03-17,https://static2.finnhub.io/file/publicdatany/finnhubimage/stock_logo/942959038046.png,4863.83091,Cousins Properties Inc,14044071000,167.66,CUZ,https://cousins.com/
0,US,USD,USD,"NEW YORK STOCK EXCHANGE, INC.",Machinery,2016-06-13,https://static2.finnhub.io/file/publicdatany/finnhubimage/stock_logo/FTV.png,26066.22297470207,Fortive Corp,14254465000,340.29,FTV,https://www.fortive.com/
0,US,USD,USD,NASDAQ NMS - GLOBAL MARKET,Health Care,2013-03-08,https://static2.finnhub.io/file/publicdatany/finnhubimage/stock_logo/DRIO.png,30.28048404545455,DarioHealth Corp,16466654667,34.1,DRIO,https://shop.mydario.com/
0,US,USD,USD,NASDAQ NMS - GLOBAL MARKET,Biotechnology,2017-12-01,https://static2.finnhub.io/file/publicdatany/finnhubimage/stock_logo/950011391146.png,6.55076790769231,Ensysce Biosciences Inc,18582634196,1.3,ENSC,https://ensysce.com/
0,US,USD,USD,NASDAQ NMS - GLOBAL MARKET,Biotechnology,2012-03-18,https://static2.finnhub.io/file/publicdatany/finnhubimage/stock_logo/RCEL.png,218.76761130592507,AVITA Medical Inc,16613679170,26.36,RCEL,https://www.avitamedical.com/
0,US,USD,USD,NASDAQ NMS - GLOBAL MARKET,Diversified Consumer Services,1996-07-25,https://static2.finnhub.io/file/publicdatany/finnhubimage/stock_logo/STRA.png,2041.7837485523407,Strategic Education Inc,17035611600,24.5,STRA,https://www.strategiceducation.com/
0,CA,USD,USD,OTC MARKETS,Technology,2001-12-14,https://static2.finnhub.io/file/publicdatany/finnhubimage/stock_logo/942959020626.png,0.332825,GiveMePower Corp,14032876001,43.79,GMPW,https://www.givemepower.com/
0,US,USD,USD,NASDAQ NMS - GLOBAL MARKET,Pharmaceuticals,1992-11-18,https://static2.finnhub.io/file/publicdatany/finnhubimage/stock_logo/LGND.png,2211.092291900689,Ligand Pharmaceuticals Inc,18585507500,19.26,LGND,https://www.ligand.com/
0,CA,CAD,CAD,TORONTO STOCK EXCHANGE,Energy,2009-09-12,https://static2.finnhub.io/file/publicdatany/finnhubimage/stock_logo/CVE.TO.png,33062.392753,Cenovus Energy Inc,14037662000,1824.0,CVE.TO,https://www.cenovus.com/
0,US,USD,USD,OTC MARKETS,Financial Services,1980-03-17,https://static2.finnhub.io/file/publicdatany/finnhubimage/stock_logo/942959039736.png,6763.232046774299,Federal National Mortgage Association,18002326643,1158.09,FNMA,https://www.fanniemae.com/
0,US,CAD,CAD,TSX VENTURE EXCHANGE - NEX,Health Care,2014-03-28,https://static2.finnhub.io/file/publicdatany/finnhubimage/stock_logo/950599407766.png,6.230459,Evome Medical Technologies Inc,18007606826,60.17,EVMT.V,https://www.evomemedical.com/
0,IT,EUR,EUR,AIM ITALIA - MERCATO ALTERNATIVO DEL CAPITALE,Construction,1999-01-01,https://static2.finnhub.io/file/publicdatany/finnhubimage/stock_logo/942958757516.png,9849.014625,Buzzi SpA,390142416111,192.63,BZU.MI,https://www.buzziunicem.it/
0,US,USD,USD,"NEW YORK STOCK EXCHANGE, INC.",Media,2018-09-20,https://static2.finnhub.io/file/publicdatany/finnhubimage/stock_logo/EB.png,225.21807885714284,Eventbrite Inc,18884145119,94.63,EB,https://www.eventbrite.com
0,US,USD,USD,NASDAQ NMS - GLOBAL MARKET,Financial Services,2021-02-24,https://static2.finnhub.io/file/publicdatany/finnhubimage/stock_logo/950837235386.png,485.195705031884,"AlTi Global, Inc",12124616363,139.83,ALTI,https://alti-global.com/
0,US,USD,USD,OTC MARKETS,Media,2014-08-27,https://static2.finnhub.io/file/publicdatany/finnhubimage/stock_logo/LTRPA.png,20.68591865405405,Liberty TripAdvisor Holdings Inc,17208755300,77.9,LTRPA,https://www.libertytripadvisorholdings.com/
0,VG,USD,USD,NASDAQ NMS - GLOBAL MARKET,Biotechnology,2013-10-28,https://static2.finnhub.io/file/publicdatany/finnhubimage/stock_logo/950402454306.png,4.98871194318182,Portage Biotech Inc,4167377600,1.65,PRTG,https://portagebiotech.com/
0,US,USD,USD,NASDAQ NMS - GLOBAL MARKET,Real Estate,2013-10-14,https://static2.finnhub.io/file/publicdatany/finnhubimage/stock_logo/950400535996.png,13749.86909,Gaming and Leisure Properties Inc,16104012900,274.83,GLPI,https://www.glpropinc.com/
0,SG,USD,USD,NYSE MKT LLC,Trading Companies & Distributors,2023-04-03,https://static2.finnhub.io/file/publicdatany/finnhubimage/stock_logo/950838169436.png,9.3476060126162,Multi Ways Holdings Ltd,6562875252,30.84,MWG,http://www.multiways.com.sg
0,US,USD,USD,NASDAQ NMS - GLOBAL MARKET,Utilities,2021-01-22,https://static2.finnhub.io/file/publicdatany/finnhubimage/stock_logo/950792270556.png,445.8733127532051,Montauk Renewables Inc,14127478700,143.37,MNTK,http://montaukenergy.com/
0,CA,USD,USD,TORONTO STOCK EXCHANGE,Technology,2005-02-28,https://static2.finnhub.io/file/publicdatany/finnhubimage/stock_logo/942970828776.png,10.990144,VIQ Solutions Inc,19059488266,40.81,VQS.TO,https://viqsolutions.com/
0,CH,CHF,CHF,"NEW YORK STOCK EXCHANGE, INC.","Textiles, Apparel & Luxury Goods",2021-09-15,https://static2.finnhub.io/file/publicdatany/finnhubimage/stock_logo/950811635896.png,15110.378983099128,On Holding AG,41442251555,323.84,ONON,https://www.on-running.com/
0,CA,CAD,CAD,TORONTO STOCK EXCHANGE,Media,2012-07-17,https://static2.finnhub.io/file/publicdatany/finnhubimage/stock_logo/950363489346.png,134.243701,illumin Holdings Inc,14162189888,51.24,ILLM.TO,https://illumin.com/
0,US,USD,USD,OTC MARKETS,N/A,2014-05-14,https://static2.finnhub.io/file/publicdatany/finnhubimage/stock_logo/942976701076.png,2.594588,Perpetual Industries Inc,17027079811,82.89,PRPI,https://www.perpetualindustries.com/
0,US,USD,USD,"NEW YORK STOCK EXCHANGE, INC.",Energy,2012-09-20,https://static2.finnhub.io/file/publicdatany/finnhubimage/stock_logo/950376277526.png,8671.856439099827,Sunoco LP,18322343600,136.24,SUN,https://www.sunocolp.com/
0,US,USD,USD,NASDAQ NMS - GLOBAL MARKET,Diversified Consumer Services,2021-07-28,https://static2.finnhub.io/file/publicdatany/finnhubimage/stock_logo/DUOL.png,13371.96298653723,Duolingo Inc,14123476116,45.24,DUOL,https://www.duolingo.com/
0,US,USD,USD,NYSE MKT LLC,N/A,2003-08-27,https://static2.finnhub.io/file/publicdatany/finnhubimage/stock_logo/942971541996.png,264.25,Franklin Limited Duration Income Trust,16503122000,40.41,FTF,https://www.franklintempleton.com/investor/products/closed-end-funds/resources/3637/franklin-limited
0,US,USD,USD,OTC MARKETS,Communications,1993-12-01,https://static2.finnhub.io/file/publicdatany/finnhubimage/stock_logo/942959075496.png,65.736415,ParkerVision Inc,19047326100,101.13,PRKR,https://parkervision.com/
0,US,USD,USD,NASDAQ NMS - GLOBAL MARKET,Biotechnology,1991-09-17,https://static2.finnhub.io/file/publicdatany/finnhubimage/stock_logo/BIIB.png,22011.862592695798,Biogen Inc,17814642000,146.37,BIIB,https://www.biogen.com/
0,IE,USD,USD,NASDAQ NMS - GLOBAL MARKET,Biotechnology,2012-12-21,https://static2.finnhub.io/file/publicdatany/finnhubimage/stock_logo/PRTA.png,821.9379993350959,Prothena Corporation PLC,35312362500,53.83,PRTA,https://www.prothena.com/
0,US,USD,USD,NASDAQ NMS - GLOBAL MARKET,Commercial Services & Supplies,2015-03-03,https://static2.finnhub.io/file/publicdatany/finnhubimage/stock_logo/950402696076.png,16.12827101473297,Greenwave Technology Solutions Inc,18004905020,60.79,GWAV,https://www.gwav.com/
0,ZA,ZAR,ZAR,JOHANNESBURG STOCK EXCHANGE,Chemicals,1992-07-01,https://static2.finnhub.io/file/publicdatany/finnhubimage/stock_logo/SOL.JO.png,47131.130104,Sasol Ltd,27114413111,649.38,SOL.JO,https://www.sasol.com/
0,US,USD,USD,NASDAQ NMS - GLOBAL MARKET,Health Care,2018-05-31,https://static2.finnhub.io/file/publicdatany/finnhubimage/stock_logo/NVNO.png,53.83535933666667,enVVeno Medical Corp,19492612900,17.54,NVNO,https://envveno.com/
0,US,USD,USD,OTC MARKETS,Technology,2021-05-04,https://static2.finnhub.io/file/publicdatany/finnhubimage/stock_logo/950600050506.png,28.14801876923077,Webstar Technology Group Inc,18006086344,402.11,WBSR,https://webstartechnologygroup.com/
0,CA,USD,USD,"NEW YORK STOCK EXCHANGE, INC.",Technology,2015-05-21,https://static2.finnhub.io/file/publicdatany/finnhubimage/stock_logo/SHOP.png,129650.39015359805,Shopify Inc,16132412828,1294.82,SHOP,https://www.shopify.com/
0,US,USD,USD,"NEW YORK STOCK EXCHANGE, INC.",N/A,2005-05-26,https://static2.finnhub.io/file/publicdatany/finnhubimage/stock_logo/942971217386.png,680.48,BlackRock Enhanced Global Dividend Trust,18888252257,61.53,BOE,https://www.blackrock.com/investing/products/240197/blackrock-global-opportunities-equity-trust-fund
0,US,USD,USD,NASDAQ NMS - GLOBAL MARKET,Road & Rail,1983-09-15,https://static2.finnhub.io/file/publicdatany/finnhubimage/stock_logo/CAR.png,2615.3770157508134,Avis Budget Group Inc,19734964700,35.11,CAR,https://avisbudgetgroup.com/
0,US,USD,USD,NASDAQ NMS - GLOBAL MARKET,"Hotels, Restaurants & Leisure",2019-07-03,https://static2.finnhub.io/file/publicdatany/finnhubimage/stock_logo/950813883726.png,19309.17339384638,Draftkings Inc,16179866744,489.96,DKNG,https://draftkings.gcs-web.com/
0,US,USD,USD,"NEW YORK STOCK EXCHANGE, INC.",Financial Services,1996-09-25,https://static2.finnhub.io/file/publicdatany/finnhubimage/stock_logo/942959046466.png,241.86018893949253,Onity Group Inc,15616828000,7.87,ONIT,https://www.onitygroup.com/
0,DE,USD,USD,NASDAQ NMS - GLOBAL MARKET,Electrical Equipment,2024-05-01,https://static2.finnhub.io/file/publicdatany/finnhubimage/stock_logo/950867930296.png,123.66606886885246,SCHMID Group NV,,43.06,SHMD,
0,US,USD,USD,NASDAQ NMS - GLOBAL MARKET,Energy,2021-08-13,https://static2.finnhub.io/file/publicdatany/finnhubimage/stock_logo/CENQ.png,121.14756983505154,Verde Clean Fuels Inc,19082816000,44.55,VGAS,https://www.verdecleanfuels.com/
0,US,USD,USD,"NEW YORK STOCK EXCHANGE, INC.",Chemicals,1998-01-09,https://static2.finnhub.io/file/publicdatany/finnhubimage/stock_logo/RPM.png,15756.04301429134,RPM International Inc,13302735090,128.57,RPM,https://www.rpminc.com/
0,US,USD,USD,"NEW YORK STOCK EXCHANGE, INC.",Biotechnology,2020-01-29,https://static2.finnhub.io/file/publicdatany/finnhubimage/stock_logo/ANVS.png,33.90604192982457,Annovis Bio Inc,14848753192,19.49,ANVS,https://www.annovisbio.com/
0,US,USD,USD,NASDAQ NMS - GLOBAL MARKET,N/A,2021-09-15,https://static2.finnhub.io/file/publicdatany/finnhubimage/stock_logo/950811766696.png,43.43859390070922,WinVest Acquisition Corp,16176583094,3.37,WINV,
0,US,USD,USD,"NEW YORK STOCK EXCHANGE, INC.",Commercial Services & Supplies,2021-10-22,https://static2.finnhub.io/file/publicdatany/finnhubimage/stock_logo/950813723086.png,1562.7774378015813,Aris Water Solutions Inc,18323047003,58.47,ARIS,https://www.ariswater.com/news/
0,US,USD,USD,"NEW YORK STOCK EXCHANGE, INC.",Energy,2002-10-11,https://static2.finnhub.io/file/publicdatany/finnhubimage/stock_logo/942959121096.png,1346.6549028721283,Natural Resource Partners LP,17137517507,13.05,NRP,https://nrplp.com/
0,US,USD,USD,OTC MARKETS,Aerospace & Defense,2011-02-09,https://static2.finnhub.io/file/publicdatany/finnhubimage/stock_logo/950007005376.png,10.20781185064935,Xeriant Inc,15614919595,658.57,XERI,https://www.xeriant.com
0,US,USD,USD,NASDAQ NMS - GLOBAL MARKET,Biotechnology,1996-11-13,https://static2.finnhub.io/file/publicdatany/finnhubimage/stock_logo/BCDA.png,12.010827410852709,BioCardia Inc,16502260123,4.58,BCDA,https://www.biocardia.com/
0,US,USD,USD,OTC MARKETS,Biotechnology,2001-10-15,https://static2.finnhub.io/file/publicdatany/finnhubimage/stock_logo/942959018316.png,7.610865,Burzynski Research Institute Inc,17133355697,131.45,BZYR,http://burzynskiresearch.com/
0,US,USD,USD,OTC MARKETS,Utilities,1993-10-27,https://static.finnhub.io/logo/9a21ef7e6d1b6180b2d056afd82adaa65154ae5041a147386f03ba0a8501e7c0.png,42.09,Ameren Illinois Co,16183438150,0.61,AILLP,https://www.ameren.com/illinois/about-us
0,US,USD,USD,NASDAQ NMS - GLOBAL MARKET,Pharmaceuticals,2018-09-27,https://static2.finnhub.io/file/publicdatany/finnhubimage/stock_logo/950467369076.png,1257.1496700332227,Arvinas Inc,12035351456,68.77,ARVN,https://www.arvinas.com/
0,CN,USD,USD,NASDAQ NMS - GLOBAL MARKET,Road & Rail,2020-10-21,https://static2.finnhub.io/file/publicdatany/finnhubimage/stock_logo/950779354216.png,5.26,MingZhu Logistics Holdings Ltd,8675525202831,6.68,YGMZ,https://ir.szygmz.com/
0,US,USD,USD,NASDAQ NMS - GLOBAL MARKET,Biotechnology,2021-08-06,https://static2.finnhub.io/file/publicdatany/finnhubimage/stock_logo/950761615346.png,120.8121845145631,Invivyd Inc,17818190080,119.62,IVVD,https://invivyd.com/
0,US,USD,USD,"NEW YORK STOCK EXCHANGE, INC.",Utilities,1980-03-17,https://static2.finnhub.io/file/publicdatany/finnhubimage/stock_logo/NJR.png,4792.831587478481,New Jersey Resources Corp,17329381000,100.29,NJR,https://www.njresources.com/
0,US,USD,USD,"NEW YORK STOCK EXCHANGE, INC.",Diversified Consumer Services,2021-03-31,https://static2.finnhub.io/file/publicdatany/finnhubimage/stock_logo/COUR.png,1143.8681531305517,Coursera Inc,16509639884,160.21,COUR,https://www.coursera.org/
0,AU,AUD,AUD,ASX - ALL MARKETS,Banking,1970-07-18,https://static2.finnhub.io/file/publicdatany/finnhubimage/stock_logo/942958566276.png,106948.932121,Westpac Banking Corp,1161478163167,3425.63,WBC.AX,https://www.westpac.com.au/
0,US,USD,USD,"NEW YORK STOCK EXCHANGE, INC.",Financial Services,1991-08-06,https://static2.finnhub.io/file/publicdatany/finnhubimage/stock_logo/MTG.png,5773.991402925063,MGIC Investment Corp,14143476480,242.71,MTG,https://www.mgic.com/
0,GB,GBP,GBP,LONDON STOCK EXCHANGE,Banking,1953-11-01,https://static2.finnhub.io/file/publicdatany/finnhubimage/stock_logo/BARC.L.png,44265.722748,Barclays PLC,442031340952,14372.35,BARC.L,https://home.barclays/
0,CA,CAD,CAD,CANADIAN NATIONAL STOCK EXCHANGE,Electrical Equipment,2011-03-22,https://static2.finnhub.io/file/publicdatany/finnhubimage/stock_logo/942958607516.png,10.290231,Hillcrest Energy Technologies Ltd,16046090006,99.97,HEAT.CN,https://hillcrestenergy.tech/
0,US,USD,USD,OTC MARKETS,N/A,2022-03-30,https://static2.finnhub.io/file/publicdatany/finnhubimage/stock_logo/950024785386.png,8.17194,Bio Essence Corp,18888161494,38.01,BIOE,https://en.bioessencecorp.com/
0,US,USD,USD,NASDAQ NMS - GLOBAL MARKET,Banking,2001-12-20,https://static2.finnhub.io/file/publicdatany/finnhubimage/stock_logo/942959136986.png,698.1320610223324,Horizon Bancorp Inc,12198790211,43.72,HBNC,https://www.horizonbank.com/
0,US,USD,USD,OTC MARKETS,Health Care,2014-09-12,https://static2.finnhub.io/file/publicdatany/finnhubimage/stock_logo/950402416946.png,33.83617505259467,Healthcare Integrated Technologies Inc,18652374448,114.21,HITC,https://gethitc.com/
0,US,USD,USD,AEQUITAS NEO EXCHANGE,Pharmaceuticals,2019-04-29,https://static2.finnhub.io/file/publicdatany/finnhubimage/stock_logo/950653007866.png,227.796339,Cannabist Company Holdings Inc,12125543424,465.64,CBST.NE,https://cannabistcompany.com/
0,US,USD,USD,NASDAQ NMS - GLOBAL MARKET,Banking,2014-11-07,https://static2.finnhub.io/file/publicdatany/finnhubimage/stock_logo/TBK.png,1461.4243494141926,Triumph Financial Inc,12143656900,23.42,TFIN,https://www.tfin.com/
0,US,USD,USD,NASDAQ NMS - GLOBAL MARKET,Banking,2017-10-02,https://static2.finnhub.io/file/publicdatany/finnhubimage/stock_logo/950554651046.png,306.44189927033307,Ponce Financial Group Inc,17189319000,23.96,PDLB,http://www.poncebank.net
0,US,USD,USD,"NEW YORK STOCK EXCHANGE, INC.",Media,2021-06-09,https://static2.finnhub.io/file/publicdatany/finnhubimage/stock_logo/950800391816.png,115.32506172413795,PSQ Holdings Inc,18777762402,34.76,PSQH,https://www.colombierspac.com/
0,US,USD,USD,"NEW YORK STOCK EXCHANGE, INC.",Metals & Mining,1980-03-17,https://static2.finnhub.io/file/publicdatany/finnhubimage/stock_logo/HL.png,3430.8430062453876,Hecla Mining Co,12087694100,631.83,HL,https://www.hecla.com/
0,US,USD,USD,"NEW YORK STOCK EXCHANGE, INC.",Banking,1969-03-05,https://static2.finnhub.io/file/publicdatany/finnhubimage/stock_logo/JPM.png,677440.5328214193,JPMorgan Chase & Co,12122706000,2796.11,JPM,https://www.jpmorganchase.com/
0,US,USD,USD,"NEW YORK STOCK EXCHANGE, INC.",N/A,2021-04-23,,118.06,Pioneer Floating Rate Fund Inc,16177427825,12.37,PHD,
0,US,USD,USD,"NEW YORK STOCK EXCHANGE, INC.",Real Estate,2013-02-08,https://static2.finnhub.io/file/publicdatany/finnhubimage/stock_logo/950380418916.png,815.755463,Ready Capital Corp,18004533548,163.15,RC,https://readycapital.com/
0,KY,USD,USD,NYSE MKT LLC,Media,1998-01-16,https://static2.finnhub.io/file/publicdatany/finnhubimage/stock_logo/942959032796.png,22.47528842953846,Mega Matrix Inc,9298414670,40.69,MPU,https://www.megamatrix.io/
0,US,USD,USD,"NEW YORK STOCK EXCHANGE, INC.",Communications,2014-06-06,https://static2.finnhub.io/file/publicdatany/finnhubimage/stock_logo/ANET.png,105127.1820956111,Arista Networks Inc,14085475500,1261.12,ANET,https://www.arista.com/en/
0,US,USD,USD,NASDAQ NMS - GLOBAL MARKET,Retail,1993-08-25,https://static2.finnhub.io/file/publicdatany/finnhubimage/stock_logo/942959066216.png,1148.1841491888931,Winmark Corp,17635208500,3.54,WINA,https://www.winmarkcorporation.com
0,US,USD,USD,"NEW YORK STOCK EXCHANGE, INC.",Real Estate,1985-02-20,https://static2.finnhub.io/file/publicdatany/finnhubimage/stock_logo/942959051746.png,1509.230279,UMH Properties Inc,17325779997,82.47,UMH,https://www.umh.com/
0,US,USD,USD,OTC MARKETS,N/A,2019-07-26,https://static2.finnhub.io/file/publicdatany/finnhubimage/stock_logo/950434599996.png,43.77,OZ Vision Inc,,29.37,UNXP,
0,US,USD,USD,OTC MARKETS,Technology,1999-11-12,https://static2.finnhub.io/file/publicdatany/finnhubimage/stock_logo/942959005186.png,55.083436,World Health Energy Holdings Inc,15618700440,550834.35,WHEN,https://www.whengroup.com/when-group/
0,CA,USD,USD,NYSE MKT LLC,Metals & Mining,2007-08-13,https://static2.finnhub.io/file/publicdatany/finnhubimage/stock_logo/EQX.png,3032.936305440258,Equinox Gold Corp,16046281102,455.63,EQX,https://www.equinoxgold.com/
0,US,USD,USD,NASDAQ NMS - GLOBAL MARKET,Pharmaceuticals,2010-12-28,https://static2.finnhub.io/file/publicdatany/finnhubimage/stock_logo/SUPN.png,1789.970840640792,Supernus Pharmaceuticals Inc,13018382500,55.74,SUPN,https://www.supernus.com
0,US,USD,USD,"NEW YORK STOCK EXCHANGE, INC.",Health Care,2024-07-18,https://static2.finnhub.io/file/publicdatany/finnhubimage/stock_logo/950491034446.png,2081.295260044088,Ardent Health Partners Inc,16152963000,142.75,ARDT,https://ardenthealth.com/
0,US,USD,USD,OTC MARKETS,Biotechnology,1993-10-27,,7.52,Ridgefield Acquisition Corp,18055837744,27.86,RDGA,
0,JP,JPY,JPY,TOKYO STOCK EXCHANGE-TOKYO PRO MARKET,Semiconductors,1983-11-01,https://static2.finnhub.io/file/publicdatany/finnhubimage/stock_logo/942958780326.png,615899.658691,Rohm Co Ltd,81753112121,403.76,6963.T,https://www.rohm.co.jp/
0,CA,USD,USD,NASDAQ NMS - GLOBAL MARKET,Chemicals,2012-09-27,https://static2.finnhub.io/file/publicdatany/finnhubimage/stock_logo/950012286466.png,57.14431512195121,Loop Industries Inc,14509518555,47.62,LOOP,https://www.loopindustries.com/
0,CA,USD,USD,NASDAQ NMS - GLOBAL MARKET,Pharmaceuticals,2021-08-10,https://static2.finnhub.io/file/publicdatany/finnhubimage/stock_logo/950624597526.png,4.64622924324324,Clearmind Medicine Inc,16042601566,4.38,CMND,https://www.clearmindmedicine.com/
0,US,USD,USD,NASDAQ NMS - GLOBAL MARKET,Real Estate,2023-10-10,https://static2.finnhub.io/file/publicdatany/finnhubimage/stock_logo/950825023716.png,6.95460823880597,La Rosa Holdings,4075924667,33.99,LRHC,https://www.larosarealty.com
0,US,USD,USD,NASDAQ NMS - GLOBAL MARKET,Media,2023-02-03,https://static2.finnhub.io/file/publicdatany/finnhubimage/stock_logo/950833079456.png,6.99935115495868,Asset Entities Inc,12144593117,5.93,ASST,https://assetentities.com/
0,US,USD,USD,NASDAQ NMS - GLOBAL MARKET,Metals & Mining,2022-03-01,https://static2.finnhub.io/file/publicdatany/finnhubimage/stock_logo/950821725536.png,11.34576360849057,5E Advanced Materials Inc,14422922120,16.58,FEAM,https://5eadvancedmaterials.com/
0,US,USD,USD,NASDAQ NMS - GLOBAL MARKET,Technology,2020-09-23,https://static2.finnhub.io/file/publicdatany/finnhubimage/stock_logo/CRSR.png,1176.475245685637,Corsair Gaming Inc,15106578747,104.86,CRSR,https://www.corsair.com/
0,US,USD,USD,NASDAQ NMS - GLOBAL MARKET,Communications,2000-08-04,https://static2.finnhub.io/file/publicdatany/finnhubimage/stock_logo/942959004676.png,108.9989595729927,Lantronix Inc,19494533990,38.79,LTRX,https://www.lantronix.com/
0,US,USD,USD,"NEW YORK STOCK EXCHANGE, INC.",Leisure Products,1992-02-28,https://static2.finnhub.io/file/publicdatany/finnhubimage/stock_logo/ELY.png,1157.231167301146,Topgolf Callaway Brands Corp,17609311771,183.4,MODG,https://www.topgolfcallawaybrands.com/
0,US,USD,USD,"NEW YORK STOCK EXCHANGE, INC.",Machinery,1992-11-03,https://static2.finnhub.io/file/publicdatany/finnhubimage/stock_logo/942959050716.png,4421.72218611883,Kadant Inc,19787762000,11.75,KAI,https://www.kadant.com/
0,CN,USD,USD,NASDAQ NMS - GLOBAL MARKET,Retail,2023-03-30,https://static2.finnhub.io/file/publicdatany/finnhubimage/stock_logo/950800513336.png,5.23152117222222,Chanson International Holding,8609912302709,27.3,CHSN,
0,US,USD,USD,"NEW YORK STOCK EXCHANGE, INC.",Banking,2005-03-15,https://static2.finnhub.io/file/publicdatany/finnhubimage/stock_logo/AX.png,3691.4165619165497,Axos Financial Inc,18586492218,57.1,AX,https://investors.axosfinancial.com/
0,US,USD,USD,NASDAQ NMS - GLOBAL MARKET,Banking,1998-12-30,https://static2.finnhub.io/file/publicdatany/finnhubimage/stock_logo/942959135906.png,145.16706801020842,CF Bankshares Inc,16143347979,6.4,CFBK,https://investor.cfbankonline.com/corporate-profile/default.aspx
0,US,USD,USD,NASDAQ NMS - GLOBAL MARKET,Machinery,1980-03-17,https://static2.finnhub.io/file/publicdatany/finnhubimage/stock_logo/942959051376.png,116.13753485230026,Twin Disc Inc,12626384000,14.15,TWIN,https://twindisc.com/
0,US,USD,USD,"NEW YORK STOCK EXCHANGE, INC.",Real Estate,1983-04-22,https://static2.finnhub.io/file/publicdatany/finnhubimage/stock_logo/942959046586.png,568.682034,One Liberty Properties Inc,15164663100,21.39,OLP,https://1liberty.com/
0,CN,CNY,CNY,NASDAQ NMS - GLOBAL MARKET,Diversified Consumer Services,2020-12-04,https://static2.finnhub.io/file/publicdatany/finnhubimage/stock_logo/950785630376.png,12.84,17 Education & Technology Group Inc,861059451082,65.83,YQ,https://ucenter.17zuoye.com/
0,US,USD,USD,"NEW YORK STOCK EXCHANGE, INC.","Textiles, Apparel & Luxury Goods",1951-03-19,https://static2.finnhub.io/file/publicdatany/finnhubimage/stock_logo/VFC.png,7452.5382645880345,VF Corp,17207784000,389.57,VFC,https://www.vfc.com/
0,CA,USD,USD,NASDAQ NMS - GLOBAL MARKET,N/A,2023-03-24,https://static2.finnhub.io/file/publicdatany/finnhubimage/stock_logo/950838320906.png,69.4367608714409,Oak Woods Acquisition Corp,14035617750,6.04,OAKU,https://oakwoodsacquisition.com/
0,US,USD,USD,"NEW YORK STOCK EXCHANGE, INC.",N/A,2003-08-27,https://static2.finnhub.io/file/publicdatany/finnhubimage/stock_logo/942971543426.png,176.93,Flaherty & Crumrine Total Return Fund Inc,16267957300,10.46,FLC,
0,US,USD,USD,NASDAQ NMS - GLOBAL MARKET,Professional Services,2018-10-03,https://static2.finnhub.io/file/publicdatany/finnhubimage/stock_logo/UPWK.png,1919.462663674762,Upwork Inc,16503167500,135.46,UPWK,https://www.upwork.com/
0,US,USD,USD,OTC MARKETS,Biotechnology,2014-07-29,https://static2.finnhub.io/file/publicdatany/finnhubimage/stock_logo/950374742156.png,1.69919112149533,Panbela Therapeutics Inc,19524791196,4.85,PBLA,https://panbela.com/
0,US,USD,USD,OTC MARKETS,N/A,2024-09-24,,0.0,Orion Haus Homes and Hotels Inc,14084417500,0.0,OHHH,
0,US,USD,USD,"NEW YORK STOCK EXCHANGE, INC.",N/A,2007-02-23,https://static2.finnhub.io/file/publicdatany/finnhubimage/stock_logo/942977075986.png,2548.45,Eaton Vance Tax-Managed Global Diversified Equity Income Fund,16174828260,305.94,EXG,https://funds.eatonvance.com/Tax-Managed-Global-Diversified-Equity-Income-Fund-EXG.php
0,US,USD,USD,NASDAQ NMS - GLOBAL MARKET,Health Care,2023-02-14,https://static2.finnhub.io/file/publicdatany/finnhubimage/stock_logo/950783474506.png,15.68367333333333,"BullFrog AI Holdings, Inc.",12406586710,8.71,BFRG,https://www.bullfrogai.com
0,US,USD,USD,NASDAQ NMS - GLOBAL MARKET,Retail,2020-09-30,https://static2.finnhub.io/file/publicdatany/finnhubimage/stock_logo/950766984826.png,783.0105019840638,EVgo Inc,13109542900,303.49,EVGO,https://investors.evgo.com/
0,US,USD,USD,NASDAQ NMS - GLOBAL MARKET,Semiconductors,1997-06-03,https://static2.finnhub.io/file/publicdatany/finnhubimage/stock_logo/QRVO.png,7172.876059685394,Qorvo Inc,13366641233,94.53,QRVO,https://www.qorvo.com/
0,CA,CAD,CAD,TSX VENTURE EXCHANGE - NEX,Metals & Mining,2008-09-26,https://static2.finnhub.io/file/publicdatany/finnhubimage/stock_logo/950871144896.png,14.225552,Libero Copper & Gold Corp,16047156845,58.06,LBC.V,https://www.liberocopper.com/
0,US,USD,USD,NASDAQ NMS - GLOBAL MARKET,Biotechnology,2018-05-24,https://static2.finnhub.io/file/publicdatany/finnhubimage/stock_logo/950605090196.png,3408.3636571270413,Scholar Rock Holding Corp,18572593860,94.68,SRRK,https://scholarrock.com/
0,US,USD,USD,NASDAQ NMS - GLOBAL MARKET,Financial Services,2010-04-15,https://static2.finnhub.io/file/publicdatany/finnhubimage/stock_logo/950005890366.png,3990.4440138170153,Golub Capital BDC Inc,12127506060,265.5,GBDC,https://golubcapitalbdc.com/
0,US,USD,USD,NASDAQ NMS - GLOBAL MARKET,Biotechnology,2020-09-25,https://static2.finnhub.io/file/publicdatany/finnhubimage/stock_logo/950579893386.png,40.505885577868284,Prelude Therapeutics Inc,13024671280,55.04,PRLD,https://preludetx.com/
0,US,USD,USD,"NEW YORK STOCK EXCHANGE, INC.","Hotels, Restaurants & Leisure",2018-05-17,https://static2.finnhub.io/file/publicdatany/finnhubimage/stock_logo/WH.png,7661.863532971317,Wyndham Hotels & Resorts Inc,19737537791,77.75,WH,https://investor.wyndhamhotels.com/
0,US,USD,USD,NASDAQ NMS - GLOBAL MARKET,Metals & Mining,2015-10-15,https://static2.finnhub.io/file/publicdatany/finnhubimage/stock_logo/950399237176.png,85.50458505,American Battery Technology Co,17754734744,84.39,ABAT,https://americanbatterytechnology.com/
0,US,USD,USD,NASDAQ NMS - GLOBAL MARKET,N/A,2021-09-29,https://static2.finnhub.io/file/publicdatany/finnhubimage/stock_logo/950800298656.png,157.53469173481685,Hennessy Capital Investment Corp VI,17753391671,14.64,HCVI,http://www.hennessycapllc.com
0,US,USD,USD,NASDAQ NMS - GLOBAL MARKET,Retail,2019-07-23,https://static2.finnhub.io/file/publicdatany/finnhubimage/stock_logo/950767029326.png,476.97784903225795,Arko Corp.,18047301568,115.77,ARKO,https://www.arkocorp.com/
0,US,USD,USD,NASDAQ NMS - GLOBAL MARKET,Telecommunication,2013-06-21,https://static2.finnhub.io/file/publicdatany/finnhubimage/stock_logo/GOGO.png,865.3612148538012,Gogo Inc,13033013271,125.78,GOGO,https://ir.gogoair.com/
0,IE,USD,USD,"NEW YORK STOCK EXCHANGE, INC.",Electrical Equipment,2012-12-03,https://static2.finnhub.io/file/publicdatany/finnhubimage/stock_logo/ETN.png,111712.15508690578,Eaton Corporation PLC,35316372900,392.0,ETN,https://www.eaton.com/
0,ID,IDR,IDR,INDONESIA STOCK EXCHANGE,Banking,2003-07-14,https://static2.finnhub.io/file/publicdatany/finnhubimage/stock_logo/942958743386.png,449815609.614245,Bank Mandiri (Persero) Tbk PT,62215265045,92400.0,BMRI.JK,https://www.bankmandiri.co.id/
0,US,USD,USD,OTC MARKETS,Banking,1993-11-29,https://static2.finnhub.io/file/publicdatany/finnhubimage/stock_logo/942959083446.png,23.64472556041336,W V S Financial Corp,14123641911,1.73,WVFC,http://www.wvsbank.com
0,US,USD,USD,NASDAQ NMS - GLOBAL MARKET,Real Estate,2013-01-29,https://static2.finnhub.io/file/publicdatany/finnhubimage/stock_logo/950379409876.png,422.998637,Gladstone Land Corp,17032875800,36.18,LAND,https://www.gladstonefarms.com/
0,US,USD,USD,OTC MARKETS,Food Products,2001-04-12,https://static2.finnhub.io/file/publicdatany/finnhubimage/stock_logo/942959141566.png,41.401598038005964,Global Clean Energy Holdings Inc,13106414234,50.18,GCEH,https://www.gceholdings.com/
0,US,USD,USD,NASDAQ NMS - GLOBAL MARKET,N/A,2011-01-20,https://static2.finnhub.io/file/publicdatany/finnhubimage/stock_logo/950012210506.png,1732.99,Oxford Lane Capital Corp,12039835275,345.91,OXLC,https://www.oxfordlanecapital.com/
0,HK,USD,USD,NASDAQ NMS - GLOBAL MARKET,Financial Services,2018-04-18,https://static2.finnhub.io/file/publicdatany/finnhubimage/stock_logo/950560651066.png,4.13771017209302,AGM Group Holdings Inc,85236908390,40.64,AGMH,http://www.agmprime.com/
0,US,USD,USD,"NEW YORK STOCK EXCHANGE, INC.",Banking,1979-06-05,https://static2.finnhub.io/file/publicdatany/finnhubimage/stock_logo/BAC.png,314833.651251013,Bank of America Corp,17043868486,7604.68,BAC,https://www.bankofamerica.com
0,GU,USD,USD,OTC MARKETS,Banking,2001-08-09,,206.84556799999996,BankGuam Holding Co,16714725271,0.02,BKGM,https://bankofguam.com/
0,CA,CAD,CAD,TSX VENTURE EXCHANGE - NEX,Metals & Mining,1983-02-25,https://static2.finnhub.io/file/publicdatany/finnhubimage/stock_logo/942959185586.png,3.656924,Bitterroot Resources Ltd,16049221351,104.48,BTT.V,https://bitterrootresources.com/
0,US,USD,USD,NASDAQ NMS - GLOBAL MARKET,Biotechnology,2007-05-31,https://static2.finnhub.io/file/publicdatany/finnhubimage/stock_logo/FOLD.png,2722.1450994855877,Amicus Therapeutics Inc,16096622000,307.24,FOLD,https://www.amicusrx.com/
0,US,USD,USD,NASDAQ NMS - GLOBAL MARKET,Retail,1995-03-06,https://static2.finnhub.io/file/publicdatany/finnhubimage/stock_logo/DLTR.png,14835.515118644285,Dollar Tree Inc,17573215000,215.04,DLTR,https://www.dollartree.com/
0,US,USD,USD,NASDAQ NMS - GLOBAL MARKET,Real Estate,2024-07-09,https://static2.finnhub.io/file/publicdatany/finnhubimage/stock_logo/950870975236.png,141.06672,Sunrise Realty Trust Inc,15615102390,12.75,SUNS,
0,US,USD,USD,OTC MARKETS,Pharmaceuticals,2024-06-27,https://static2.finnhub.io/file/publicdatany/finnhubimage/stock_logo/950886641976.png,2178.1639999999993,Endo Inc,14842160000,76.4,NDOI,https://www.endo.com/
0,US,USD,USD,NASDAQ NMS - GLOBAL MARKET,Media,1968-01-16,https://static2.finnhub.io/file/publicdatany/finnhubimage/stock_logo/SIRI.png,8547.132944422738,Sirius XM Holdings Inc,17208754315,338.77,SIRI,https://www.siriusxm.com/
0,FR,EUR,EUR,NYSE EURONEXT - EURONEXT PARIS,Auto Components,1985-01-07,https://static2.finnhub.io/file/publicdatany/finnhubimage/stock_logo/942958682486.png,1665.929037,Forvia SE,33172367000,197.09,FRVIA.PA,https://www.faurecia.com/
0,CN,USD,USD,NASDAQ NMS - GLOBAL MARKET,Commercial Services & Supplies,2024-07-02,https://static2.finnhub.io/file/publicdatany/finnhubimage/stock_logo/950865097236.png,28.01260100000001,Eshallgo Inc,864006005800,25.47,EHGO,http://www.eshallgo.com/
0,US,USD,USD,NASDAQ NMS - GLOBAL MARKET,Pharmaceuticals,2010-03-25,https://static2.finnhub.io/file/publicdatany/finnhubimage/stock_logo/CRMD.png,649.8528402139094,CorMedix Inc,19085179500,60.68,CRMD,https://cormedix.com/
0,US,USD,USD,"NEW YORK STOCK EXCHANGE, INC.",Banking,1962-12-10,https://static2.finnhub.io/file/publicdatany/finnhubimage/stock_logo/WFC.png,233625.65739700274,Wells Fargo & Co,18008693557,3288.19,WFC,https://www.wellsfargo.com
0,US,USD,USD,NASDAQ NMS - GLOBAL MARKET,N/A,2023-12-15,https://static2.finnhub.io/file/publicdatany/finnhubimage/stock_logo/950868840986.png,59.203643340092164,Bayview Acquisition Corp,12039985540,5.44,BAYA,
0,IL,USD,USD,NASDAQ NMS - GLOBAL MARKET,Biotechnology,2017-05-04,https://static2.finnhub.io/file/publicdatany/finnhubimage/stock_logo/950355354866.png,414.39822171540726,Urogen Pharma Ltd,97297707601,42.57,URGN,https://www.urogen.com/
0,US,USD,USD,OTC MARKETS,Metals & Mining,2001-06-21,https://static2.finnhub.io/file/publicdatany/finnhubimage/stock_logo/942971754226.png,3.5770439603960402,General European Strategic Investments Inc,17029831256,343.95,GESI,https://generaleuropeanstrategicinvestments.com/
0,US,USD,USD,"NEW YORK STOCK EXCHANGE, INC.",Energy,2012-07-12,https://static2.finnhub.io/file/publicdatany/finnhubimage/stock_logo/AMPY.png,152.86183722834645,Amplify Energy Corp,18322199001,40.33,AMPY,https://www.amplifyenergy.com/home/default.aspx
0,US,USD,USD,NASDAQ NMS - GLOBAL MARKET,Technology,2021-04-15,https://static2.finnhub.io/file/publicdatany/finnhubimage/stock_logo/APP.png,91951.90238387707,Applovin Corp,18008399646,339.96,APP,https://www.applovin.com/
0,US,USD,USD,OTC MARKETS,Consumer products,1971-08-25,https://static2.finnhub.io/file/publicdatany/finnhubimage/stock_logo/942959073976.png,98.06487344262295,Nobility Homes Inc,13527325157,3.27,NOBH,http://www.nobilityhomes.com/
0,US,USD,USD,"NEW YORK STOCK EXCHANGE, INC.",Airlines,2007-04-26,https://static2.finnhub.io/file/publicdatany/finnhubimage/stock_logo/DAL.png,34416.853459912665,Delta Air Lines Inc,14047152600,645.96,DAL,https://www.delta.com/
0,US,USD,USD,OTC MARKETS,Banking,1986-10-23,https://static2.finnhub.io/file/publicdatany/finnhubimage/stock_logo/942959126116.png,74.890428,Bank of South Carolina,18437241500,5.45,BKSC,https://www.banksc.com
0,US,USD,USD,"NEW YORK STOCK EXCHANGE, INC.",Energy,2017-11-14,https://static2.finnhub.io/file/publicdatany/finnhubimage/stock_logo/CEIX.png,3778.47,CONSOL Energy Inc,17244168300,54.02,CEIX,https://www.consolenergy.com/
0,US,USD,USD,NASDAQ NMS - GLOBAL MARKET,Technology,2019-09-19,https://static2.finnhub.io/file/publicdatany/finnhubimage/stock_logo/DDOG.png,37577.22060417881,Datadog Inc,18663294466,342.76,DDOG,https://www.datadoghq.com/
0,US,USD,USD,"NEW YORK STOCK EXCHANGE, INC.",Financial Services,2001-06-20,https://static2.finnhub.io/file/publicdatany/finnhubimage/stock_logo/FIS.png,37751.1192455856,Fidelity National Information Services Inc,14075518315,529.69,FIS,https://www.fisglobal.com/
0,US,USD,USD,NASDAQ NMS - GLOBAL MARKET,N/A,2022-06-24,https://static2.finnhub.io/file/publicdatany/finnhubimage/stock_logo/950826461236.png,174.56823704324424,SK Growth Opportunities Corp,19177401505,14.97,SKGR,https://skgrowthopportunities.com/home/default.aspx
0,US,USD,USD,OTC MARKETS,Professional Services,2004-08-23,https://static2.finnhub.io/file/publicdatany/finnhubimage/stock_logo/942959084006.png,8.56920377358491,Public Company Management Corp,17022229076,34.28,PCMC,https://www.pubcomanagement.com/
0,US,USD,USD,NASDAQ NMS - GLOBAL MARKET,Biotechnology,2015-11-27,https://static2.finnhub.io/file/publicdatany/finnhubimage/stock_logo/942977782576.png,2.74767489584573,Bone Biologics Corp,17815524452,3.27,BBLG,https://www.bonebiologics.com/
0,US,USD,USD,OTC MARKETS,Beverages,2008-06-09,https://static2.finnhub.io/file/publicdatany/finnhubimage/stock_logo/942980099296.png,8.182862261904761,EQUATOR Beverage Company,19292647944,17.41,MOJO,http://www.mojoorganicsinc.com/
0,US,USD,USD,"NEW YORK STOCK EXCHANGE, INC.",Real Estate,1995-08-04,https://static2.finnhub.io/file/publicdatany/finnhubimage/stock_logo/942959048056.png,860.940321,Redwood Trust Inc,14153897373,132.86,RWT,https://www.redwoodtrust.com/
0,US,USD,USD,NASDAQ NMS - GLOBAL MARKET,Automobiles,2021-11-10,https://static2.finnhub.io/file/publicdatany/finnhubimage/stock_logo/950373444066.png,12630.080953860384,Rivian Automotive Inc,18887484261,1130.71,RIVN,https://rivian.com/
0,TW,TWD,TWD,TAIWAN STOCK EXCHANGE,Semiconductors,1994-09-05,https://static2.finnhub.io/file/publicdatany/finnhubimage/stock_logo/2330.TW.png,26062398.046875,Taiwan Semiconductor Manufacturing Co Ltd,88635636688,25932.73,2330.TW,https://www.tsmc.com/
0,US,USD,USD,NASDAQ NMS - GLOBAL MARKET,Biotechnology,2013-07-24,https://static2.finnhub.io/file/publicdatany/finnhubimage/stock_logo/AGIO.png,1855.2499363825784,Agios Pharmaceuticals Inc,16176498600,57.3,AGIO,https://www.agios.com/
0,TW,USD,USD,"NEW YORK STOCK EXCHANGE, INC.",Technology,2021-03-01,https://static2.finnhub.io/file/publicdatany/finnhubimage/stock_logo/950039653566.png,185.366918,Perfect Corp,886286671265,101.85,PERF,https://www.perfectcorp.com/
0,US,USD,USD,NYSE MKT LLC,Real Estate,,https://static2.finnhub.io/file/publicdatany/finnhubimage/stock_logo/950869249926.png,306.54953383474583,Logistic Properties of The Americas,50622047020,31.8,LPA,https://ir.lpamericas.com
0,KY,USD,USD,NASDAQ NMS - GLOBAL MARKET,Insurance,2014-03-27,https://static2.finnhub.io/file/publicdatany/finnhubimage/stock_logo/950402430576.png,24.189496190476202,Oxbridge Re Holdings Ltd,3457497570,7.44,OXBR,https://oxbridgere.com/
0,GB,GBP,GBP,LONDON STOCK EXCHANGE,Tobacco,1962-01-29,https://static2.finnhub.io/file/publicdatany/finnhubimage/stock_logo/BATS.L.png,67955.385436,British American Tobacco plc,442078452000,2204.18,BATS.L,https://www.bat.com/
0,US,USD,USD,NASDAQ NMS - GLOBAL MARKET,Electrical Equipment,1993-06-07,https://static2.finnhub.io/file/publicdatany/finnhubimage/stock_logo/950509914156.png,57.21243843071786,Interlink Electronics Inc,18054848855,9.86,LINK,https://www.interlinkelectronics.com
0,US,,,OTC MARKETS,N/A,2024-06-26,,9.0,GMTech Inc,16465080022,12.0,GMTH,
0,US,USD,USD,NASDAQ NMS - GLOBAL MARKET,Media,2002-08-28,https://static2.finnhub.io/file/publicdatany/finnhubimage/stock_logo/942958993336.png,182.9683553065261,Travelzoo,12124844900,11.8,TZOO,https://www.travelzoo.com/
0,US,USD,USD,NASDAQ NMS - GLOBAL MARKET,Life Sciences Tools & Services,2000-06-28,https://static2.finnhub.io/file/publicdatany/finnhubimage/stock_logo/ILMN.png,13720.607718600117,Illumina Inc,18582024500,158.4,ILMN,https://www.illumina.com
0,US,USD,USD,"NEW YORK STOCK EXCHANGE, INC.",Financial Services,2014-07-31,https://static2.finnhub.io/file/publicdatany/finnhubimage/stock_logo/SYF.png,21280.14887137987,Synchrony Financial,12035856730,388.75,SYF,https://www.synchrony.com/
0,US,USD,USD,"NEW YORK STOCK EXCHANGE, INC.",Leisure Products,2016-10-28,https://static2.finnhub.io/file/publicdatany/finnhubimage/stock_logo/GOLF.png,4105.733666789213,Acushnet Holdings Corp,18002258500,59.93,GOLF,https://www.acushnetholdingscorp.com/
0,US,USD,USD,NASDAQ NMS - GLOBAL MARKET,"Textiles, Apparel & Luxury Goods",1994-11-14,https://static2.finnhub.io/file/publicdatany/finnhubimage/stock_logo/942959135126.png,4.712575400220509,Forward Industries Inc,16315473055,1.1,FORD,https://www.forwardindustries.com/
0,GG,EUR,EUR,"NEW YORK STOCK EXCHANGE, INC.","Hotels, Restaurants & Leisure",2020-11-20,https://static2.finnhub.io/file/publicdatany/finnhubimage/stock_logo/950040795406.png,3510.019805231689,SGHC Ltd,,501.43,SGHC,https://www.sghc.com/
0,US,CNY,CNY,NASDAQ NMS - GLOBAL MARKET,Biotechnology,2020-01-30,https://static2.finnhub.io/file/publicdatany/finnhubimage/stock_logo/950467080786.png,0.33,Fresh2 Group Ltd,19173976890,65.3,FRES,http://www.anpac.cn/
0,US,USD,USD,NASDAQ NMS - GLOBAL MARKET,Retail,2021-01-14,https://static2.finnhub.io/file/publicdatany/finnhubimage/stock_logo/WOOF.png,711.1962680952381,Petco Health and Wellness Company Inc,18584537845,313.45,WOOF,https://corporate.petco.com/
0,US,USD,USD,"NEW YORK STOCK EXCHANGE, INC.",Financial Services,1991-12-04,https://static2.finnhub.io/file/publicdatany/finnhubimage/stock_logo/942959067926.png,1273.434577453704,WisdomTree Inc,12128012080,147.05,WT,https://www.wisdomtree.com/
0,US,USD,USD,"NEW YORK STOCK EXCHANGE, INC.",N/A,2010-12-23,https://static2.finnhub.io/file/publicdatany/finnhubimage/stock_logo/950012044456.png,150.85,Virtus Stone Harbor Emerging Markets Income Fund,18662707788,29.29,EDF,https://www.virtus.com/our-products/individual-investors/closed-end-funds#/asset_sub_class.null/share_class_id.16/type.daily/relation.nav
0,US,USD,USD,"NEW YORK STOCK EXCHANGE, INC.",Financial Services,2010-07-15,https://static2.finnhub.io/file/publicdatany/finnhubimage/stock_logo/950831440326.png,102388.63839765814,KKR & Co Inc,12127508300,888.25,KKR,https://ir.kkr.com/
0,US,USD,USD,NASDAQ NMS - GLOBAL MARKET,Banking,1982-11-09,https://static2.finnhub.io/file/publicdatany/finnhubimage/stock_logo/WAFD.png,2349.4940719419333,WaFd Inc,12066247930,81.55,WAFD,https://www.wafdbank.com/
0,US,,,OTC MARKETS,N/A,2024-04-23,,0.0,Almco Plumbing Inc,18582529321,0.0,ALMP,https://almcoplumbing.com/
0,US,USD,USD,"NEW YORK STOCK EXCHANGE, INC.",Utilities,1962-12-19,https://static2.finnhub.io/file/publicdatany/finnhubimage/stock_logo/NI.png,18092.676066571647,NiSource Inc,12196475200,469.94,NI,https://www.nisource.com/
0,RO,USD,USD,OTC MARKETS,N/A,2017-08-17,,2.63,Crona Corp,40371700107,6.59,CCCP,https://www.corpcrona.com/
0,JP,JPY,JPY,TOKYO STOCK EXCHANGE-TOKYO PRO MARKET,Chemicals,1949-05-16,https://static2.finnhub.io/file/publicdatany/finnhubimage/stock_logo/942958806986.png,9070628.459473,Shin-Etsu Chemical Co Ltd,81368122300,1985.0,4063.T,https://www.shinetsu.co.jp/
0,US,USD,USD,OTC MARKETS,"Hotels, Restaurants & Leisure",2001-06-28,https://static2.finnhub.io/file/publicdatany/finnhubimage/stock_logo/942959123426.png,0.114602,Food Culture Inc,17025086517,1.82,FCUL,https://foodculture.co.in/
0,US,USD,USD,NYSE MKT LLC,Health Care,2015-02-06,https://static2.finnhub.io/file/publicdatany/finnhubimage/stock_logo/950006465596.png,58.060551448919455,VolitionRX Ltd,16466501351,92.66,VNRX,https://volition.com/
0,IE,USD,USD,"NEW YORK STOCK EXCHANGE, INC.",Chemicals,2023-12-22,https://static2.finnhub.io/file/publicdatany/finnhubimage/stock_logo/950865901516.png,17731.74,Arcadium Lithium PLC,35316875238,1074.0,ALTM,https://arcadiumlithium.com/
0,CA,CAD,CAD,TSX VENTURE EXCHANGE - NEX,Metals & Mining,2013-10-18,https://static2.finnhub.io/file/publicdatany/finnhubimage/stock_logo/950761081496.png,65.926547,Premium Resources Ltd,16047704334,185.71,PREM.V,https://premiumnickelresources.ca/
0,US,USD,USD,NASDAQ NMS - GLOBAL MARKET,Banking,2000-08-18,https://static2.finnhub.io/file/publicdatany/finnhubimage/stock_logo/PNFP.png,8248.841514429905,Pinnacle Financial Partners Inc,16157443700,77.37,PNFP,https://www.pnfp.com/
0,US,USD,USD,NASDAQ NMS - GLOBAL MARKET,Logistics & Transportation,,https://static2.finnhub.io/file/publicdatany/finnhubimage/stock_logo/950675210026.png,49.039227,Air T Funding,19805952840,2.73,AIRTP,
0,US,USD,USD,NASDAQ NMS - GLOBAL MARKET,Biotechnology,2020-12-18,https://static2.finnhub.io/file/publicdatany/finnhubimage/stock_logo/950792091686.png,163.44321202826853,TriSalus Life Sciences Inc,14153368917,30.58,TLSI,https://trisaluslifesci.com/
0,US,USD,USD,NASDAQ NMS - GLOBAL MARKET,Food Products,1993-11-16,https://static2.finnhub.io/file/publicdatany/finnhubimage/stock_logo/HAIN.png,410.62320512722647,Hain Celestial Group Inc,15165875000,90.25,HAIN,https://www.hain.com/
0,US,USD,USD,OTC MARKETS,Biotechnology,2002-01-07,https://static2.finnhub.io/file/publicdatany/finnhubimage/stock_logo/942959130896.png,5.468004,ProtoKinetix Inc,13304454971,366.98,PKTX,https://www.protokinetix.com/
0,CN,CNY,CNY,NASDAQ NMS - GLOBAL MARKET,Media,2024-10-11,https://static2.finnhub.io/file/publicdatany/finnhubimage/stock_logo/950878057916.png,11.421,Star Fashion Culture Holdings Ltd,,12.15,STFS,http://www.xmxingji.com
0,US,USD,USD,OTC MARKETS,Energy,1993-10-28,https://static2.finnhub.io/file/publicdatany/finnhubimage/stock_logo/942959078176.png,3.86401157463227,Royale Energy Funds Inc,16193836600,96.6,ROYL,https://www.royl.com/
0,US,USD,USD,NASDAQ NMS - GLOBAL MARKET,Health Care,2014-02-11,https://static2.finnhub.io/file/publicdatany/finnhubimage/stock_logo/SINT.png,4.44484427218935,SINTX Technologies Inc,18018393516,2.51,SINT,https://sintx.com/
0,US,USD,USD,"NEW YORK STOCK EXCHANGE, INC.","Textiles, Apparel & Luxury Goods",2005-11-18,https://static2.finnhub.io/file/publicdatany/finnhubimage/stock_logo/UAA.png,2931.0465106260863,Under Armour Inc,14104546758,432.39,UAA,https://www.underarmour.com/
0,US,USD,USD,NASDAQ NMS - GLOBAL MARKET,Electrical Equipment,2018-05-18,https://static2.finnhub.io/file/publicdatany/finnhubimage/stock_logo/950554666056.png,96.81293175813954,Wrap Technologies Inc,18005832652,49.1,WRAP,https://wrap.com/
0,CA,USD,USD,TSX VENTURE EXCHANGE - NEX,Machinery,2013-12-13,https://static2.finnhub.io/file/publicdatany/finnhubimage/stock_logo/VMC.V.png,3.53,Vicinity Motor Corp,16046074000,50.48,VMC.V,https://vicinitymotorcorp.com/
0,IL,USD,USD,OTC MARKETS,N/A,2016-10-07,https://static2.finnhub.io/file/publicdatany/finnhubimage/stock_logo/950458539866.png,9.75938611764706,DUKE Robotics Corp,97248124101,54.22,DUKR,http://www.uasdronecorp.com
0,IE,USD,USD,NASDAQ NMS - GLOBAL MARKET,Health Care,1992-10-21,https://static2.finnhub.io/file/publicdatany/finnhubimage/stock_logo/942958748606.png,7.734213,Trinity Biotech PLC,1135312955111,72.21,TRIB,https://www.trinitybiotech.com/
0,US,USD,USD,NASDAQ NMS - GLOBAL MARKET,Media,2017-12-21,https://static2.finnhub.io/file/publicdatany/finnhubimage/stock_logo/950309119476.png,12.27822888888889,Dolphin Entertainment Inc,13057740407,11.16,DLPN,https://www.dolphinentertainment.com/
0,US,USD,USD,NASDAQ NMS - GLOBAL MARKET,Energy,1992-03-05,https://static2.finnhub.io/file/publicdatany/finnhubimage/stock_logo/942959023066.png,92.98149796334012,Stabilis Solutions Inc,18324566500,18.6,SLNG,https://stabilis-solutions.com/
0,US,USD,USD,NASDAQ NMS - GLOBAL MARKET,Biotechnology,2015-04-29,https://static2.finnhub.io/file/publicdatany/finnhubimage/stock_logo/VKTX.png,3266.41131584728,Viking Therapeutics Inc,18587044660,112.25,VKTX,https://vikingtherapeutics.com/
0,US,USD,USD,"NEW YORK STOCK EXCHANGE, INC.",Banking,2017-11-08,https://static2.finnhub.io/file/publicdatany/finnhubimage/stock_logo/950005839536.png,628.4947830951457,Metropolitan Bank Holding Corp,12126590600,11.23,MCB,https://investors.mcbankny.com/corporate-profile/default.aspx#
0,BR,BRL,BRL,B3 S.A.,Utilities,1994-04-04,https://static2.finnhub.io/file/publicdatany/finnhubimage/stock_logo/CPLE6.SA.png,27805.573983,Companhia Paranaense de Energia,554133314269,2982.81,CPLE6.SA,https://www.copel.com/
0,US,USD,USD,"NEW YORK STOCK EXCHANGE, INC.",Real Estate,2020-09-16,https://static2.finnhub.io/file/publicdatany/finnhubimage/stock_logo/942977068976.png,3183.145528,Broadstone Net Lease Inc,15852876500,188.8,BNL,https://broadstone.com/net-lease/
0,US,USD,USD,"NEW YORK STOCK EXCHANGE, INC.",Utilities,1981-05-22,https://static2.finnhub.io/file/publicdatany/finnhubimage/stock_logo/AVA.png,3181.012588471582,Avista Corp,15094890500,80.13,AVA,https://investor.avistacorp.com/
0,CA,CAD,CAD,TORONTO STOCK EXCHANGE,Banking,1905-06-17,https://static2.finnhub.io/file/publicdatany/finnhubimage/stock_logo/RY.TO.png,230821.77663,Royal Bank of Canada,12124379267,1414.36,RY.TO,https://www.rbcroyalbank.com/
0,GB,USD,USD,"NEW YORK STOCK EXCHANGE, INC.",Energy,2013-11-21,https://static2.finnhub.io/file/publicdatany/finnhubimage/stock_logo/950376268306.png,1000.8239314820195,Navigator Holdings Ltd,442073404852,69.45,NVGS,https://www.navigatorgas.com/
0,US,USD,USD,NASDAQ NMS - GLOBAL MARKET,Professional Services,2017-01-19,https://static2.finnhub.io/file/publicdatany/finnhubimage/stock_logo/950525386846.png,3370.6222193898307,Verra Mobility Corp,14804437000,159.59,VRRM,https://www.verramobility.com/
0,US,USD,USD,"NEW YORK STOCK EXCHANGE, INC.",N/A,2001-09-25,https://static2.finnhub.io/file/publicdatany/finnhubimage/stock_logo/942963993956.png,2423.55,Nuveen Municipal Credit Income Fund,13129178146,193.73,NZF,https://www.nuveen.com/en-us/closed-end-funds/nzf-nuveen-municipal-credit-income-fund
0,US,USD,USD,"NEW YORK STOCK EXCHANGE, INC.",N/A,2004-02-25,https://static2.finnhub.io/file/publicdatany/finnhubimage/stock_logo/942958998206.png,440.07,Tortoise Energy Infrastructure Corp,19139811020,10.76,TYG,https://cef.tortoiseecofin.com/funds/tyg/
0,US,USD,USD,NASDAQ NMS - GLOBAL MARKET,Technology,2022-01-13,https://static2.finnhub.io/file/publicdatany/finnhubimage/stock_logo/950871467226.png,0.16,Zapata Computing Holdings Inc,18444927282,40.54,ZPTA,https://zapata.ai/
0,US,USD,USD,NASDAQ NMS - GLOBAL MARKET,Leisure Products,2014-01-31,https://static2.finnhub.io/file/publicdatany/finnhubimage/stock_logo/MBUU.png,642.859994412943,Malibu Boats Inc,18654585478,19.64,MBUU,https://malibuboatsinc.com/
0,US,USD,USD,NASDAQ NMS - GLOBAL MARKET,Pharmaceuticals,2014-02-07,https://static2.finnhub.io/file/publicdatany/finnhubimage/stock_logo/HEPA.png,0.90691534414832,Hepion Pharmaceuticals Inc,17329024000,34.65,HEPA,https://hepionpharma.com/
0,US,USD,USD,"NEW YORK STOCK EXCHANGE, INC.",Banking,2013-05-16,https://static2.finnhub.io/file/publicdatany/finnhubimage/stock_logo/CUBI.png,1579.655656170635,Customers Bancorp Inc,14843597113,31.47,CUBI,https://www.customersbank.com/
0,US,USD,USD,"NEW YORK STOCK EXCHANGE, INC.",Health Care,2001-10-30,https://static2.finnhub.io/file/publicdatany/finnhubimage/stock_logo/ANTM.png,93091.493199263,Elevance Health Inc,18003311476,227.35,ELV,https://www.elevancehealth.com/
0,US,USD,USD,NASDAQ NMS - GLOBAL MARKET,Trading Companies & Distributors,2021-06-30,https://static2.finnhub.io/file/publicdatany/finnhubimage/stock_logo/950402524356.png,1207.2323402670984,Xometry Inc,12403357914,50.3,XMTR,https://www.xometry.com/
0,US,USD,USD,NASDAQ NMS - GLOBAL MARKET,Media,2002-05-23,https://static2.finnhub.io/file/publicdatany/finnhubimage/stock_logo/NFLX.png,381178.6054682308,Netflix Inc,14085403700,427.76,NFLX,https://www.netflix.com/
0,US,USD,USD,NASDAQ NMS - GLOBAL MARKET,Media,1996-03-01,https://static2.finnhub.io/file/publicdatany/finnhubimage/stock_logo/SGRP.png,33.76756994594595,SPAR Group Inc,12483647727,23.45,SGRP,https://www.sparinc.com/
0,LU,USD,USD,"NEW YORK STOCK EXCHANGE, INC.",Food Products,2011-01-28,https://static2.finnhub.io/file/publicdatany/finnhubimage/stock_logo/AGRO.png,1129.8626834299066,Adecoagro SA,,100.84,AGRO,https://www.adecoagro.com/en
0,US,USD,USD,NASDAQ NMS - GLOBAL MARKET,Technology,1999-11-19,https://static2.finnhub.io/file/publicdatany/finnhubimage/stock_logo/942959121626.png,48.02241543514644,Intellicheck Inc,15169921900,19.76,IDN,https://www.intellicheck.com/
0,US,USD,USD,"NEW YORK STOCK EXCHANGE, INC.",Retail,1994-04-13,https://static2.finnhub.io/file/publicdatany/finnhubimage/stock_logo/AEO.png,2464.665872002437,American Eagle Outfitters Inc,14124323300,192.1,AEO,https://www.ae.com/
0,US,USD,USD,NASDAQ NMS - GLOBAL MARKET,Trading Companies & Distributors,1996-09-18,https://static2.finnhub.io/file/publicdatany/finnhubimage/stock_logo/942959084786.png,1208.79061883304,Willis Lease Finance Corp,15613499989,6.6,WLFC,https://www.wlfc.global/
0,US,USD,USD,"NEW YORK STOCK EXCHANGE, INC.",Energy,1980-03-17,https://static2.finnhub.io/file/publicdatany/finnhubimage/stock_logo/942959032296.png,247.56978911573935,NACCO Industries Inc,12163081151,7.43,NC,https://nacco.com/
0,US,USD,USD,OTC MARKETS,Real Estate,2019-03-04,https://static2.finnhub.io/file/publicdatany/finnhubimage/stock_logo/950502927296.png,16.65124284574468,International Land Alliance Inc,18586922677,89.01,ILAL,https://ila.company/
0,US,USD,USD,OTC MARKETS,N/A,2008-02-08,https://static2.finnhub.io/file/publicdatany/finnhubimage/stock_logo/942962014806.png,5.73,Hestia Insight Inc,19293294756,27.94,HSTA,https://www.hestiainsight.com/
0,UY,USD,USD,NASDAQ NMS - GLOBAL MARKET,Retail,2007-08-10,https://static2.finnhub.io/file/publicdatany/finnhubimage/stock_logo/MELI.png,101868.26599681532,MercadoLibre Inc,59829272770,50.7,MELI,https://www.mercadolibre.com.uy/
0,US,USD,USD,"NEW YORK STOCK EXCHANGE, INC.",N/A,1993-08-27,https://static2.finnhub.io/file/publicdatany/finnhubimage/stock_logo/942959013556.png,79.34,PCM Fund Inc,12127394000,11.98,PCM,https://www.pimco.com/investments/closed-end-funds/pcm-fund-inc
0,DE,EUR,EUR,XETRA,Life Sciences Tools & Services,1999-10-11,https://static2.finnhub.io/file/publicdatany/finnhubimage/stock_logo/EVT.DE.png,1194.666604,Evotec SE,4940560810,177.76,EVT.DE,https://www.evotec.com/
0,US,USD,USD,"NEW YORK STOCK EXCHANGE, INC.",Diversified Consumer Services,2021-06-25,https://static2.finnhub.io/file/publicdatany/finnhubimage/stock_logo/950123421016.png,2579.469189916561,Mister Car Wash Inc,15206154000,324.05,MCW,https://mistercarwash.com/
0,CA,USD,USD,TORONTO STOCK EXCHANGE,Insurance,1980-03-17,https://static2.finnhub.io/file/publicdatany/finnhubimage/stock_logo/942958621776.png,49539.213111,Fairfax Financial Holdings Ltd,14163674941,24.42,FFH.TO,https://www.fairfax.ca/
0,US,USD,USD,NASDAQ NMS - GLOBAL MARKET,Biotechnology,2025-01-31,,2682.6748997763743,Metsera Inc,12127846595,103.04,MTSR,https://metsera.com/
0,US,USD,USD,NASDAQ NMS - GLOBAL MARKET,Real Estate,2019-01-30,https://static2.finnhub.io/file/publicdatany/finnhubimage/stock_logo/950467058816.png,8.731332761006291,Generation Income Properties Inc,18134481234,5.42,GIPR,https://www.gipreit.com/
0,US,USD,USD,NASDAQ NMS - GLOBAL MARKET,Electrical Equipment,2021-01-12,https://static2.finnhub.io/file/publicdatany/finnhubimage/stock_logo/950792352486.png,36.56093029479686,Stardust Power Inc,16465858975,52.79,SDST,https://stardust-power.com/
0,US,USD,USD,"NEW YORK STOCK EXCHANGE, INC.","Textiles, Apparel & Luxury Goods",2019-03-21,https://static2.finnhub.io/file/publicdatany/finnhubimage/stock_logo/LEVI.png,6524.112334,Levi Strauss & Co,14155016000,395.88,LEVI,https://www.levistrauss.com/
0,US,USD,USD,"NEW YORK STOCK EXCHANGE, INC.",Machinery,1994-07-14,https://static2.finnhub.io/file/publicdatany/finnhubimage/stock_logo/GBX.png,1743.5694686695588,Greenbrier Companies Inc,15036847000,31.36,GBX,https://www.gbrx.com/
0,US,USD,USD,"NEW YORK STOCK EXCHANGE, INC.",Leisure Products,1980-03-18,https://static2.finnhub.io/file/publicdatany/finnhubimage/stock_logo/RGR.png,664.1143901229077,Sturm Ruger & Company Inc,12032597843,16.76,RGR,https://www.ruger.com/index.html
0,US,USD,USD,TORONTO STOCK EXCHANGE,Food Products,1981-08-13,https://static2.finnhub.io/file/publicdatany/finnhubimage/stock_logo/SOY.TO.png,982.3261284324942,Sunopta Inc,19528202518,117.21,SOY.TO,https://www.sunopta.com/
0,US,USD,USD,"NEW YORK STOCK EXCHANGE, INC.",Financial Services,2020-10-23,https://static2.finnhub.io/file/publicdatany/finnhubimage/stock_logo/950801816466.png,29942.393027158058,Blue Owl Capital Inc,12124193000,1537.83,OWL,https://www.blueowl.com/
0,BE,USD,USD,"NEW YORK STOCK EXCHANGE, INC.",N/A,2025-02-07,,2780.190098749177,Titan America SA,,184.36,TTAM,
0,US,USD,USD,OTC MARKETS,N/A,2012-04-18,https://static2.finnhub.io/file/publicdatany/finnhubimage/stock_logo/950359306476.png,0.25647692307692,Samsara Luggage Inc,18552567477,213.73,SAML,https://www.samsaraluggage.com/
0,US,USD,USD,NASDAQ NMS - GLOBAL MARKET,Media,2004-08-19,https://static2.finnhub.io/file/publicdatany/finnhubimage/stock_logo/GOOG.png,2129667.477052695,Alphabet Inc,16502530000,12208.0,GOOGL,https://abc.xyz/
0,US,USD,USD,NASDAQ NMS - GLOBAL MARKET,Technology,1994-04-04,https://static2.finnhub.io/file/publicdatany/finnhubimage/stock_logo/942959009046.png,207.73235179238753,Telos Corp,17034716000,72.38,TLS,https://www.telos.com/
0,LU,EUR,EUR,"NEW YORK STOCK EXCHANGE, INC.",Media,2018-04-03,https://static2.finnhub.io/file/publicdatany/finnhubimage/stock_logo/SPOT.png,106837.1187057603,Spotify Technology SA,46702204607,204.71,SPOT,https://www.spotify.com
0,US,USD,USD,NYSE MKT LLC,Energy,2006-02-07,https://static2.finnhub.io/file/publicdatany/finnhubimage/stock_logo/UEC.png,2111.2097604488185,Uranium Energy Corp,13618888235,423.09,UEC,https://www.uraniumenergy.com/
0,US,USD,USD,NASDAQ NMS - GLOBAL MARKET,Machinery,2012-04-25,https://static2.finnhub.io/file/publicdatany/finnhubimage/stock_logo/950871355966.png,42.68919726536586,Clearsign Technologies Corp,19182366461,50.23,CLIR,https://clearsign.com/
0,MX,USD,USD,NASDAQ NMS - GLOBAL MARKET,Real Estate,2024-03-21,https://static2.finnhub.io/file/publicdatany/finnhubimage/stock_logo/950868084676.png,855.8230410000001,Murano Global Investments Plc,525592678360,79.24,MRNO,
0,US,USD,USD,NASDAQ NMS - GLOBAL MARKET,Technology,2002-05-17,https://static2.finnhub.io/file/publicdatany/finnhubimage/stock_logo/SGLB.png,6.450588734693881,NextTrip Inc,19545269688,1.59,NTRP,https://www.nexttrip.com/
0,US,USD,USD,NASDAQ NMS - GLOBAL MARKET,Insurance,2014-07-18,https://static2.finnhub.io/file/publicdatany/finnhubimage/stock_logo/TRUP.png,1400.9172332268831,Trupanion Inc,18887332685,42.49,TRUP,https://trupanion.com/
0,US,USD,USD,NASDAQ NMS - GLOBAL MARKET,Health Care,2018-10-17,https://static2.finnhub.io/file/publicdatany/finnhubimage/stock_logo/950003049546.png,681.7970903154034,SI-BONE Inc,14082070700,42.45,SIBN,https://si-bone.com/
0,US,USD,USD,NASDAQ NMS - GLOBAL MARKET,Banking,2004-03-30,https://static2.finnhub.io/file/publicdatany/finnhubimage/stock_logo/942959034306.png,148.8025830658073,Citizens Community Bancorp Inc,17158369994,9.98,CZWI,https://ccf.us/
0,US,USD,USD,"NEW YORK STOCK EXCHANGE, INC.",Financial Services,2014-04-10,https://static2.finnhub.io/file/publicdatany/finnhubimage/stock_logo/ALLY.png,10641.468340964011,Ally Financial Inc,18667104623,307.11,ALLY,https://www.ally.com/
0,US,,,NASDAQ NMS - GLOBAL MARKET,N/A,2024-06-18,,313.413,Lionheart Holdings,13055733900,30.67,CUB,
0,US,USD,USD,NASDAQ NMS - GLOBAL MARKET,Road & Rail,2024-05-14,https://static2.finnhub.io/file/publicdatany/finnhubimage/stock_logo/950867903586.png,67.1002,Armlogi Holding Corp,18886912911,41.68,BTOC,
0,US,USD,USD,"NEW YORK STOCK EXCHANGE, INC.",Construction,1957-01-02,https://static2.finnhub.io/file/publicdatany/finnhubimage/stock_logo/VMC.png,29183.021382069146,Vulcan Materials Co,12052983000,132.11,VMC,https://www.vulcanmaterials.com/
0,NL,USD,USD,NASDAQ NMS - GLOBAL MARKET,Biotechnology,2021-03-29,https://static2.finnhub.io/file/publicdatany/finnhubimage/stock_logo/950578241046.png,37.86074757446809,LAVA Therapeutics NV,31630003035,26.29,LVTX,https://www.lavatherapeutics.com/
0,US,USD,USD,"NEW YORK STOCK EXCHANGE, INC.",N/A,2003-07-18,https://static2.finnhub.io/file/publicdatany/finnhubimage/stock_logo/950801475586.png,214.73,Pioneer Municipal High Income Fund Inc,16177427825,22.77,MHI,
0,CN,CNY,CNY,NASDAQ NMS - GLOBAL MARKET,Commercial Services & Supplies,2020-07-10,https://static2.finnhub.io/file/publicdatany/finnhubimage/stock_logo/950746301186.png,15.513825,Quhuo Ltd,861053384963,89.7,QH,https://www.quhuo.cn
0,US,USD,USD,"NEW YORK STOCK EXCHANGE, INC.",Packaging,2000-01-28,https://static2.finnhub.io/file/publicdatany/finnhubimage/stock_logo/PKG.png,18557.423166529683,Packaging Corp of America,18474823000,89.8,PKG,https://www.packagingcorp.com/
0,US,USD,USD,"NEW YORK STOCK EXCHANGE, INC.",Airlines,2011-05-26,https://static2.finnhub.io/file/publicdatany/finnhubimage/stock_logo/SAVE.png,48.191027950819674,Spirit Airlines Inc,19544477920,109.53,SAVEQ,https://www.spirit.com/
0,CA,USD,USD,OTC MARKETS,Technology,2013-02-08,https://static2.finnhub.io/file/publicdatany/finnhubimage/stock_logo/950374421296.png,46.766563,Skkynet Cloud Systems Inc,18887027851,53.14,SKKY,https://skkynet.com/
0,US,USD,USD,NASDAQ NMS - GLOBAL MARKET,Health Care,2014-07-16,https://static2.finnhub.io/file/publicdatany/finnhubimage/stock_logo/IRMD.png,661.6803436577591,IRadimed Corp,14076778022,12.67,IRMD,http://www.iradimed.com/
0,CN,USD,USD,NASDAQ NMS - GLOBAL MARKET,Automobiles,2024-02-23,https://static2.finnhub.io/file/publicdatany/finnhubimage/stock_logo/950033115436.png,1198.699919,Lotus Technology Inc,862154666258,678.24,LOT,https://ir.group-lotus.com/
0,US,USD,USD,OTC MARKETS,N/A,2022-10-28,,1.57,LSEB Creative Corp,19023054177,15.69,LSEB,https://lsebcreative.com/
0,HK,,,NASDAQ NMS - GLOBAL MARKET,Media,2025-01-22,,73.44,CTRL Group Ltd,85231074887,15.3,MCTR,
0,GB,USD,USD,OMX NORDIC EXCHANGE COPENHAGEN A/S,Energy,2016-04-19,https://static2.finnhub.io/file/publicdatany/finnhubimage/stock_logo/TRMD A.CO.png,12932.925219,Torm PLC,442032866222,97.81,TRMD A.CO,https://www.torm.com/home/default.aspx
0,BM,USD,USD,"NEW YORK STOCK EXCHANGE, INC.",Insurance,1995-10-03,https://static2.finnhub.io/file/publicdatany/finnhubimage/stock_logo/RE.png,15617.707597626011,Everest Group Ltd,4412950006,42.93,EG,https://www.everestre.com/
0,CA,CAD,CAD,TORONTO STOCK EXCHANGE,Banking,1980-03-17,https://static2.finnhub.io/file/publicdatany/finnhubimage/stock_logo/BNS.TO.png,85792.239528,Bank of Nova Scotia,14168663672,1245.53,BNS.TO,https://www.scotiabank.com/
0,US,USD,USD,"NEW YORK STOCK EXCHANGE, INC.",Real Estate,1994-06-24,https://static2.finnhub.io/file/publicdatany/finnhubimage/stock_logo/942959031416.png,7841.00423,First Industrial Realty Trust Inc,13123444300,132.39,FR,https://www.firstindustrial.com/
0,US,USD,USD,"NEW YORK STOCK EXCHANGE, INC.",Utilities,2011-10-26,https://static2.finnhub.io/file/publicdatany/finnhubimage/stock_logo/950358864116.png,402.00980158136383,Genie Energy Ltd,19734383500,27.2,GNE,https://genie.com/
0,US,USD,USD,NASDAQ NMS - GLOBAL MARKET,Pharmaceuticals,2021-10-14,https://static2.finnhub.io/file/publicdatany/finnhubimage/stock_logo/950458557736.png,8.16401766547406,Biofrontera Inc,17812451325,7.75,BFRI,https://www.biofrontera-us.com/
0,US,,,"NEW YORK STOCK EXCHANGE, INC.",N/A,2005-02-24,,229.94,Eaton Vance Short Duration Diversified Income Fund,16174828260,17.8806,EVG,
0,US,USD,USD,"NEW YORK STOCK EXCHANGE, INC.",Machinery,1981-05-22,https://static2.finnhub.io/file/publicdatany/finnhubimage/stock_logo/TRN.png,2439.7775766222294,Trinity Industries Inc,12146314420,81.79,TRN,https://www.trin.net/
0,US,USD,USD,NYSE MKT LLC,Health Care,1983-07-13,https://static2.finnhub.io/file/publicdatany/finnhubimage/stock_logo/NHC.png,1433.7835838382837,National Healthcare Corp,16158902020,15.45,NHC,https://nhccare.com/
0,US,,,NASDAQ NMS - GLOBAL MARKET,Technology,,,5391.22,SanDisk Corp,14088011000,115.94,SNDK,
0,US,USD,USD,NASDAQ NMS - GLOBAL MARKET,N/A,2024-05-09,https://static2.finnhub.io/file/publicdatany/finnhubimage/stock_logo/950800246296.png,368.7187524915006,GP-Act III Acquisition Corp,12124304340,35.94,GPAT,
0,US,USD,USD,"NEW YORK STOCK EXCHANGE, INC.",Health Care,2001-11-13,https://static2.finnhub.io/file/publicdatany/finnhubimage/stock_logo/AMN.png,1010.1003245019308,AMN Healthcare Services Inc,18668718519,38.19,AMN,https://www.amnhealthcare.com/
0,US,USD,USD,NASDAQ NMS - GLOBAL MARKET,Banking,2019-05-09,https://static2.finnhub.io/file/publicdatany/finnhubimage/stock_logo/942984647836.png,553.8065175666173,South Plains Financial Inc,18067927101,16.46,SPFI,https://www.spfi.bank/
0,US,USD,USD,"NEW YORK STOCK EXCHANGE, INC.",Electrical Equipment,2018-06-12,https://static2.finnhub.io/file/publicdatany/finnhubimage/stock_logo/VRT.png,32381.157746487563,Vertiv Holdings Co,16148880246,380.78,VRT,https://investors.vertiv.com/
0,US,USD,USD,"NEW YORK STOCK EXCHANGE, INC.",Road & Rail,2021-03-05,https://static2.finnhub.io/file/publicdatany/finnhubimage/stock_logo/950799028896.png,1.18581187319885,Getaround Inc,14152955725,97.2,GETR,https://www.ipvspac.com/
0,US,USD,USD,"NEW YORK STOCK EXCHANGE, INC.",Consumer products,2017-09-26,https://static2.finnhub.io/file/publicdatany/finnhubimage/stock_logo/950577627266.png,274.4918424987418,Hamilton Beach Brands Holding Co,18042739777,13.52,HBB,https://www.hamiltonbeachbrands.com/
0,US,USD,USD,NASDAQ NMS - GLOBAL MARKET,Real Estate,2004-06-24,https://static2.finnhub.io/file/publicdatany/finnhubimage/stock_logo/942958999356.png,618.575635,New York Mortgage Trust Inc,12127920107,90.57,NYMT,https://www.nymtrust.com/
0,FR,EUR,EUR,NYSE EURONEXT - EURONEXT PARIS,Biotechnology,2017-02-15,https://static2.finnhub.io/file/publicdatany/finnhubimage/stock_logo/950378455896.png,254.474416,Inventiva SA,33380447500,95.66,IVA.PA,https://inventivapharma.com/
0,US,USD,USD,"NEW YORK STOCK EXCHANGE, INC.",Technology,2020-09-16,https://static2.finnhub.io/file/publicdatany/finnhubimage/stock_logo/SNOW.png,52456.19237934938,Snowflake Inc,18447669355,330.1,SNOW,https://www.snowflake.com/
0,US,USD,USD,"NEW YORK STOCK EXCHANGE, INC.",Real Estate,2017-06-23,https://static2.finnhub.io/file/publicdatany/finnhubimage/stock_logo/950563889966.png,137.758929,Granite Point Mortgage Trust Inc,12123645500,48.85,GPMT,https://www.gpmtreit.com/
0,US,USD,USD,"NEW YORK STOCK EXCHANGE, INC.",Beverages,1995-11-21,https://static2.finnhub.io/file/publicdatany/finnhubimage/stock_logo/SAM.png,2688.8424868395864,Boston Beer Company Inc,16173685061,11.24,SAM,http://www.bostonbeer.com/
0,US,USD,USD,NASDAQ NMS - GLOBAL MARKET,Retail,1991-07-30,https://static2.finnhub.io/file/publicdatany/finnhubimage/stock_logo/MNRO.png,501.053158451517,Monro Inc,18008766676,29.95,MNRO,https://www.monro.com/
0,US,USD,USD,"NEW YORK STOCK EXCHANGE, INC.",Energy,1984-07-18,https://static2.finnhub.io/file/publicdatany/finnhubimage/stock_logo/942959048226.png,652.2683278875,REX American Resources Corp,19372763931,17.57,REX,https://www.rexamerican.com/
0,US,USD,USD,NASDAQ NMS - GLOBAL MARKET,Biotechnology,2019-10-03,https://static2.finnhub.io/file/publicdatany/finnhubimage/stock_logo/950711686996.png,12.66332357661291,Aprea Therapeutics Inc,16174639385,5.43,APRE,https://www.aprea.com/
0,US,USD,USD,NASDAQ NMS - GLOBAL MARKET,Aerospace & Defense,2000-08-04,https://static2.finnhub.io/file/publicdatany/finnhubimage/stock_logo/942959004546.png,116.67634000000001,Innovative Solutions and Support Inc,16106469800,17.55,ISSC,https://innovative-ss.com/
0,US,USD,USD,"NEW YORK STOCK EXCHANGE, INC.",Professional Services,1996-05-09,https://static2.finnhub.io/file/publicdatany/finnhubimage/stock_logo/FCN.png,6091.0114414144,FTI Consulting Inc,12023129100,35.92,FCN,https://www.fticonsulting.com/
0,US,USD,USD,OTC MARKETS,N/A,2001-06-21,https://static2.finnhub.io/file/publicdatany/finnhubimage/stock_logo/950549377456.png,1.200672,Mentor Capital Inc,17607884700,21.83,MNTR,https://www.mentorcapital.com/
0,US,USD,USD,"NEW YORK STOCK EXCHANGE, INC.",Machinery,1992-12-03,https://static2.finnhub.io/file/publicdatany/finnhubimage/stock_logo/GTLS.png,6837.295641951093,Chart Industries Inc,17707218800,45.69,GTLS,https://www.chartindustries.com/
0,IL,USD,USD,NASDAQ NMS - GLOBAL MARKET,Biotechnology,2021-02-17,https://static2.finnhub.io/file/publicdatany/finnhubimage/stock_logo/950797085196.png,11.19143888429752,Silexion Therapeutics Corp,97286286005,4.0,SLXN,https://www.moringaac.com/
0,US,USD,USD,OTC MARKETS,Professional Services,2013-05-04,https://static2.finnhub.io/file/publicdatany/finnhubimage/stock_logo/950741853936.png,9.868982,Pineapple Inc,18773107675,73.1,PNPL,https://pineappleinc.com/
0,US,USD,USD,NASDAQ NMS - GLOBAL MARKET,Chemicals,2021-06-29,https://static2.finnhub.io/file/publicdatany/finnhubimage/stock_logo/950810778276.png,119.69113648066235,Origin Materials Inc,19162319329,146.25,ORGN,https://www.originmaterials.com/
0,BM,USD,USD,NASDAQ NMS - GLOBAL MARKET,Insurance,2014-12-12,https://static2.finnhub.io/file/publicdatany/finnhubimage/stock_logo/JRVR.png,185.77238139506173,James River Group Holdings Ltd,14412951422,45.64,JRVR,https://jrvrgroup.com/
0,US,USD,USD,NASDAQ NMS - GLOBAL MARKET,Communications,1986-08-06,https://static2.finnhub.io/file/publicdatany/finnhubimage/stock_logo/CLFD.png,405.00986920255286,Clearfield Inc,17634766866,14.13,CLFD,https://www.seeclearfield.com/
0,US,USD,USD,"NEW YORK STOCK EXCHANGE, INC.",N/A,1988-09-23,https://static2.finnhub.io/file/publicdatany/finnhubimage/stock_logo/942959011526.png,188.24,Franklin Universal Trust,16503122000,25.13,FT,
0,US,USD,USD,NASDAQ NMS - GLOBAL MARKET,Financial Services,1999-12-09,https://static2.finnhub.io/file/publicdatany/finnhubimage/stock_logo/942959126596.png,38.79638063888889,Usio Inc,12102494100,27.13,USIO,https://usio.com/
0,US,USD,USD,NASDAQ NMS - GLOBAL MARKET,Utilities,1993-10-28,https://static2.finnhub.io/file/publicdatany/finnhubimage/stock_logo/942959154816.png,482.62,York Water Co,17178453601,14.39,YORW,https://www.yorkwater.com
0,US,USD,USD,OTC MARKETS,Utilities,1993-10-27,,32.78,NSTAR Electric Co,16174242000,0.43,NSARO,
0,KY,USD,USD,NASDAQ NMS - GLOBAL MARKET,N/A,2022-05-10,https://static2.finnhub.io/file/publicdatany/finnhubimage/stock_logo/950805214506.png,95.17067670058384,Investcorp AI Acquisition Corp,13459495122,7.94,IVCA,
0,US,USD,USD,"NEW YORK STOCK EXCHANGE, INC.",N/A,2011-06-29,https://static2.finnhub.io/file/publicdatany/finnhubimage/stock_logo/950407054966.png,426.25,Duff & Phelps Utility and Infrastructure Fund Inc,18662707598,37.13,DPG,https://www.dpimc.com/investment-strategies/duff-phelps-utility-and-infrastructure-fund-inc
0,US,USD,USD,"NEW YORK STOCK EXCHANGE, INC.",Aerospace & Defense,1951-12-10,https://static2.finnhub.io/file/publicdatany/finnhubimage/stock_logo/NOC.png,70426.52600372702,Northrop Grumman Corp,17032802900,144.76,NOC,https://www.northropgrumman.com
0,US,USD,USD,"NEW YORK STOCK EXCHANGE, INC.",Chemicals,1981-05-22,https://static2.finnhub.io/file/publicdatany/finnhubimage/stock_logo/SCL.png,1323.6922116165858,Stepan Co,18474467500,22.5,SCL,https://www.stepan.com/
0,US,USD,USD,OTC MARKETS,Technology,2021-10-15,https://static2.finnhub.io/file/publicdatany/finnhubimage/stock_logo/950317431276.png,3.8329846088435398,Rubicon Technologies Inc,15087409128.0,69.68,RBTC,https://www.rubicon.com/
0,US,USD,USD,NASDAQ NMS - GLOBAL MARKET,Life Sciences Tools & Services,1986-04-29,https://static2.finnhub.io/file/publicdatany/finnhubimage/stock_logo/RGEN.png,8723.361235418774,Repligen Corp,17814499560,56.03,RGEN,https://www.repligen.com/
0,US,USD,USD,"NEW YORK STOCK EXCHANGE, INC.",Real Estate,2013-08-05,https://static2.finnhub.io/file/publicdatany/finnhubimage/stock_logo/950391059176.png,896.68298,Armada Hoffler Properties Inc,17573664000,101.32,AHH,https://armadahoffler.com/
0,US,USD,USD,NASDAQ NMS - GLOBAL MARKET,Pharmaceuticals,2022-04-29,https://static2.finnhub.io/file/publicdatany/finnhubimage/stock_logo/950674868656.png,1885.492054,Belite Bio Inc,18582466240,32.1,BLTE,https://belitebio.com/
0,HK,HKD,HKD,NASDAQ NMS - GLOBAL MARKET,Technology,2023-10-31,https://static2.finnhub.io/file/publicdatany/finnhubimage/stock_logo/950867088256.png,343.4062524861879,Alpha Technology Group Ltd,85265428077,16.46,ATGL,https://techlution.io/
0,US,USD,USD,NASDAQ NMS - GLOBAL MARKET,Biotechnology,2020-06-12,https://static2.finnhub.io/file/publicdatany/finnhubimage/stock_logo/950409426436.png,9165.252324540572,Vaxcyte Inc,16508370111,128.76,PCVX,https://vaxcyte.com/
0,US,USD,USD,NASDAQ NMS - GLOBAL MARKET,Biotechnology,2013-10-10,https://static2.finnhub.io/file/publicdatany/finnhubimage/stock_logo/MGNX.png,142.47303712809918,MacroGenics Inc,13012515172,62.76,MGNX,https://www.macrogenics.com/
0,CA,CAD,CAD,TSX VENTURE EXCHANGE - NEX,N/A,2010-02-22,https://static2.finnhub.io/file/publicdatany/finnhubimage/stock_logo/942964357936.png,18.613651,Viva Gold Corp,17202911775,132.95,VAU.V,https://vivagoldcorp.com/
0,US,USD,USD,NASDAQ NMS - GLOBAL MARKET,Food Products,2003-01-29,https://static2.finnhub.io/file/publicdatany/finnhubimage/stock_logo/942963413556.png,346.80672,CHS Inc,16513556000,12.27,CHSCP,https://www.chsinc.com/
0,US,USD,USD,NASDAQ NMS - GLOBAL MARKET,N/A,2022-03-17,https://static2.finnhub.io/file/publicdatany/finnhubimage/stock_logo/950810563546.png,39.51554811754538,Goldenstone Acquisition Ltd,13303527788,3.44,GDST,
0,JP,JPY,JPY,TOKYO STOCK EXCHANGE-TOKYO PRO MARKET,"Hotels, Restaurants & Leisure",1996-12-11,https://static2.finnhub.io/file/publicdatany/finnhubimage/stock_logo/942958772736.png,4983121.126465,Oriental Land Co Ltd,81473053017,1800.45,4661.T,https://www.olc.co.jp/
0,US,USD,USD,NASDAQ NMS - GLOBAL MARKET,Pharmaceuticals,2014-06-25,https://static2.finnhub.io/file/publicdatany/finnhubimage/stock_logo/AMPH.png,1372.7999364470338,Amphastar Pharmaceuticals Inc,19099809484,47.65,AMPH,https://amphastar.com/
0,US,USD,USD,"NEW YORK STOCK EXCHANGE, INC.",N/A,2019-07-26,https://static.finnhub.io/logo/19f5d791c558101b27743df0cfd3f5f9a0d99dc531061ec554114b16d29f1cef.png,294.12,RiverNorth Managed Duration Municipal Income Fund Inc,13124452251,19.74,RMM,https://www.rivernorth.com/rmm
0,US,USD,USD,NASDAQ NMS - GLOBAL MARKET,Logistics & Transportation,1997-10-15,https://static2.finnhub.io/file/publicdatany/finnhubimage/stock_logo/CHRW.png,12161.391872227374,CH Robinson Worldwide Inc,19529378500,118.71,CHRW,https://www.chrobinson.com/
0,US,USD,USD,NASDAQ NMS - GLOBAL MARKET,Banking,1994-11-22,https://static2.finnhub.io/file/publicdatany/finnhubimage/stock_logo/942959021506.png,355.67350558257533,West Bancorporation Inc,15152222309,16.83,WTBA,https://ir.westbankstrong.com/overview/corporate-profile/default.aspx
0,US,USD,USD,"NEW YORK STOCK EXCHANGE, INC.",Diversified Consumer Services,1995-11-14,https://static2.finnhub.io/file/publicdatany/finnhubimage/stock_logo/ATGE.png,3384.3906591703735,Adtalem Global Education Inc,16305157700,37.26,ATGE,https://www.adtalem.com/
0,US,USD,USD,NYSE MKT LLC,Semiconductors,1984-12-07,https://static2.finnhub.io/file/publicdatany/finnhubimage/stock_logo/942959123016.png,25.934485550082098,Trio-Tech International,18187877000,4.25,TRT,https://triotech.com/
0,US,USD,USD,NASDAQ NMS - GLOBAL MARKET,"Hotels, Restaurants & Leisure",1993-11-10,https://static2.finnhub.io/file/publicdatany/finnhubimage/stock_logo/CNTY.png,79.77477155555555,Century Casinos Inc,17195278300,30.68,CNTY,https://www.cnty.com/
0,US,USD,USD,NASDAQ NMS - GLOBAL MARKET,Biotechnology,2021-06-30,https://static2.finnhub.io/file/publicdatany/finnhubimage/stock_logo/950731095166.png,73.052519408,Aerovate Therapeutics Inc,16174432400,28.87,AVTE,https://www.aerovatetx.com/
0,US,USD,USD,NASDAQ NMS - GLOBAL MARKET,Banking,1983-04-20,https://static2.finnhub.io/file/publicdatany/finnhubimage/stock_logo/942959082006.png,590.2739388435807,TrustCo Bank Corp NY,15183773311,19.02,TRST,https://trustcobank.q4ir.com/corporate-overview/corporate-profile/default.aspx
0,US,USD,USD,"NEW YORK STOCK EXCHANGE, INC.",Health Care,1995-10-31,https://static2.finnhub.io/file/publicdatany/finnhubimage/stock_logo/DVA.png,11761.60005132502,DaVita Inc,13105362668,80.0,DVA,https://www.davita.com/
0,CA,USD,USD,NYSE MKT LLC,Energy,2005-07-06,https://static2.finnhub.io/file/publicdatany/finnhubimage/stock_logo/GTE.png,166.88281064835166,Gran Tierra Energy Inc,14032653221,35.89,GTE,https://www.grantierra.com/
0,US,USD,USD,NASDAQ NMS - GLOBAL MARKET,Semiconductors,1964-01-16,https://static2.finnhub.io/file/publicdatany/finnhubimage/stock_logo/COHU.png,802.4783189294836,Cohu Inc,18588488100,46.71,COHU,https://www.cohu.com/
0,US,USD,USD,NASDAQ NMS - GLOBAL MARKET,Life Sciences Tools & Services,1996-02-15,https://static2.finnhub.io/file/publicdatany/finnhubimage/stock_logo/942959069676.png,228.81656401951216,Lifecore Biomedical Inc,19523684300,37.03,LFCR,https://www.lifecore.com/
0,US,USD,USD,OTC MARKETS,Machinery,2002-01-08,https://static2.finnhub.io/file/publicdatany/finnhubimage/stock_logo/950833987206.png,2.47765143043478,Quality Industrial Corp,18007060806,126.64,QIND,https://qualityindustrialcorp.com/
0,GB,USD,USD,"NEW YORK STOCK EXCHANGE, INC.",Professional Services,2018-10-29,https://static2.finnhub.io/file/publicdatany/finnhubimage/stock_logo/950675048516.png,3015.5431416380948,Clarivate PLC,442074334000,691.64,CLVT,https://clarivate.com/
0,US,USD,USD,"NEW YORK STOCK EXCHANGE, INC.",Retail,1980-03-17,https://static2.finnhub.io/file/publicdatany/finnhubimage/stock_logo/FL.png,1770.6261909854259,Foot Locker Inc,12127203700,94.89,FL,https://www.footlocker-inc.com/
0,BR,BRL,BRL,B3 S.A.,Retail,1995-04-04,https://static2.finnhub.io/file/publicdatany/finnhubimage/stock_logo/PCAR3.SA.png,1191.007268,Companhia Brasileira de Distribuicao SA,551138860024,490.29,PCAR3.SA,https://www.gpari.com.br/
0,AR,USD,USD,TSX VENTURE EXCHANGE - NEX,Metals & Mining,2008-08-01,https://static2.finnhub.io/file/publicdatany/finnhubimage/stock_logo/942977118046.png,20.927319,Patagonia Gold Corp,541152786950,465.05,PGDC.V,https://patagoniagold.com/
0,US,USD,USD,NASDAQ NMS - GLOBAL MARKET,Professional Services,2013-03-27,https://static2.finnhub.io/file/publicdatany/finnhubimage/stock_logo/950370622376.png,1189.1011477142063,NV5 Global Inc,19544952112,65.23,NVEE,https://www.nv5.com/
0,US,USD,USD,NASDAQ NMS - GLOBAL MARKET,Real Estate,2008-05-15,https://static2.finnhub.io/file/publicdatany/finnhubimage/stock_logo/942980150506.png,9282.802071,AGNC Investment Corp,13019689300,900.42,AGNC,https://agnc.com/
0,US,USD,USD,NASDAQ NMS - GLOBAL MARKET,Banking,1999-02-08,https://static2.finnhub.io/file/publicdatany/finnhubimage/stock_logo/EWBC.png,12332.21961174723,East West Bancorp Inc,16267686000,138.44,EWBC,https://investor.eastwestbank.com/
0,US,USD,USD,"NEW YORK STOCK EXCHANGE, INC.",Energy,1996-12-17,https://static2.finnhub.io/file/publicdatany/finnhubimage/stock_logo/CRK.png,5263.754568067377,Comstock Resources Inc,19726688800,292.92,CRK,https://www.comstockresources.com/
0,US,USD,USD,NASDAQ NMS - GLOBAL MARKET,Communications,2018-02-01,https://static2.finnhub.io/file/publicdatany/finnhubimage/stock_logo/ONDS.png,83.6248943903803,Ondas Holdings Inc,16314187044,104.26,ONDS,https://www.ondas.com/
0,US,USD,USD,NYSE MKT LLC,Technology,1993-10-27,https://static2.finnhub.io/file/publicdatany/finnhubimage/stock_logo/INUV.png,54.262284805467935,Inuvo Inc,15012058508,142.8,INUV,https://inuvo.com/
0,CA,USD,USD,NASDAQ NMS - GLOBAL MARKET,Food Products,2021-07-08,https://static2.finnhub.io/file/publicdatany/finnhubimage/stock_logo/950679451866.png,2.70348781176471,AgriFORCE Growing Systems Ltd,18662263514,1.55,AGRI,https://agriforcegs.com/
0,CA,CAD,CAD,TSX VENTURE EXCHANGE - NEX,Metals & Mining,1981-05-22,https://static2.finnhub.io/file/publicdatany/finnhubimage/stock_logo/942965834356.png,66.523959,Southern Silver Exploration Corp,16046849384,309.41,SSV.V,https://www.southernsilverexploration.com/
0,AU,AUD,AUD,ASX - ALL MARKETS,Media,2005-04-19,https://static2.finnhub.io/file/publicdatany/finnhubimage/stock_logo/942958574666.png,8625.898014,Seek Ltd,61300658700,356.82,SEK.AX,https://www.seek.com.au/
0,US,USD,USD,OTC MARKETS,N/A,2006-01-18,https://static2.finnhub.io/file/publicdatany/finnhubimage/stock_logo/942966784506.png,1.620325,Music Licensing Inc,18332277683,5000.01,SONG,https://promusicrights.com/
0,US,USD,USD,"NEW YORK STOCK EXCHANGE, INC.",Real Estate,1980-03-17,https://static2.finnhub.io/file/publicdatany/finnhubimage/stock_logo/942959051706.png,14642.716314,UDR Inc,17202836120,331.13,UDR,https://www.udr.com/
0,US,USD,USD,"NEW YORK STOCK EXCHANGE, INC.",Utilities,1949-11-16,https://static2.finnhub.io/file/publicdatany/finnhubimage/stock_logo/DTE.png,27289.675966731425,DTE Energy Co,13132354000,207.24,DTE,https://ir.dteenergy.com/
0,US,USD,USD,NASDAQ NMS - GLOBAL MARKET,Pharmaceuticals,2021-01-11,https://static2.finnhub.io/file/publicdatany/finnhubimage/stock_logo/950836372156.png,84.33225401852422,Scilex Holding Co,16505164310,243.31,SCLX,https://www.scilexholding.com/
0,US,USD,USD,OTC MARKETS,N/A,2019-05-17,https://static2.finnhub.io/file/publicdatany/finnhubimage/stock_logo/950590382296.png,2790.51,Grayscale Ethereum Trust ETF,12126681427,151.99,ETHE,https://grayscale.co/ethereum-trust/
0,HK,USD,USD,NASDAQ NMS - GLOBAL MARKET,Food Products,2024-04-16,https://static2.finnhub.io/file/publicdatany/finnhubimage/stock_logo/950868864206.png,5.2954,Top Wealth Group Holding Ltd,85236158567,29.0,TWG,https://www.imperialcristalcaviar.com/
0,US,USD,USD,OTC MARKETS,N/A,2013-09-10,https://static.finnhub.io/logo/93247f84fbcb1163639372d9e230ace9d01bf4b29bc5c9078d69e3d2fb1cc9f3.png,226.790072,Wewards Inc,17029445599,107.48,WEWA,https://wewards.io/
0,US,USD,USD,NYSE MKT LLC,Energy,1993-10-27,https://static2.finnhub.io/file/publicdatany/finnhubimage/stock_logo/942959122926.png,608.1709841646149,Riley Exploration Permian Inc,14054158699,21.51,REPX,https://www.rileypermian.com/
0,US,USD,USD,"NEW YORK STOCK EXCHANGE, INC.",N/A,1992-02-06,https://static2.finnhub.io/file/publicdatany/finnhubimage/stock_logo/942959013446.png,120.57,Flaherty & Crumrine Preferred and Income Opportunity Fund Inc,16267957300,13.08,PFO,http://www.preferredincome.com/pfo.htm
0,US,USD,USD,"NEW YORK STOCK EXCHANGE, INC.",Real Estate,1986-12-26,https://static2.finnhub.io/file/publicdatany/finnhubimage/stock_logo/942959051856.png,568.706213,Universal Health Realty Income Trust,16102650688,13.85,UHT,https://www.uhrit.com/
0,CN,USD,USD,NASDAQ NMS - GLOBAL MARKET,Diversified Consumer Services,2024-12-13,,161.855700365408,NetClass Technology Inc,862161806588,17.83,NTCL,http://www.netclass.cn/
0,US,USD,USD,"NEW YORK STOCK EXCHANGE, INC.",Building,2006-10-23,https://static2.finnhub.io/file/publicdatany/finnhubimage/stock_logo/OC.png,12367.455477538739,Owens Corning,14192488000,85.54,OC,https://www.owenscorning.com/
0,US,USD,USD,NASDAQ NMS - GLOBAL MARKET,Retail,2022-09-27,https://static2.finnhub.io/file/publicdatany/finnhubimage/stock_logo/950865398466.png,5.98708591463415,NXU Inc.,16023095425,16.9,NXU,https://nxuenergy.com/
0,KY,USD,USD,OTC MARKETS,N/A,2006-09-14,,0.12,Chineseworldnet.Com Inc,3459494900,10.95,CWNOF,http://www.cwnof.com/
0,US,USD,USD,"NEW YORK STOCK EXCHANGE, INC.",Financial Services,1968-10-07,https://static2.finnhub.io/file/publicdatany/finnhubimage/stock_logo/JEF.png,11595.82986818182,Jefferies Financial Group Inc,12124601900,206.15,JEF,https://www.jefferies.com/
0,US,USD,USD,"NEW YORK STOCK EXCHANGE, INC.",Banking,1986-09-02,https://static2.finnhub.io/file/publicdatany/finnhubimage/stock_logo/FNB.png,4946.1167714985495,FNB Corp,18005555455,359.72,FNB,https://www.fnb-online.com/
0,US,USD,USD,NASDAQ NMS - GLOBAL MARKET,Financial Services,2021-01-29,https://static2.finnhub.io/file/publicdatany/finnhubimage/stock_logo/950731515146.png,1013.4656358265564,Trinity Capital Inc,14803745350,62.83,TRIN,https://trinitycap.com/
0,US,USD,USD,NASDAQ NMS - GLOBAL MARKET,Technology,2004-07-22,https://static2.finnhub.io/file/publicdatany/finnhubimage/stock_logo/BLKB.png,3236.314956909513,Blackbaud Inc,18432166200,49.24,BLKB,https://www.blackbaud.com/
0,US,USD,USD,NASDAQ NMS - GLOBAL MARKET,Energy,1980-03-17,https://static2.finnhub.io/file/publicdatany/finnhubimage/stock_logo/942959146046.png,323.47393971943234,Primeenergy Resources Corp,12033585700,1.72,PNRG,http://www.primeenergy.com/
0,US,USD,USD,"NEW YORK STOCK EXCHANGE, INC.",Financial Services,2014-10-09,https://static2.finnhub.io/file/publicdatany/finnhubimage/stock_logo/BSIG.png,908.8019272947021,Brightsphere Investment Group Inc,16173697300,37.49,AAMI,https://www.bsig.com/home/default.aspx
0,US,USD,USD,NASDAQ NMS - GLOBAL MARKET,Biotechnology,2020-10-09,https://static2.finnhub.io/file/publicdatany/finnhubimage/stock_logo/950509138166.png,14.588077887590432,Spruce Biosciences Inc,14156554168,41.3,SPRB,https://sprucebio.com/
0,US,USD,USD,"NEW YORK STOCK EXCHANGE, INC.",Health Care,1963-09-25,https://static2.finnhub.io/file/publicdatany/finnhubimage/stock_logo/BDX.png,65909.06013567906,Becton Dickinson and Co,12018476800,287.14,BDX,https://www.bd.com/
0,DE,EUR,EUR,XETRA,Chemicals,1985-01-30,https://static2.finnhub.io/file/publicdatany/finnhubimage/stock_logo/950401862586.png,5809.85005,Fuchs Se,4962138020,131.0,FPE3.DE,https://www.fuchs.com
0,US,USD,USD,"NEW YORK STOCK EXCHANGE, INC.",Technology,2020-11-13,https://static2.finnhub.io/file/publicdatany/finnhubimage/stock_logo/950779345556.png,4579.406662133789,IONQ Inc,13012987997,222.84,IONQ,https://ionq.com/
0,US,USD,USD,"NEW YORK STOCK EXCHANGE, INC.",Chemicals,2019-05-24,https://static2.finnhub.io/file/publicdatany/finnhubimage/stock_logo/CTVA.png,41517.273609854754,Corteva Inc,18332678382,685.56,CTVA,https://www.corteva.com
0,US,USD,USD,NYSE MKT LLC,Real Estate,1993-03-25,https://static2.finnhub.io/file/publicdatany/finnhubimage/stock_logo/942959130446.png,5.54248934579439,New Concept Energy Inc,19724078400,5.13,GBR,http://www.newconceptenergy.com/
0,US,USD,USD,NASDAQ NMS - GLOBAL MARKET,Health Care,2024-01-29,https://static2.finnhub.io/file/publicdatany/finnhubimage/stock_logo/950434669776.png,6.52690442,Autonomix Medical Inc,18322777816,2.46,AMIX,https://autonomix.com/
0,US,USD,USD,NASDAQ NMS - GLOBAL MARKET,Biotechnology,2014-06-18,https://static2.finnhub.io/file/publicdatany/finnhubimage/stock_logo/950348479716.png,1298.870189324937,Viridian Therapeutics Inc,16172724600,81.48,VRDN,https://www.viridiantherapeutics.com/
0,MY,USD,USD,NASDAQ NMS - GLOBAL MARKET,N/A,2021-12-14,https://static2.finnhub.io/file/publicdatany/finnhubimage/stock_logo/950811841296.png,39.340178279620865,Kairous Acquisition Corp Ltd,60377339340,3.16,KACLF,
0,US,USD,USD,OTC MARKETS,N/A,2013-10-28,https://static2.finnhub.io/file/publicdatany/finnhubimage/stock_logo/950362003756.png,229.67,Sustainable Projects Group Inc,12393164593,306.22,SPGX,https://www.spgroupe.com/
0,US,USD,USD,OTC MARKETS,Biotechnology,2001-07-16,https://static2.finnhub.io/file/publicdatany/finnhubimage/stock_logo/942970423436.png,0.84,Biostax Corp,18886138802,83.74,BTAX,https://www.biostaxcorp.com/
0,US,USD,USD,OTC MARKETS,Communications,2005-11-07,https://static2.finnhub.io/file/publicdatany/finnhubimage/stock_logo/942974005626.png,2.86450833333333,Cleartronic Inc,15619393300,229.16,CLRI,https://www.cleartronic.com/
0,US,USD,USD,"NEW YORK STOCK EXCHANGE, INC.",Real Estate,1985-03-07,https://static2.finnhub.io/file/publicdatany/finnhubimage/stock_logo/942959051166.png,247.68921173135928,Transcontinental Realty Investors Inc,14695224200,8.64,TCI,http://www.transconrealty-invest.com/
0,US,USD,USD,OTC MARKETS,Commercial Services & Supplies,2000-11-27,https://static2.finnhub.io/file/publicdatany/finnhubimage/stock_logo/942958995226.png,39.125705422222225,Seafarer Exploration Corp,18134483577,8852.07,SFRX,https://seafarerexplorationcorp.com/
0,US,USD,USD,NASDAQ NMS - GLOBAL MARKET,Food Products,2020-09-30,https://static2.finnhub.io/file/publicdatany/finnhubimage/stock_logo/AVO.png,850.0181146404111,Mission Produce Inc,18059813650,71.07,AVO,https://missionproduce.com/
0,US,USD,USD,NYSE MKT LLC,Retail,1992-03-18,https://static2.finnhub.io/file/publicdatany/finnhubimage/stock_logo/942959061316.png,154.15537666333333,Envela Corp,19725874049,26.0,ELA,https://envela.com/
0,US,USD,USD,NASDAQ NMS - GLOBAL MARKET,Health Care,1981-10-26,https://static2.finnhub.io/file/publicdatany/finnhubimage/stock_logo/942959065276.png,88.90756887043419,Fonar Corp,16316942929,6.33,FONR,http://www.fonar.com/
0,US,USD,USD,"NEW YORK STOCK EXCHANGE, INC.",Real Estate,2014-03-28,https://static2.finnhub.io/file/publicdatany/finnhubimage/stock_logo/950400543486.png,2979.719111,OUTFRONT Media Inc,12122976400,167.02,OUT,https://www.outfrontmedia.com/
0,US,USD,USD,"NEW YORK STOCK EXCHANGE, INC.",Professional Services,1995-08-15,https://static2.finnhub.io/file/publicdatany/finnhubimage/stock_logo/942959139976.png,977.527659128495,Kforce Inc,18135525000,19.11,KFRC,https://www.kforce.com/
0,US,USD,USD,"NEW YORK STOCK EXCHANGE, INC.",Insurance,1992-12-16,https://static2.finnhub.io/file/publicdatany/finnhubimage/stock_logo/UVE.png,592.540905006954,Universal Insurance Holdings Inc,19549581200,28.1,UVE,https://universalinsuranceholdings.com/
0,US,USD,USD,"NEW YORK STOCK EXCHANGE, INC.",Health Care,1981-05-22,https://static2.finnhub.io/file/publicdatany/finnhubimage/stock_logo/THC.png,12126.976806301976,Tenet Healthcare Corp,14698932200,95.12,THC,https://www.tenethealth.com/
0,US,USD,USD,"NEW YORK STOCK EXCHANGE, INC.",Technology,2021-02-03,https://static2.finnhub.io/file/publicdatany/finnhubimage/stock_logo/942964049146.png,239.07544400000003,ON24 Inc,14153698000,41.65,ONTF,https://www.on24.com/
0,US,USD,USD,"NEW YORK STOCK EXCHANGE, INC.",Energy,2001-08-21,https://static2.finnhub.io/file/publicdatany/finnhubimage/stock_logo/OVV.png,10035.508487657276,Ovintiv Inc,13036232300,260.32,OVV,https://www.ovintiv.com/
0,US,USD,USD,"NEW YORK STOCK EXCHANGE, INC.",Biotechnology,2006-11-15,https://static2.finnhub.io/file/publicdatany/finnhubimage/stock_logo/EBS.png,313.52466290239727,Emergent BioSolutions Inc,12406313200,54.34,EBS,https://emergentbiosolutions.com/
0,US,USD,USD,NASDAQ NMS - GLOBAL MARKET,Technology,2021-11-23,https://static2.finnhub.io/file/publicdatany/finnhubimage/stock_logo/950814670726.png,75.67480332692308,Roadzen Inc,16504143530,74.19,RDZN,https://www.vahannatech.com/
0,US,USD,USD,NASDAQ NMS - GLOBAL MARKET,Biotechnology,2018-03-08,https://static2.finnhub.io/file/publicdatany/finnhubimage/stock_logo/BTAI.png,11.08794694160584,BioXcel Therapeutics Inc,12036438060,3.39,BTAI,https://www.bioxceltherapeutics.com/
0,US,USD,USD,"NEW YORK STOCK EXCHANGE, INC.","Hotels, Restaurants & Leisure",2006-07-19,https://static2.finnhub.io/file/publicdatany/finnhubimage/stock_logo/942959161996.png,3576.2543138672654,Travel + Leisure Co,14076265200,66.7,TNL,https://www.travelandleisureco.com/
0,US,USD,USD,NASDAQ NMS - GLOBAL MARKET,Commercial Services & Supplies,2016-02-01,https://static2.finnhub.io/file/publicdatany/finnhubimage/stock_logo/950464567506.png,0.98707165572943,American Rebel Holdings Inc,18332673235,2.7,AREB,https://americanrebel.com/
0,MO,USD,USD,OTC MARKETS,"Hotels, Restaurants & Leisure",2011-11-08,https://static2.finnhub.io/file/publicdatany/finnhubimage/stock_logo/950350839976.png,36.37,Reska Biotech Inc,85382942333,356.19,GWIN,http://www.tophonestygroup.com/
0,GB,USD,USD,LONDON STOCK EXCHANGE,"Hotels, Restaurants & Leisure",2000-10-23,https://static2.finnhub.io/file/publicdatany/finnhubimage/stock_logo/CCL.L.png,21062.138155,Carnival PLC,442380655000,1309.01,CCL.L,http://www.carnivalcorp.com/
0,US,USD,USD,NASDAQ NMS - GLOBAL MARKET,Communications,1996-04-02,https://static2.finnhub.io/file/publicdatany/finnhubimage/stock_logo/942959069116.png,107.1132468566108,KVH Industries Inc,14018473327,19.8,KVHI,https://www.kvh.com/
0,HK,USD,USD,NASDAQ NMS - GLOBAL MARKET,Technology,2018-05-24,https://static2.finnhub.io/file/publicdatany/finnhubimage/stock_logo/CLPS.png,35.26020912824208,CLPS Inc,85237073600,27.84,CLPS,https://www.clpsglobal.com/
0,CA,CAD,CAD,CANADIAN NATIONAL STOCK EXCHANGE,N/A,2019-12-20,https://static2.finnhub.io/file/publicdatany/finnhubimage/stock_logo/942959213746.png,7.512978,Predictmedix AI Inc,16478896916,150.26,PMED.CN,https://predictmedix.com/
0,BR,BRL,BRL,NASDAQ NMS - GLOBAL MARKET,Technology,2021-07-08,https://static2.finnhub.io/file/publicdatany/finnhubimage/stock_logo/950800749086.png,93.36,Zenvia Inc,551148377440,51.87,ZENV,https://www.zenvia.com/
0,GB,USD,USD,NASDAQ NMS - GLOBAL MARKET,Automobiles,2021-11-05,https://static2.finnhub.io/file/publicdatany/finnhubimage/stock_logo/950836455776.png,5.21,Zapp Electric Vehicles Group Ltd,446626543550,6.51,ZAPP,https://zappev.com
0,US,USD,USD,"NEW YORK STOCK EXCHANGE, INC.",N/A,2009-11-25,https://static2.finnhub.io/file/publicdatany/finnhubimage/stock_logo/950004658766.png,103.78,Nuveen Mortgage and Income Fund,13129178146,5.48,JLS,https://www.nuveen.com/en-us/closed-end-funds
0,US,USD,USD,NASDAQ NMS - GLOBAL MARKET,Health Care,2011-11-01,https://static2.finnhub.io/file/publicdatany/finnhubimage/stock_logo/ACHC.png,2840.3516231925773,Acadia Healthcare Company Inc,16158616000,92.91,ACHC,https://www.acadiahealthcare.com/
0,CA,USD,USD,NASDAQ NMS - GLOBAL MARKET,Life Sciences Tools & Services,2020-12-11,https://static2.finnhub.io/file/publicdatany/finnhubimage/stock_logo/ABCL.png,694.3113067352942,Abcellera Biologics Inc,16045599005,297.99,ABCL,https://www.abcellera.com/
0,US,USD,USD,NASDAQ NMS - GLOBAL MARKET,Road & Rail,1986-11-05,https://static2.finnhub.io/file/publicdatany/finnhubimage/stock_logo/HTLD.png,788.6396058461537,Heartland Express Inc,13196263600,78.55,HTLD,https://www.heartlandexpress.com/
0,CN,USD,USD,OTC MARKETS,Distributors,2006-06-26,,13.47,Microalliance Group Inc,866043311459,609.32,MALG,
0,CL,CLP,CLP,SANTIAGO STOCK EXCHANGE,Beverages,1982-05-05,https://static2.finnhub.io/file/publicdatany/finnhubimage/stock_logo/CCU.SN.png,2502273.426514,Compania Cervecerias Unidas SA,56224273000,369.5,CCU.SN,https://www.ccu.cl/
0,US,,,OTC MARKETS,Media,2024-07-10,,13.88,RoyaLand Company Ltd,19492337869,13.88,RLNDF,https://theroyaland.net/
0,US,USD,USD,NASDAQ NMS - GLOBAL MARKET,Financial Services,2012-11-08,https://static2.finnhub.io/file/publicdatany/finnhubimage/stock_logo/950011191166.png,119.64483387126435,OFS Capital Corp,18477342000,13.4,OFS,https://www.ofscapital.com/
0,US,USD,USD,NASDAQ NMS - GLOBAL MARKET,Leisure Products,2021-05-21,https://static2.finnhub.io/file/publicdatany/finnhubimage/stock_logo/POWW.png,166.25943561643837,Ammo Inc,14809470001.0,118.76,POWW,https://ammoinc.com/
0,US,USD,USD,NASDAQ NMS - GLOBAL MARKET,Health Care,2009-12-18,https://static2.finnhub.io/file/publicdatany/finnhubimage/stock_logo/POAI.png,8.219058912,Predictive Oncology Inc,14124321500,7.21,POAI,https://predictive-oncology.com/
0,US,USD,USD,OTC MARKETS,N/A,2011-07-12,https://static2.finnhub.io/file/publicdatany/finnhubimage/stock_logo/950517583366.png,0.87537,Neutra Corp,13072281488,2917.9,NTRR,https://neutrainc.com/
0,US,USD,USD,NASDAQ NMS - GLOBAL MARKET,Distributors,2007-02-15,https://static2.finnhub.io/file/publicdatany/finnhubimage/stock_logo/950665742026.png,8.797542269841271,Kaival Brands Innovations Group Inc,18334524825,11.54,KAVL,https://kaivalbrands.com/
0,US,,,OTC MARKETS,N/A,2022-05-18,,0.0,Forge Group Inc,12025478700,0.0,FIGP,
0,US,USD,USD,OTC MARKETS,Transportation Infrastructure,2012-07-23,https://static2.finnhub.io/file/publicdatany/finnhubimage/stock_logo/942959120576.png,7.622954,Saker Aviation Services Inc,12127764046,0.99,SKAS,https://sakeraviation.com/
0,US,USD,USD,NASDAQ NMS - GLOBAL MARKET,Banking,1997-01-02,https://static2.finnhub.io/file/publicdatany/finnhubimage/stock_logo/942959074256.png,230.93056637048787,Norwood Financial Corp,15702538500,9.27,NWFL,http://www.waynebank.com
0,US,USD,USD,NASDAQ NMS - GLOBAL MARKET,Technology,2019-05-10,https://static2.finnhub.io/file/publicdatany/finnhubimage/stock_logo/SONM.png,12.56725088571429,Sonim Technologies Inc,16503788100,5.87,SONM,https://www.sonimtech.com/
0,JP,JPY,JPY,TOKYO STOCK EXCHANGE-TOKYO PRO MARKET,Banking,1971-10-01,https://static2.finnhub.io/file/publicdatany/finnhubimage/stock_logo/942958805096.png,475985.107544,Hachijuni Bank Ltd,81262271182,493.77,8359.T,https://www.82bank.co.jp/
0,CA,CAD,CAD,NASDAQ NMS - GLOBAL MARKET,Pharmaceuticals,2019-08-01,https://static2.finnhub.io/file/publicdatany/finnhubimage/stock_logo/SNDL.png,414.180013910828,SNDL Inc,14039485227,265.5,SNDL,https://www.sndl.com/
0,US,USD,USD,NASDAQ NMS - GLOBAL MARKET,Chemicals,2020-06-11,https://static2.finnhub.io/file/publicdatany/finnhubimage/stock_logo/PCT.png,1551.258914468784,Purecycle Technologies Inc,18776483565,179.34,PCT,https://purecycle.com/
0,US,USD,USD,"NEW YORK STOCK EXCHANGE, INC.",Financial Services,2007-04-19,https://static2.finnhub.io/file/publicdatany/finnhubimage/stock_logo/942958993286.png,462.3,Pennantpark Investment Corp,12129051000,65.3,PNNT,https://www.pennantpark.com/
0,US,USD,USD,"NEW YORK STOCK EXCHANGE, INC.",Packaging,1961-01-01,https://static2.finnhub.io/file/publicdatany/finnhubimage/stock_logo/AVY.png,14530.270151697696,Avery Dennison Corp,14405346000,78.99,AVY,https://www.averydennison.com/en/home.html
0,US,USD,USD,"NEW YORK STOCK EXCHANGE, INC.",Consumer products,2023-07-31,https://static2.finnhub.io/file/publicdatany/finnhubimage/stock_logo/950866487406.png,12722.496186447586,Sharkninja Inc,16172430235,140.35,SN,https://ir.sharkninja.com/overview/default.aspx
0,US,USD,USD,"NEW YORK STOCK EXCHANGE, INC.",Machinery,2017-05-12,https://static2.finnhub.io/file/publicdatany/finnhubimage/stock_logo/IR.png,34354.785563937345,Ingersoll Rand Inc,14142124700,403.08,IR,https://www.irco.com/
0,US,USD,USD,NYSE MKT LLC,N/A,2001-07-13,https://static2.finnhub.io/file/publicdatany/finnhubimage/stock_logo/942960363776.png,38.96,Eagle Capital Growth Fund Inc,14147651107,3.97,GRF,https://www.eaglecapitalgrowthfund.com/
0,US,USD,USD,OTC MARKETS,Financial Services,2022-03-17,https://static2.finnhub.io/file/publicdatany/finnhubimage/stock_logo/950796924886.png,3.604461,Standard Premium Finance Holdings Inc,13052322752,3.0,SPFX,https://standardpremiuminvestors.com/
0,US,USD,USD,OTC MARKETS,Biotechnology,2005-11-17,https://static2.finnhub.io/file/publicdatany/finnhubimage/stock_logo/950466629626.png,317.9840107925865,Cytodyn Inc,13609808524,1228.23,CYDY,https://www.cytodyn.com/
0,PR,USD,USD,OTC MARKETS,N/A,2021-12-16,https://static.finnhub.io/logo/623a46a2ed9794e84075acc41ca8035d7c2c8bd6ec8f00e6afcdf3e223919846.png,22.82,Freedom Internet Group Inc,18554224200,11.13,FIGI,https://www.figiroyalty.com/
0,CN,USD,USD,NASDAQ NMS - GLOBAL MARKET,Technology,2014-06-24,https://static2.finnhub.io/file/publicdatany/finnhubimage/stock_logo/950352515766.png,253.568125,Xunlei Ltd,8675561111571,316.96,XNET,https://www.xunlei.com/
0,GB,USD,USD,NASDAQ NMS - GLOBAL MARKET,Pharmaceuticals,2005-03-30,https://static2.finnhub.io/file/publicdatany/finnhubimage/stock_logo/942958976966.png,5557.39135,Verona Pharma PLC,442032834200,84.98,VRNA,https://www.veronapharma.com/
0,US,USD,USD,"NEW YORK STOCK EXCHANGE, INC.",Media,2020-08-07,https://static2.finnhub.io/file/publicdatany/finnhubimage/stock_logo/950032678286.png,49.17221392608462,System1 Inc,13109246037,91.91,SST,https://system1.com
0,IE,USD,USD,"NEW YORK STOCK EXCHANGE, INC.",Pharmaceuticals,1991-12-17,https://static2.finnhub.io/file/publicdatany/finnhubimage/stock_logo/PRGO.png,3788.0912809400284,Perrigo Company PLC,3532696738451,136.46,PRGO,https://www.perrigo.com/
0,US,USD,USD,"NEW YORK STOCK EXCHANGE, INC.",Retail,2021-09-22,https://static2.finnhub.io/file/publicdatany/finnhubimage/stock_logo/950811848436.png,140.87879415384614,AKA Brands Holding Corp,14152956085,10.64,AKA,https://ir.aka-brands.com/
0,US,USD,USD,NASDAQ NMS - GLOBAL MARKET,Banking,1993-02-10,https://static2.finnhub.io/file/publicdatany/finnhubimage/stock_logo/942959075796.png,1088.2979403628,Peoples Bancorp Inc,17403733155,35.67,PEBO,https://www.peoplesbancorp.com/
0,US,USD,USD,"NEW YORK STOCK EXCHANGE, INC.",N/A,1994-03-18,https://static2.finnhub.io/file/publicdatany/finnhubimage/stock_logo/942959013486.png,291.17,"PIMCO Strategic Income Fund, Inc",12127394000,46.07,RCS,https://www.pimco.com/en-us/investments/closed-end-funds/strategic-income-fund-inc/
0,US,USD,USD,NASDAQ NMS - GLOBAL MARKET,Aerospace & Defense,2019-11-08,https://static2.finnhub.io/file/publicdatany/finnhubimage/stock_logo/950714857336.png,6.56576194690266,Momentus Inc,12137936507,3.28,MNTS,https://momentus.space/
0,US,USD,USD,"NEW YORK STOCK EXCHANGE, INC.",N/A,1997-05-06,https://static2.finnhub.io/file/publicdatany/finnhubimage/stock_logo/942964232646.png,624.14,BlackRock MuniHoldings Fund Inc,18004417762,52.14,MHD,https://www.blackrock.com/investing/products/240204/blackrock-muniholdings-fund-inc-usd-fund
0,SG,USD,USD,NASDAQ NMS - GLOBAL MARKET,Commercial Services & Supplies,2022-02-15,https://static2.finnhub.io/file/publicdatany/finnhubimage/stock_logo/950837025126.png,73.91824018292684,ESGL Holdings Ltd,6566532299,40.61,ESGL,https://esgl.asia/
0,US,USD,USD,"NEW YORK STOCK EXCHANGE, INC.",Banking,1980-03-17,https://static2.finnhub.io/file/publicdatany/finnhubimage/stock_logo/ASB.png,3763.8002000069537,Associated Banc-Corp,19204917500,166.25,ASB,https://www.associatedbank.com/
0,US,USD,USD,NASDAQ NMS - GLOBAL MARKET,Semiconductors,2004-11-19,https://static2.finnhub.io/file/publicdatany/finnhubimage/stock_logo/MPWR.png,28565.951430214187,Monolithic Power Systems Inc,14252969956,47.87,MPWR,https://www.monolithicpower.com/
0,US,USD,USD,NASDAQ NMS - GLOBAL MARKET,Machinery,2021-03-09,https://static2.finnhub.io/file/publicdatany/finnhubimage/stock_logo/950831569986.png,13703.603099999998,Symbotic Inc,19782842800,588.39,SYM,https://www.symbotic.com/
0,US,USD,USD,NASDAQ NMS - GLOBAL MARKET,Biotechnology,2014-12-18,https://static2.finnhub.io/file/publicdatany/finnhubimage/stock_logo/PIRS.png,275.4830883061821,Pieris Pharmaceuticals Inc,18572468998,11.22,PVLA,https://www.pieris.com/
0,US,USD,USD,NASDAQ NMS - GLOBAL MARKET,Financial Services,2021-05-13,https://static2.finnhub.io/file/publicdatany/finnhubimage/stock_logo/950380812876.png,5177.662593349409,Enact Holdings Inc,19198464100,151.88,ACT,https://enactmi.com/
0,US,USD,USD,"NEW YORK STOCK EXCHANGE, INC.",Insurance,2022-11-21,https://static2.finnhub.io/file/publicdatany/finnhubimage/stock_logo/950800475656.png,5179.971871151188,F&G Annuities & Life Inc,15153303340,126.77,FG,https://www.fglife.com/
0,CN,USD,USD,NASDAQ NMS - GLOBAL MARKET,N/A,2023-11-14,https://static2.finnhub.io/file/publicdatany/finnhubimage/stock_logo/950867892586.png,96.93000599999999,Global Lights Acquisition Corp,,8.97,GLAC,
0,US,USD,USD,NASDAQ NMS - GLOBAL MARKET,Electrical Equipment,2020-12-04,https://static2.finnhub.io/file/publicdatany/finnhubimage/stock_logo/950785601606.png,1646.8676592463767,Enovix Corp,16507222555,191.27,ENVX,https://www.enovix.com/
0,US,USD,USD,"NEW YORK STOCK EXCHANGE, INC.",Media,2017-06-22,https://static2.finnhub.io/file/publicdatany/finnhubimage/stock_logo/ATUS.png,1134.8521381944447,Altice USA Inc,15168032300,463.23,ATUS,https://www.alticeusa.com/
0,US,USD,USD,"NEW YORK STOCK EXCHANGE, INC.",Trading Companies & Distributors,1994-06-16,https://static2.finnhub.io/file/publicdatany/finnhubimage/stock_logo/WSO.png,20731.077139174664,Watsco Inc,13057144100,46.01,WSO,https://www.watsco.com/
0,US,USD,USD,OTC MARKETS,Health Care,2014-09-22,https://static2.finnhub.io/file/publicdatany/finnhubimage/stock_logo/950363833986.png,18.07745874829612,BioSig Technologies Inc,12034095444,23.04,BSGM,https://www.biosig.com/
0,US,USD,USD,NASDAQ NMS - GLOBAL MARKET,Financial Services,2021-10-21,https://static2.finnhub.io/file/publicdatany/finnhubimage/stock_logo/950478185546.png,423.1464042306993,Runway Growth Finance Corp,13122816270,37.35,RWAY,https://investors.runwaygrowth.com/
0,CA,CAD,CAD,TORONTO STOCK EXCHANGE,Utilities,1980-03-17,https://static2.finnhub.io/file/publicdatany/finnhubimage/stock_logo/FTS.TO.png,31206.249237,Fortis Inc,17097372800,499.31,FTS.TO,https://www.fortisinc.com
0,CA,CAD,CAD,"NEW YORK STOCK EXCHANGE, INC.",Energy,1991-01-01,https://static2.finnhub.io/file/publicdatany/finnhubimage/stock_logo/CCO.TO.png,18209.105049350746,Cameco Corp,13069566200,435.31,CCJ,https://www.cameco.com/
0,US,USD,USD,OTC MARKETS,Banking,2010-06-25,https://static2.finnhub.io/file/publicdatany/finnhubimage/stock_logo/942971384366.png,119.994758,Embassy Bancorp Inc,16108828800,7.62,EMYB,https://www.embassybank.com/
0,US,USD,USD,"NEW YORK STOCK EXCHANGE, INC.",Utilities,1948-09-17,https://static2.finnhub.io/file/publicdatany/finnhubimage/stock_logo/PPL.png,25153.678422735615,PPL Corp,16107745151,737.97,PPL,https://www.pplweb.com/
0,US,USD,USD,NASDAQ NMS - GLOBAL MARKET,Banking,2017-04-28,https://static2.finnhub.io/file/publicdatany/finnhubimage/stock_logo/950768415666.png,126.96611459758552,Affinity Bancshares Inc,17707867088,6.41,AFBI,https://affinitybankshares.q4ir.com/
0,FR,EUR,EUR,NYSE EURONEXT - EURONEXT PARIS,Biotechnology,2015-07-13,https://static2.finnhub.io/file/publicdatany/finnhubimage/stock_logo/950355642826.png,4.197745,Biophytis SA,33141836600,15.86,ALBPS.PA,https://www.biophytis.com/
0,US,USD,USD,"NEW YORK STOCK EXCHANGE, INC.",Metals & Mining,1981-05-22,https://static2.finnhub.io/file/publicdatany/finnhubimage/stock_logo/CRS.png,9004.740024565132,Carpenter Technology Corp,16102082000,49.95,CRS,https://www.carpentertechnology.com/
0,US,USD,USD,OTC MARKETS,Technology,2019-10-24,https://static2.finnhub.io/file/publicdatany/finnhubimage/stock_logo/950590399406.png,11.71754139344262,FDCTECH Inc,18774456047,390.58,FDCT,https://fdctech.com/
0,CN,USD,USD,"NEW YORK STOCK EXCHANGE, INC.",Semiconductors,2010-10-07,https://static2.finnhub.io/file/publicdatany/finnhubimage/stock_logo/DQ.png,1243.094264,Daqo New Energy Corp,862364866666,328.51,DQ,http://www.dqsolar.com
0,US,,,NASDAQ NMS - GLOBAL MARKET,Real Estate,2020-03-30,https://static2.finnhub.io/file/publicdatany/finnhubimage/stock_logo/950379424396.png,232.030804,National Healthcare Properties Inc,12124156500,0.0,NHPAP,https://nhpreit.com/
0,US,USD,USD,OTC MARKETS,N/A,2014-09-03,https://static2.finnhub.io/file/publicdatany/finnhubimage/stock_logo/950374477556.png,0.72320114545455,Regen BioPharma Inc,16197225505,21.55,RGBP,https://regenbiopharmainc.com/
0,US,USD,USD,"NEW YORK STOCK EXCHANGE, INC.",N/A,2020-10-20,,1582.84,PIMCO Dynamic Income Opportunities Fund,19497206000,112.66,PDO,
0,US,USD,USD,OTC MARKETS,Real Estate,1981-07-16,https://static2.finnhub.io/file/publicdatany/finnhubimage/stock_logo/942959054386.png,0.273314,Advanced Oxygen Technologies Inc,12127277085,3.29,AOXY,https://www.aoxy-ca.com/
0,US,USD,USD,NASDAQ NMS - GLOBAL MARKET,Banking,2018-09-20,https://static2.finnhub.io/file/publicdatany/finnhubimage/stock_logo/950653249406.png,377.46464400895303,Bank7 Corp,14058108600,9.39,BSVN,https://www.bank7.com
0,US,USD,USD,NASDAQ NMS - GLOBAL MARKET,Financial Services,2010-10-29,https://static2.finnhub.io/file/publicdatany/finnhubimage/stock_logo/HRZN.png,355.38,Horizon Technology Finance Corp,18606768654,40.32,HRZN,https://horizontechfinance.com
0,CN,USD,USD,NASDAQ NMS - GLOBAL MARKET,Biotechnology,2021-02-09,https://static2.finnhub.io/file/publicdatany/finnhubimage/stock_logo/950439531976.png,92.968642,Adagene Inc,8651287773632,55.34,ADAG,https://www.adagene.com/
0,US,USD,USD,NASDAQ NMS - GLOBAL MARKET,Banking,1983-08-12,https://static2.finnhub.io/file/publicdatany/finnhubimage/stock_logo/942959123376.png,1540.2375208446865,1st Source Corp,15742352702,24.55,SRCE,https://www.1stsource.com
0,US,USD,USD,"NEW YORK STOCK EXCHANGE, INC.",Energy,2017-05-04,https://static2.finnhub.io/file/publicdatany/finnhubimage/stock_logo/AM.png,7877.854997452425,Antero Midstream Corp,13033577310,478.61,AM,https://www.anteromidstream.com
0,US,CNY,CNY,NASDAQ NMS - GLOBAL MARKET,Technology,2021-06-22,https://static2.finnhub.io/file/publicdatany/finnhubimage/stock_logo/950800743716.png,21.57140803738318,MicroCloud Hologram Inc,12125993322,4.1,HOLO,http://www.mcholo.com/
0,CA,CAD,CAD,TORONTO STOCK EXCHANGE,Construction,1994-03-30,https://static2.finnhub.io/file/publicdatany/finnhubimage/stock_logo/STN.TO.png,13573.972252,Stantec Inc,17809177000,114.07,STN.TO,https://www.stantec.com/en
0,US,USD,USD,"NEW YORK STOCK EXCHANGE, INC.",Retail,2021-07-21,https://static2.finnhub.io/file/publicdatany/finnhubimage/stock_logo/VSCO.png,1497.741366896467,Victoria's Secret & Co,16145777000,78.62,VSCO,https://www.victoriassecretandco.com/
0,US,USD,USD,NASDAQ NMS - GLOBAL MARKET,Banking,1989-12-15,https://static2.finnhub.io/file/publicdatany/finnhubimage/stock_logo/942959066166.png,666.7452550336269,Great Southern Bancorp Inc,14178874400,11.72,GSBC,https://investors.greatsouthernbank.com/
0,US,USD,USD,NASDAQ NMS - GLOBAL MARKET,Biotechnology,2021-01-12,https://static2.finnhub.io/file/publicdatany/finnhubimage/stock_logo/950792202646.png,14.95142525153375,SAB Biotherapeutics Inc,13058452813,9.23,SABS,https://www.sab.bio/
0,GB,USD,USD,"NEW YORK STOCK EXCHANGE, INC.","Textiles, Apparel & Luxury Goods",2011-12-15,https://static2.finnhub.io/file/publicdatany/finnhubimage/stock_logo/CPRI.png,2461.956497104972,Capri Holdings Ltd,442076328600,117.91,CPRI,https://www.capriholdings.com/corporate-overview/default.aspx
0,US,USD,USD,NASDAQ NMS - GLOBAL MARKET,Banking,1987-06-08,https://static2.finnhub.io/file/publicdatany/finnhubimage/stock_logo/942959084416.png,580.0192148364055,Washington Trust Bancorp Inc,14013481200,19.28,WASH,https://ir.washtrust.com/corporate-profile/default.aspx
0,CA,USD,USD,TORONTO STOCK EXCHANGE,Technology,1998-01-21,https://static2.finnhub.io/file/publicdatany/finnhubimage/stock_logo/950866906396.png,12441.971699,Descartes Systems Group Inc,15197468110,85.61,DSG.TO,https://www.descartes.com/
0,US,USD,USD,OTC MARKETS,Technology,2005-04-25,https://static2.finnhub.io/file/publicdatany/finnhubimage/stock_logo/942959024606.png,1.87369875,Decentral Life Inc,18559333277,7394.79,WDLF,https://www.wdlf.ai/
0,BM,USD,USD,NASDAQ NMS - GLOBAL MARKET,Insurance,1995-09-13,https://static2.finnhub.io/file/publicdatany/finnhubimage/stock_logo/ACGL.png,34157.50770155395,Arch Capital Group Ltd,14412789250,375.36,ACGL,https://www.archgroup.com/
0,US,USD,USD,NASDAQ NMS - GLOBAL MARKET,Biotechnology,2014-07-17,https://static2.finnhub.io/file/publicdatany/finnhubimage/stock_logo/CDNA.png,1048.657997968254,CareDx Inc,14152872300,55.43,CDNA,https://www.caredx.com/
0,US,USD,USD,NASDAQ NMS - GLOBAL MARKET,Technology,2012-02-17,https://static2.finnhub.io/file/publicdatany/finnhubimage/stock_logo/942972357486.png,201.05,Brightcove Inc,18888821880,45.18,BCOV,https://www.brightcove.com/
0,US,USD,USD,NASDAQ NMS - GLOBAL MARKET,Pharmaceuticals,2020-12-02,https://static2.finnhub.io/file/publicdatany/finnhubimage/stock_logo/950761666166.png,2.62545462659574,Petros Pharmaceuticals Inc,19732420005,25.27,PTPI,https://www.petrospharma.com/
0,KY,USD,USD,NASDAQ NMS - GLOBAL MARKET,N/A,2021-08-23,https://static2.finnhub.io/file/publicdatany/finnhubimage/stock_logo/950800225806.png,82.97980237521516,Target Global Acquisition I Corp,447498203181,7.15,TGAAF,https://tgacquisition1.com/
0,CN,CNY,CNY,NASDAQ NMS - GLOBAL MARKET,Media,2018-03-28,https://static2.finnhub.io/file/publicdatany/finnhubimage/stock_logo/BILI.png,9402.82370143038,Bilibili Inc,862125099255,416.55,BILI,https://ir.bilibili.com/
0,US,USD,USD,NASDAQ NMS - GLOBAL MARKET,Banking,1993-10-27,https://static2.finnhub.io/file/publicdatany/finnhubimage/stock_logo/942959123886.png,437.43750905975236,ACNB Corp,17173343161,10.59,ACNB,https://www.acnb.com/
0,US,USD,USD,OTC MARKETS,Technology,1996-12-02,https://static2.finnhub.io/file/publicdatany/finnhubimage/stock_logo/950833495126.png,8.87673122247765,SideChannel Inc,15126497700,226.33,SDCH,https://sidechannel.com/
0,CA,CAD,CAD,TSX VENTURE EXCHANGE - NEX,"Hotels, Restaurants & Leisure",1983-09-16,https://static2.finnhub.io/file/publicdatany/finnhubimage/stock_logo/942958632176.png,12.293655,Jackpot Digital Inc,16046810204,189.13,JJ.V,https://www.jackpotdigital.com/
0,US,USD,USD,NASDAQ NMS - GLOBAL MARKET,Diversified Consumer Services,2009-11-02,https://static2.finnhub.io/file/publicdatany/finnhubimage/stock_logo/CSCW.png,0.63922207817718,Color Star Technology Co Ltd,19293172699,0.61,ADD,https://colorstarinternational.com/
0,US,USD,USD,"NEW YORK STOCK EXCHANGE, INC.",Financial Services,1999-05-04,https://static2.finnhub.io/file/publicdatany/finnhubimage/stock_logo/GS.png,174638.8797722894,Goldman Sachs Group Inc,12129021000,312.04,GS,https://www.goldmansachs.com/
0,US,USD,USD,"NEW YORK STOCK EXCHANGE, INC.",N/A,2002-02-26,https://static2.finnhub.io/file/publicdatany/finnhubimage/stock_logo/942960530046.png,1720.72,Cohen & Steers Quality Income Realty Fund Inc,12128323232,134.43,RQI,https://www.cohenandsteers.com/funds/details/quality-income-realty-fund
0,US,USD,USD,NASDAQ NMS - GLOBAL MARKET,Banking,1996-03-27,https://static2.finnhub.io/file/publicdatany/finnhubimage/stock_logo/942958997526.png,159.88905194663823,United Security Bancshares,15594906261,17.36,UBFO,https://investors.unitedsecuritybank.com/corporate-information/corporate-profile/default.aspx
0,US,USD,USD,NASDAQ NMS - GLOBAL MARKET,Food Products,2005-05-03,https://static2.finnhub.io/file/publicdatany/finnhubimage/stock_logo/942959029306.png,54.6312960925926,Coffee Holding Co Inc,17188320800,5.71,JVA,https://coffeeholding.com/
0,US,USD,USD,NASDAQ NMS - GLOBAL MARKET,N/A,2021-12-16,https://static2.finnhub.io/file/publicdatany/finnhubimage/stock_logo/950814828636.png,355.73,FTAC Emerald Acquisition Corp,12157019555,46.14,FLDD,
0,US,USD,USD,NASDAQ NMS - GLOBAL MARKET,Media,2013-01-11,https://static2.finnhub.io/file/publicdatany/finnhubimage/stock_logo/FWONA.png,27959.673468729918,Liberty Media Corp,17208755400,341.1,FWONA,https://www.libertymedia.com/
0,MY,USD,USD,OTC MARKETS,"Textiles, Apparel & Luxury Goods",2016-10-19,https://static2.finnhub.io/file/publicdatany/finnhubimage/stock_logo/950467084436.png,19.77,Xenous Holdings Inc,60321810150,760.25,XITO,http://www.xenous.co
0,US,USD,USD,OTC MARKETS,Health Care,1997-07-01,https://static2.finnhub.io/file/publicdatany/finnhubimage/stock_logo/942959079856.png,5.857463,Guided Therapeutics Inc,17702428723,61.02,GTHP,https://www.guidedinc.com/
0,US,,,OTC MARKETS,N/A,2007-05-03,https://static2.finnhub.io/file/publicdatany/finnhubimage/stock_logo/942964241076.png,2.27321494736842,Standard Dental Labs Inc,13214659899,445.728,CSSI,http://costas-inc.com/
0,US,USD,USD,"NEW YORK STOCK EXCHANGE, INC.",Real Estate,1993-12-09,https://static2.finnhub.io/file/publicdatany/finnhubimage/stock_logo/942959050006.png,16732.394987,Sun Communities Inc,12482082500,127.38,SUI,https://www.suncommunities.com/
0,US,USD,USD,NASDAQ NMS - GLOBAL MARKET,Media,2021-08-12,https://static2.finnhub.io/file/publicdatany/finnhubimage/stock_logo/950811300386.png,0.46213622857143,Collective Audience Inc,18088291057,19.67,CAUD,https://abri-spac.com/
0,US,USD,USD,NASDAQ NMS - GLOBAL MARKET,Financial Services,1994-08-22,https://static2.finnhub.io/file/publicdatany/finnhubimage/stock_logo/950871851746.png,42.87999898251193,Old Market Capital Corp,17277260763,6.7,OMCC,https://nicholasfinancial.com/
0,CN,USD,USD,"NEW YORK STOCK EXCHANGE, INC.",Real Estate,2007-12-12,https://static2.finnhub.io/file/publicdatany/finnhubimage/stock_logo/942980525036.png,15.549894,Xinyuan Real Estate Co Ltd,861085889200,11.38,XIN,http://ir.xyre.com/
0,US,USD,USD,"NEW YORK STOCK EXCHANGE, INC.",Automobiles,2020-11-23,https://static2.finnhub.io/file/publicdatany/finnhubimage/stock_logo/950815801876.png,406.9495051546392,LiveWire Group Inc,3458145825.0,203.47,LVWR,http://www.livewire.com
0,US,USD,USD,OTC MARKETS,"Hotels, Restaurants & Leisure",2007-08-31,https://static2.finnhub.io/file/publicdatany/finnhubimage/stock_logo/942978766596.png,1.29213342857143,Elray Resources Inc,17023187548,4307.11,ELRA,https://elraygaming.com/
0,US,USD,USD,"NEW YORK STOCK EXCHANGE, INC.",Building,2018-10-15,https://static2.finnhub.io/file/publicdatany/finnhubimage/stock_logo/REZI.png,2725.394294011382,Resideo Technologies Inc,14805735340,147.88,REZI,https://www.resideo.com/us/en
0,US,USD,USD,NASDAQ NMS - GLOBAL MARKET,Pharmaceuticals,2021-02-17,https://static2.finnhub.io/file/publicdatany/finnhubimage/stock_logo/950633133586.png,5.13985978877005,Virpax Pharmaceuticals Inc,16107274597,26.56,VRPX,https://virpaxpharma.com/
0,US,,,OTC MARKETS,N/A,2001-07-16,,32.51817900000001,Mag Mile Capital Inc,18012090740,0.0,MMCP,http://www.mysoncomfort.com/
0,CA,USD,USD,OTC MARKETS,Energy,2000-06-13,https://static2.finnhub.io/file/publicdatany/finnhubimage/stock_logo/942958630116.png,0.209889,Strata Power Corp,18772375443,20.09,SPOWF,http://www.strataoil.com/
0,US,USD,USD,"NEW YORK STOCK EXCHANGE, INC.",Insurance,1980-03-17,https://static2.finnhub.io/file/publicdatany/finnhubimage/stock_logo/AFG.png,10678.325448641584,American Financial Group Inc,15135792121,83.98,AFG,https://www.afginc.com/
0,US,USD,USD,NASDAQ NMS - GLOBAL MARKET,Media,2007-12-26,https://static2.finnhub.io/file/publicdatany/finnhubimage/stock_logo/FLNT.png,51.88576085271318,Fluent Inc,16466697272,20.02,FLNT,https://www.fluentco.com
0,JP,USD,USD,NASDAQ NMS - GLOBAL MARKET,Retail,2022-01-18,https://static2.finnhub.io/file/publicdatany/finnhubimage/stock_logo/950631841446.png,13.890448,Tokyo Lifestyle Co Ltd,81356250668,4.22,TKLF,https://www.ystbek.co.jp/
0,CA,CAD,CAD,TORONTO STOCK EXCHANGE,Energy,1985-05-30,https://static2.finnhub.io/file/publicdatany/finnhubimage/stock_logo/TRP.TO.png,67645.112794,TC Energy Corp,14039202000,1039.1,TRP.TO,https://www.tcenergy.com/
0,CA,CAD,CAD,TORONTO STOCK EXCHANGE,Biotechnology,2006-12-01,https://static2.finnhub.io/file/publicdatany/finnhubimage/stock_logo/950811754186.png,125.767824,Satellos Bioscience Inc,16476601780,165.82,MSCL.TO,https://satellos.com/
0,CA,USD,USD,TORONTO STOCK EXCHANGE,Biotechnology,1995-12-19,https://static2.finnhub.io/file/publicdatany/finnhubimage/stock_logo/AEZS.TO.png,12.494052,COSCIENS Biopharma Inc,18439003201,3.78,CSCI.TO,https://www.zentaris.com/
0,US,USD,USD,OTC MARKETS,N/A,2016-10-10,https://static2.finnhub.io/file/publicdatany/finnhubimage/stock_logo/942981038426.png,0.75,Strategic Realty Trust Inc,13128784860,10.75,SGIC,https://www.srtreit.com/corporate-profile/default.aspx
0,US,USD,USD,"NEW YORK STOCK EXCHANGE, INC.",Utilities,1980-03-18,https://static2.finnhub.io/file/publicdatany/finnhubimage/stock_logo/SJW.png,1867.7504888324145,SJW Group,14082797800,33.67,SJW,https://www.sjwgroup.com/
0,US,USD,USD,"NEW YORK STOCK EXCHANGE, INC.",Financial Services,2020-09-30,https://static2.finnhub.io/file/publicdatany/finnhubimage/stock_logo/950763868016.png,831.9672271826628,OppFi Inc,13122128079,86.21,OPFI,https://www.oppfi.com/
0,FR,USD,USD,"NEW YORK STOCK EXCHANGE, INC.",Technology,2022-07-15,https://static2.finnhub.io/file/publicdatany/finnhubimage/stock_logo/950736209606.png,583.82142,AMTD Digital Inc,33176732800,126.16,HKD,http://www.amtdigital.net
0,US,USD,USD,NASDAQ NMS - GLOBAL MARKET,Health Care,2013-09-26,https://static2.finnhub.io/file/publicdatany/finnhubimage/stock_logo/PINC.png,1662.7076076974358,Premier Inc,17043570022,91.31,PINC,https://www.premierinc.com/
0,US,USD,USD,NASDAQ NMS - GLOBAL MARKET,Semiconductors,1983-08-09,https://static2.finnhub.io/file/publicdatany/finnhubimage/stock_logo/ASYS.png,72.445569,Amtech Systems Inc,14809675146,14.29,ASYS,https://www.amtechsystems.com/
0,US,USD,USD,NASDAQ NMS - GLOBAL MARKET,Telecommunication,2019-09-13,https://static2.finnhub.io/file/publicdatany/finnhubimage/stock_logo/950711601196.png,10570.827077992542,AST SpaceMobile Inc,14322763966,316.49,ASTS,https://ast-science.com/spacemobile/
0,US,USD,USD,NYSE MKT LLC,Energy,1998-07-23,https://static2.finnhub.io/file/publicdatany/finnhubimage/stock_logo/LEU.png,1338.0238964269945,Centrus Energy Corp,13015643200,16.77,LEU,https://www.centrusenergy.com/
0,US,USD,USD,NASDAQ NMS - GLOBAL MARKET,Semiconductors,2021-03-02,https://static2.finnhub.io/file/publicdatany/finnhubimage/stock_logo/950824322346.png,2265.4658552526435,Rigetti Computing Inc,15102105550,283.55,RGTI,https://www.rigetti.com/
0,US,USD,USD,NASDAQ NMS - GLOBAL MARKET,Health Care,2021-09-15,https://static2.finnhub.io/file/publicdatany/finnhubimage/stock_logo/950811770366.png,3252.393503319082,Procept Biorobotics Corp,16502329832,54.07,PRCT,https://www.procept-biorobotics.com/
0,US,USD,USD,NASDAQ NMS - GLOBAL MARKET,Real Estate,2020-12-18,https://static2.finnhub.io/file/publicdatany/finnhubimage/stock_logo/OPEN.png,868.221494237288,Opendoor Technologies Inc,14806186760,723.52,OPEN,https://investor.opendoor.com/
0,US,USD,USD,NASDAQ NMS - GLOBAL MARKET,Retail,2007-10-25,https://static2.finnhub.io/file/publicdatany/finnhubimage/stock_logo/ULTA.png,16482.191721994084,Ulta Beauty Inc,16304104800,46.37,ULTA,https://www.ulta.com/
0,GB,USD,USD,"NEW YORK STOCK EXCHANGE, INC.",Financial Services,2020-10-09,https://static2.finnhub.io/file/publicdatany/finnhubimage/stock_logo/950799107756.png,969.3289237850764,Paysafe Ltd,4402038849226,59.89,PSFE,https://ir.paysafe.com/
0,US,USD,USD,NASDAQ NMS - GLOBAL MARKET,Media,2007-06-27,https://static2.finnhub.io/file/publicdatany/finnhubimage/stock_logo/942959156286.png,29.83239898573693,Comscore Inc,17034382000,4.89,SCOR,https://www.comscore.com/
0,BR,BRL,BRL,B3 S.A.,Utilities,1971-01-28,https://static2.finnhub.io/file/publicdatany/finnhubimage/stock_logo/ELET6.SA.png,89956.813572,Centrais Eletricas Brasileiras SA,552125145151,2307.1,ELET6.SA,https://eletrobras.com/
0,US,USD,USD,"NEW YORK STOCK EXCHANGE, INC.",Machinery,1980-03-17,https://static2.finnhub.io/file/publicdatany/finnhubimage/stock_logo/TNC.png,1628.154320235664,Tennant Co,17635401200,18.82,TNC,https://www.tennantco.com
0,US,USD,USD,NASDAQ NMS - GLOBAL MARKET,Machinery,1996-05-17,https://static2.finnhub.io/file/publicdatany/finnhubimage/stock_logo/942959153846.png,52.03436459280576,374Water Inc,14406099677,142.95,SCWO,https://374water.com/
0,US,USD,USD,"NEW YORK STOCK EXCHANGE, INC.",Machinery,2022-03-21,https://static2.finnhub.io/file/publicdatany/finnhubimage/stock_logo/950814819796.png,7413.104877422205,ESAB Corp,13022529160,60.53,ESAB,https://esabcorporation.com/
0,US,USD,USD,"NEW YORK STOCK EXCHANGE, INC.",Banking,2014-11-03,https://static2.finnhub.io/file/publicdatany/finnhubimage/stock_logo/950645904296.png,394.526582,First Foundation Inc,19492222030.0,82.36,FFWM,https://firstfoundationinc.com/
0,AU,USD,USD,ASX - ALL MARKETS,Metals & Mining,2007-12-19,https://static2.finnhub.io/file/publicdatany/finnhubimage/stock_logo/942958585876.png,353.350905,ioneer Ltd,61299225800,2355.67,INR.AX,https://www.ioneer.com/
0,US,USD,USD,"NEW YORK STOCK EXCHANGE, INC.",Aerospace & Defense,1980-03-17,https://static2.finnhub.io/file/publicdatany/finnhubimage/stock_logo/HEI.png,31914.19000133541,HEICO Corp,19549874000,138.95,HEI,https://www.heico.com/
0,US,USD,USD,NASDAQ NMS - GLOBAL MARKET,Banking,1996-05-30,https://static2.finnhub.io/file/publicdatany/finnhubimage/stock_logo/942959079666.png,900.7494626218488,Southside Bancshares Inc,19035317111,30.39,SBSI,https://investors.southside.com/
0,CA,USD,USD,TORONTO STOCK EXCHANGE,Metals & Mining,1996-03-08,https://static2.finnhub.io/file/publicdatany/finnhubimage/stock_logo/IMG.TO.png,4499.064268,IAMGOLD Corp,14163604710,572.21,IMG.TO,https://www.iamgold.com/
0,US,USD,USD,NYSE MKT LLC,Energy,2019-12-19,https://static2.finnhub.io/file/publicdatany/finnhubimage/stock_logo/942958994376.png,24.02658125,Battalion Oil Corp,18325380300,16.46,BATL,https://battalionoil.com/
0,GB,USD,USD,LONDON STOCK EXCHANGE,Health Care,2018-11-06,https://static2.finnhub.io/file/publicdatany/finnhubimage/stock_logo/950647040666.png,31.464569,Renalytix PLC,442920710570,331.21,RENX.L,https://renalytix.com/
0,MY,MYR,MYR,NASDAQ NMS - GLOBAL MARKET,Construction,2024-10-23,,24.024577027027018,Founder Group Ltd,60333596009,16.92,FGL,https://www.founderenergy.com.my
0,US,USD,USD,OTC MARKETS,Consumer products,1972-04-21,https://static2.finnhub.io/file/publicdatany/finnhubimage/stock_logo/942959078866.png,633.6009030153847,Horizon Kinetics Holding Corp,16462912300,18.64,HKHC,https://www.scottsliquidgold.com/
0,US,USD,USD,"NEW YORK STOCK EXCHANGE, INC.",N/A,2003-11-25,https://static2.finnhub.io/file/publicdatany/finnhubimage/stock_logo/942959156386.png,2159.82,Gabelli Dividend & Income Trust,19149215070,89.84,GDV,https://www.gabelli.com/funds/closed_ends/-114
0,US,USD,USD,OTC MARKETS,Pharmaceuticals,2003-06-02,https://static2.finnhub.io/file/publicdatany/finnhubimage/stock_logo/950002647606.png,1.6629130666666698,Kaya Holdings Inc,19545347895,41.57,KAYS,https://www.kayaholdings.com/
0,US,USD,USD,NASDAQ NMS - GLOBAL MARKET,"Hotels, Restaurants & Leisure",2004-10-05,https://static2.finnhub.io/file/publicdatany/finnhubimage/stock_logo/TXRH.png,11896.657404753447,Texas Roadhouse Inc,15024269984,66.45,TXRH,https://www.texasroadhouse.com/
0,US,USD,USD,NASDAQ NMS - GLOBAL MARKET,Real Estate,2020-10-06,https://static2.finnhub.io/file/publicdatany/finnhubimage/stock_logo/942961356926.png,9.21875671665861,Presidio Property Trust Inc,17604718536,14.4,SQFT,https://presidiopt.com/
0,US,USD,USD,NASDAQ NMS - GLOBAL MARKET,Machinery,1984-06-19,https://static2.finnhub.io/file/publicdatany/finnhubimage/stock_logo/SHYF.png,326.96609047741936,Shyft Group Inc,15175436400,34.93,SHYF,https://theshyftgroup.com/
0,US,USD,USD,NASDAQ NMS - GLOBAL MARKET,Insurance,2020-07-15,https://static2.finnhub.io/file/publicdatany/finnhubimage/stock_logo/950760868746.png,347.6065089769821,Gohealth Inc,13123868200,23.01,GOCO,https://www.gohealth.com/
0,US,USD,USD,NASDAQ NMS - GLOBAL MARKET,Technology,2019-11-26,https://static2.finnhub.io/file/publicdatany/finnhubimage/stock_logo/PRCH.png,671.0529032116278,Porch Group Inc,18557672400,120.06,PRCH,https://porchgroup.com/
0,US,USD,USD,NASDAQ NMS - GLOBAL MARKET,Biotechnology,2018-10-31,https://static2.finnhub.io/file/publicdatany/finnhubimage/stock_logo/TWST.png,2352.044551643185,Twist Bioscience Corp,18007190671,59.65,TWST,https://www.twistbioscience.com/
0,IL,USD,USD,"NEW YORK STOCK EXCHANGE, INC.",Technology,2021-05-12,https://static2.finnhub.io/file/publicdatany/finnhubimage/stock_logo/SMWB.png,752.0912209643244,Similarweb Ltd,972733204086,82.83,SMWB,https://www.similarweb.com
0,US,USD,USD,NASDAQ NMS - GLOBAL MARKET,Financial Services,1980-03-17,https://static2.finnhub.io/file/publicdatany/finnhubimage/stock_logo/CSWC.png,1162.8764663882455,Capital Southwest Corp,12142385700,50.58,CSWC,https://www.capitalsouthwest.com/
0,SG,MYR,MYR,NASDAQ NMS - GLOBAL MARKET,Technology,2023-04-04,https://static2.finnhub.io/file/publicdatany/finnhubimage/stock_logo/950834794486.png,25.6443276983095,ARB IOT Group Ltd,60109475998,26.44,ARBB,https://www.arbiotgroup.com/
0,US,USD,USD,NASDAQ NMS - GLOBAL MARKET,Real Estate,2009-06-03,https://static2.finnhub.io/file/publicdatany/finnhubimage/stock_logo/942983375506.png,62.740156,Office Properties Income Trust,16172191440,69.82,OPI,https://www.opireit.com/
0,US,USD,USD,"NEW YORK STOCK EXCHANGE, INC.",Commercial Services & Supplies,1998-07-02,https://static2.finnhub.io/file/publicdatany/finnhubimage/stock_logo/HNI.png,2116.157949812792,HNI Corp,15632727400,47.02,HNI,https://www.hnicorp.com/
0,US,USD,USD,NASDAQ NMS - GLOBAL MARKET,Electrical Equipment,1993-10-27,https://static2.finnhub.io/file/publicdatany/finnhubimage/stock_logo/942959147236.png,42.49405385952381,RF Industries Ltd,18585496340,10.54,RFIL,https://rfindustries.com/
0,US,USD,USD,OTC MARKETS,Machinery,2016-07-13,https://static2.finnhub.io/file/publicdatany/finnhubimage/stock_logo/950502926146.png,122.75138132867134,NEXT-ChemX Corp,17788882886,28.55,CHMX,https://www.next-chemx.com/
0,US,USD,USD,NASDAQ NMS - GLOBAL MARKET,Banking,1993-12-01,https://static2.finnhub.io/file/publicdatany/finnhubimage/stock_logo/VLY.png,5031.276715964405,Valley National Bancorp,19733058800,560.28,VLY,https://www.valley.com/
0,US,USD,USD,"NEW YORK STOCK EXCHANGE, INC.",Retail,2002-05-30,https://static2.finnhub.io/file/publicdatany/finnhubimage/stock_logo/OSTK.png,326.3090121516246,Beyond Inc,18019473100,53.14,BYON,https://www.bedbathandbeyond.com/
0,US,USD,USD,"NEW YORK STOCK EXCHANGE, INC.",Food Products,1980-03-17,https://static2.finnhub.io/file/publicdatany/finnhubimage/stock_logo/TSN.png,21384.60756547035,Tyson Foods Inc,14792904000,356.19,TSN,https://www.tysonfoods.com/
0,US,USD,USD,"NEW YORK STOCK EXCHANGE, INC.",Commercial Services & Supplies,1998-07-01,https://static2.finnhub.io/file/publicdatany/finnhubimage/stock_logo/RSG.png,73130.88959959877,Republic Services Inc,14806272700,312.28,RSG,https://www.republicservices.com/
0,US,USD,USD,NASDAQ NMS - GLOBAL MARKET,Electrical Equipment,1983-06-23,https://static2.finnhub.io/file/publicdatany/finnhubimage/stock_logo/942959069256.png,31.31704613898305,Key Tronic Corp,15099288000,10.76,KTCC,https://www.keytronic.com/
0,CN,CNY,CNY,OTC MARKETS,Health Care,2019-10-25,https://static2.finnhub.io/file/publicdatany/finnhubimage/stock_logo/950714917806.png,14.336389,Aesthetic Medical International Holdings Group Ltd,869176090333,143.36,PAIYY,http://www.pengai.com.cn
0,US,USD,USD,NASDAQ NMS - GLOBAL MARKET,Media,2017-09-28,https://static2.finnhub.io/file/publicdatany/finnhubimage/stock_logo/ROKU.png,11191.472684379396,Roku Inc,14085569040,145.94,ROKU,https://www.roku.com/
0,CA,USD,USD,TSX VENTURE EXCHANGE - NEX,Metals & Mining,2005-07-26,https://static2.finnhub.io/file/publicdatany/finnhubimage/stock_logo/950907161826.png,262.971868,Integra Resources Corp,,168.57,ITR.V,https://integraresources.com/
0,US,USD,USD,"NEW YORK STOCK EXCHANGE, INC.",N/A,1990-01-25,https://static2.finnhub.io/file/publicdatany/finnhubimage/stock_logo/942959012766.png,163.66,New Germany Fund Inc,12124544500,16.3,GF,https://fundsus.dws.com/us/en-us/products/closed-end-funds/the-new-germany-fund-inc.html
0,US,USD,USD,"NEW YORK STOCK EXCHANGE, INC.",Health Care,2015-06-05,https://static2.finnhub.io/file/publicdatany/finnhubimage/stock_logo/EVH.png,1048.1544708485499,Evolent Health Inc,15713896000,116.59,EVH,https://www.evolenthealth.com/
0,US,USD,USD,NASDAQ NMS - GLOBAL MARKET,Retail,2022-01-07,https://static2.finnhub.io/file/publicdatany/finnhubimage/stock_logo/950799103756.png,60.44675384615384,Hour Loop Inc,12063850488,35.14,HOUR,https://hourloop.com/
0,CA,CAD,CAD,TSX VENTURE EXCHANGE - NEX,Metals & Mining,1995-09-22,https://static2.finnhub.io/file/publicdatany/finnhubimage/stock_logo/950679489756.png,23.513416,Wealth Minerals Ltd,16043310096,335.91,WML.V,https://wealthminerals.com/
0,US,USD,USD,NASDAQ NMS - GLOBAL MARKET,Retail,2021-11-11,https://static2.finnhub.io/file/publicdatany/finnhubimage/stock_logo/950591075886.png,0.09758197492163,Kidpik Corp,12123992323,1.95,PIKM,https://www.kidpik.com/
0,FR,USD,USD,NYSE EURONEXT - EURONEXT PARIS,Energy,1973-09-26,https://static2.finnhub.io/file/publicdatany/finnhubimage/stock_logo/TTE.PA.png,121252.463093,TotalEnergies SE,33147444546,2270.06,TTE.PA,https://totalenergies.com/
0,US,USD,USD,"NEW YORK STOCK EXCHANGE, INC.",Metals & Mining,1994-09-16,https://static2.finnhub.io/file/publicdatany/finnhubimage/stock_logo/RS.png,15305.221313877812,Reliance Inc,12136877700,52.97,RS,https://reliance.com/
0,GB,USD,USD,LONDON STOCK EXCHANGE,Pharmaceuticals,2007-09-21,https://static2.finnhub.io/file/publicdatany/finnhubimage/stock_logo/AZN.L.png,186507.029445,AstraZeneca PLC,442073045000,1550.61,AZN.L,https://www.astrazeneca.com/
0,US,USD,USD,"NEW YORK STOCK EXCHANGE, INC.",Energy,2011-05-12,https://static2.finnhub.io/file/publicdatany/finnhubimage/stock_logo/NGL.png,627.0606674418605,NGL Energy Partners LP,19184811119,132.01,NGL,https://www.nglenergypartners.com/
0,US,USD,USD,"NEW YORK STOCK EXCHANGE, INC.",Real Estate,1993-10-28,https://static2.finnhub.io/file/publicdatany/finnhubimage/stock_logo/950000220476.png,906.731876,CBL & Associates Properties Inc,14238550001,30.94,CBL,https://www.cblproperties.com/
0,US,USD,USD,NASDAQ NMS - GLOBAL MARKET,Electrical Equipment,2005-02-22,https://static2.finnhub.io/file/publicdatany/finnhubimage/stock_logo/DGLY.png,5.94384857142857,Digital Ally Inc,19132325349,17.45,DGLY,https://www.digitalallyinc.com/
0,DE,EUR,EUR,NASDAQ NMS - GLOBAL MARKET,Biotechnology,2019-10-10,https://static2.finnhub.io/file/publicdatany/finnhubimage/stock_logo/BNTX.png,26570.357153,Biontech SE,4949613190840,239.74,BNTX,https://www.biontech.com/
0,US,USD,USD,NASDAQ NMS - GLOBAL MARKET,Media,2022-08-26,https://static2.finnhub.io/file/publicdatany/finnhubimage/stock_logo/950769429446.png,6.2041490409836095,Onfolio Holdings Inc,16829906920,5.13,ONFO,https://onfolio.com/
0,CN,CNY,CNY,SHANGHAI STOCK EXCHANGE,Chemicals,1993-11-08,https://static2.finnhub.io/file/publicdatany/finnhubimage/stock_logo/600688.SS.png,27249.002082992607,Sinopec Shanghai Petrochemical Co Ltd,862157943143,10578.88,600688.SS,http://spc.sinopec.com/spc/
0,GB,GBP,GBP,LONDON STOCK EXCHANGE,Tobacco,1962-01-29,https://static2.finnhub.io/file/publicdatany/finnhubimage/stock_logo/BATS.L.png,67955.385436,British American Tobacco plc,442078452000,2204.18,BATS.L,https://www.bat.com/
0,US,USD,USD,"NEW YORK STOCK EXCHANGE, INC.",Professional Services,2021-03-05,https://static2.finnhub.io/file/publicdatany/finnhubimage/stock_logo/950799037656.png,1190.0293344534005,Planet Labs PBC,14158293313,299.0,PL,https://www.planet.com/
0,IT,EUR,EUR,"NEW YORK STOCK EXCHANGE, INC.",Consumer products,1993-05-13,https://static2.finnhub.io/file/publicdatany/finnhubimage/stock_logo/942958757726.png,52.319393,Natuzzi SpA,3906696771,11.01,NTZ,https://www.natuzzi.com/
0,US,USD,USD,NASDAQ NMS - GLOBAL MARKET,Financial Services,2015-07-06,https://static2.finnhub.io/file/publicdatany/finnhubimage/stock_logo/PYPL.png,69721.80845677674,PayPal Holdings Inc,14089671000,989.24,PYPL,https://www.paypal.com/
0,CN,CNY,CNY,"NEW YORK STOCK EXCHANGE, INC.",Automobiles,2018-09-12,https://static2.finnhub.io/file/publicdatany/finnhubimage/stock_logo/NIO.png,8438.655010101631,NIO Inc,862169082018,2087.17,NIO,https://ir.nio.com/
0,US,USD,USD,NASDAQ NMS - GLOBAL MARKET,Biotechnology,2021-07-15,https://static2.finnhub.io/file/publicdatany/finnhubimage/stock_logo/950014363486.png,151.29720312289155,Sera Prognostics Inc,18015050278,34.99,SERA,https://www.seraprognostics.com/
0,US,USD,USD,"NEW YORK STOCK EXCHANGE, INC.",Media,2005-12-14,https://static2.finnhub.io/file/publicdatany/finnhubimage/stock_logo/LYV.png,29469.219607404855,Live Nation Entertainment Inc,13108677200,233.4,LYV,https://www.livenationentertainment.com/
0,US,USD,USD,NASDAQ NMS - GLOBAL MARKET,"Textiles, Apparel & Luxury Goods",1989-12-14,https://static2.finnhub.io/file/publicdatany/finnhubimage/stock_logo/GIII.png,1159.9256610462928,G-III Apparel Group Ltd,12124030500,43.89,GIII,https://www.giii.com/
0,US,USD,USD,NYSE MKT LLC,Diversified Consumer Services,2010-08-05,https://static2.finnhub.io/file/publicdatany/finnhubimage/stock_logo/950007902136.png,6.626793,Ambow Education Holding Ltd,16288884587,5.67,AMBO,https://www.ambow.com/
0,US,USD,USD,NASDAQ NMS - GLOBAL MARKET,Health Care,2018-06-28,https://static2.finnhub.io/file/publicdatany/finnhubimage/stock_logo/STIM.png,203.15120585080643,Neuronetics Inc,18776007555,55.68,STIM,https://neurostar.com/neuronetics/
0,KY,USD,USD,NASDAQ NMS - GLOBAL MARKET,N/A,2023-11-09,https://static2.finnhub.io/file/publicdatany/finnhubimage/stock_logo/950840490276.png,85.66656760948905,AI Transportation Acquisition Corp,8613501152063,7.84,AITR,
0,US,USD,USD,"NEW YORK STOCK EXCHANGE, INC.","Hotels, Restaurants & Leisure",2011-11-08,https://static2.finnhub.io/file/publicdatany/finnhubimage/stock_logo/VAC.png,2546.0283415214726,Marriott Vacations Worldwide Corp,14072066000,34.91,VAC,https://www.marriottvacationsworldwide.com/
0,US,USD,USD,NASDAQ NMS - GLOBAL MARKET,"Hotels, Restaurants & Leisure",2017-10-10,https://static2.finnhub.io/file/publicdatany/finnhubimage/stock_logo/AESE.png,44.98813605555555,Allied Gaming & Entertainment Inc,16467684240,44.11,AGAE,https://ir.alliedesportsent.com/
0,US,USD,USD,NASDAQ NMS - GLOBAL MARKET,Technology,2021-03-11,https://static2.finnhub.io/file/publicdatany/finnhubimage/stock_logo/950798966616.png,3830.7521377591615,SoundHound AI Inc,14084413200,393.63,SOUN,
0,US,USD,USD,"NEW YORK STOCK EXCHANGE, INC.",Chemicals,1980-03-17,https://static2.finnhub.io/file/publicdatany/finnhubimage/stock_logo/FUL.png,3091.4955186740767,H.B. Fuller Company,16512365900,54.19,FUL,https://www.hbfuller.com/
0,US,USD,USD,NASDAQ NMS - GLOBAL MARKET,Semiconductors,1979-10-15,https://static2.finnhub.io/file/publicdatany/finnhubimage/stock_logo/AMD.png,162550.14841339705,Advanced Micro Devices Inc,14087494000,1620.48,AMD,https://www.amd.com/
0,US,USD,USD,NASDAQ NMS - GLOBAL MARKET,Health Care,2020-06-09,https://static2.finnhub.io/file/publicdatany/finnhubimage/stock_logo/950745540146.png,491.5652584615386,Talkspace Inc,12122847206,168.92,TALK,https://www.talkspace.com/
0,US,USD,USD,NYSE MKT LLC,Banking,1957-05-16,https://static2.finnhub.io/file/publicdatany/finnhubimage/stock_logo/942959133446.png,222.41830277704196,Evans Bancorp Inc,17169262032,5.57,EVBN,https://www.evansbank.com/
0,US,USD,USD,NASDAQ NMS - GLOBAL MARKET,Technology,2000-07-19,https://static2.finnhub.io/file/publicdatany/finnhubimage/stock_logo/GREE.png,9.85476741560934,Greenidge Generation Holdings Inc,13155362359,11.44,GREE,https://greenidge.com/
0,CA,USD,USD,NYSE MKT LLC,Metals & Mining,2022-05-04,https://static2.finnhub.io/file/publicdatany/finnhubimage/stock_logo/950746281246.png,18.314986466165408,Austin Gold Corp,16046446579,13.27,AUST,https://www.austin.gold/
0,US,USD,USD,"NEW YORK STOCK EXCHANGE, INC.",Financial Services,2014-04-16,https://static2.finnhub.io/file/publicdatany/finnhubimage/stock_logo/MC.png,4743.8972427917415,Moelis & Co,12128833800,74.94,MC,https://www.moelis.com/
0,US,USD,USD,NYSE MKT LLC,N/A,1980-03-17,https://static2.finnhub.io/file/publicdatany/finnhubimage/stock_logo/942963991476.png,104.05,Bancroft Fund Ltd,19736311177,5.83,BCV,http://www.bancroftfund.com
0,US,USD,USD,"NEW YORK STOCK EXCHANGE, INC.","Textiles, Apparel & Luxury Goods",2005-11-18,https://static2.finnhub.io/file/publicdatany/finnhubimage/stock_logo/UAA.png,2931.0465106260863,Under Armour Inc,14104546758,432.39,UAA,https://www.underarmour.com/
0,US,USD,USD,"NEW YORK STOCK EXCHANGE, INC.",Electrical Equipment,2021-02-05,https://static2.finnhub.io/file/publicdatany/finnhubimage/stock_logo/950796952606.png,235.09553952380952,SmartRent Inc,18444791555,192.7,SMRT,http://www.smartrent.com
0,US,USD,USD,NASDAQ NMS - GLOBAL MARKET,N/A,2021-12-07,https://static2.finnhub.io/file/publicdatany/finnhubimage/stock_logo/950814819466.png,72.09080553633216,Globalink Investment Inc,12123824605,6.01,GLLI,http://www.globalinkinvestment.com
0,CA,USD,USD,TORONTO STOCK EXCHANGE,Metals & Mining,1981-05-22,https://static2.finnhub.io/file/publicdatany/finnhubimage/stock_logo/NGD.TO.png,3204.765101,New Gold Inc,14163246000,790.93,NGD.TO,https://newgold.com/home/default.aspx
0,US,,,"NEW YORK STOCK EXCHANGE, INC.",Aerospace & Defense,2025-02-13,,3803.988323863637,Karman Holdings Inc,17148989951,132.17,KRMN,https://www.Karman-SD.com
0,US,USD,USD,"NEW YORK STOCK EXCHANGE, INC.",Aerospace & Defense,2024-10-02,https://static2.finnhub.io/file/publicdatany/finnhubimage/stock_logo/950906179956.png,8980.29481266892,"StandardAero, Inc.",14803773100,334.46,SARO,
0,US,USD,USD,"NEW YORK STOCK EXCHANGE, INC.",Energy,2017-06-26,https://static2.finnhub.io/file/publicdatany/finnhubimage/stock_logo/MGY.png,4514.204097411503,Magnolia Oil & Gas Corp,17138429050,194.16,MGY,https://www.magnoliaoilgas.com/
0,US,USD,USD,"NEW YORK STOCK EXCHANGE, INC.",N/A,2007-03-28,https://static2.finnhub.io/file/publicdatany/finnhubimage/stock_logo/942976151006.png,217.91,Allspring Global Dividend Opportunity Fund,18577764824,43.07,EOD,
0,US,USD,USD,"NEW YORK STOCK EXCHANGE, INC.",Telecommunication,1988-05-04,https://static2.finnhub.io/file/publicdatany/finnhubimage/stock_logo/USM.png,5532.649895097474,United States Cellular Corp,17733998900,85.0,USM,https://www.uscellular.com/
0,US,USD,USD,NASDAQ NMS - GLOBAL MARKET,Insurance,2020-07-23,https://static2.finnhub.io/file/publicdatany/finnhubimage/stock_logo/950748530186.png,718.0689769376659,Abacus Life Inc,18005614148,96.64,ABL,https://eastresources.com/
0,US,USD,USD,OTC MARKETS,N/A,2018-04-12,,1.58164195725534,Natural Resource Holdings Inc,14159685642,5.71,NRHI,
0,DE,EUR,EUR,NASDAQ NMS - GLOBAL MARKET,Biotechnology,2017-11-16,https://static2.finnhub.io/file/publicdatany/finnhubimage/stock_logo/IFRX.png,81.23126,InflaRx NV,493641508180,67.13,IFRX,https://www.inflarx.de/
0,CN,USD,USD,NASDAQ NMS - GLOBAL MARKET,Media,2019-01-03,https://static2.finnhub.io/file/publicdatany/finnhubimage/stock_logo/LKCO.png,9.83602426703885,Luokung Technology Corp,862988266368,6.88,LKCO,https://www.luokung.com/
0,US,USD,USD,"NEW YORK STOCK EXCHANGE, INC.",Food Products,1954-11-16,https://static2.finnhub.io/file/publicdatany/finnhubimage/stock_logo/CPB.png,12466.984889094749,Campbell's Co,18002578443,298.18,CPB,https://www.campbells.com/
0,US,USD,USD,NYSE MKT LLC,Semiconductors,1997-06-17,https://static2.finnhub.io/file/publicdatany/finnhubimage/stock_logo/INTT.png,96.39794308743843,inTest Corp,18565058800,12.37,INTT,https://www.intest.com/
0,US,USD,USD,NASDAQ NMS - GLOBAL MARKET,Automobiles,2024-04-02,https://static2.finnhub.io/file/publicdatany/finnhubimage/stock_logo/950810644336.png,116.29084642857143,Massimo Group,18778816376,41.38,MAMO,https://massimo-group.com/
0,GB,GBP,GBP,LONDON STOCK EXCHANGE,Pharmaceuticals,1972-05-22,https://static2.finnhub.io/file/publicdatany/finnhubimage/stock_logo/GSK.L.png,61160.167993,GSK plc,442080475000,4140.29,GSK.L,https://www.gsk.com/
0,CA,USD,USD,NASDAQ NMS - GLOBAL MARKET,Aerospace & Defense,2018-04-18,https://static2.finnhub.io/file/publicdatany/finnhubimage/stock_logo/950606821936.png,228.12854389650352,A2Z Cust2Mate Solutions Corp,16475585564,34.28,AZ,https://cust2mate.com/
0,CA,CAD,CAD,TORONTO STOCK EXCHANGE,Energy,2010-06-02,https://static2.finnhub.io/file/publicdatany/finnhubimage/stock_logo/950007531866.png,932.519296,Precision Drilling Corp,14037164500,13.78,PD.TO,https://www.precisiondrilling.com/
0,BM,USD,USD,"NEW YORK STOCK EXCHANGE, INC.",Energy,2007-12-13,https://static2.finnhub.io/file/publicdatany/finnhubimage/stock_logo/950907052466.png,1314.053767,Teekay Tankers Ltd,14412982530,34.3,TNK,https://www.teekay.com/
0,US,USD,USD,NASDAQ NMS - GLOBAL MARKET,Airlines,2013-12-09,https://static2.finnhub.io/file/publicdatany/finnhubimage/stock_logo/AAL.png,8568.209566467924,American Airlines Group Inc,16822789000,657.58,AAL,https://americanairlines.gcs-web.com/
0,US,USD,USD,"NEW YORK STOCK EXCHANGE, INC.",Real Estate,2011-01-13,https://static2.finnhub.io/file/publicdatany/finnhubimage/stock_logo/942962421316.png,1307.746852,American Assets Trust Inc,18583502600,61.14,AAT,https://www.americanassetstrust.com/
0,US,USD,USD,OTC MARKETS,Consumer products,1998-08-17,https://static2.finnhub.io/file/publicdatany/finnhubimage/stock_logo/942959000906.png,0.357858,Groove Botanicals Inc,19527469652,59.64,GRVE,http://www.avalonoilinc.com
0,US,USD,USD,"NEW YORK STOCK EXCHANGE, INC.",Health Care,1952-10-01,https://static2.finnhub.io/file/publicdatany/finnhubimage/stock_logo/CVS.png,83628.54336230483,CVS Health Corp,14017651500,1260.8,CVS,https://cvshealth.com/
0,US,USD,USD,NASDAQ NMS - GLOBAL MARKET,Insurance,1980-03-17,https://static2.finnhub.io/file/publicdatany/finnhubimage/stock_logo/SIGI.png,5174.507240636786,Selective Insurance Group Inc,19739483000,60.81,SIGI,https://www.selective.com/
0,GB,,,NASDAQ NMS - GLOBAL MARKET,N/A,2024-11-18,,5.077760524590159,Damon Inc,4087022167,26.89,DMN,
0,US,USD,USD,OTC MARKETS,Banking,2023-10-18,,18.25,PFS Bancorp Inc,18152234300,1.73,PFSB,
0,US,USD,USD,NASDAQ NMS - GLOBAL MARKET,Metals & Mining,2017-02-03,https://static2.finnhub.io/file/publicdatany/finnhubimage/stock_logo/METC.png,445.91118791554055,Ramaco Resources Inc,18592447455,52.74,METC,https://www.ramacoresources.com/
0,CH,CHF,CHF,NASDAQ NMS - GLOBAL MARKET,Telecommunication,2024-11-04,https://static2.finnhub.io/file/publicdatany/finnhubimage/stock_logo/950906681636.png,113.365005,Sunrise Communications AG,41587777666,138.62,SNRE,https://www.sergroup.com/
0,US,USD,USD,"NEW YORK STOCK EXCHANGE, INC.",Financial Services,1992-09-11,https://static2.finnhub.io/file/publicdatany/finnhubimage/stock_logo/942959722386.png,16.38,EQUUS Total Return Inc,17135290900,13.59,EQS,https://equuscap.com/
0,US,USD,USD,NASDAQ NMS - GLOBAL MARKET,Health Care,2020-09-23,https://static2.finnhub.io/file/publicdatany/finnhubimage/stock_logo/GDRX.png,1768.4389415538794,GoodRx Holdings Inc,18552682822,383.61,GDRX,https://investors.goodrx.com/
0,US,USD,USD,"NEW YORK STOCK EXCHANGE, INC.",Retail,1981-05-22,https://static2.finnhub.io/file/publicdatany/finnhubimage/stock_logo/WMK.png,2187.6504479514624,Weis Markets Inc,15702864571,26.9,WMK,https://www.weismarkets.com/
0,US,USD,USD,NASDAQ NMS - GLOBAL MARKET,Pharmaceuticals,2022-05-17,https://static2.finnhub.io/file/publicdatany/finnhubimage/stock_logo/950730898956.png,6.71,Bright Green Corp,12013701140,191.17,BGXX,https://brightgreen.us/
0,US,USD,USD,OTC MARKETS,Machinery,2000-06-09,https://static2.finnhub.io/file/publicdatany/finnhubimage/stock_logo/942959020066.png,3.36255142857143,Kronos Advanced Technologies Inc,18007233247,659.32,KNOS,https://kronosati.co/
0,US,USD,USD,NASDAQ NMS - GLOBAL MARKET,Banking,1980-03-17,https://static2.finnhub.io/file/publicdatany/finnhubimage/stock_logo/UMBF.png,7481.9713911940435,UMB Financial Corp,18168607000,72.59,UMBF,https://www.umb.com/
0,US,USD,USD,"NEW YORK STOCK EXCHANGE, INC.",N/A,1993-03-18,https://static2.finnhub.io/file/publicdatany/finnhubimage/stock_logo/942959012796.png,110.68,Nuveen Massachusetts Quality Municipal Income Fund,13129178200,9.32,NMT,https://www.nuveen.com/CEF/Product/Overview.aspx
0,CA,USD,USD,TORONTO STOCK EXCHANGE,Utilities,1997-12-23,https://static2.finnhub.io/file/publicdatany/finnhubimage/stock_logo/AQN.TO.png,5240.195299,Algonquin Power & Utilities Corp,19054654500,767.34,AQN.TO,https://algonquinpower.com/
0,US,USD,USD,"NEW YORK STOCK EXCHANGE, INC.",Food Products,2001-08-07,https://static2.finnhub.io/file/publicdatany/finnhubimage/stock_logo/950866353246.png,10127.984643295376,Bunge Global SA,,133.97,BG,https://www.bunge.com/
0,US,USD,USD,"NEW YORK STOCK EXCHANGE, INC.",Financial Services,2008-03-25,https://static2.finnhub.io/file/publicdatany/finnhubimage/stock_logo/V.png,674609.1512408253,Visa Inc,16504323200,1953.58,V,https://usa.visa.com/
0,US,USD,USD,NASDAQ NMS - GLOBAL MARKET,Health Care,1983-12-01,https://static2.finnhub.io/file/publicdatany/finnhubimage/stock_logo/942959132166.png,1.18939544554455,Dynatronics Corp,18015687000,8.81,DYNT,https://www.dynatronics.com
0,US,USD,USD,NASDAQ NMS - GLOBAL MARKET,Automobiles,2022-06-08,https://static2.finnhub.io/file/publicdatany/finnhubimage/stock_logo/950814909206.png,15.05825355777713,Phoenix Motor Inc,19099870815,45.75,PEV,https://phoenixmotorcars.com/overview/default.aspx
0,US,USD,USD,"NEW YORK STOCK EXCHANGE, INC.",Life Sciences Tools & Services,2019-05-17,https://static2.finnhub.io/file/publicdatany/finnhubimage/stock_logo/AVTR.png,11915.795344155842,Avantor Inc,16103861700,680.9,AVTR,https://www.avantorsciences.com/
0,CA,CAD,CAD,TSX VENTURE EXCHANGE - NEX,"Hotels, Restaurants & Leisure",2016-04-01,https://static2.finnhub.io/file/publicdatany/finnhubimage/stock_logo/950487374026.png,24.608753,Odd Burger Corp,18002862145,98.44,ODD.V,https://oddburger.com/
0,BR,BRL,BRL,B3 S.A.,Beverages,2013-11-11,https://static2.finnhub.io/file/publicdatany/finnhubimage/stock_logo/ABEV3.SA.png,202430.661429,Ambev SA,551121221414,15757.66,ABEV3.SA,https://www.ambev.com.br/
0,US,USD,USD,OTC MARKETS,Chemicals,2012-09-27,https://static2.finnhub.io/file/publicdatany/finnhubimage/stock_logo/950012242816.png,182.5157135556321,Verde Resources Inc,13145309071,1249.08,VRDR,https://www.verderesources.com/
0,BM,USD,USD,NASDAQ NMS - GLOBAL MARKET,Chemicals,2013-04-15,https://static.finnhub.io/logo/788c77681b1752afeaea385fbfcdd58ffce8159ecb60650c3bf9dbaddec43c1b.png,111.43,Brookfield Property Partners LP,14412124177,7.36,BPYPP,https://bpy.brookfield.com/en
0,US,USD,USD,"NEW YORK STOCK EXCHANGE, INC.",Real Estate,2015-11-04,https://static2.finnhub.io/file/publicdatany/finnhubimage/stock_logo/950464567356.png,69.91454,Clipper Realty Inc,17184382804,16.15,CLPR,https://www.clipperrealty.com/
0,CA,USD,USD,NASDAQ NMS - GLOBAL MARKET,Communications,2001-06-21,https://static2.finnhub.io/file/publicdatany/finnhubimage/stock_logo/SYTA.png,2.30193567634855,Siyata Mobile Inc,15145001181,0.94,SYTA,https://www.siyatamobile.com/
0,US,USD,USD,"NEW YORK STOCK EXCHANGE, INC.",Technology,1915-11-11,https://static2.finnhub.io/file/publicdatany/finnhubimage/stock_logo/IBM.png,242516.70275459785,International Business Machines Corp,19144991900,927.26,IBM,https://www.ibm.com/
0,CA,USD,USD,AEQUITAS NEO EXCHANGE,Pharmaceuticals,2018-12-06,https://static2.finnhub.io/file/publicdatany/finnhubimage/stock_logo/950637680156.png,3.9079,TILT Holdings Inc,16477771713.0,347.41,TILT.NE,https://www.tiltholdings.com/
0,US,USD,USD,NYSE MKT LLC,Electrical Equipment,2022-09-29,https://static2.finnhub.io/file/publicdatany/finnhubimage/stock_logo/942979224796.png,130.15818917307692,M-Tron Industries Inc,14072982000,2.87,MPTI,https://www.mtronpti.com/
0,US,USD,USD,"NEW YORK STOCK EXCHANGE, INC.",Utilities,1961-08-28,https://static2.finnhub.io/file/publicdatany/finnhubimage/stock_logo/PNW.png,10955.922792315447,Pinnacle West Capital Corp,16022501000,119.1,PNW,https://www.pinnaclewest.com/
0,US,USD,USD,NASDAQ NMS - GLOBAL MARKET,Technology,1999-11-12,https://static2.finnhub.io/file/publicdatany/finnhubimage/stock_logo/IMMR.png,253.0415083108808,Immersion Corp,14084671900,32.28,IMMR,https://www.immersion.com/
0,US,USD,USD,NASDAQ NMS - GLOBAL MARKET,Biotechnology,2021-07-16,https://static2.finnhub.io/file/publicdatany/finnhubimage/stock_logo/950801877996.png,83.58,Zura Bio Ltd,18582470520,65.29,ZURA,https://zurabio.com/
0,US,USD,USD,NASDAQ NMS - GLOBAL MARKET,Health Care,1995-08-16,https://static2.finnhub.io/file/publicdatany/finnhubimage/stock_logo/IART.png,1776.035341034952,Integra Lifesciences Holdings Corp,16092750500,77.22,IART,https://www.integralife.com/
0,US,USD,USD,NASDAQ NMS - GLOBAL MARKET,Banking,2022-07-28,https://static2.finnhub.io/file/publicdatany/finnhubimage/stock_logo/950824530866.png,126.1627105617078,ECB Bancorp Inc,16173871110,9.1,ECBK,https://investor.everettbank.com/home/default.aspx
0,US,CAD,CAD,CANADIAN NATIONAL STOCK EXCHANGE,Biotechnology,2021-02-08,https://static2.finnhub.io/file/publicdatany/finnhubimage/stock_logo/DRUG.CN.png,359.243424,Bright Minds Biosciences Inc,16478658622,7.04,DRUG.CN,https://brightmindsbio.com/
0,US,USD,USD,NASDAQ NMS - GLOBAL MARKET,Technology,1999-10-29,https://static2.finnhub.io/file/publicdatany/finnhubimage/stock_logo/AKAM.png,13155.790310889988,Akamai Technologies Inc,16174443000,150.32,AKAM,https://www.akamai.com/
0,US,USD,USD,"NEW YORK STOCK EXCHANGE, INC.",Insurance,1973-10-19,https://static2.finnhub.io/file/publicdatany/finnhubimage/stock_logo/WRB.png,23724.382504590638,W R Berkley Corp,12036293000,379.23,WRB,https://www.berkley.com
0,IL,USD,USD,NASDAQ NMS - GLOBAL MARKET,Technology,1991-08-16,https://static2.finnhub.io/file/publicdatany/finnhubimage/stock_logo/942958750196.png,584.2817272888514,Magic Software Enterprises Ltd,97235389292,49.1,MGIC,https://www.magicsoftware.com
0,US,USD,USD,NASDAQ NMS - GLOBAL MARKET,Biotechnology,2024-03-28,https://static2.finnhub.io/file/publicdatany/finnhubimage/stock_logo/950713993026.png,37.68707356470589,Boundless Bio Inc,18587669912,22.3,BOLD,https://boundlessbio.com/
0,US,USD,USD,"NEW YORK STOCK EXCHANGE, INC.",Packaging,1979-05-31,https://static2.finnhub.io/file/publicdatany/finnhubimage/stock_logo/SEE.png,4654.176938524275,Sealed Air Corporation,19802213235,145.76,SEE,https://www.sealedair.com/
0,US,USD,USD,NASDAQ NMS - GLOBAL MARKET,Banking,2006-07-06,https://static2.finnhub.io/file/publicdatany/finnhubimage/stock_logo/942958998416.png,316.3047669588313,Northeast Community Bancorp Inc,19146842500,14.02,NECB,https://www.necommunitybank.com/
0,US,USD,USD,NASDAQ NMS - GLOBAL MARKET,Consumer products,2021-03-25,https://static2.finnhub.io/file/publicdatany/finnhubimage/stock_logo/CRCT.png,1185.626786661972,Cricut Inc,18777274288,212.54,CRCT,https://cricut.com/
0,US,USD,USD,"NEW YORK STOCK EXCHANGE, INC.",N/A,1988-03-17,https://static2.finnhub.io/file/publicdatany/finnhubimage/stock_logo/942959013916.png,248.72,Saba Capital Income & Opportunities Fund II,19545277500,28.14,SABA,https://www.franklintempleton.com/investments/options/closed-end-funds/products/146/SINGLCLASS/templeton-global-income-fund-inc/GIM
0,US,USD,USD,NYSE MKT LLC,Aerospace & Defense,1980-03-17,https://static2.finnhub.io/file/publicdatany/finnhubimage/stock_logo/942959049176.png,18.13368388513514,SIFCO Industries Inc,12168818600,6.15,SIF,https://sifco.com/
0,US,USD,USD,NASDAQ NMS - GLOBAL MARKET,Building,2011-03-24,https://static2.finnhub.io/file/publicdatany/finnhubimage/stock_logo/950335628676.png,7.622286235038089,CEA Industries Inc,13039935271,0.8,CEAD,https://surna.com/
0,US,USD,USD,"NEW YORK STOCK EXCHANGE, INC.",Banking,2000-06-28,https://static2.finnhub.io/file/publicdatany/finnhubimage/stock_logo/BHLB.png,1228.8025532508436,Berkshire Hills Bancorp Inc,14134435601,46.4,BHLB,https://ir.berkshirebank.com/
0,US,USD,USD,OTC MARKETS,"Hotels, Restaurants & Leisure",2009-07-10,https://static2.finnhub.io/file/publicdatany/finnhubimage/stock_logo/942959017556.png,72.498564,Galaxy Gaming Inc,17029393254,25.0,GLXZ,https://www.galaxygaming.com/
0,CA,USD,USD,TORONTO STOCK EXCHANGE,Metals & Mining,1992-02-27,https://static2.finnhub.io/file/publicdatany/finnhubimage/stock_logo/FVI.TO.png,2029.216637,Fortuna Mining Corp,16044844085,306.53,FVI.TO,https://www.fortunamining.com/
0,US,USD,USD,"NEW YORK STOCK EXCHANGE, INC.",Consumer products,1971-06-25,https://static2.finnhub.io/file/publicdatany/finnhubimage/stock_logo/942959046536.png,567.4040121358448,Oil-Dri Corporation of America,13123211515,14.59,ODC,https://www.oildri.com/
0,US,USD,USD,"NEW YORK STOCK EXCHANGE, INC.",Media,1995-07-12,https://static2.finnhub.io/file/publicdatany/finnhubimage/stock_logo/942959084856.png,2440.994723060869,John Wiley & Sons Inc,12017486000,54.03,WLY,https://www.wiley.com/
0,US,USD,USD,OTC MARKETS,N/A,2013-01-16,https://static2.finnhub.io/file/publicdatany/finnhubimage/stock_logo/942959100286.png,2.5775885416666697,Wright Investors Service Holdings Inc,19142425700,20.62,IWSH,
0,US,USD,USD,NASDAQ NMS - GLOBAL MARKET,Trading Companies & Distributors,2019-10-16,https://static2.finnhub.io/file/publicdatany/finnhubimage/stock_logo/950674852956.png,597.7195189875126,Karat Packaging Inc,16269658882,20.02,KRT,https://karatpackaging.com
0,US,USD,USD,NASDAQ NMS - GLOBAL MARKET,N/A,2023-10-06,https://static2.finnhub.io/file/publicdatany/finnhubimage/stock_logo/950867359116.png,95.46497225988699,Quetta Acquisition Corp,17184632666,3.75,QETA,
0,US,USD,USD,"NEW YORK STOCK EXCHANGE, INC.",N/A,2012-06-27,https://static2.finnhub.io/file/publicdatany/finnhubimage/stock_logo/950361906386.png,288.83,Nyli Mackay Definedterm Muni Opportunities Fund,12125767000,18.78,MMD,
0,US,USD,USD,OTC MARKETS,Media,1994-03-04,https://static2.finnhub.io/file/publicdatany/finnhubimage/stock_logo/950000236726.png,11.673653,Kwikclick Inc,18012434840,155.65,KWIK,https://kwikclick.com
0,US,USD,USD,OTC MARKETS,Media,2002-08-21,https://static2.finnhub.io/file/publicdatany/finnhubimage/stock_logo/950763748016.png,2.26760490277778,Bubblr Inc,16476462263,159.69,BBLR,https://ethicalweb.ai/
0,US,USD,USD,"NEW YORK STOCK EXCHANGE, INC.",N/A,1986-11-13,https://static2.finnhub.io/file/publicdatany/finnhubimage/stock_logo/942959055956.png,125.12,Argo Group US Inc,12103218400,5.75,ARGD,
0,US,USD,USD,NASDAQ NMS - GLOBAL MARKET,Biotechnology,2023-11-10,https://static2.finnhub.io/file/publicdatany/finnhubimage/stock_logo/950838611276.png,182.26978815665797,CARGO Therapeutics Inc,16504998950,46.03,CRGX,https://cargo-tx.com
0,US,USD,USD,OTC MARKETS,Chemicals,2009-05-08,https://static2.finnhub.io/file/publicdatany/finnhubimage/stock_logo/942981038486.png,8.22745826923077,Basanite Inc,19545324653,260.16,BASA,https://basaltamerica.com/
0,FR,EUR,EUR,NYSE EURONEXT - EURONEXT PARIS,Banking,2001-12-13,https://static2.finnhub.io/file/publicdatany/finnhubimage/stock_logo/985899343126.png,49904.905195,Credit Agricole SA,33143235202,3025.9,ACA.PA,https://www.credit-agricole.com/
0,US,USD,USD,"NEW YORK STOCK EXCHANGE, INC.",Real Estate,2017-05-10,https://static2.finnhub.io/file/publicdatany/finnhubimage/stock_logo/950460396166.png,620.6123788721541,Five Point Holdings LLC,19493491000,69.5,FPH,https://fivepoint.com/
0,US,USD,USD,OTC MARKETS,Metals & Mining,2021-02-18,https://static2.finnhub.io/file/publicdatany/finnhubimage/stock_logo/950779348006.png,115.78966878712356,Fortitude Gold Corp,13033207708,24.17,FTCO,https://www.fortitudegold.com
0,US,USD,USD,NASDAQ NMS - GLOBAL MARKET,Financial Services,2021-03-05,https://static2.finnhub.io/file/publicdatany/finnhubimage/stock_logo/950797054386.png,1091.5261144881622,Dave Inc,18448573283,13.09,DAVE,https://www.dave.com/
0,US,USD,USD,NASDAQ NMS - GLOBAL MARKET,N/A,2023-07-14,https://static2.finnhub.io/file/publicdatany/finnhubimage/stock_logo/950866189706.png,417.8499929936073,Nabors Energy Transition Corp II,12818740034,30.5,NETD,https://www.nabors-etcorp.com/
0,US,USD,USD,NYSE MKT LLC,Logistics & Transportation,2005-03-11,https://static2.finnhub.io/file/publicdatany/finnhubimage/stock_logo/942959025626.png,318.7177885323529,Radiant Logistics Inc,14254621094,47.01,RLGT,https://radiantdelivers.com/
0,US,USD,USD,"NEW YORK STOCK EXCHANGE, INC.",Construction,2006-10-04,https://static2.finnhub.io/file/publicdatany/finnhubimage/stock_logo/PRIM.png,3409.2120703061673,Primoris Services Corp,12147405600,53.75,PRIM,https://www.prim.com/
0,CA,CAD,CAD,TORONTO STOCK EXCHANGE,Utilities,1980-03-17,https://static2.finnhub.io/file/publicdatany/finnhubimage/stock_logo/FTS.TO.png,31206.249237,Fortis Inc,17097372800,499.31,FTS.TO,https://www.fortisinc.com
0,CN,CNY,CNY,SHANGHAI STOCK EXCHANGE,Transportation Infrastructure,1997-03-12,https://static2.finnhub.io/file/publicdatany/finnhubimage/stock_logo/942958642656.png,21345.393719300693,Shenzhen Expressway Corp Ltd,8675586698069,2180.77,600548.SS,https://www.sz-expressway.com/
0,US,USD,USD,NASDAQ NMS - GLOBAL MARKET,Financial Services,2020-10-16,https://static2.finnhub.io/file/publicdatany/finnhubimage/stock_logo/950799014506.png,2691.7083864225356,Payoneer Global Inc,12126009272,359.85,PAYO,http://www.payoneer.com
0,US,USD,USD,NASDAQ NMS - GLOBAL MARKET,Banking,1999-04-01,https://static2.finnhub.io/file/publicdatany/finnhubimage/stock_logo/CFFN.png,770.1608881989708,Capitol Federal Financial Inc,17852351341,132.79,CFFN,https://ir.capfed.com/
0,US,USD,USD,NASDAQ NMS - GLOBAL MARKET,Electrical Equipment,2009-04-03,https://static2.finnhub.io/file/publicdatany/finnhubimage/stock_logo/942978518366.png,0.60479890132856,Sobr Safe Inc,18447627723,0.92,SOBR,https://sobrsafe.com/
0,ID,USD,USD,NYSE MKT LLC,Energy,2019-12-19,https://static2.finnhub.io/file/publicdatany/finnhubimage/stock_logo/950710825806.png,35.361345648854964,Indonesia Energy Corp Ltd,62215768888,10.2,INDO,http://indo-energy.com/
0,US,USD,USD,NASDAQ NMS - GLOBAL MARKET,Retail,2001-03-20,https://static2.finnhub.io/file/publicdatany/finnhubimage/stock_logo/942958993566.png,6.78611334519573,Xcel Brands Inc,13477272474,23.73,XELB,https://xcelbrands.co/
0,US,USD,USD,NASDAQ NMS - GLOBAL MARKET,Professional Services,2006-11-15,https://static2.finnhub.io/file/publicdatany/finnhubimage/stock_logo/942976159836.png,58.419658158966115,Where Food Comes From Inc,13038953002,5.23,WFCF,https://www.wherefoodcomesfrom.com/
0,US,USD,USD,NASDAQ NMS - GLOBAL MARKET,Health Care,1995-11-02,https://static2.finnhub.io/file/publicdatany/finnhubimage/stock_logo/OPK.png,1275.9454312698415,OPKO Health Inc,13055754181,671.55,OPK,https://www.opko.com/
0,KY,USD,USD,NASDAQ NMS - GLOBAL MARKET,Health Care,2024-04-10,https://static2.finnhub.io/file/publicdatany/finnhubimage/stock_logo/950870914346.png,12.56551142857143,Mobile-health Network Solutions,3456562225223,34.49,MNDR,
0,CN,CNY,CNY,SHANGHAI STOCK EXCHANGE,Energy,2000-10-19,https://static2.finnhub.io/file/publicdatany/finnhubimage/stock_logo/600028.SS.png,646966.6622596943,China Petroleum & Chemical Corp,861059960028,121281.56,600028.SS,http://www.sinopec.com/
0,US,USD,USD,OTC MARKETS,Health Care,2008-02-06,https://static2.finnhub.io/file/publicdatany/finnhubimage/stock_logo/942978745936.png,8.44,Born Inc,13869442660,419.98,BRRN,http://www.quture.com
0,SG,USD,USD,NASDAQ NMS - GLOBAL MARKET,Technology,2021-12-09,https://static2.finnhub.io/file/publicdatany/finnhubimage/stock_logo/950869456436.png,770.5277190292277,BitFuFu Inc,6562524595,162.9,FUFU,http://www.bitfufu.com
0,US,USD,USD,OTC MARKETS,N/A,2023-02-08,,989.81,AI Unlimited Group Inc,14244572590,314.23,AIUG,https://www.aiug.ai/
0,US,USD,USD,"NEW YORK STOCK EXCHANGE, INC.",Energy,2017-05-18,https://static2.finnhub.io/file/publicdatany/finnhubimage/stock_logo/950458171626.png,146.9243093757225,SEACOR Marine Holdings Inc,19858765400,27.67,SMHI,https://ir.seacormarine.com/
0,US,USD,USD,NASDAQ NMS - GLOBAL MARKET,Building,2015-09-16,https://static2.finnhub.io/file/publicdatany/finnhubimage/stock_logo/950441681096.png,5059.259290832972,CSW Industrials Inc,12148843777,16.78,CSWI,https://cswindustrials.com/
0,US,USD,USD,OTC MARKETS,Biotechnology,2000-05-24,https://static2.finnhub.io/file/publicdatany/finnhubimage/stock_logo/942959159206.png,0.055928,Manhattan Scientifics Inc,12125412405,559.28,MHTX,http://www.mhtx.com/
0,US,USD,USD,NASDAQ NMS - GLOBAL MARKET,Biotechnology,2021-07-29,https://static2.finnhub.io/file/publicdatany/finnhubimage/stock_logo/950637440036.png,30.86676581777654,Rallybio Corp,12038593820,41.49,RLYB,https://rallybio.com/
0,US,USD,USD,OTC MARKETS,Financial Services,1985-01-23,https://static2.finnhub.io/file/publicdatany/finnhubimage/stock_logo/942959039706.png,3217.7949819230776,Federal Home Loan Mortgage Corp,17039032000,650.06,FMCC,https://www.freddiemac.com/
0,US,USD,USD,NASDAQ NMS - GLOBAL MARKET,Semiconductors,2019-10-04,https://static2.finnhub.io/file/publicdatany/finnhubimage/stock_logo/INDI.png,610.8888321802722,indie Semiconductor Inc,12024310507,208.49,INDI,https://www.indiesemi.com/
0,US,USD,USD,OTC MARKETS,N/A,2019-06-27,https://static2.finnhub.io/file/publicdatany/finnhubimage/stock_logo/950564441676.png,3.642107,Kindcard Inc,18888880708,98.17,KCRD,https://www.kindcard.com/
0,US,USD,USD,NASDAQ NMS - GLOBAL MARKET,"Hotels, Restaurants & Leisure",2019-08-01,https://static2.finnhub.io/file/publicdatany/finnhubimage/stock_logo/950671851426.png,703.6968337588047,Kura Sushi USA Inc,19497481786,12.07,KRUS,https://kurasushi.com
0,US,USD,USD,"NEW YORK STOCK EXCHANGE, INC.",N/A,1973-03-16,https://static2.finnhub.io/file/publicdatany/finnhubimage/stock_logo/942959013266.png,118.22,Western Asset Investment Grade Income Fund Inc,14105390000,9.51,PAI,
0,CN,CNY,CNY,"NEW YORK STOCK EXCHANGE, INC.",Road & Rail,2021-06-22,https://static2.finnhub.io/file/publicdatany/finnhubimage/stock_logo/950791631716.png,13887.56,Full Truck Alliance Co Ltd,1862566920156,20915.0,YMM,https://ir.fulltruckalliance.com
0,CA,USD,USD,TORONTO STOCK EXCHANGE,Building,2013-11-28,https://static2.finnhub.io/file/publicdatany/finnhubimage/stock_logo/942973109126.png,185.836571,DIRTT Environmental Solutions Ltd,14037235000,193.36,DRT.TO,https://www.dirtt.net/
0,JP,JPY,JPY,TOKYO STOCK EXCHANGE-TOKYO PRO MARKET,Chemicals,1949-05-16,https://static2.finnhub.io/file/publicdatany/finnhubimage/stock_logo/942958806986.png,9070628.459473,Shin-Etsu Chemical Co Ltd,81368122300,1985.0,4063.T,https://www.shinetsu.co.jp/
0,CN,CNY,CNY,NASDAQ NMS - GLOBAL MARKET,Media,2018-11-20,https://static2.finnhub.io/file/publicdatany/finnhubimage/stock_logo/950665885516.png,1.40487,TuanChe Ltd,861063986232,50.74,TC,http://ir.tuanche.com/
0,US,USD,USD,NASDAQ NMS - GLOBAL MARKET,Biotechnology,2021-05-21,https://static2.finnhub.io/file/publicdatany/finnhubimage/stock_logo/950799234966.png,9.08390811496196,NKGen Biotech Inc,19493966830,44.95,NKGN,https://nkgenbiotech.com/
0,US,USD,USD,"NEW YORK STOCK EXCHANGE, INC.",Financial Services,2013-01-05,https://static2.finnhub.io/file/publicdatany/finnhubimage/stock_logo/950379373076.png,186.438455,Ellington Credit Co,12036981200,29.18,EARN,https://www.ellingtoncredit.com/
0,CN,USD,USD,NASDAQ NMS - GLOBAL MARKET,Health Care,2023-03-28,https://static2.finnhub.io/file/publicdatany/finnhubimage/stock_logo/950813733486.png,124.92,Jin Medical International Ltd,8651989607972,156.55,ZJYL,http://ir.zhjmedical.com/
0,LU,USD,USD,"NEW YORK STOCK EXCHANGE, INC.",Chemicals,2021-11-09,https://static2.finnhub.io/file/publicdatany/finnhubimage/stock_logo/950811496026.png,1403.8485808289615,Perimeter Solutions SA,,149.66,PRM,http://www.perimeter-solutions.com/en/
0,US,USD,USD,NASDAQ NMS - GLOBAL MARKET,Machinery,2020-10-14,https://static2.finnhub.io/file/publicdatany/finnhubimage/stock_logo/950769291006.png,1884.4872918565404,Hillman Solutions Corp,15138514900,197.33,HLMN,https://ir.hillmangroup.com/
0,US,USD,USD,NASDAQ NMS - GLOBAL MARKET,Retail,1993-03-16,https://static2.finnhub.io/file/publicdatany/finnhubimage/stock_logo/942959079076.png,625.2913868131967,Shoe Carnival Inc,18128676471,27.17,SCVL,https://www.shoecarnival.com/
0,CA,CAD,CAD,TSX VENTURE EXCHANGE - NEX,Metals & Mining,2008-08-25,https://static2.finnhub.io/file/publicdatany/finnhubimage/stock_logo/950731627866.png,1.842102,Mexican Gold Mining Corp,,21.23,MEX.V,http://www.mexicangold.ca/
0,US,USD,USD,NASDAQ NMS - GLOBAL MARKET,Health Care,2004-03-31,https://static2.finnhub.io/file/publicdatany/finnhubimage/stock_logo/942959042966.png,1.98629498630137,Cutera Inc,14156575500,20.19,CUTR,https://www.cutera.com/
0,US,USD,USD,"NEW YORK STOCK EXCHANGE, INC.",Chemicals,1948-09-10,https://static2.finnhub.io/file/publicdatany/finnhubimage/stock_logo/FMC.png,5157.283082223299,FMC Corp,12152996668,124.84,FMC,https://www.fmc.com/en
0,IL,USD,USD,NASDAQ NMS - GLOBAL MARKET,Technology,2006-11-16,https://static2.finnhub.io/file/publicdatany/finnhubimage/stock_logo/942958752886.png,207.20115401999996,Allot Ltd,97297619200,39.29,ALLT,https://www.allot.com
0,US,USD,USD,NASDAQ NMS - GLOBAL MARKET,Real Estate,2020-08-13,https://static2.finnhub.io/file/publicdatany/finnhubimage/stock_logo/950834833026.png,9.983660573019371,Alset Inc,13019713955,10.74,AEI,https://www.alsetinc.com/
0,US,USD,USD,NASDAQ NMS - GLOBAL MARKET,Biotechnology,2012-09-07,https://static2.finnhub.io/file/publicdatany/finnhubimage/stock_logo/950801483196.png,11.65170925925926,Indaptus Therapeutics Inc,16464272727,14.12,INDP,https://indaptusrx.com/
0,US,USD,USD,"NEW YORK STOCK EXCHANGE, INC.",Utilities,2020-07-24,https://static2.finnhub.io/file/publicdatany/finnhubimage/stock_logo/BEPC.png,4009.0326819944366,Brookfield Renewable Corp,12124177000,179.61,BEPC,https://bep.brookfield.com/bepc
0,US,USD,USD,NASDAQ NMS - GLOBAL MARKET,Insurance,2007-10-05,https://static2.finnhub.io/file/publicdatany/finnhubimage/stock_logo/942959034376.png,578.9415864735538,American Coastal Insurance Corp,17278957737,48.2,ACIC,https://www.upcinsurance.com/
0,US,USD,USD,CANADIAN NATIONAL STOCK EXCHANGE,Pharmaceuticals,2006-03-17,https://static2.finnhub.io/file/publicdatany/finnhubimage/stock_logo/942975213306.png,0.726796,Lowell Farms Inc,18319988214,18.15,LOWL.CN,https://www.lowellfarms.com/
0,US,USD,USD,NASDAQ NMS - GLOBAL MARKET,Real Estate,2004-06-24,https://static2.finnhub.io/file/publicdatany/finnhubimage/stock_logo/942958999356.png,618.575635,New York Mortgage Trust Inc,12127920107,90.57,NYMT,https://www.nymtrust.com/
0,IE,EUR,EUR,NASDAQ NMS - GLOBAL MARKET,Media,2023-01-27,https://static2.finnhub.io/file/publicdatany/finnhubimage/stock_logo/950833898766.png,6.187906,Brera Holdings PLC,3539492337869,12.72,BREA,https://www.breraholdings.com/
0,US,USD,USD,"NEW YORK STOCK EXCHANGE, INC.",Energy,2012-02-02,https://static2.finnhub.io/file/publicdatany/finnhubimage/stock_logo/MTDR.png,5668.130710123241,Matador Resources Co,19723715200,125.21,MTDR,https://www.matadorresources.com/
0,US,USD,USD,NASDAQ NMS - GLOBAL MARKET,Biotechnology,2020-10-02,https://static2.finnhub.io/file/publicdatany/finnhubimage/stock_logo/950489048016.png,167.535595,C4 Therapeutics Inc,16172310700,70.99,CCCC,https://c4therapeutics.com/
0,US,USD,USD,"NEW YORK STOCK EXCHANGE, INC.",N/A,2001-07-27,https://static2.finnhub.io/file/publicdatany/finnhubimage/stock_logo/942963963366.png,338.82,BlackRock California Municipal Income Trust,18888252257,30.06,BFZ,https://www.blackrock.com/investing/products/240213/blackrock-california-municipal-income-trust-usd-
0,US,USD,USD,NASDAQ NMS - GLOBAL MARKET,Professional Services,2015-01-16,https://static2.finnhub.io/file/publicdatany/finnhubimage/stock_logo/XELA.png,12.11583447313954,Exela Technologies Inc,18449352832,27.75,XELA,https://www.exelatech.com/
0,US,USD,USD,NASDAQ NMS - GLOBAL MARKET,Media,2022-08-11,https://static2.finnhub.io/file/publicdatany/finnhubimage/stock_logo/950825012436.png,7.077681459854009,Treasure Global Inc,160126437688,52.43,TGL,https://treasureglobal.co/
0,US,USD,USD,NASDAQ NMS - GLOBAL MARKET,Biotechnology,2019-05-09,https://static2.finnhub.io/file/publicdatany/finnhubimage/stock_logo/950429466566.png,66.44248243999999,Quince Therapeutics Inc,14159105717,44.0,QNCX,https://quincetx.com/
0,US,USD,USD,"NEW YORK STOCK EXCHANGE, INC.",Real Estate,1998-04-13,https://static2.finnhub.io/file/publicdatany/finnhubimage/stock_logo/942959025176.png,1090.853469,MFA Financial Inc,12122076400,102.52,MFA,https://www.mfafinancial.com/
0,US,USD,USD,"NEW YORK STOCK EXCHANGE, INC.",N/A,1998-03-18,https://static2.finnhub.io/file/publicdatany/finnhubimage/stock_logo/942960196486.png,611.63,BlackRock Muniholdings New Jersy Quality Fund Inc,18004417762,53.19,MUJ,https://www.blackrock.com/investing/products/240267/blackrock-muniholdings-new-jersey-insured-fund-i
0,CN,CNY,CNY,"NEW YORK STOCK EXCHANGE, INC.",Technology,2019-12-13,https://static2.finnhub.io/file/publicdatany/finnhubimage/stock_logo/950683137936.png,248.31609202261,OneConnect Financial Technology Co Ltd,862120660625,1169.98,OCFT,https://www.ocft.com
0,IL,USD,USD,TEL AVIV STOCK EXCHANGE,Pharmaceuticals,1951-01-01,https://static2.finnhub.io/file/publicdatany/finnhubimage/stock_logo/TEVA.TA.png,64281.551853,Teva Pharmaceutical Industries Ltd,97239148213,1145.84,TEVA.TA,https://www.tevapharm.com/
0,CH,USD,USD,"NEW YORK STOCK EXCHANGE, INC.",Metals & Mining,2008-07-16,https://static2.finnhub.io/file/publicdatany/finnhubimage/stock_logo/950921775076.png,364.3463976923077,Lithium Argentina AG,,161.93,LAR,
0,US,USD,USD,"NEW YORK STOCK EXCHANGE, INC.",Technology,2021-06-10,https://static2.finnhub.io/file/publicdatany/finnhubimage/stock_logo/950801514946.png,3815.45,Zeta Global Holdings Corp,12129675055,237.72,ZETA,https://investors.zetaglobal.com/
0,US,USD,USD,NASDAQ NMS - GLOBAL MARKET,Auto Components,2019-03-25,https://static2.finnhub.io/file/publicdatany/finnhubimage/stock_logo/LAZR.png,166.14727840038688,Luminar Technologies Inc,14079005259,33.3,LAZR,https://www.luminartech.com/
0,US,USD,USD,NASDAQ NMS - GLOBAL MARKET,N/A,2024-11-20,https://static2.finnhub.io/file/publicdatany/finnhubimage/stock_logo/950866425286.png,8.298899755599999,Real Messenger Corp,16574088684,9.32,RMSG,
0,US,USD,USD,OTC MARKETS,Financial Services,2008-11-18,https://static2.finnhub.io/file/publicdatany/finnhubimage/stock_logo/942980306746.png,103.85717585401285,Rego Payment Architectures Inc,12674657530,136.15,RPMT,https://regopayments.com/
0,JP,JPY,JPY,TOKYO STOCK EXCHANGE-TOKYO PRO MARKET,Chemicals,1962-08-27,https://static2.finnhub.io/file/publicdatany/finnhubimage/stock_logo/942958772406.png,2067073.600586,Nitto Denko Corp,81676322101,706.76,6988.T,https://www.nitto.com/jp/ja/
0,US,DZD,DZD,"NEW YORK STOCK EXCHANGE, INC.",N/A,2010-05-26,https://static2.finnhub.io/file/publicdatany/finnhubimage/stock_logo/950007518916.png,183.45,Blackstone Senior Floating Rate 2027 Term Fund,12125032100,13.01,BSL,https://www.blackstone.com/the-firm/asset-management/registered-funds
0,US,USD,USD,"NEW YORK STOCK EXCHANGE, INC.",Technology,2015-01-23,https://static2.finnhub.io/file/publicdatany/finnhubimage/stock_logo/BOX.png,4637.320502169155,Box Inc,18777294269,143.7,BOX,https://www.box.com/
0,FI,EUR,EUR,NASDAQ OMX HELSINKI LTD.,Communications,1905-03-29,https://static2.finnhub.io/file/publicdatany/finnhubimage/stock_logo/NOKIA.HE.png,25928.132559,Nokia Oyj,358104488000,5605.85,NOKIA.HE,https://www.nokia.com/
0,US,USD,USD,OTC MARKETS,Diversified Consumer Services,2020-04-30,https://static.finnhub.io/logo/e1a03af3828cd349065de32080a85b2ab5a0baf247a0bd6ff833c9298e3ad661.png,2.32,NP Life Sciences Health Industry Group Inc,19253623169,42.96,NPLS,https://gjcc.us/
0,NL,EUR,EUR,NYSE EURONEXT - EURONEXT AMSTERDAM,Telecommunication,1994-06-13,https://static2.finnhub.io/file/publicdatany/finnhubimage/stock_logo/942958848446.png,13976.072352,Koninklijke KPN NV,31703434343,3888.93,KPN.AS,https://www.kpn.com/
0,TR,USD,TRY,BORSA ISTANBUL,Airlines,1990-12-20,https://static.finnhub.io/logo/30f2b1fe-80f9-11ea-800c-00000000092a.png,463680.0,Turk Hava Yollari AO,902124636363,1380.0,THYAO.E.IS,https://www.turkishairlines.com
0,HK,HKD,HKD,NASDAQ NMS - GLOBAL MARKET,Real Estate,2024-08-23,https://static2.finnhub.io/file/publicdatany/finnhubimage/stock_logo/950871466496.png,185.75400338983053,Reitar Logtech Holdings Ltd,85225545666,62.44,RITR,https://www.reitar.io/
0,US,USD,USD,NASDAQ NMS - GLOBAL MARKET,Metals & Mining,1956-01-16,https://static2.finnhub.io/file/publicdatany/finnhubimage/stock_logo/950490953286.png,107.95050251957296,US Gold Corp,16097990071,12.32,USAU,https://www.usgoldcorp.gold/
0,US,USD,USD,NASDAQ NMS - GLOBAL MARKET,Semiconductors,2011-06-20,https://static2.finnhub.io/file/publicdatany/finnhubimage/stock_logo/ENPH.png,8164.157377854735,Enphase Energy Inc,17077634784,132.47,ENPH,https://enphase.com/
0,US,USD,USD,NASDAQ NMS - GLOBAL MARKET,Technology,2000-09-19,https://static2.finnhub.io/file/publicdatany/finnhubimage/stock_logo/SNCR.png,90.50789344562645,Synchronoss Technologies Inc,18666203940,10.84,SNCR,https://synchronoss.com/
0,US,USD,USD,OTC MARKETS,N/A,2013-01-29,https://static2.finnhub.io/file/publicdatany/finnhubimage/stock_logo/950355761756.png,31.39715636490067,iQSTEL Inc,19549518191,206.15,IQST,https://www.iqstel.com
0,US,USD,USD,NASDAQ NMS - GLOBAL MARKET,Food Products,2025-01-28,,7587.075901719778,Smithfield Foods Inc,17573653000,393.11,SFD,https://www.smithfieldfoods.com/
0,US,USD,USD,NASDAQ NMS - GLOBAL MARKET,Health Care,2019-11-08,https://static2.finnhub.io/file/publicdatany/finnhubimage/stock_logo/950379905466.png,95.3200345596708,TELA Bio Inc,14843202930,39.39,TELA,http://www.telabio.com/
0,US,USD,USD,NASDAQ NMS - GLOBAL MARKET,Banking,1980-03-17,https://static2.finnhub.io/file/publicdatany/finnhubimage/stock_logo/FITB.png,26764.04386564376,Fifth Third Bancorp,15135795300,668.1,FITB,https://www.53.com/
0,US,USD,USD,NASDAQ NMS - GLOBAL MARKET,Media,2013-01-11,https://static2.finnhub.io/file/publicdatany/finnhubimage/stock_logo/FWONA.png,27959.673468729918,Liberty Media Corp,17208755400,341.1,FWONA,https://www.libertymedia.com/
0,US,USD,USD,NASDAQ NMS - GLOBAL MARKET,N/A,2022-02-18,https://static2.finnhub.io/file/publicdatany/finnhubimage/stock_logo/950820613976.png,39.57,PowerUp Acquisition Corp,15617048527,46.01,PWUP,https://www.powerupacq.com/
0,US,USD,USD,NASDAQ NMS - GLOBAL MARKET,Electrical Equipment,1992-06-25,https://static2.finnhub.io/file/publicdatany/finnhubimage/stock_logo/FCEL.png,139.3374570738037,Fuelcell Energy Inc,12038256000,21.14,FCEL,https://www.fuelcellenergy.com/
0,US,USD,USD,NASDAQ NMS - GLOBAL MARKET,Insurance,2014-04-01,https://static2.finnhub.io/file/publicdatany/finnhubimage/stock_logo/950870995566.png,25.61481184080828,Fundamental Global Inc,18477731665,1.26,FGF,https://www.fgfinancial.com/home/default.aspx
0,US,USD,USD,"NEW YORK STOCK EXCHANGE, INC.",Metals & Mining,2020-04-30,https://static2.finnhub.io/file/publicdatany/finnhubimage/stock_logo/MP.png,4082.7864662024595,MP Materials Corp,17028446111,163.44,MP,https://mpmaterials.com/
0,US,USD,USD,NASDAQ NMS - GLOBAL MARKET,Consumer products,1990-07-19,https://static2.finnhub.io/file/publicdatany/finnhubimage/stock_logo/VERU.png,75.1388656073457,Veru Inc,13125959123,146.38,VERU,https://verupharma.com/
0,US,USD,USD,"NEW YORK STOCK EXCHANGE, INC.",Energy,2007-10-23,https://static2.finnhub.io/file/publicdatany/finnhubimage/stock_logo/CVI.png,1815.582700956948,CVR Energy Inc,12812073200,100.53,CVI,https://www.cvrenergy.com/
0,US,USD,USD,TORONTO STOCK EXCHANGE,Metals & Mining,2008-04-24,https://static2.finnhub.io/file/publicdatany/finnhubimage/stock_logo/942962126886.png,10.64,Scandium International Mining Corp,17753559500,355.86,SCY.TO,https://scandiummining.com/
0,BM,USD,USD,"NEW YORK STOCK EXCHANGE, INC.",Utilities,2008-01-10,https://static2.finnhub.io/file/publicdatany/finnhubimage/stock_logo/BIP.png,13234.3282,Brookfield Infrastructure Partners LP,14412964480,461.77,BIP,https://bip.brookfield.com/en
0,US,USD,USD,"NEW YORK STOCK EXCHANGE, INC.",N/A,1992-05-01,https://static2.finnhub.io/file/publicdatany/finnhubimage/stock_logo/942959011656.png,368.73,abrdn Life Sciences Investors,16177728515,28.06,HQL,https://www.teklacap.com/funds/hql/fund/fund-information/
0,CA,CAD,CAD,TORONTO STOCK EXCHANGE,Telecommunication,1980-03-17,https://static2.finnhub.io/file/publicdatany/finnhubimage/stock_logo/950015845596.png,22329.783705,Rogers Communications Inc,,538.04,RCI.B.TO,https://investors.rogers.com/
0,US,USD,USD,OTC MARKETS,Telecommunication,2015-06-18,https://static2.finnhub.io/file/publicdatany/finnhubimage/stock_logo/950403121096.png,0.37,Aerkomm Inc,18777423094,18.35,AKOM,https://www.aerkomm.com/
0,MX,MXN,MXN,BOLSA MEXICANA DE VALORES (MEXICAN STOCK EXCHANGE),Transportation Infrastructure,2000-09-28,https://static2.finnhub.io/file/publicdatany/finnhubimage/stock_logo/ASURB.MX.png,150676.41,Grupo Aeroportuario del Sureste SAB de CV,525552840400,300.0,ASURB.MX,https://www.asur.com.mx/
0,US,USD,USD,OTC MARKETS,Electrical Equipment,2007-02-15,https://static2.finnhub.io/file/publicdatany/finnhubimage/stock_logo/942975722656.png,1.28764905405405,Turnongreen Inc,15106572635,183.95,TOGI,https://www.imhccorp.com/
0,IL,USD,USD,NASDAQ NMS - GLOBAL MARKET,Biotechnology,2007-06-07,https://static2.finnhub.io/file/publicdatany/finnhubimage/stock_logo/BVXV.png,2.912981,Scinai Immunotherapeutics Ltd,97289302529,0.85,SCNI,https://www.scinai.com/
0,US,USD,USD,OTC MARKETS,Biotechnology,2001-12-14,https://static2.finnhub.io/file/publicdatany/finnhubimage/stock_logo/942959019126.png,330.8155744263207,Northwest Biotherapeutics Inc,12404979024,1339.58,NWBO,https://nwbio.com/
0,CN,USD,USD,NASDAQ NMS - GLOBAL MARKET,Logistics & Transportation,2023-03-31,https://static2.finnhub.io/file/publicdatany/finnhubimage/stock_logo/950834518636.png,82.04737525,SHENGFENG DEVELOPMENT Ltd,8659183619860,82.5,SFWL,http://www.sfwl.com.cn/
0,US,USD,USD,"NEW YORK STOCK EXCHANGE, INC.",Energy,2012-10-25,https://static2.finnhub.io/file/publicdatany/finnhubimage/stock_logo/950374742356.png,886.7910879331046,Crossamerica Partners LP,16106258000,38.06,CAPL,https://www.crossamericapartners.com/
0,US,USD,USD,"NEW YORK STOCK EXCHANGE, INC.",Media,2017-04-28,https://static2.finnhub.io/file/publicdatany/finnhubimage/stock_logo/950554544936.png,795.6991858618926,Emerald Holding Inc,19492265700,202.98,EEX,https://www.emeraldx.com/
0,US,USD,USD,"NEW YORK STOCK EXCHANGE, INC.",Utilities,1949-09-30,https://static2.finnhub.io/file/publicdatany/finnhubimage/stock_logo/SO.png,100247.72667196575,Southern Co,14045065000,1096.8,SO,https://www.southerncompany.com/
0,US,USD,USD,NASDAQ NMS - GLOBAL MARKET,Biotechnology,2014-01-31,https://static2.finnhub.io/file/publicdatany/finnhubimage/stock_logo/TRVN.png,1.3293702,Trevena Inc,16103548840,0.86,TRVN,https://www.trevena.com/
0,US,USD,USD,"NEW YORK STOCK EXCHANGE, INC.",Professional Services,1998-10-28,https://static2.finnhub.io/file/publicdatany/finnhubimage/stock_logo/942959043936.png,169.3348121416804,TrueBlue Inc,12533839101,29.71,TBI,https://www.trueblue.com/
0,US,USD,USD,"NEW YORK STOCK EXCHANGE, INC.",Commercial Services & Supplies,1998-02-17,https://static2.finnhub.io/file/publicdatany/finnhubimage/stock_logo/SCS.png,1333.9583492760416,Steelcase Inc,16162472710,113.72,SCS,https://www.steelcase.com/
0,US,USD,USD,"NEW YORK STOCK EXCHANGE, INC.",Food Products,1973-01-09,https://static2.finnhub.io/file/publicdatany/finnhubimage/stock_logo/CAG.png,12997.436034823711,Conagra Brands Inc,13125495000,477.32,CAG,https://www.conagrabrands.com/
0,US,USD,USD,"NEW YORK STOCK EXCHANGE, INC.",Banking,2013-04-26,https://static2.finnhub.io/file/publicdatany/finnhubimage/stock_logo/942969387636.png,1769.7185304437223,Nicolet Bankshares Inc,19204301400,15.26,NIC,https://investors.nicoletbank.com/
0,US,USD,USD,NASDAQ NMS - GLOBAL MARKET,Financial Services,2009-08-03,https://static2.finnhub.io/file/publicdatany/finnhubimage/stock_logo/RILY.png,143.94615376761905,B Riley Financial Inc,18188843737,30.5,RILY,https://brileyfin.com/
0,US,USD,USD,NASDAQ NMS - GLOBAL MARKET,Biotechnology,1995-11-03,https://static2.finnhub.io/file/publicdatany/finnhubimage/stock_logo/942959129826.png,20.34358305781585,Lisata Therapeutics Inc,19082292590,8.62,LSTA,https://www.lisata.com/
0,US,USD,USD,NYSE MKT LLC,Metals & Mining,1997-11-25,https://static2.finnhub.io/file/publicdatany/finnhubimage/stock_logo/AUMN.png,1.61901314195584,Golden Minerals Co,13038395060,15.05,AUMN,https://www.goldenminerals.com/
0,US,USD,USD,"NEW YORK STOCK EXCHANGE, INC.",N/A,1989-02-17,https://static2.finnhub.io/file/publicdatany/finnhubimage/stock_logo/942959013376.png,278.92,Putnam Managed Municipal Income Trust,16172921000,44.66,PMM,https://www.putnam.com/individual/mutual-funds/closed-end-funds/funds/56-managed-municipal-income-trust/
0,US,USD,USD,"NEW YORK STOCK EXCHANGE, INC.",N/A,2021-02-24,,340.02,Rivernorth Flexible Municipal Income Fund II Inc,13124452251,24.35,RFMZ,
0,US,USD,USD,"NEW YORK STOCK EXCHANGE, INC.",Real Estate,2021-12-17,https://static2.finnhub.io/file/publicdatany/finnhubimage/stock_logo/950814727086.png,152.4755609470588,Douglas Elliman Inc,13055798000,89.17,DOUG,https://www.elliman.com/
0,US,USD,USD,NASDAQ NMS - GLOBAL MARKET,Food Products,2010-06-30,https://static2.finnhub.io/file/publicdatany/finnhubimage/stock_logo/950871812316.png,23.46193812173914,Sow Good Inc,12146236055,10.25,SOWG,https://thisissowgood.com/
0,US,USD,USD,OTC MARKETS,N/A,2013-12-27,,6.0,Anvi Global Holdings Inc,14088214491,119.95,ANVI,
0,US,USD,USD,NASDAQ NMS - GLOBAL MARKET,Media,2010-11-12,https://static2.finnhub.io/file/publicdatany/finnhubimage/stock_logo/IZEA.png,38.684097470852016,IZEA Worldwide Inc,14076746911,16.97,IZEA,https://izea.com/
0,AR,ARS,ARS,BOLSA DE COMERCIO DE BUENOS AIRES,Banking,1993-11-23,https://static2.finnhub.io/file/publicdatany/finnhubimage/stock_logo/942958560446.png,4748503.11,Banco Bbva Argentina SA,541143464000,612.71,BBAR2.BA,https://www.bbva.com.ar/
0,US,USD,USD,NASDAQ NMS - GLOBAL MARKET,Health Care,1998-03-04,https://static2.finnhub.io/file/publicdatany/finnhubimage/stock_logo/SRDX.png,419.87346149797435,Surmodics Inc,19525007000,14.29,SRDX,https://www.surmodics.com/
0,US,USD,USD,OTC MARKETS,N/A,2008-10-13,https://static2.finnhub.io/file/publicdatany/finnhubimage/stock_logo/942977553176.png,4.763711099999999,Luvu Brands Inc,17702466426,76.83,LUVU,https://www.luvubrands.com/
0,US,USD,USD,"NEW YORK STOCK EXCHANGE, INC.",Utilities,1983-12-28,https://static2.finnhub.io/file/publicdatany/finnhubimage/stock_logo/ATO.png,23587.013056404507,Atmos Energy Corp,19729349227,158.73,ATO,https://www.atmosenergy.com/
0,MY,USD,USD,OTC MARKETS,N/A,2013-02-27,https://static2.finnhub.io/file/publicdatany/finnhubimage/stock_logo/950378486086.png,59.127213,Tianci International Inc,60126971115,14.78,CIIT,
0,US,USD,USD,OTC MARKETS,Real Estate,1994-06-24,https://static2.finnhub.io/file/publicdatany/finnhubimage/stock_logo/942959036616.png,63.227999,Capital Properties Inc,14014357171,6.6,CPTP,https://capitalpropertiesinc.com/
0,US,USD,USD,NASDAQ NMS - GLOBAL MARKET,Semiconductors,1992-04-15,https://static2.finnhub.io/file/publicdatany/finnhubimage/stock_logo/KOPN.png,235.02487990625,Kopin Corp,15088705959,158.8,KOPN,https://www.kopin.com/
0,US,USD,USD,"NEW YORK STOCK EXCHANGE, INC.",Technology,1986-03-12,https://static2.finnhub.io/file/publicdatany/finnhubimage/stock_logo/ORCL.png,433975.7084646925,Oracle Corp,17378671000,2796.96,ORCL,https://www.oracle.com/
0,CH,USD,USD,"NEW YORK STOCK EXCHANGE, INC.",Energy,2008-12-19,https://static2.finnhub.io/file/publicdatany/finnhubimage/stock_logo/RIG.png,2671.816348303249,Transocean Ltd,41417490500,878.89,RIG,https://www.deepwater.com/
0,US,USD,USD,NASDAQ NMS - GLOBAL MARKET,Technology,2021-04-14,https://static2.finnhub.io/file/publicdatany/finnhubimage/stock_logo/950359369276.png,2790.9587956453347,Alkami Technology Inc,14055852515,102.23,ALKT,https://www.alkami.com/
0,US,USD,USD,"NEW YORK STOCK EXCHANGE, INC.",Energy,2012-04-12,https://static2.finnhub.io/file/publicdatany/finnhubimage/stock_logo/FET.png,216.1097559385863,Forum Energy Technologies Inc,12819492500,12.35,FET,http://www.f-e-t.com/
0,US,USD,USD,"NEW YORK STOCK EXCHANGE, INC.",Auto Components,2010-05-27,https://static2.finnhub.io/file/publicdatany/finnhubimage/stock_logo/942980092526.png,242.5714235125448,Cooper-Standard Holdings Inc,12485965900,17.33,CPS,https://www.cooperstandard.com/
0,US,USD,USD,OTC MARKETS,N/A,2015-10-27,https://static2.finnhub.io/file/publicdatany/finnhubimage/stock_logo/950379283306.png,0.804202,Sunstock Inc,19168609622,6.11,SSOK,http://www.sunstockinc.com/
0,US,USD,USD,"NEW YORK STOCK EXCHANGE, INC.",Energy,1948-09-15,https://static2.finnhub.io/file/publicdatany/finnhubimage/stock_logo/HAL.png,21702.291021472392,Halliburton Co,12818712699,868.09,HAL,https://www.halliburton.com/
0,CA,CAD,CAD,TORONTO STOCK EXCHANGE,Banking,1996-08-30,https://static2.finnhub.io/file/publicdatany/finnhubimage/stock_logo/TD.TO.png,148421.542743,Toronto-Dominion Bank,14169446367,1752.31,TD.TO,https://www.td.com/
0,US,USD,USD,NASDAQ NMS - GLOBAL MARKET,Energy,2006-06-01,https://static2.finnhub.io/file/publicdatany/finnhubimage/stock_logo/AMTX.png,89.00553108139536,Aemetis Inc,14085173304,51.15,AMTX,https://www.aemetis.com/
0,US,USD,USD,NASDAQ NMS - GLOBAL MARKET,Health Care,2014-07-31,https://static2.finnhub.io/file/publicdatany/finnhubimage/stock_logo/HQY.png,8716.530689223464,Healthequity Inc,18017271000,86.66,HQY,https://healthequity.com/
0,US,USD,USD,NASDAQ NMS - GLOBAL MARKET,Health Care,2021-04-22,https://static2.finnhub.io/file/publicdatany/finnhubimage/stock_logo/942969039346.png,358.1614512522361,Neuropace Inc,16502372700,32.56,NPCE,https://www.neuropace.com/
0,US,USD,USD,NASDAQ NMS - GLOBAL MARKET,Health Care,2021-02-12,https://static2.finnhub.io/file/publicdatany/finnhubimage/stock_logo/950509978176.png,50.698391,Talis Biomedical Corp,16504333000,1.82,TLIS,https://talisbio.com/
0,US,USD,USD,NASDAQ NMS - GLOBAL MARKET,Leisure Products,1968-10-10,https://static2.finnhub.io/file/publicdatany/finnhubimage/stock_logo/HAS.png,8978.839628176665,Hasbro Inc,14014318697,139.53,HAS,https://shop.hasbro.com/en-in
0,IL,USD,USD,NASDAQ NMS - GLOBAL MARKET,Biotechnology,2014-07-30,https://static2.finnhub.io/file/publicdatany/finnhubimage/stock_logo/950404385666.png,26.16754535652174,Enlivex Therapeutics Ltd,97286623301,21.99,ENLV,https://www.enlivex.com/
0,US,USD,USD,OTC MARKETS,Real Estate,1994-03-28,https://static2.finnhub.io/file/publicdatany/finnhubimage/stock_logo/950810846546.png,123.325959,First Real Estate Investment Trust of New Jersey Inc,12014886400,7.46,FREVS,https://www.freitnj.com/
0,US,USD,USD,NASDAQ NMS - GLOBAL MARKET,Technology,2019-05-10,https://static2.finnhub.io/file/publicdatany/finnhubimage/stock_logo/950005916486.png,3318.6936822105768,Life360 Inc,14154845244,75.53,LIF,https://www.life360.com/
0,US,USD,USD,"NEW YORK STOCK EXCHANGE, INC.",Financial Services,2012-08-11,https://static2.finnhub.io/file/publicdatany/finnhubimage/stock_logo/950376493466.png,386.37386705407357,Stellus Capital Investment Corp,17132925400,27.52,SCM,https://www.stelluscapital.com
0,US,USD,USD,NASDAQ NMS - GLOBAL MARKET,Biotechnology,2019-09-18,https://static2.finnhub.io/file/publicdatany/finnhubimage/stock_logo/IGMS.png,78.4927176,IGM Biosciences Inc,16509657873,59.46,IGMS,https://igmbio.com/
0,CA,USD,USD,TORONTO STOCK EXCHANGE,Metals & Mining,2001-06-25,https://static2.finnhub.io/file/publicdatany/finnhubimage/stock_logo/942958628106.png,455.027952,Galiano Gold Inc,16046838193,257.16,GAU.TO,https://www.galianogold.com/
0,US,USD,USD,OTC MARKETS,Banking,2011-04-01,https://static2.finnhub.io/file/publicdatany/finnhubimage/stock_logo/942980098456.png,71.404278,New Peoples Bankshares Inc,12768737000,23.64,NWPP,https://www.newpeoples.bank/
0,US,USD,USD,NASDAQ NMS - GLOBAL MARKET,Life Sciences Tools & Services,2020-09-04,https://static2.finnhub.io/file/publicdatany/finnhubimage/stock_logo/950763541066.png,236.25008098832689,Quantum-Si Inc,12034587100,183.14,QSI,https://www.quantum-si.com/
0,AU,USD,USD,NASDAQ NMS - GLOBAL MARKET,Technology,2015-12-10,https://static2.finnhub.io/file/publicdatany/finnhubimage/stock_logo/950834860636.png,62581.39198390011,Atlassian Corp,61292621443,262.0,TEAM,https://www.atlassian.com/
0,US,USD,USD,NASDAQ NMS - GLOBAL MARKET,Financial Services,2021-01-29,https://static2.finnhub.io/file/publicdatany/finnhubimage/stock_logo/950731515146.png,1013.4656358265564,Trinity Capital Inc,14803745350,62.83,TRIN,https://trinitycap.com/
0,US,USD,USD,"NEW YORK STOCK EXCHANGE, INC.",N/A,2021-11-17,https://static2.finnhub.io/file/publicdatany/finnhubimage/stock_logo/950814081566.png,261.726537,ShoulderUP Technology Acquisition Corp,19709240446,13.78,SUAC,https://www.shoulderupacquisition.com/
0,US,USD,USD,NASDAQ NMS - GLOBAL MARKET,Banking,2011-12-27,https://static2.finnhub.io/file/publicdatany/finnhubimage/stock_logo/950371325816.png,618.73,HomeTrust Bancshares Inc,18282593939,17.53,HTBI,https://www.htb.com/
0,CA,CAD,CAD,TORONTO STOCK EXCHANGE,Machinery,1993-12-22,https://static2.finnhub.io/file/publicdatany/finnhubimage/stock_logo/942958610416.png,3736.944455,ATS Corp,15196536500,97.93,ATS.TO,https://atsautomation.com/
0,US,USD,USD,NASDAQ NMS - GLOBAL MARKET,Biotechnology,2012-05-10,https://static2.finnhub.io/file/publicdatany/finnhubimage/stock_logo/PHIO.png,6.209903059701491,Phio Pharmaceuticals Corp,15087673861,4.78,PHIO,https://phiopharma.com/
0,US,USD,USD,"NEW YORK STOCK EXCHANGE, INC.",Road & Rail,2004-05-12,https://static2.finnhub.io/file/publicdatany/finnhubimage/stock_logo/XPO.png,12559.612377163246,XPO Inc,18559766951,117.24,XPO,https://www.xpo.com/
0,US,USD,USD,OTC MARKETS,N/A,2021-02-19,https://static2.finnhub.io/file/publicdatany/finnhubimage/stock_logo/950769397346.png,5.039077,Tego Cyber Inc,18559390100,82.79,TGCB,https://tegocyber.com/
0,US,USD,USD,NASDAQ NMS - GLOBAL MARKET,Road & Rail,1993-03-05,https://static2.finnhub.io/file/publicdatany/finnhubimage/stock_logo/LSTR.png,5718.378936918689,Landstar System Inc,19043989400,35.32,LSTR,https://www.landstar.com/
0,CN,,,NASDAQ NMS - GLOBAL MARKET,Logistics & Transportation,2024-10-04,,629.236375,BingEx Ltd,861062923966,71.02,FLX,http://www.ishansong.com/
0,US,USD,USD,"NEW YORK STOCK EXCHANGE, INC.",Consumer products,1983-09-08,https://static2.finnhub.io/file/publicdatany/finnhubimage/stock_logo/HOV.png,644.8720196630818,Hovnanian Enterprises Inc,17077634784,5.92,HOV,https://www.khov.com/
0,US,USD,USD,NASDAQ NMS - GLOBAL MARKET,Diversified Consumer Services,2020-09-25,https://static2.finnhub.io/file/publicdatany/finnhubimage/stock_logo/AMST.png,9.66573907053942,Amesite Inc,17348768130,3.99,AMST,https://amesite.com/
0,US,,,OTC MARKETS,N/A,2013-08-12,https://static2.finnhub.io/file/publicdatany/finnhubimage/stock_logo/942978529936.png,0.563092,Cbd Life Sciences Inc,14805163394,24056.2,CBDL,http://www.cre8tiveworks.net/
0,US,USD,USD,NASDAQ NMS - GLOBAL MARKET,N/A,2024-07-25,,90.79,DT Cloud Star Acquisition Corp,17188652000,8.9,DTSQU,
0,US,USD,USD,"NEW YORK STOCK EXCHANGE, INC.",N/A,2024-08-01,,537.5613047092767,AA Mission Acquisition Corp,18323368887,43.97,AAM,
0,IL,USD,USD,NASDAQ NMS - GLOBAL MARKET,Communications,1999-05-01,https://static2.finnhub.io/file/publicdatany/finnhubimage/stock_logo/AUDC.png,312.2310477045454,AudioCodes Ltd,97239764000,29.68,AUDC,https://www.audiocodes.com
0,US,USD,USD,"NEW YORK STOCK EXCHANGE, INC.",Packaging,1997-02-14,https://static2.finnhub.io/file/publicdatany/finnhubimage/stock_logo/SLGN.png,5661.184315748167,Silgan Holdings Inc,12039757110,106.79,SLGN,https://www.silganholdings.com/
0,CN,USD,USD,HONG KONG EXCHANGES AND CLEARING LTD,Biotechnology,2020-09-28,https://static2.finnhub.io/file/publicdatany/finnhubimage/stock_logo/9688.HK.png,30906.841461,Zai Lab Ltd,862161632588,1096.28,9688.HK,https://www.zailaboratory.com/
0,CA,CAD,CAD,TORONTO STOCK EXCHANGE,Chemicals,1999-02-19,https://static2.finnhub.io/file/publicdatany/finnhubimage/stock_logo/BU.TO.png,22.838531,Burcon NutraScience Corp,16047330896,253.68,BU.TO,https://www.burcon.ca/
0,US,USD,USD,OTC MARKETS,Beverages,2010-07-24,https://static2.finnhub.io/file/publicdatany/finnhubimage/stock_logo/950002676976.png,0.928722375,Accredited Solutions Inc,18009479197,2653.49,ASII,
0,US,USD,USD,"NEW YORK STOCK EXCHANGE, INC.",Electrical Equipment,2022-03-02,https://static2.finnhub.io/file/publicdatany/finnhubimage/stock_logo/950834550526.png,221.14920100502516,Amprius Technologies Inc,18004258803,110.57,AMPX,https://amprius.com/
0,US,USD,USD,"NEW YORK STOCK EXCHANGE, INC.",Financial Services,1999-05-04,https://static2.finnhub.io/file/publicdatany/finnhubimage/stock_logo/GS.png,174638.8797722894,Goldman Sachs Group Inc,12129021000,312.04,GS,https://www.goldmansachs.com/
0,PR,USD,USD,NASDAQ NMS - GLOBAL MARKET,Electrical Equipment,1994-10-28,https://static2.finnhub.io/file/publicdatany/finnhubimage/stock_logo/RCAT.png,461.47904366666666,Red Cat Holdings Inc,8333733228,85.62,RCAT,https://www.redcatholdings.com/
0,US,USD,USD,"NEW YORK STOCK EXCHANGE, INC.",Banking,2015-11-11,https://static2.finnhub.io/file/publicdatany/finnhubimage/stock_logo/942969393266.png,697.2001974317957,Equity Bancshares Inc,13166126000,17.42,EQBK,https://investor.equitybank.com/
0,CA,CAD,CAD,CANADIAN NATIONAL STOCK EXCHANGE,Technology,2015-10-23,https://static2.finnhub.io/file/publicdatany/finnhubimage/stock_logo/950665068686.png,8.906262,Tenet Fintech Group Inc,15143407775,244.74,PKK.CN,https://www.tenetfintech.com/
0,US,USD,USD,NASDAQ NMS - GLOBAL MARKET,"Hotels, Restaurants & Leisure",2014-10-10,https://static2.finnhub.io/file/publicdatany/finnhubimage/stock_logo/PLAY.png,742.9132240387953,Dave & Buster's Entertainment Inc,12143579588,38.5,PLAY,https://www.daveandbusters.com/us/en/home
0,US,USD,USD,"NEW YORK STOCK EXCHANGE, INC.",N/A,2004-04-28,https://static2.finnhub.io/file/publicdatany/finnhubimage/stock_logo/942960627676.png,209.38,Lazard Global Total Return and Income Fund Inc,12126326000,13.01,LGI,https://www.lazardassetmanagement.com/us/en_us/funds/closed-end-fund/lazard-global-total-return-and-income-fund-inc/f19/s54/?shareClass=45
0,US,USD,USD,"NEW YORK STOCK EXCHANGE, INC.",Technology,2015-07-17,https://static2.finnhub.io/file/publicdatany/finnhubimage/stock_logo/942970001916.png,379.35000716836737,Ooma Inc,16505666610,27.0,OOMA,https://www.ooma.com/
0,LU,USD,USD,AIM ITALIA - MERCATO ALTERNATIVO DEL CAPITALE,Energy,2002-12-16,https://static2.finnhub.io/file/publicdatany/finnhubimage/stock_logo/TEN.MI.png,20482.315062,Tenaris SA,35226478978,1162.76,TEN.MI,https://www.tenaris.com/en
0,US,USD,USD,NASDAQ NMS - GLOBAL MARKET,Biotechnology,2007-09-21,https://static2.finnhub.io/file/publicdatany/finnhubimage/stock_logo/LIXT.png,3.2208892561983498,Lixte Biotechnology Holdings Inc,13102032902,2.68,LIXT,https://lixte.com/
0,GB,USD,USD,OTC MARKETS,Consumer products,2010-03-09,https://static2.finnhub.io/file/publicdatany/finnhubimage/stock_logo/942981218826.png,5.814656,Alterola Biotech Inc,19095845853.0,1459.5,ABTI,https://alterola-abti.com/
0,US,USD,USD,"NEW YORK STOCK EXCHANGE, INC.",N/A,2020-09-25,https://static4.finnhub.io/file/publicdatany2/stock_logo/BCAT_5074185395.png,1632.34,BlackRock Capital Allocation Term Trust,18008820052,107.46,BCAT,https://www.blackrock.com/us/individual/products/315530/blackrock-capital-allocation-trust-class/
0,US,USD,USD,"NEW YORK STOCK EXCHANGE, INC.",Retail,2017-04-28,https://static2.finnhub.io/file/publicdatany/finnhubimage/stock_logo/CVNA.png,40179.41967646974,Carvana Co,14807198809,213.19,CVNA,https://www.carvana.com/
0,CA,USD,USD,TORONTO STOCK EXCHANGE,Metals & Mining,2010-08-13,https://static2.finnhub.io/file/publicdatany/finnhubimage/stock_logo/942981432116.png,93.663429,Augusta Gold Corp,16046871717,85.93,G.TO,https://www.augustagold.com/
0,TW,TWD,TWD,TAIWAN STOCK EXCHANGE,Semiconductors,1985-07-16,https://static2.finnhub.io/file/publicdatany/finnhubimage/stock_logo/2303.TW.png,552671.496094,United Microelectronics Corp,88635782258,12560.72,2303.TW,https://www.umc.com/
0,CL,CLP,CLP,SANTIAGO STOCK EXCHANGE,Banking,1905-06-23,https://static2.finnhub.io/file/publicdatany/finnhubimage/stock_logo/CHILE.SN.png,12648348.259547,Banco de Chile,56226531111,101017.08,CHILE.SN,https://portales.bancochile.cl/
0,US,USD,USD,NASDAQ NMS - GLOBAL MARKET,Financial Services,2023-07-25,https://static2.finnhub.io/file/publicdatany/finnhubimage/stock_logo/950810792236.png,5.8053160687022896,Janover Inc,15617033614,1.41,JNVR,https://janover.co/
0,US,USD,USD,"NEW YORK STOCK EXCHANGE, INC.",Financial Services,2015-08-13,https://static2.finnhub.io/file/publicdatany/finnhubimage/stock_logo/HLI.png,11047.381103126294,Houlihan Lokey Inc,13105538871,70.14,HLI,https://hl.com/
0,US,USD,USD,OTC MARKETS,Biotechnology,2021-10-28,https://static2.finnhub.io/file/publicdatany/finnhubimage/stock_logo/950785599746.png,21.38332,LianBio,16094862308,108.06,LIANY,https://www.lianbio.com/
0,KR,USD,USD,OTC MARKETS,N/A,2016-02-17,https://static2.finnhub.io/file/publicdatany/finnhubimage/stock_logo/950400603766.png,6.516783855555561,I-On Digital Corp,82234301200,27.41,IONI,https://www.i-on.net/
0,CN,USD,USD,OTC MARKETS,Distributors,2016-02-23,https://static2.finnhub.io/file/publicdatany/finnhubimage/stock_logo/950441695386.png,0.0861025,Fortune Valley Treasures Inc,8676985729133,15.66,FVTI,http://www.fvti.show/
0,FR,EUR,EUR,NYSE EURONEXT - EURONEXT PARIS,Energy,2021-02-16,https://static2.finnhub.io/file/publicdatany/finnhubimage/stock_logo/950796979196.png,5251.397093,Technip Energies NV,33147782121.0,181.58,TE.PA,https://www.technipenergies.com/
0,US,USD,USD,OTC MARKETS,N/A,2004-09-01,https://static2.finnhub.io/file/publicdatany/finnhubimage/stock_logo/942958993436.png,23.464402,CalEthos Inc,17139293863,25.23,GEDC,
0,HK,USD,USD,NASDAQ NMS - GLOBAL MARKET,Energy,2024-10-16,https://static2.finnhub.io/file/publicdatany/finnhubimage/stock_logo/950899934396.png,15.75,PTL Ltd,85223593388,12.69,PTLE,
0,US,USD,USD,OTC MARKETS,Energy,2001-07-11,https://static2.finnhub.io/file/publicdatany/finnhubimage/stock_logo/942958625596.png,19.598674,Genoil Inc,12126888868,1959.87,GNOLF,https://genoil.ca/
0,US,USD,USD,NASDAQ NMS - GLOBAL MARKET,Real Estate,1999-10-06,https://static2.finnhub.io/file/publicdatany/finnhubimage/stock_logo/942959010336.png,632.131821,Diversified Healthcare Trust,16177968350,241.27,DHC,https://www.dhcreit.com
0,US,USD,USD,NASDAQ NMS - GLOBAL MARKET,Consumer products,1997-11-05,https://static2.finnhub.io/file/publicdatany/finnhubimage/stock_logo/942959130326.png,17.19,Yunhong Green CTI Ltd,18473821000,25.85,YHGJ,https://ctiindustries.com/
0,US,USD,USD,"NEW YORK STOCK EXCHANGE, INC.",Retail,2014-10-30,https://static2.finnhub.io/file/publicdatany/finnhubimage/stock_logo/BOOT.png,3322.3970145016715,Boot Barn Holdings Inc,19494534400,30.59,BOOT,https://www.bootbarn.com/
0,US,USD,USD,"NEW YORK STOCK EXCHANGE, INC.",Machinery,2011-03-26,https://static2.finnhub.io/file/publicdatany/finnhubimage/stock_logo/DDD.png,398.7233200792079,3D Systems Corp,18033263900,135.62,DDD,https://www.3dsystems.com/
0,US,USD,USD,OTC MARKETS,Electrical Equipment,2001-06-21,https://static2.finnhub.io/file/publicdatany/finnhubimage/stock_logo/950599739546.png,3.05729,Track Group Inc,18662602010,11.86,TRCK,https://www.trackgrp.com/
0,US,USD,USD,NYSE MKT LLC,Health Care,1994-04-04,https://static2.finnhub.io/file/publicdatany/finnhubimage/stock_logo/942959130196.png,57.97009591863442,Cryo-Cell International Inc,18137492104,8.08,CCEL,https://www.cryo-cell.com/
0,US,,,"NEW YORK STOCK EXCHANGE, INC.",N/A,1980-03-17,,415.85,Barings Corporate Investors,17048057200,20.33,MCI,https://www.barings.com/en-us/guest
0,US,USD,USD,NASDAQ NMS - GLOBAL MARKET,Financial Services,1991-06-10,https://static2.finnhub.io/file/publicdatany/finnhubimage/stock_logo/FCFS.png,5166.285139566498,Firstcash Holdings Inc,18172582650,44.76,FCFS,https://ir.firstcash.com/
0,US,USD,USD,"NEW YORK STOCK EXCHANGE, INC.",Chemicals,2005-08-11,https://static2.finnhub.io/file/publicdatany/finnhubimage/stock_logo/CF.png,13076.37381188474,CF Industries Holdings Inc,18474052400,169.54,CF,https://www.cfindustries.com/
0,US,USD,USD,OTC MARKETS,Energy,1994-12-21,https://static2.finnhub.io/file/publicdatany/finnhubimage/stock_logo/942959124346.png,16.634596,Global Acquisitions Corp,17024004005,9.79,AASP,
0,US,USD,USD,NASDAQ NMS - GLOBAL MARKET,Machinery,2021-01-11,https://static2.finnhub.io/file/publicdatany/finnhubimage/stock_logo/NKLA.png,11.16,Nikola Corp,14806661038,84.47,NKLA,https://nikolamotor.com/
0,US,USD,USD,NASDAQ NMS - GLOBAL MARKET,Banking,2013-06-28,https://static2.finnhub.io/file/publicdatany/finnhubimage/stock_logo/950578250576.png,196.97220289661655,FVCBankcorp Inc,17034363800,18.2,FVCB,https://www.fvcbank.com/
0,US,USD,USD,NASDAQ NMS - GLOBAL MARKET,Real Estate,1999-10-06,https://static2.finnhub.io/file/publicdatany/finnhubimage/stock_logo/942959010336.png,632.131821,Diversified Healthcare Trust,16177968350,241.27,DHC,https://www.dhcreit.com
0,US,USD,USD,NASDAQ NMS - GLOBAL MARKET,Financial Services,2005-10-05,https://static2.finnhub.io/file/publicdatany/finnhubimage/stock_logo/950410786746.png,266.999754,Waterstone Financial Inc,14147611000,19.32,WSBF,http://www.snl.com/IRW/CorporateProfile/4102320
0,US,USD,USD,NASDAQ NMS - GLOBAL MARKET,Financial Services,2018-10-05,https://static2.finnhub.io/file/publicdatany/finnhubimage/stock_logo/950579371976.png,146.36,OFS Credit Company Inc,18477342000,20.7,OCCI,https://ofscreditcompany.com/
0,US,USD,USD,OTC MARKETS,Energy,1980-03-17,https://static2.finnhub.io/file/publicdatany/finnhubimage/stock_logo/942959051676.png,275.32052323939905,Unit Corp,19184937700,9.72,UNTC,https://unitcorp.com/
0,US,USD,USD,"NEW YORK STOCK EXCHANGE, INC.",Machinery,1991-11-08,https://static2.finnhub.io/file/publicdatany/finnhubimage/stock_logo/942959052966.png,522.9819747070009,Wabash National Corp,17657715310,42.45,WNC,https://onewabash.com/
0,CA,CAD,CAD,TSX VENTURE EXCHANGE - NEX,Energy,1981-05-22,https://static2.finnhub.io/file/publicdatany/finnhubimage/stock_logo/942959184466.png,69.515101,Skyharbour Resources Ltd,16045585847,204.46,SYH.V,https://skyharbourltd.com/
0,GB,USD,USD,LONDON STOCK EXCHANGE,Pharmaceuticals,2007-09-21,https://static2.finnhub.io/file/publicdatany/finnhubimage/stock_logo/AZN.L.png,186507.029445,AstraZeneca PLC,442073045000,1550.61,AZN.L,https://www.astrazeneca.com/
0,US,USD,USD,NASDAQ NMS - GLOBAL MARKET,Telecommunication,2007-04-19,https://static2.finnhub.io/file/publicdatany/finnhubimage/stock_logo/TMUS.png,302836.4565631936,T-Mobile US Inc,18003189270,1141.74,TMUS,https://www.t-mobile.com/
0,US,USD,USD,NASDAQ NMS - GLOBAL MARKET,Media,1991-06-25,https://static2.finnhub.io/file/publicdatany/finnhubimage/stock_logo/950867262636.png,6.742172041558439,Lendway Inc,17633926200,1.74,LDWY,https://insigniasystems.com/
0,SG,,,NYSE MKT LLC,N/A,2024-11-27,,89.73,BrilliA Inc,6596468118,30.62,BRIA,https://brilliaincorporated.com/
0,US,USD,USD,"NEW YORK STOCK EXCHANGE, INC.",Marine,1980-03-17,https://static2.finnhub.io/file/publicdatany/finnhubimage/stock_logo/MATX.png,4385.005823321151,Matson Inc,18088481211,32.86,MATX,https://www.matson.com/
0,US,USD,USD,"NEW YORK STOCK EXCHANGE, INC.",Health Care,2019-09-18,https://static2.finnhub.io/file/publicdatany/finnhubimage/stock_logo/NVST.png,3173.426016295009,Envista Holdings Corp,17148175418,172.19,NVST,https://envistaco.com/en
0,US,USD,USD,"NEW YORK STOCK EXCHANGE, INC.",Banking,1993-11-23,https://static2.finnhub.io/file/publicdatany/finnhubimage/stock_logo/NYCB.png,4769.282359843885,Flagstar Financial Inc,15166834100,414.72,FLG,https://ir.flagstar.com/
0,GR,USD,USD,NASDAQ NMS - GLOBAL MARKET,Marine,2006-03-28,https://static2.finnhub.io/file/publicdatany/finnhubimage/stock_logo/ESEA.png,235.7401221330903,Euroseas Ltd,11302106105110,7.01,ESEA,http://www.euroseas.gr/
0,US,USD,USD,NASDAQ NMS - GLOBAL MARKET,N/A,2021-09-29,https://static2.finnhub.io/file/publicdatany/finnhubimage/stock_logo/950800298656.png,157.53469173481685,Hennessy Capital Investment Corp VI,17753391671,14.64,HCVI,http://www.hennessycapllc.com
0,US,USD,USD,NASDAQ NMS - GLOBAL MARKET,N/A,2022-01-12,https://static2.finnhub.io/file/publicdatany/finnhubimage/stock_logo/950811347296.png,8.11,Western Acquisition Ventures Corp,13107400710,11.88,WAVS,https://www.westernacquisitionventures.com/
0,US,USD,USD,NYSE MKT LLC,Real Estate,1987-11-19,https://static2.finnhub.io/file/publicdatany/finnhubimage/stock_logo/942959063206.png,269.63666300000006,New England Realty Associates LP,16177830039,2.8,NEN,https://www.thehamiltoncompany.com/Investor-Relations.aspx
0,PE,PEN,PEN,"NEW YORK STOCK EXCHANGE, INC.",Banking,1995-10-25,https://static2.finnhub.io/file/publicdatany/finnhubimage/stock_logo/BAP.png,14466.274354992915,Credicorp Ltd,,79.43,BAP,https://www.grupocredicorp.com/
0,US,USD,USD,"NEW YORK STOCK EXCHANGE, INC.",N/A,2005-10-27,https://static2.finnhub.io/file/publicdatany/finnhubimage/stock_logo/942960949596.png,34.2,BlackRock Enhanced Government Fund Inc,18004417762,3.55,EGF,https://www.blackrock.com/investing/products/240273/blackrock-enhanced-government-fund-inc-usd-fund
0,US,USD,USD,NASDAQ NMS - GLOBAL MARKET,Life Sciences Tools & Services,2007-06-25,https://static2.finnhub.io/file/publicdatany/finnhubimage/stock_logo/942958998136.png,598.6784114304292,Chromadex Corp,13103886706,77.75,CDXC,https://chromadex.com/default.aspx
0,US,USD,USD,OTC MARKETS,N/A,2001-07-11,https://static2.finnhub.io/file/publicdatany/finnhubimage/stock_logo/942959086456.png,0.23506425,Gold River Productions Inc,18772299792,1374.16,GRPS,https://www.grpsinc.com/
0,NL,EUR,EUR,BOLSA DE MADRID,Construction,2023-06-16,https://static2.finnhub.io/file/publicdatany/finnhubimage/stock_logo/950689333576.png,28894.288872,Ferrovial SE,31207983702,729.56,FER.MC,https://www.ferrovial.com/
0,US,USD,USD,NYSE MKT LLC,N/A,2021-01-29,https://static2.finnhub.io/file/publicdatany/finnhubimage/stock_logo/950796868406.png,83.62037125847047,Blueriver Acquisition Corp,,8.08,BLUAF,https://www.blueriverspac.com/
0,CA,CAD,CAD,TORONTO STOCK EXCHANGE,Banking,1961-06-02,https://static2.finnhub.io/file/publicdatany/finnhubimage/stock_logo/CM.TO.png,76360.065349,Canadian Imperial Bank of Commerce,14169803096,942.4,CM.TO,https://www.cibc.com
0,US,USD,USD,"NEW YORK STOCK EXCHANGE, INC.",Real Estate,2016-12-13,https://static2.finnhub.io/file/publicdatany/finnhubimage/stock_logo/942959041736.png,2400.293695,Park Hotels & Resorts Inc,15713025757,202.04,PK,https://www.pkhotelsandresorts.com/
0,IE,USD,USD,"NEW YORK STOCK EXCHANGE, INC.",Packaging,2007-03-14,https://static2.finnhub.io/file/publicdatany/finnhubimage/stock_logo/950871067526.png,24140.255613242618,Smurfit WestRock PLC,35312027000,521.96,SW,https://www.smurfitwestrock.com/
0,US,USD,USD,NASDAQ NMS - GLOBAL MARKET,Food Products,2020-02-18,https://static2.finnhub.io/file/publicdatany/finnhubimage/stock_logo/950611828516.png,1.3091581,Blue Star Foods Corp,18003412684,7.93,BSFC,https://www.bluestarfoods.com/
0,US,USD,USD,NASDAQ NMS - GLOBAL MARKET,Technology,2020-10-05,https://static2.finnhub.io/file/publicdatany/finnhubimage/stock_logo/950422531196.png,7.74101380782918,Urgent.ly Inc,15713503600,14.94,ULY,https://www.geturgently.com/
0,US,USD,USD,NYSE MKT LLC,N/A,2013-03-26,https://static2.finnhub.io/file/publicdatany/finnhubimage/stock_logo/950379511566.png,475.93,Neuberger Berman Energy Infrastructure and Income Fund Inc,12124768800,56.66,NML,
0,US,USD,USD,OTC MARKETS,Real Estate,2004-09-16,https://static2.finnhub.io/file/publicdatany/finnhubimage/stock_logo/950000455056.png,10.06933263157895,Bimini Capital Management Inc,17722311400,10.07,BMNM,https://www.biminicapital.com/home/default.aspx
0,US,,,OTC MARKETS,N/A,2001-08-06,https://static2.finnhub.io/file/publicdatany/finnhubimage/stock_logo/942972434196.png,6.439801,Mountaintop Properties Inc,,250.108,MTPP,
0,US,,,OTC MARKETS,Biotechnology,2007-12-11,https://static2.finnhub.io/file/publicdatany/finnhubimage/stock_logo/942977554646.png,21.004076363636358,Ludwig Enterprises Inc,17862359026,316.689,LUDG,https://ludwigent.com/
0,US,USD,USD,"NEW YORK STOCK EXCHANGE, INC.",Real Estate,1993-08-19,https://static2.finnhub.io/file/publicdatany/finnhubimage/stock_logo/942959048826.png,873.1647,Saul Centers Inc,13019866207,24.2,BFS,http://www.saulcenters.com/
0,US,USD,USD,"NEW YORK STOCK EXCHANGE, INC.",Construction,1994-04-12,https://static2.finnhub.io/file/publicdatany/finnhubimage/stock_logo/EXP.png,7110.572482803026,Eagle Materials Inc,12144322000,33.29,EXP,http://www.eaglematerials.com/
0,US,USD,USD,"NEW YORK STOCK EXCHANGE, INC.",Real Estate,1993-12-14,https://static2.finnhub.io/file/publicdatany/finnhubimage/stock_logo/942959049246.png,56947.182998,Simon Property Group Inc,13176361600,326.28,SPG,https://www.simon.com/
0,US,USD,USD,NASDAQ NMS - GLOBAL MARKET,Media,2021-11-09,https://static2.finnhub.io/file/publicdatany/finnhubimage/stock_logo/STRN.png,18.982435640666672,Stran & Company Inc,18008333309,18.61,SWAG,https://www.stran.com/
0,US,USD,USD,NASDAQ NMS - GLOBAL MARKET,Real Estate,2003-08-13,https://static2.finnhub.io/file/publicdatany/finnhubimage/stock_logo/942959147936.png,689.376993,Gladstone Commercial Corp,17032875853,47.25,GOOD,https://www.gladstonecommercial.com/
0,US,USD,USD,"NEW YORK STOCK EXCHANGE, INC.",Health Care,1995-09-20,https://static2.finnhub.io/file/publicdatany/finnhubimage/stock_logo/MD.png,1256.5449714372417,Pediatrix Medical Group Inc,19543840175,85.83,MD,https://www.pediatrix.com/
0,US,,,NASDAQ NMS - GLOBAL MARKET,Real Estate,2020-03-30,https://static2.finnhub.io/file/publicdatany/finnhubimage/stock_logo/950379424396.png,232.030804,National Healthcare Properties Inc,12124156500,0.0,NHPAP,https://nhpreit.com/
0,US,USD,USD,NYSE MKT LLC,Financial Services,1986-11-05,https://static2.finnhub.io/file/publicdatany/finnhubimage/stock_logo/950007239906.png,68.921718,Income Opportunity Realty Investors Inc,14685224200,4.07,IOR,http://www.incomeopp-realty.com/
0,US,USD,USD,"NEW YORK STOCK EXCHANGE, INC.",Commercial Services & Supplies,1987-11-24,https://static2.finnhub.io/file/publicdatany/finnhubimage/stock_logo/CLH.png,10613.566292322786,Clean Harbors Inc,17817925000,53.86,CLH,https://www.cleanharbors.com/
0,US,USD,USD,"NEW YORK STOCK EXCHANGE, INC.",Construction,2011-06-23,https://static2.finnhub.io/file/publicdatany/finnhubimage/stock_logo/942959076606.png,106.62148760153254,Innovate Corp,19546631147,13.26,VATE,https://innovatecorp.com/
0,US,USD,USD,NASDAQ NMS - GLOBAL MARKET,Automobiles,2020-06-24,https://static2.finnhub.io/file/publicdatany/finnhubimage/stock_logo/950870962906.png,28.178132463513222,Cenntro Inc (The Corporation),17328206757,30.87,CENN,https://www.cenntroauto.com/
0,US,USD,USD,"NEW YORK STOCK EXCHANGE, INC.",Food Products,2005-06-16,https://static2.finnhub.io/file/publicdatany/finnhubimage/stock_logo/THS.png,1586.9329637769806,TreeHouse Foods Inc,17084831300,50.2,THS,https://www.treehousefoods.com/
0,BM,USD,USD,NASDAQ NMS - GLOBAL MARKET,Telecommunication,2004-06-02,https://static2.finnhub.io/file/publicdatany/finnhubimage/stock_logo/950865293906.png,4152.617978112848,Liberty Global Ltd,14413032206600,357.73,LBTYA,https://www.libertyglobal.com/
0,US,USD,USD,OTC MARKETS,"Hotels, Restaurants & Leisure",2021-07-22,https://static2.finnhub.io/file/publicdatany/finnhubimage/stock_logo/950798945966.png,34.959773,VIP Play Inc,18667839435,72.83,VIPZ,https://keystarcorp.com/
0,CN,USD,USD,OTC MARKETS,Real Estate,2001-04-23,https://static2.finnhub.io/file/publicdatany/finnhubimage/stock_logo/942959156966.png,13.120158,Sunrise Real Estate Group Inc,862161672800,68.69,SRRE,http://www.sunrise.sh
0,US,USD,USD,NASDAQ NMS - GLOBAL MARKET,Biotechnology,2019-10-11,https://static2.finnhub.io/file/publicdatany/finnhubimage/stock_logo/VIR.png,1091.6604677670384,Vir Biotechnology Inc,14159064324,137.14,VIR,https://www.vir.bio/
0,IE,USD,USD,NASDAQ NMS - GLOBAL MARKET,Pharmaceuticals,2018-05-25,https://static2.finnhub.io/file/publicdatany/finnhubimage/stock_logo/950477494386.png,47.72234005839416,Iterum Therapeutics PLC,35316694820,34.58,ITRM,https://www.iterumtx.com/
0,US,USD,USD,"NEW YORK STOCK EXCHANGE, INC.",Financial Services,1986-09-25,https://static2.finnhub.io/file/publicdatany/finnhubimage/stock_logo/FISV.png,122383.4388736504,Fiserv Inc,12628795000,561.29,FI,https://www.fiserv.com/
0,US,USD,USD,"NEW YORK STOCK EXCHANGE, INC.",Chemicals,2003-12-04,https://static2.finnhub.io/file/publicdatany/finnhubimage/stock_logo/KRO.png,904.1854632491229,Kronos Worldwide Inc,19722331700,115.04,KRO,https://kronostio2.com/en/
0,US,USD,USD,NASDAQ NMS - GLOBAL MARKET,N/A,2023-01-13,https://static2.finnhub.io/file/publicdatany/finnhubimage/stock_logo/950824563876.png,147.3584970292704,Israel Acquisitions Corp,15122871871,6.35,ISRL,https://israelacquisitionscorp.com/
0,CN,USD,USD,NASDAQ NMS - GLOBAL MARKET,Machinery,2024-10-23,,31.1136,Li Bang International Corporation Inc,8651081630030,18.75,LBGJ,http://www.libangco.cn/
0,US,USD,USD,"NEW YORK STOCK EXCHANGE, INC.","Hotels, Restaurants & Leisure",2017-08-18,https://static2.finnhub.io/file/publicdatany/finnhubimage/stock_logo/950715531566.png,867.5892897817109,Accel Entertainment Inc,16309722235,85.56,ACEL,https://www.accelentertainment.com/
0,US,USD,USD,NASDAQ NMS - GLOBAL MARKET,Biotechnology,2004-05-27,https://static2.finnhub.io/file/publicdatany/finnhubimage/stock_logo/ACAD.png,2928.806393051675,ACADIA Pharmaceuticals Inc,18585582871,166.79,ACAD,https://acadia.com/
0,AU,USD,USD,ASX - ALL MARKETS,Biotechnology,1985-04-09,https://static2.finnhub.io/file/publicdatany/finnhubimage/stock_logo/942958576646.png,880.368331,Opthea Ltd,61398260399,1231.28,OPT.AX,https://opthea.com/
0,US,USD,USD,NASDAQ NMS - GLOBAL MARKET,Professional Services,1990-08-17,https://static2.finnhub.io/file/publicdatany/finnhubimage/stock_logo/EXPO.png,4346.991660757872,Exponent Inc,16503269400,50.82,EXPO,https://www.exponent.com/
0,US,USD,USD,"NEW YORK STOCK EXCHANGE, INC.",Energy,1980-03-17,https://static2.finnhub.io/file/publicdatany/finnhubimage/stock_logo/COP.png,115315.81998303455,Conocophillips,12812931000,1272.38,COP,https://www.conocophillips.com/
0,CH,USD,USD,SWISS EXCHANGE,Health Care,2019-04-09,https://static2.finnhub.io/file/publicdatany/finnhubimage/stock_logo/ALC.SW.png,41045.358698,Alcon AG,41589112222,499.7,ALC.SW,https://www.alcon.ch/
0,US,USD,USD,NASDAQ NMS - GLOBAL MARKET,Aerospace & Defense,2021-12-15,https://static2.finnhub.io/file/publicdatany/finnhubimage/stock_logo/950675124806.png,17.22866188235294,Sidus Space Inc,13216135620,8.7,SIDU,https://sidusspace.com/
0,US,USD,USD,"NEW YORK STOCK EXCHANGE, INC.",N/A,2002-12-20,,86.79,Federated Hermes Premier Municipal Income Fund,18003417400,7.82,FMN,https://www.federatedinvestors.com/products/closed-end-funds/premier-municipal-income.do
0,US,USD,USD,"NEW YORK STOCK EXCHANGE, INC.",Machinery,1978-02-27,https://static2.finnhub.io/file/publicdatany/finnhubimage/stock_logo/SNA.png,17921.10557965963,Snap-On Inc,14146565200,52.39,SNA,https://www.snapon.com/
0,US,USD,USD,NYSE MKT LLC,Electrical Equipment,1981-11-03,https://static2.finnhub.io/file/publicdatany/finnhubimage/stock_logo/942959049116.png,28.096598,Servotronics Inc,17166335990,2.55,SVT,https://servotronics.com/
0,US,USD,USD,"NEW YORK STOCK EXCHANGE, INC.",N/A,1988-09-23,https://static2.finnhub.io/file/publicdatany/finnhubimage/stock_logo/942959014306.png,356.74,Virtus Total Return Fund Inc,18662707788,61.72,ZTR,https://www.virtus.com/products/virtus-total-return-fund#shareclass.N/period.quarterly
0,US,USD,USD,"NEW YORK STOCK EXCHANGE, INC.",Marine,1981-05-22,https://static2.finnhub.io/file/publicdatany/finnhubimage/stock_logo/KEX.png,5548.648205544647,Kirby Corp,17134351000,57.13,KEX,https://kirbycorp.com/
0,US,USD,USD,"NEW YORK STOCK EXCHANGE, INC.",Real Estate,2009-08-12,https://static2.finnhub.io/file/publicdatany/finnhubimage/stock_logo/950000521986.png,6768.716302,Starwood Property Trust Inc,12034227700,337.42,STWD,https://www.starwoodpropertytrust.com/
0,US,,,"NEW YORK STOCK EXCHANGE, INC.",Energy,2025-01-31,,921.611110997384,Infinity Natural Resources Inc,13042122350,60.88,INR,https://infinitynaturalresources.com/
0,US,USD,USD,"NEW YORK STOCK EXCHANGE, INC.",Media,2023-04-24,https://static2.finnhub.io/file/publicdatany/finnhubimage/stock_logo/950838287926.png,1523.7630981288723,Madison Square Garden Entertainment Corp,12124656000,47.84,MSGE,http://www.msgentertainment.com
0,US,,,"NEW YORK STOCK EXCHANGE, INC.",N/A,2021-08-06,,205.16,Pioneer Municipal High Income Opportunities Fund Inc,16177427825,16.89,MIO,
0,US,USD,USD,"NEW YORK STOCK EXCHANGE, INC.",Energy,1926-03-15,https://static2.finnhub.io/file/publicdatany/finnhubimage/stock_logo/HES.png,45451.437755850355,Hess Corp,12129978500,308.29,HES,https://www.hess.com/
0,KY,USD,USD,NASDAQ NMS - GLOBAL MARKET,Insurance,2007-05-24,https://static2.finnhub.io/file/publicdatany/finnhubimage/stock_logo/950000543586.png,485.91327211496747,Greenlight Capital Re Ltd,3459434573,34.83,GLRE,https://greenlightre.com/
0,US,USD,USD,NASDAQ NMS - GLOBAL MARKET,Financial Services,1980-03-18,https://static2.finnhub.io/file/publicdatany/finnhubimage/stock_logo/942959149326.png,95.08662560924371,Siebert Financial Corp,13103851861,40.12,SIEB,https://www.siebert.com/
0,LU,USD,USD,NASDAQ NMS - GLOBAL MARKET,Pharmaceuticals,2019-12-09,https://static2.finnhub.io/file/publicdatany/finnhubimage/stock_logo/950810564286.png,102.67,Procaps Group SA,,112.82,PROC,https://www.procapsgroup.com/
0,CA,USD,USD,TSX VENTURE EXCHANGE - NEX,Metals & Mining,2010-02-01,https://static2.finnhub.io/file/publicdatany/finnhubimage/stock_logo/950005909586.png,33.311358,Silver X Mining Corp,17787263356,201.89,AGX.V,https://www.silverxmining.com/
0,US,USD,USD,"NEW YORK STOCK EXCHANGE, INC.",Media,2020-09-21,https://static2.finnhub.io/file/publicdatany/finnhubimage/stock_logo/950821658006.png,857.5224535172416,Getty Images Holdings Inc,12069255000,412.27,GETY,http://www.gettyimages.com
0,US,USD,USD,"NEW YORK STOCK EXCHANGE, INC.",N/A,1995-03-31,https://static2.finnhub.io/file/publicdatany/finnhubimage/stock_logo/942971231286.png,75.64,Gabelli Convertible and Income Securities Fund Inc,12123098408,19.7,GCV,https://www.gabelli.com/funds/closed_ends/407
0,US,USD,USD,NASDAQ NMS - GLOBAL MARKET,Retail,1994-02-17,https://static2.finnhub.io/file/publicdatany/finnhubimage/stock_logo/TSCO.png,30239.785138050378,Tractor Supply Co,16154404600,531.55,TSCO,https://www.tractorsupply.com/
0,US,USD,USD,"NEW YORK STOCK EXCHANGE, INC.",Real Estate,1980-03-17,https://static2.finnhub.io/file/publicdatany/finnhubimage/stock_logo/942959038866.png,9653.057283,Eastgroup Properties Inc,16013543555,52.02,EGP,https://www.eastgroup.net/
0,IE,USD,USD,NASDAQ NMS - GLOBAL MARKET,Life Sciences Tools & Services,1998-05-15,https://static2.finnhub.io/file/publicdatany/finnhubimage/stock_logo/ICLR.png,15065.998986772654,ICON PLC,35312912000,82.56,ICLR,https://www.iconplc.com/
0,US,USD,USD,NASDAQ NMS - GLOBAL MARKET,Technology,2020-07-14,https://static2.finnhub.io/file/publicdatany/finnhubimage/stock_logo/NCNO.png,3535.1887479572483,nCino Inc,19102755491,115.79,NCNO,https://www.ncino.com/
0,US,USD,USD,"NEW YORK STOCK EXCHANGE, INC.",Financial Services,1980-03-17,https://static2.finnhub.io/file/publicdatany/finnhubimage/stock_logo/BRK.B.png,1068147.1693117083,Berkshire Hathaway Inc,14023461400,1.44,BRK.A,https://www.berkshirehathaway.com/
0,FR,USD,USD,NYSE EURONEXT - EURONEXT PARIS,Energy,1973-09-26,https://static2.finnhub.io/file/publicdatany/finnhubimage/stock_logo/TTE.PA.png,121252.463093,TotalEnergies SE,33147444546,2270.06,TTE.PA,https://totalenergies.com/
0,US,USD,USD,NASDAQ NMS - GLOBAL MARKET,Media,2013-01-11,https://static2.finnhub.io/file/publicdatany/finnhubimage/stock_logo/FWONA.png,27959.673468729918,Liberty Media Corp,17208755400,341.1,FWONA,https://www.libertymedia.com/
0,US,USD,USD,NASDAQ NMS - GLOBAL MARKET,Biotechnology,2017-09-20,https://static2.finnhub.io/file/publicdatany/finnhubimage/stock_logo/KRYS.png,5183.221425162521,Krystal Biotech Inc,14125865830,28.81,KRYS,https://www.krystalbio.com/
0,GB,USD,USD,"NEW YORK STOCK EXCHANGE, INC.","Hotels, Restaurants & Leisure",2015-04-07,https://static2.finnhub.io/file/publicdatany/finnhubimage/stock_logo/IGT.png,3547.6756405832407,International Game Technology PLC,4402075353200,202.03,IGT,https://www.igt.com/
0,CA,USD,USD,TSX VENTURE EXCHANGE - NEX,Energy,2014-06-20,https://static2.finnhub.io/file/publicdatany/finnhubimage/stock_logo/950007414336.png,28.442757,Goviex Uranium Inc,16046815529,812.65,GXU.V,https://www.goviex.com/
0,US,USD,USD,NASDAQ NMS - GLOBAL MARKET,Commercial Services & Supplies,1997-10-29,https://static2.finnhub.io/file/publicdatany/finnhubimage/stock_logo/CWST.png,7125.904951052923,Casella Waste Systems Inc,18027750325,63.36,CWST,https://www.casella.com/
0,US,USD,USD,"NEW YORK STOCK EXCHANGE, INC.",Retail,2017-03-09,https://static2.finnhub.io/file/publicdatany/finnhubimage/stock_logo/JILL.png,329.97153321886617,JJill Inc,16173764300,15.34,JILL,https://www.jjill.com/
0,US,USD,USD,"NEW YORK STOCK EXCHANGE, INC.",Beverages,1950-01-26,https://static2.finnhub.io/file/publicdatany/finnhubimage/stock_logo/KO.png,307220.4608864293,Coca-Cola Co,14046762121,4301.0,KO,https://www.coca-colacompany.com/
0,US,USD,USD,"NEW YORK STOCK EXCHANGE, INC.",N/A,1998-05-22,https://static2.finnhub.io/file/publicdatany/finnhubimage/stock_logo/942960196856.png,390.75,Western Asset High Income Fund II Inc,18887770102,90.03,HIX,https://www.leggmason.com/en-us/products/closed-end-funds/western-asset-high-income-fund-ii-inc.html
0,US,USD,USD,"NEW YORK STOCK EXCHANGE, INC.",Consumer products,1980-03-17,https://static2.finnhub.io/file/publicdatany/finnhubimage/stock_logo/942959049316.png,5530.5658999983825,Champion Homes Inc,12486148211,57.28,SKY,https://ir.championhomes.com/overview/default.aspx
0,US,USD,USD,NYSE MKT LLC,N/A,2003-06-25,https://static2.finnhub.io/file/publicdatany/finnhubimage/stock_logo/942964360846.png,259.22,Allspring Multi-Sector Income Fund,18577764824,28.05,ERC,https://www.allspringglobal.com/
0,US,USD,USD,"NEW YORK STOCK EXCHANGE, INC.",Financial Services,2010-08-13,https://static2.finnhub.io/file/publicdatany/finnhubimage/stock_logo/942958996896.png,346.3214302808655,Saratoga Investment Corp,12127503343,14.35,SAR,https://saratogainvestmentcorp.com/
0,BE,EUR,EUR,NYSE EURONEXT - EURONEXT AMSTERDAM,Biotechnology,2005-05-06,https://static2.finnhub.io/file/publicdatany/finnhubimage/stock_logo/GLPG.AS.png,1622.385964,Galapagos NV,3215342900,65.9,GLPG.AS,https://www.glpg.com/
0,US,USD,USD,OTC MARKETS,N/A,2022-07-26,https://static2.finnhub.io/file/publicdatany/finnhubimage/stock_logo/950783531796.png,77.0819720125786,Aeluma Inc,18053512707,12.25,ALMU,https://aeluma.com/
0,US,USD,USD,NASDAQ NMS - GLOBAL MARKET,Real Estate,2020-07-20,https://static2.finnhub.io/file/publicdatany/finnhubimage/stock_logo/950006267626.png,4995.090006,Phillips Edison & Co Inc,15135541110,125.18,PECO,https://www.phillipsedison.com/
0,US,USD,USD,"NEW YORK STOCK EXCHANGE, INC.",Media,2019-04-18,https://static2.finnhub.io/file/publicdatany/finnhubimage/stock_logo/PINS.png,23263.543178803244,Pinterest Inc,14157627100,678.24,PINS,https://investor.pinterestinc.com/
0,US,USD,USD,OTC MARKETS,Media,1995-12-04,https://static2.finnhub.io/file/publicdatany/finnhubimage/stock_logo/942959144636.png,55.12479142156862,Giftify Inc,16309480716,26.89,GIFT,https://www.rdeholdings.com/
0,US,,,OTC MARKETS,N/A,2022-05-12,,0.0,Southern Financial Corp,18643451022,0.0,SFCO,
0,US,USD,USD,NASDAQ NMS - GLOBAL MARKET,Banking,2020-10-15,https://static2.finnhub.io/file/publicdatany/finnhubimage/stock_logo/950748072946.png,3454.735244916767,Eastern Bankshares Inc,16178971100,212.99,EBC,https://www.easternbank.com/
0,US,USD,USD,NASDAQ NMS - GLOBAL MARKET,Insurance,2024-07-18,https://static2.finnhub.io/file/publicdatany/finnhubimage/stock_logo/950882761596.png,1680.0624349804943,TWFG Inc,12813673424,14.81,TWFG,https://www.twfg.com
0,US,USD,USD,"NEW YORK STOCK EXCHANGE, INC.",Consumer products,1930-03-31,https://static2.finnhub.io/file/publicdatany/finnhubimage/stock_logo/CL.png,78508.0357815395,Colgate-Palmolive Co,12123102000,811.54,CL,https://www.colgatepalmolive.com/
0,US,USD,USD,NASDAQ NMS - GLOBAL MARKET,Banking,1984-06-20,https://static2.finnhub.io/file/publicdatany/finnhubimage/stock_logo/ONB.png,6886.670187145564,Old National Bancorp,18124641434,318.98,ONB,https://ir.oldnational.com/
0,US,USD,USD,NASDAQ NMS - GLOBAL MARKET,Biotechnology,1993-12-06,https://static2.finnhub.io/file/publicdatany/finnhubimage/stock_logo/INCY.png,13699.587154355117,Incyte Corp,13024986700,193.52,INCY,https://www.incyte.com/
0,CN,CNY,CNY,OTC MARKETS,Media,2023-07-26,https://static2.finnhub.io/file/publicdatany/finnhubimage/stock_logo/950653131136.png,0.435716,Qutoutiao Inc,862158890398,31.94,QTTOY,http://www.qutoutiao.net/
0,US,USD,USD,"NEW YORK STOCK EXCHANGE, INC.",Financial Services,2020-09-23,https://static2.finnhub.io/file/publicdatany/finnhubimage/stock_logo/950813966856.png,193.44927412043305,Bakkt Holdings Inc,16785345849,13.67,BKKT,http://www.bakkt.com
0,CA,USD,USD,TORONTO STOCK EXCHANGE,Technology,2019-03-08,https://static2.finnhub.io/file/publicdatany/finnhubimage/stock_logo/LSPD.TO.png,2491.953793,Lightspeed Commerce Inc,15149071801,152.97,LSPD.TO,https://www.lightspeedhq.com/
0,US,USD,USD,NASDAQ NMS - GLOBAL MARKET,Pharmaceuticals,2018-01-25,https://static2.finnhub.io/file/publicdatany/finnhubimage/stock_logo/950380459866.png,32.30563555364807,Vyne Therapeutics Inc,18007757936,14.75,VYNE,https://vynetherapeutics.com/
0,US,USD,USD,"NEW YORK STOCK EXCHANGE, INC.",N/A,2003-03-26,https://static2.finnhub.io/file/publicdatany/finnhubimage/stock_logo/942964264536.png,2557.51,Nuveen Preferred & Income Opportunities Fund,13129178146,321.7,JPC,https://www.nuveen.com/en-us/closed-end-funds
0,US,,,"NEW YORK STOCK EXCHANGE, INC.",N/A,2011-04-27,https://static2.finnhub.io/file/publicdatany/finnhubimage/stock_logo/950280902496.png,97.28,Voya Emerging Markets High Dividend Equity Fund,14804773000,18.08,IHD,
0,US,USD,USD,NASDAQ NMS - GLOBAL MARKET,Media,2021-11-09,https://static2.finnhub.io/file/publicdatany/finnhubimage/stock_logo/950811437186.png,4.23855448739496,Society Pass Inc,19493009898,3.65,SOPA,https://thesocietypass.com/
0,US,USD,USD,NASDAQ NMS - GLOBAL MARKET,Electrical Equipment,2020-12-18,https://static2.finnhub.io/file/publicdatany/finnhubimage/stock_logo/950374348656.png,96.11103253156146,908 Devices Inc.,19787294478,34.82,MASS,https://908devices.com/
0,US,USD,USD,OTC MARKETS,N/A,2014-01-24,https://static2.finnhub.io/file/publicdatany/finnhubimage/stock_logo/950399325826.png,106.66539687606112,Odysight.AI Inc,14806596404,16.27,ODYS,https://www.odysight.ai/
0,US,USD,USD,NASDAQ NMS - GLOBAL MARKET,N/A,2024-10-08,,232.99,Launch Two Acquisition Corp,15106929600,23.0,LPBBU,
0,US,USD,USD,NASDAQ NMS - GLOBAL MARKET,Technology,1995-11-21,https://static2.finnhub.io/file/publicdatany/finnhubimage/stock_logo/NTAP.png,19073.897820858045,NetApp Inc,14088226000,203.41,NTAP,https://www.netapp.com/
0,BM,USD,USD,"NEW YORK STOCK EXCHANGE, INC.",Energy,2013-07-31,https://static2.finnhub.io/file/publicdatany/finnhubimage/stock_logo/950400555216.png,399.29321940366964,Ardmore Shipping Corp,14414057800,41.84,ASC,https://ardmoreshipping.com/
0,US,USD,USD,NASDAQ NMS - GLOBAL MARKET,Machinery,2019-08-05,https://static2.finnhub.io/file/publicdatany/finnhubimage/stock_logo/950791178656.png,10.42387355731708,urban-gro Inc,17203903880,12.7,UGRO,https://urban-gro.com/
0,ES,USD,USD,OTC MARKETS,N/A,2024-05-23,,32.37,Kheoba Corp,348339604,8.09,KHOB,
0,JP,JPY,JPY,TOKYO STOCK EXCHANGE-TOKYO PRO MARKET,Banking,1971-10-01,https://static2.finnhub.io/file/publicdatany/finnhubimage/stock_logo/942958805096.png,475985.107544,Hachijuni Bank Ltd,81262271182,493.77,8359.T,https://www.82bank.co.jp/
0,GB,USD,USD,LONDON STOCK EXCHANGE,Health Care,1951-08-13,https://static2.finnhub.io/file/publicdatany/finnhubimage/stock_logo/SN.L.png,10076.077339,Smith & Nephew PLC,4401923477100,874.41,SN.L,https://www.smith-nephew.com/
0,CA,CAD,CAD,TORONTO STOCK EXCHANGE,Banking,1905-06-17,https://static2.finnhub.io/file/publicdatany/finnhubimage/stock_logo/RY.TO.png,230821.77663,Royal Bank of Canada,12124379267,1414.36,RY.TO,https://www.rbcroyalbank.com/
0,US,USD,USD,NASDAQ NMS - GLOBAL MARKET,Biotechnology,2002-09-04,https://static2.finnhub.io/file/publicdatany/finnhubimage/stock_logo/942959083976.png,100.93908251249998,Galectin Therapeutics Inc,16786203186,62.31,GALT,https://galectintherapeutics.com/
0,US,USD,USD,OTC MARKETS,Electrical Equipment,2001-07-11,https://static2.finnhub.io/file/publicdatany/finnhubimage/stock_logo/942959134776.png,0.347793,Flexpoint Sensor Systems Inc,18015685111,125.56,FLXT,https://www.flexpoint.com/
0,US,USD,USD,NASDAQ NMS - GLOBAL MARKET,Electrical Equipment,1991-08-15,https://static2.finnhub.io/file/publicdatany/finnhubimage/stock_logo/ZBRA.png,15134.26,Zebra Technologies Corp,18476346700,51.38,ZBRA,https://www.zebra.com/
0,US,USD,USD,NASDAQ NMS - GLOBAL MARKET,Real Estate,2022-08-12,https://static2.finnhub.io/file/publicdatany/finnhubimage/stock_logo/950820939376.png,0.244459,LuxUrban Hotels Inc,18337237368,2.72,LUXH,https://luxurbanhotels.com/
0,ES,EUR,EUR,BOLSA DE MADRID,Banking,2007-10-10,https://static2.finnhub.io/file/publicdatany/finnhubimage/stock_logo/942958895726.png,50762.584859,CaixaBank SA,,7174.94,CABK.MC,https://www.caixabank.com/
0,US,USD,USD,NASDAQ NMS - GLOBAL MARKET,N/A,2023-05-25,https://static2.finnhub.io/file/publicdatany/finnhubimage/stock_logo/950850676006.png,191.02219906542058,Inflection Point Acquisition Corp II,12124766908,8.46,IPXX,https://inflectionpointacquisition.com/
0,US,USD,USD,NASDAQ NMS - GLOBAL MARKET,Pharmaceuticals,2021-03-26,https://static2.finnhub.io/file/publicdatany/finnhubimage/stock_logo/950711635826.png,2666.6999282481343,Edgewise Therapeutics Inc,17202627002,95.21,EWTX,https://edgewisetx.com/
0,CN,USD,USD,NASDAQ NMS - GLOBAL MARKET,Retail,2021-05-18,https://static2.finnhub.io/file/publicdatany/finnhubimage/stock_logo/950763854316.png,52.85466324649299,Jiuzi Holdings Inc,869372689523,11.01,JZXN,http://en.zjjzxny.cn/
0,US,USD,USD,NASDAQ NMS - GLOBAL MARKET,Health Care,2021-11-04,https://static2.finnhub.io/file/publicdatany/finnhubimage/stock_logo/950813929846.png,19.73762023728814,Vsee Health Inc,15616727068,15.66,VSEE,https://www.digitalhealthacquisition.com/
0,KZ,USD,USD,NASDAQ NMS - GLOBAL MARKET,Financial Services,1994-08-12,https://static2.finnhub.io/file/publicdatany/finnhubimage/stock_logo/FRHC.png,8189.791710396681,Freedom Holding Corp,12123096000.0,60.62,FRHC,https://www.freedomholdingcorp.com/
0,US,USD,USD,"NEW YORK STOCK EXCHANGE, INC.",Real Estate,2005-05-26,https://static2.finnhub.io/file/publicdatany/finnhubimage/stock_logo/942958992396.png,1714.490581,Diamondrock Hospitality Co,12407441150,208.09,DRH,https://drhc.com/
0,US,USD,USD,NASDAQ NMS - GLOBAL MARKET,Biotechnology,2008-06-20,https://static2.finnhub.io/file/publicdatany/finnhubimage/stock_logo/IOVA.png,1229.537544,Iovance Biotherapeutics Inc,16502607120,327.88,IOVA,https://www.iovance.com/
0,ES,USD,USD,NASDAQ NMS - GLOBAL MARKET,Logistics & Transportation,2021-11-09,https://static2.finnhub.io/file/publicdatany/finnhubimage/stock_logo/950659730836.png,111.05691589958158,Freightos Ltd,97225384317,49.36,CRGO,https://www.freightos.com
0,US,USD,USD,"NEW YORK STOCK EXCHANGE, INC.",N/A,1992-05-13,https://static2.finnhub.io/file/publicdatany/finnhubimage/stock_logo/942959013976.png,204.52,Invesco Trust for Investment Grade New York Municipals,14044393217,19.48,VTN,
0,LU,USD,USD,NASDAQ NMS - GLOBAL MARKET,Food Products,2023-01-03,https://static2.finnhub.io/file/publicdatany/finnhubimage/stock_logo/950834867056.png,33.08480548648649,Moolec Science SA,35226496565,38.47,MLEC,http://www.moolecscience.com/
0,US,USD,USD,NASDAQ NMS - GLOBAL MARKET,Banking,1994-11-07,https://static2.finnhub.io/file/publicdatany/finnhubimage/stock_logo/NWBI.png,1550.580727875512,Northwest Bancshares Inc,18147262140,127.51,NWBI,https://investorrelations.northwest.bank/corporate-profile/default.aspx
0,US,USD,USD,NASDAQ NMS - GLOBAL MARKET,Insurance,2015-08-13,https://static2.finnhub.io/file/publicdatany/finnhubimage/stock_logo/950463002916.png,11.35750153641005,Conifer Holdings Inc,12485590840,12.22,CNFR,https://www.cnfrh.com/
0,US,USD,USD,"NEW YORK STOCK EXCHANGE, INC.",Machinery,1964-09-10,https://static2.finnhub.io/file/publicdatany/finnhubimage/stock_logo/CMI.png,47036.42569771119,Cummins Inc,18123773842,137.48,CMI,https://www.cummins.com/
0,CA,,,TORONTO STOCK EXCHANGE,Energy,2024-09-25,https://static2.finnhub.io/file/publicdatany/finnhubimage/stock_logo/950871814486.png,7302.326878,South Bow Corp,14039202000,208.04,SOBO.TO,
0,US,USD,USD,"NEW YORK STOCK EXCHANGE, INC.","Hotels, Restaurants & Leisure",2006-01-26,https://static2.finnhub.io/file/publicdatany/finnhubimage/stock_logo/CMG.png,68078.58093934176,Chipotle Mexican Grill Inc,19495244000,1355.34,CMG,https://www.chipotle.com/
0,US,USD,USD,NYSE MKT LLC,Metals & Mining,2003-12-02,https://static2.finnhub.io/file/publicdatany/finnhubimage/stock_logo/NG.png,1194.6882618024947,NovaGold Resources Inc,18014499328,334.65,NG,https://www.novagold.com/
0,US,USD,USD,OTC MARKETS,N/A,1994-05-02,https://static2.finnhub.io/file/publicdatany/finnhubimage/stock_logo/942959157356.png,0.063659,Baltic International USA Inc,17139619299,10.98,BISA,http://www.baltic-intl.com/
0,US,USD,USD,NASDAQ NMS - GLOBAL MARKET,Media,2022-02-11,https://static2.finnhub.io/file/publicdatany/finnhubimage/stock_logo/950814780066.png,5.83452603793644,Direct Digital Holdings Inc,18324021051,17.32,DRCT,https://directdigitalholdings.com/
0,US,USD,USD,"NEW YORK STOCK EXCHANGE, INC.",Building,2005-06-22,https://static2.finnhub.io/file/publicdatany/finnhubimage/stock_logo/BLDR.png,15283.211777116705,Builders FirstSource Inc,12148803500,113.62,BLDR,https://www.bldr.com/
0,IE,EUR,EUR,NASDAQ NMS - GLOBAL MARKET,Electrical Equipment,2021-03-09,https://static2.finnhub.io/file/publicdatany/finnhubimage/stock_logo/950813976016.png,772.4363341463416,Ads-Tec Energy PLC,35319201000,51.5,ADSE,https://www.ads-tec-energy.com/
0,US,USD,USD,NASDAQ NMS - GLOBAL MARKET,Real Estate,2010-11-06,https://static2.finnhub.io/file/publicdatany/finnhubimage/stock_logo/950011791976.png,3942.184617,Sabra Health Care REIT Inc,18883938248,237.91,SBRA,https://sabrahealth.com/
0,US,USD,USD,"NEW YORK STOCK EXCHANGE, INC.",Utilities,1996-02-29,https://static2.finnhub.io/file/publicdatany/finnhubimage/stock_logo/950000078166.png,1297.6141721517724,Suburban Propane Partners LP,19738875300,64.49,SPH,https://www.suburbanpropane.com/
0,SE,USD,USD,NASDAQ NMS - GLOBAL MARKET,Automobiles,2022-06-24,https://static2.finnhub.io/file/publicdatany/finnhubimage/stock_logo/950813744166.png,2391.400533,Polestar Automotive Holding Uk Plc,4680070708822,2110.35,PSNY,http://www.polestar.com
0,AE,,,OTC MARKETS,Technology,2011-01-11,https://static2.finnhub.io/file/publicdatany/finnhubimage/stock_logo/950433349026.png,0.68638550909091,Blackwell 3D Construction Corp,18885074751,36.0,BDCC,
0,UY,USD,USD,NASDAQ NMS - GLOBAL MARKET,Financial Services,2021-06-03,https://static2.finnhub.io/file/publicdatany/finnhubimage/stock_logo/950801613876.png,2580.447773344865,Dlocal Ltd,,284.82,DLO,https://dlocal.com/
0,LU,USD,USD,NYSE EURONEXT - EURONEXT AMSTERDAM,Metals & Mining,2002-02-18,https://static2.finnhub.io/file/publicdatany/finnhubimage/stock_logo/MT.AS.png,26431.592279,ArcelorMittal SA,35247921,852.81,MT.AS,https://corporate.arcelormittal.com/
0,US,USD,USD,"NEW YORK STOCK EXCHANGE, INC.",Utilities,,,98.648,Entergy New Orleans LLC,,8.44,ENO,
0,US,USD,USD,NASDAQ NMS - GLOBAL MARKET,Banking,2003-08-13,https://static2.finnhub.io/file/publicdatany/finnhubimage/stock_logo/TCBI.png,3405.4205287255836,Texas Capital Bancshares Inc,12149326600,46.01,TCBI,https://www.texascapitalbank.com/
0,US,USD,USD,NYSE MKT LLC,Health Care,2001-05-04,https://static2.finnhub.io/file/publicdatany/finnhubimage/stock_logo/942958994066.png,22.695360049660792,Retractable Technologies Inc,19722941010,29.94,RVP,https://retractable.com/
0,US,USD,USD,OTC MARKETS,Financial Services,1980-03-17,https://static2.finnhub.io/file/publicdatany/finnhubimage/stock_logo/942959048696.png,13.5456249375,Safeguard Scientifics Inc,16102930600,16.72,SFES,https://www.safeguard.com/
0,US,USD,USD,OTC MARKETS,N/A,2019-10-31,https://static2.finnhub.io/file/publicdatany/finnhubimage/stock_logo/950609175976.png,1.38,UC Asset LP,14704751035,5.44,UCASU,https://www.ucasset.com/
0,CN,CNY,CNY,HONG KONG EXCHANGES AND CLEARING LTD,Technology,2016-11-02,https://static2.finnhub.io/file/publicdatany/finnhubimage/stock_logo/9698.HK.png,59481.086866,GDS Holdings Ltd,,1524.43,9698.HK,https://www.gds-services.com/zh_cn/
0,US,USD,USD,"NEW YORK STOCK EXCHANGE, INC.",N/A,2012-12-19,https://static2.finnhub.io/file/publicdatany/finnhubimage/stock_logo/950376493906.png,543.88,PGIM Global High Yield Fund Inc,19738025032,40.92,GHY,https://www.pgim.com/investments/
0,CR,USD,USD,NASDAQ NMS - GLOBAL MARKET,Health Care,2018-07-19,https://static2.finnhub.io/file/publicdatany/finnhubimage/stock_logo/950537330506.png,1199.4412717300381,Establishment Labs Holdings Inc,50624342400,28.85,ESTA,https://establishmentlabs.com
0,US,USD,USD,NASDAQ NMS - GLOBAL MARKET,Semiconductors,2000-05-19,https://static2.finnhub.io/file/publicdatany/finnhubimage/stock_logo/PXLW.png,39.60660895364239,Pixelworks Inc,15036014545,58.94,PXLW,https://www.pixelworks.com/
0,US,USD,USD,NASDAQ NMS - GLOBAL MARKET,Media,2007-02-08,https://static2.finnhub.io/file/publicdatany/finnhubimage/stock_logo/NCMI.png,495.4566954047244,National Cinemedia Inc,13037923600,94.92,NCMI,https://investor.ncm.com
0,US,USD,USD,OTC MARKETS,Logistics & Transportation,2002-03-12,https://static2.finnhub.io/file/publicdatany/finnhubimage/stock_logo/942959020516.png,40.336037,Janel Corp,17185273800,1.19,JANL,https://www.janelcorp.com/
0,US,USD,USD,NASDAQ NMS - GLOBAL MARKET,Biotechnology,2016-06-22,https://static2.finnhub.io/file/publicdatany/finnhubimage/stock_logo/SELB.png,473.3456674061623,Cartesian Therapeutics Inc,13013488698,25.41,RNAC,https://www.cartesiantherapeutics.com/
0,US,USD,USD,OTC MARKETS,Pharmaceuticals,2015-12-23,https://static2.finnhub.io/file/publicdatany/finnhubimage/stock_logo/950440276326.png,3.568127,Medicine Man Technologies Inc,13033710387,56.29,SHWZ,http://medicinemantechnologies.com/
0,US,USD,USD,NASDAQ NMS - GLOBAL MARKET,"Hotels, Restaurants & Leisure",2002-07-19,https://static2.finnhub.io/file/publicdatany/finnhubimage/stock_logo/RRGB.png,78.95306673593073,Red Robin Gourmet Burgers Inc,13038466000,17.47,RRGB,https://www.redrobin.com/
0,US,USD,USD,OTC MARKETS,Machinery,2008-04-25,https://static2.finnhub.io/file/publicdatany/finnhubimage/stock_logo/942980088896.png,3.431431,OriginClear Inc,17274404603,1634.01,OCLN,https://www.originclear.com/
0,US,USD,USD,NASDAQ NMS - GLOBAL MARKET,Biotechnology,2020-06-19,https://static2.finnhub.io/file/publicdatany/finnhubimage/stock_logo/950632365786.png,4.062975,Aditxt Inc,19094880844,78.89,ADTX,https://aditxt.com/
0,US,USD,USD,NYSE MKT LLC,Metals & Mining,1997-02-10,https://static2.finnhub.io/file/publicdatany/finnhubimage/stock_logo/942959152556.png,156.1641354893617,United States Antimony Corp,14068273523,108.45,UAMY,https://www.usantimony.com/
0,US,USD,USD,NASDAQ NMS - GLOBAL MARKET,Banking,1998-07-10,https://static2.finnhub.io/file/publicdatany/finnhubimage/stock_logo/942959144856.png,617.8331443378252,Orrstown Financial Services Inc,17175326114,19.39,ORRF,https://investors.orrstown.com/
0,US,USD,USD,NASDAQ NMS - GLOBAL MARKET,Real Estate,2008-05-15,https://static2.finnhub.io/file/publicdatany/finnhubimage/stock_logo/942980150506.png,9282.802071,AGNC Investment Corp,13019689300,900.42,AGNC,https://agnc.com/
0,US,USD,USD,NYSE MKT LLC,"Textiles, Apparel & Luxury Goods",2000-06-30,https://static2.finnhub.io/file/publicdatany/finnhubimage/stock_logo/942959009546.png,0.000705115,Delta Apparel Inc,18642325200,7.05,DLAPQ,https://www.deltaapparelinc.com/
0,US,USD,USD,"NEW YORK STOCK EXCHANGE, INC.",Insurance,2003-12-16,https://static2.finnhub.io/file/publicdatany/finnhubimage/stock_logo/950763892106.png,479.75891324854643,Global Indemnity Group LLC,16106641500,13.69,GBLI,https://gbli.com/
0,US,USD,USD,NASDAQ NMS - GLOBAL MARKET,Insurance,2005-11-18,https://static2.finnhub.io/file/publicdatany/finnhubimage/stock_logo/942959025336.png,950.801174660318,Amerisafe Inc,13374639052,19.05,AMSF,https://www.amerisafe.com/
0,US,USD,USD,NASDAQ NMS - GLOBAL MARKET,Financial Services,2021-05-26,https://static2.finnhub.io/file/publicdatany/finnhubimage/stock_logo/FLYW.png,1268.0617363658052,Flywire Corp,16173294524,123.59,FLYW,https://www.flywire.com/
0,US,USD,USD,NASDAQ NMS - GLOBAL MARKET,Biotechnology,2020-10-09,https://static2.finnhub.io/file/publicdatany/finnhubimage/stock_logo/950642844776.png,57.927282850872615,Kronos Bio Inc,16507815200,60.34,KRON,https://www.kronosbio.com/
0,US,USD,USD,OTC MARKETS,Telecommunication,2017-09-26,https://static2.finnhub.io/file/publicdatany/finnhubimage/stock_logo/942976725236.png,0.000734,Digital Locations Inc,18054567000,733.77,DLOC,https://www.digitallocations.com/
0,US,USD,USD,NASDAQ NMS - GLOBAL MARKET,Aerospace & Defense,2024-08-28,https://static2.finnhub.io/file/publicdatany/finnhubimage/stock_logo/950840521086.png,44.993394563636365,Safe Pro Group Inc,17864094030,13.76,SPAI,https://safeprogroup.com/
0,US,USD,USD,NASDAQ NMS - GLOBAL MARKET,Health Care,1983-07-22,https://static2.finnhub.io/file/publicdatany/finnhubimage/stock_logo/942959057586.png,44.796222847457635,Apyx Medical Corp,18005372790,40.58,APYX,https://apyxmedical.com/
0,US,USD,USD,OTC MARKETS,N/A,2006-12-21,https://static2.finnhub.io/file/publicdatany/finnhubimage/stock_logo/942975944486.png,51.07536036,Winvest Group Ltd,17759960288,109.37,WNLV,https://www.winvestgroup.co/
0,US,USD,USD,"NEW YORK STOCK EXCHANGE, INC.",Biotechnology,2022-09-23,https://static2.finnhub.io/file/publicdatany/finnhubimage/stock_logo/950834110786.png,3047.3472354335527,Biohaven Ltd,12034040410,102.05,BHVN,https://www.biohaven.com/
0,US,USD,USD,OTC MARKETS,Consumer products,2018-10-04,https://static2.finnhub.io/file/publicdatany/finnhubimage/stock_logo/950467037156.png,6.63349193181818,CV Sciences Inc,18662902157,184.26,CVSI,https://cvsciences.com/
0,US,USD,USD,"NEW YORK STOCK EXCHANGE, INC.",Machinery,1991-03-19,https://static2.finnhub.io/file/publicdatany/finnhubimage/stock_logo/TEX.png,2720.4081652997525,Terex Corp,12032227170,66.4,TEX,https://www.terex.com/
0,US,,,OTC MARKETS,N/A,2024-10-28,,0.0,Mag Magna Corp,16204692043,5.83,MGNC,https://magmagna.com/
0,US,USD,USD,NASDAQ NMS - GLOBAL MARKET,N/A,2024-03-21,https://static2.finnhub.io/file/publicdatany/finnhubimage/stock_logo/950870121816.png,93.84899495238093,Black Hawk Acquisition Corp,12035207122,8.93,BKHA,
0,US,USD,USD,NASDAQ NMS - GLOBAL MARKET,Energy,2019-02-19,https://static2.finnhub.io/file/publicdatany/finnhubimage/stock_logo/942958610666.png,143.82120543674702,Epsilon Energy Ltd,12816700002,21.86,EPSN,https://epsilonenergyltd.com/
0,US,USD,USD,NASDAQ NMS - GLOBAL MARKET,Health Care,2004-05-27,https://static2.finnhub.io/file/publicdatany/finnhubimage/stock_logo/942959042506.png,368.2379521997875,AngioDynamics Inc,15187981215,40.47,ANGO,https://www.angiodynamics.com/
0,GB,USD,USD,NASDAQ NMS - GLOBAL MARKET,Utilities,2016-12-29,https://static2.finnhub.io/file/publicdatany/finnhubimage/stock_logo/VVPR.png,3.3733097675188004,VivoPower International PLC,17182304580.0,7.64,VVPR,https://vivopower.com/
0,US,USD,USD,NASDAQ NMS - GLOBAL MARKET,Biotechnology,1986-05-15,https://static2.finnhub.io/file/publicdatany/finnhubimage/stock_logo/CLDX.png,1372.1533882644164,Celldex Therapeutics Inc,19082007500,66.38,CLDX,https://celldex.com/
0,US,USD,USD,NASDAQ NMS - GLOBAL MARKET,Aerospace & Defense,2019-02-28,https://static2.finnhub.io/file/publicdatany/finnhubimage/stock_logo/950731458666.png,438.42855758981597,AerSale Corp,13057643245,53.21,ASLE,https://www.aersale.com/
0,JP,USD,USD,OTC MARKETS,Retail,2019-09-30,https://static.finnhub.io/logo/e4de684a1d50e5a072b4df7ee309545947f679beb9a71804d3f1bb8d22efd59a.png,80.52,Photozou Holdings Inc,814016410405,8.05,PTZH,https://www.photozouhd.com
0,US,USD,USD,NASDAQ NMS - GLOBAL MARKET,Banking,2005-07-22,https://static2.finnhub.io/file/publicdatany/finnhubimage/stock_logo/950542875896.png,181.14673653562852,OP Bancorp,12138921192,14.82,OPBK,http://www.myopenbank.com
0,US,USD,USD,NASDAQ NMS - GLOBAL MARKET,Pharmaceuticals,2006-02-22,https://static2.finnhub.io/file/publicdatany/finnhubimage/stock_logo/JAN.png,72.17637663068182,ALT5 Sigma Corp,17029975968,14.07,ALTS,https://janone.com/
0,HK,USD,USD,NASDAQ NMS - GLOBAL MARKET,Construction,2024-01-19,https://static2.finnhub.io/file/publicdatany/finnhubimage/stock_logo/950868397006.png,81.85856874706711,JVSPAC Acquisition Corp,85292589728,7.69,JVSA,
0,US,USD,USD,"NEW YORK STOCK EXCHANGE, INC.",Utilities,1949-05-31,https://static2.finnhub.io/file/publicdatany/finnhubimage/stock_logo/ETR.png,35005.45669889099,Entergy Corp,15045764000,430.41,ETR,https://www.entergy.com
0,US,USD,USD,NASDAQ NMS - GLOBAL MARKET,Financial Services,2011-04-28,https://static2.finnhub.io/file/publicdatany/finnhubimage/stock_logo/SSSS.png,128.6285352542373,SuRo Capital Corp,16502354769,23.6,SSSS,https://surocap.com/
0,US,USD,USD,"NEW YORK STOCK EXCHANGE, INC.",Energy,2017-04-21,https://static2.finnhub.io/file/publicdatany/finnhubimage/stock_logo/950545603606.png,1196.4583969083742,Select Water Solutions Inc,19406681818,119.29,WTTR,https://www.selectenergy.com/
0,US,USD,USD,NYSE MKT LLC,Construction,2021-11-22,https://static2.finnhub.io/file/publicdatany/finnhubimage/stock_logo/950814677726.png,175.99785786627908,Southland Holdings Inc,18172934263,53.99,SLND,https://www.southlandholdings.com/
0,US,USD,USD,"NEW YORK STOCK EXCHANGE, INC.",Consumer products,1955-09-19,https://static2.finnhub.io/file/publicdatany/finnhubimage/stock_logo/WHR.png,5254.273905872526,Whirlpool Corp,16169235000,55.38,WHR,https://www.whirlpoolcorp.com/
0,US,USD,USD,"NEW YORK STOCK EXCHANGE, INC.",Pharmaceuticals,2005-02-10,https://static2.finnhub.io/file/publicdatany/finnhubimage/stock_logo/PBH.png,4409.858151275233,Prestige Consumer Healthcare Inc,19145246800,49.54,PBH,https://www.prestigebrands.com/
0,JP,JPY,JPY,NASDAQ NMS - GLOBAL MARKET,Professional Services,2023-07-25,https://static2.finnhub.io/file/publicdatany/finnhubimage/stock_logo/950693978446.png,6.211683,Earlyworks Co Ltd,81356140978,3.02,ELWS,https://e-arly.works/
0,US,USD,USD,"NEW YORK STOCK EXCHANGE, INC.",Financial Services,1997-11-21,https://static2.finnhub.io/file/publicdatany/finnhubimage/stock_logo/AMG.png,4668.541773940583,Affiliated Managers Group Inc,18003451100,29.26,AMG,https://www.amg.com/
0,US,USD,USD,NASDAQ NMS - GLOBAL MARKET,Biotechnology,2013-03-21,https://static2.finnhub.io/file/publicdatany/finnhubimage/stock_logo/ENTA.png,154.02096675487465,Enanta Pharmaceuticals Inc,16176070800,21.33,ENTA,https://www.enanta.com/
0,US,USD,USD,"NEW YORK STOCK EXCHANGE, INC.",Consumer products,2021-07-29,https://static2.finnhub.io/file/publicdatany/finnhubimage/stock_logo/950811205416.png,284.7120491481482,Traeger Inc,18017017180,130.6,COOK,https://www.traeger.com/
0,CA,USD,USD,OTC MARKETS,N/A,2007-05-09,https://static.finnhub.io/logo/ded8717c5cb802b31dc1735ec8ccd02338c1afebe4fdf116e91f7b382b11956b.png,1.13,Preaxia Health Care Payment Systems Inc,14038504120,19.77,PAXH,https://www.preaxia.com/
0,US,USD,USD,NASDAQ NMS - GLOBAL MARKET,Real Estate,1984-12-13,https://static2.finnhub.io/file/publicdatany/finnhubimage/stock_logo/942959071026.png,78.75652161755725,J W Mays Inc,17186247400,2.02,MAYS,http://www.jwmays.com/
0,US,USD,USD,NASDAQ NMS - GLOBAL MARKET,N/A,2023-11-27,https://static2.finnhub.io/file/publicdatany/finnhubimage/stock_logo/950866689386.png,176.66180755348842,Spark I Acquisition Corp,16503537082,16.42,SPKL,
